id,name,operator,facility_type,status,ai_classification,confidence,city,county,state,lat,lon,capacity_operational_mw,capacity_planned_mw,offtaker,announced_date,last_updated,detail_url,source_count,primary_source_url
123net-dc1-southfield-mi,123NET Southfield DC1,123NET,data_center,operational,mixed_use,confirmed,Southfield,Oakland,MI,42.4716416,-83.2380417,4,,,,2026-09-21,https://www.compute-atlas.com/facilities/123net-dc1-southfield-mi,3,https://www.123.net/news/123net-expands-dc1/
123net-dc2-southfield-mi,123NET Southfield DC2 (Southfield Data Center NW),123NET,data_center,operational,,confirmed,Southfield,Oakland,MI,42.467179479879,-83.234668656697,,,,,2026-09-14,https://www.compute-atlas.com/facilities/123net-dc2-southfield-mi,2,https://www.123.net/data-center-colocation/
123net-dc3-southfield-mi,123NET Southfield DC3 (Southfield Data Center W),123NET,data_center,operational,,confirmed,Southfield,Oakland,MI,42.466994454342,-83.234393055905,,,,,2026-09-21,https://www.compute-atlas.com/facilities/123net-dc3-southfield-mi,2,https://www.123.net/data-center-colocation/
123net-dc4-byron-center-mi,123NET DC4 Grand Rapids Data Center,123NET,data_center,operational,,confirmed,Byron Center,Kent,MI,42.826202163837,-85.67268596115,,,,,2026-09-21,https://www.compute-atlas.com/facilities/123net-dc4-byron-center-mi,2,https://www.123.net/data-center-colocation/
1623-farnam-omaha-ne,1623 Farnam,1623 Farnam,data_center,operational,mixed_use,confirmed,Omaha,Douglas,NE,41.2578,-95.9375,8,,,,2026-08-16,https://www.compute-atlas.com/facilities/1623-farnam-omaha-ne,2,http://web.archive.org/web/20250830145932/https://www.datacenterdynamics.com/en/news/1623-farnam-adds-15mw-to-omaha-data-center-in-nebraska/
165-halsey-street-newark-nj,165 Halsey Street,Tishman Real Estate,data_center,operational,,confirmed,Newark,Essex,NJ,40.7369,-74.1739,80,,,,2026-09-21,https://www.compute-atlas.com/facilities/165-halsey-street-newark-nj,5,https://www.165halsey.com/about-us/
32-avenue-of-the-americas-ny,32 Avenue of the Americas,"Multi-tenant carrier hotel (Digital Realty, CoreSite, and other carrier/telecom tenants)",data_center,operational,,reported,New York,New York,NY,40.720012,-74.004641,,,,,2026-09-01,https://www.compute-atlas.com/facilities/32-avenue-of-the-americas-ny,4,https://www.digitalrealty.com/data-centers/americas/new-york/jfk13
365-data-centers-bridgewater-nj,365 Data Centers Bridgewater,365 Data Centers,data_center,operational,,confirmed,Bridgewater,Somerset,NJ,40.5814424,-74.5738875,2.3,,,,2026-09-14,https://www.compute-atlas.com/facilities/365-data-centers-bridgewater-nj,3,https://365datacenters.com/new-jersey-data-center/
365-data-centers-carlstadt-nj,365 Data Centers Carlstadt (NJ3),365 Data Centers,data_center,operational,,confirmed,Carlstadt,Bergen,NJ,40.827949,-74.049418,18,,,,2026-09-14,https://www.compute-atlas.com/facilities/365-data-centers-carlstadt-nj,2,https://365datacenters.com/carlstadt-data-center/
365-data-centers-commack-ny,365 Data Centers Long Island (Commack),365 Data Centers,data_center,operational,,confirmed,Commack,Suffolk,NY,40.8242092,-73.2929267,6,,,,2026-09-14,https://www.compute-atlas.com/facilities/365-data-centers-commack-ny,3,https://365datacenters.com/commack/
365-data-centers-dt1-southfield-mi,365 Data Centers Detroit (DT1),365 Data Centers,data_center,operational,,confirmed,Southfield,Oakland,MI,42.4691728,-83.2604844,,,,,2026-09-13,https://www.compute-atlas.com/facilities/365-data-centers-dt1-southfield-mi,2,https://365datacenters.com/detroit-data-center/
365-data-centers-washington-dc,"365 Data Centers – Washington, D.C.",365 Data Centers,data_center,operational,,reported,Washington,,DC,38.902580481701,-77.029210511723,,,,,2026-10-01,https://www.compute-atlas.com/facilities/365-data-centers-washington-dc,4,https://365datacenters.com/facilities-network/
365datacenters-marlborough-ma,365 Data Centers Marlborough (MA1),365 Data Centers,data_center,operational,,confirmed,Marlborough,Middlesex,MA,42.3527,-71.58411,2.8,,,,2026-09-27,https://www.compute-atlas.com/facilities/365datacenters-marlborough-ma,3,https://365datacenters.com/marlborough-data-center/
3ex-hosting-boca-raton-fl,3EX Hosting Data Center — Boca Raton,3EX Hosting,data_center,operational,,reported,Boca Raton,Palm Beach,FL,26.4075552,-80.097877,,,,,2026-09-21,https://www.compute-atlas.com/facilities/3ex-hosting-boca-raton-fl,1,https://www.3exhosting.com/data-center/
4am-development-burkhalter-road-statesboro-ga,Burkhalter Road Data Center (4AM Development),"4AM Development, LLC (developer; operator undisclosed)",data_center,proposed,,reported,Statesboro,Bulloch,GA,32.4049295,-81.7440222,,99,,2026-08-18,2026-09-23,https://www.compute-atlas.com/facilities/4am-development-burkhalter-road-statesboro-ga,2,https://www.statesboroherald.com/local/statesboro-mayor-and-council-approve-rezoning-for-burkhalter-data-center-by-3-2-vote/
5c-data-centers-phx01-phoenix-az,5C Data Centers PHX01,5C Data Centers,data_center,under_construction,,reported,Phoenix,Maricopa County,AZ,33.4703256,-112.1204899,,20,,2024-09-18,2026-09-23,https://www.compute-atlas.com/facilities/5c-data-centers-phx01-phoenix-az,3,https://www.prnewswire.com/news-releases/5c-data-centers-announces-new-data-center-region-in-phoenix-arizona-302252217.html
5c-group-vultr-prime-ohio-springfield-oh,5C Group / Vultr Data Center (Prime Ohio),"5C Group (Hypertec Cloud + 5C Data Centers); tenant Vultr (The Constant Company, LLC)",data_center,under_construction,confirmed,confirmed,Springfield,Clark,OH,39.8664,-83.7936,,150,,,2026-08-02,https://www.compute-atlas.com/facilities/5c-group-vultr-prime-ohio-springfield-oh,5,https://www.wyso.org/news/2025-12-09/new-1-3-billion-data-center-in-springfield-expected-to-open-in-early-2026
5c-mem01-memphis-tn,5C MEM01 Memphis (former Fred's headquarters),5C Data Centers,data_center,under_construction,mixed_use,reported,Memphis,Shelby,TN,35.0301213,-89.936928,,15,,,2026-09-21,https://www.compute-atlas.com/facilities/5c-mem01-memphis-tn,5,https://web.archive.org/web/20250720112541/https://www.datacenterdynamics.com/en/news/5c-plots-data-center-at-former-freds-site-in-memphis-tennessee/
60-hudson-street-ny,60 Hudson Street,"Multi-tenant carrier hotel (Hudson Interxchange, Digital Realty, DataBank, Equinix, and 100+ telecom tenants)",data_center,operational,,reported,New York,New York,NY,40.71767,-74.008348,15,,,,2026-09-08,https://www.compute-atlas.com/facilities/60-hudson-street-ny,4,https://www.sec.gov/Archives/edgar/data/1994342/000153949723001716/n3791_x3-ts.htm
75-broad-street-manhattan-ny,75 Broad Street (Broad Street Connect carrier hotel),"Multi-tenant carrier hotel — NYI / JEMB Realty 'Broad Street Connect'; tenants include HorizonIQ (Internap NYMEXT1), Evocative, Epsilon and Verizon",data_center,operational,,reported,New York,New York,NY,40.7045967,-74.011221,12.5,,,,2026-09-21,https://www.compute-atlas.com/facilities/75-broad-street-manhattan-ny,2,https://www.nyi.net/solutions/colocation-data-centers/new-york/broad-street-connect/
9ldg-niagara-falls-ny,9LDG Niagara AI Data Center,9 Lives Digital Group (9LDG),data_center,proposed,confirmed,reported,Niagara Falls,Niagara,NY,43.0628,-79.0175,,,,2024-08,2026-09-09,https://www.compute-atlas.com/facilities/9ldg-niagara-falls-ny,2,https://www.datacenterdynamics.com/en/news/9ldg-plans-ai-data-center-at-niagara-falls/
a1-data-center-millville-nj,A1 Data Center Campus,A1 Data Center,data_center,cancelled,likely,reported,Millville,Cumberland,NJ,39.402,-75.043,,1400,,,2026-08-16,https://www.compute-atlas.com/facilities/a1-data-center-millville-nj,3,https://www.roi-nj.com/2026/05/20/tech/millville-bans-data-centers-rejecting-largest-proposed-facility-in-n-j/
aaim-data-centers-blue-earth-mn,AAIM Data Centers — Blue Earth (Minnesota 1),AAIM Data Centers,crypto_mining,operational,,confirmed,Blue Earth,Faribault,MN,43.635,-94.098,15,95,,,2026-09-21,https://www.compute-atlas.com/facilities/aaim-data-centers-blue-earth-mn,4,https://www.aaimdc.com/data-centers/minnesota/
aalo-atomics-inl-id,Aalo-X / Aalo Pod (Idaho National Laboratory site),Aalo Atomics,power_generation,under_construction,,reported,,,ID,43.53333,-112.94472,,50,Crusoe,,2026-09-12,https://www.compute-atlas.com/facilities/aalo-atomics-inl-id,2,https://www.datacenterfrontier.com/energy/article/55314289/aalo-atomics-breaks-ground-on-xmr-reactor-eyes-ai-data-center-integration-at-inl
abit-usa-duff-tn,Abit USA Duff Bitcoin Mining Facility,"Abit USA, Inc. (Abits Group Inc)",crypto_mining,operational,,confirmed,Duff,Campbell,TN,36.4467459,-84.0674244,10,,,,2026-10-01,https://www.compute-atlas.com/facilities/abit-usa-duff-tn,1,https://www.sec.gov/Archives/edgar/data/1864055/000149315226019612/form20-f.htm
aboutbit-merom-sullivan-county-in,AboutBit Merom Cryptocurrency Mining Facility,AboutBit,crypto_mining,proposed,,reported,Merom,Sullivan,IN,39.067889,-87.513056,,115,,2022-05,2026-09-02,https://www.compute-atlas.com/facilities/aboutbit-merom-sullivan-county-in,4,https://www.gem.wiki/AboutBit_Sullivan_County_facility
abundant-mines-cascadelocks-or,Abundant Mines – Cascade Locks Facility,Abundant Mines (Good Life Realty LLC),crypto_mining,operational,,confirmed,Cascade Locks,Hood River,OR,45.6697,-121.8931,,,,,2026-08-05,https://www.compute-atlas.com/facilities/abundant-mines-cascadelocks-or,4,https://www.portofcascadelocks.gov/port-tenants
acd-net-metroix-lansing-mi,ACD.net MetroIX Lansing Data Center (1800 N. Grand River Ave),ACD.net (Advanced Communications & Data),data_center,operational,,reported,Lansing,Ingham,MI,42.7541772,-84.5568307,,,,,2026-09-21,https://www.compute-atlas.com/facilities/acd-net-metroix-lansing-mi,3,https://cloudandcolocation.com/datacenters/acd-net-lansing-data-center/
acehost-marion-tampa-fl,AceHost Marion Mining Facility,AceHost,crypto_mining,operational,,confirmed,Tampa,Hillsborough,FL,27.946873,-82.455567,3,,,,2026-09-16,https://www.compute-atlas.com/facilities/acehost-marion-tampa-fl,3,https://www.acehost.com/crypto-mining-colocation.php
actapio-east-wenatchee-wa,Actapio East Wenatchee Data Center,"Actapio, Inc.",data_center,operational,,reported,East Wenatchee,Douglas,WA,47.4072423,-120.213935,,,,,2026-09-17,https://www.compute-atlas.com/facilities/actapio-east-wenatchee-wa,3,https://ecology.wa.gov/air-climate/air-quality/data-centers
active-infrastructure-spring-valley-tech-park-loudoun-va,Spring Valley Technology Park,Active Infrastructure,data_center,proposed,,confirmed,Ashburn,Loudoun,VA,39.008,-77.523,,,,2024,2026-09-09,https://www.compute-atlas.com/facilities/active-infrastructure-spring-valley-tech-park-loudoun-va,3,https://www.loudounnow.com/news/active-infrastructure-eyes-3m-square-feet-of-data-centers-along-evergreen-mills/article_6cfbeb62-2e1f-491a-8fe0-8b23736a9c38.html
adams-fork-harless-datacenter-logan-county-wv,"Adams Fork Energy Campus Data Center (Harless Industrial Park, Holden)",TransGas Development Systems,data_center,proposed,,reported,Holden,Logan,WV,37.8134,-81.9822,,,,,2026-09-10,https://www.compute-atlas.com/facilities/adams-fork-harless-datacenter-logan-county-wv,2,https://www.wvhighlands.org/article/despite-public-pushback-west-virginia-approves-air-quality-permits-for-data-center-energy-campus-in-mingo-county/
adams-fork-harless-power-plant-logan-county-wv,"Adams Fork Energy Campus Power Plant (Harless Industrial Park, Holden)",TransGas Development Systems,power_generation,permitted,,confirmed,Holden,Logan,WV,37.8134,-81.9822,,2457,TransGas Development Systems,,2026-09-10,https://www.compute-atlas.com/facilities/adams-fork-harless-power-plant-logan-county-wv,2,https://www.wvhighlands.org/article/despite-public-pushback-west-virginia-approves-air-quality-permits-for-data-center-energy-campus-in-mingo-county/
adams-fork-wharncliffe-datacenter-mingo-county-wv,"Adams Fork Energy Campus Data Center (Twisted Gun Golf Course, Wharncliffe)",TransGas Development Systems,data_center,proposed,,reported,Wharncliffe,Mingo,WV,37.6412,-81.9689,,,,,2026-09-13,https://www.compute-atlas.com/facilities/adams-fork-wharncliffe-datacenter-mingo-county-wv,2,https://www.wvhighlands.org/article/despite-public-pushback-west-virginia-approves-air-quality-permits-for-data-center-energy-campus-in-mingo-county/
adams-fork-wharncliffe-power-plant-mingo-county-wv,"Adams Fork Energy Campus Power Plant (Twisted Gun Golf Course, Wharncliffe)",TransGas Development Systems,power_generation,permitted,,confirmed,Wharncliffe,Mingo,WV,37.6412,-81.9689,,2457,TransGas Development Systems,,2026-09-10,https://www.compute-atlas.com/facilities/adams-fork-wharncliffe-power-plant-mingo-county-wv,2,https://www.wvhighlands.org/article/despite-public-pushback-west-virginia-approves-air-quality-permits-for-data-center-energy-campus-in-mingo-county/
adapture-cherry-valley-solar-cross-county-ar,Cherry Valley Solar Energy Project,"Adapture Renewables, Inc.",power_generation,operational,,confirmed,Cherry Valley,Cross,AR,35.389,-90.7546,185,,Meta Platforms,2026-07,2026-09-22,https://www.compute-atlas.com/facilities/adapture-cherry-valley-solar-cross-county-ar,3,https://solarbuildermag.com/projects/adapture-energizes-arkansas-commercial-project-projects-weekly/
adp-ladysmith-data-hub-caroline-va,ADP Ladysmith Data Hub,"ADP Ladysmith Data Hub, LLC",data_center,proposed,,reported,Ruther Glen,Caroline,VA,38.00386898862997,-77.5030262165529,,,,,2026-07-23,https://www.compute-atlas.com/facilities/adp-ladysmith-data-hub-caroline-va,3,https://co.caroline.va.us/1036/Special-Exceptions-and-Rezonings
advanced-internet-technologies-fayetteville-nc,Advanced Internet Technologies (AIT) Fayetteville Data Center,"Advanced Internet Technologies, Inc.",data_center,operational,,reported,Fayetteville,Cumberland,NC,35.085,-78.97722,,,,,2026-08-29,https://www.compute-atlas.com/facilities/advanced-internet-technologies-fayetteville-nc,2,https://datacentercatalog.com/usa/aitcom-fayetteville-nc
aecc-woodruff-county-solar-ar,Woodruff County Solar (Bailey Solar),Arkansas Electric Cooperative Corporation,power_generation,operational,,confirmed,,Woodruff,AR,35.2563,-91.3402,122,,,,2026-09-22,https://www.compute-atlas.com/facilities/aecc-woodruff-county-solar-ar,2,https://www.aecc.com/faqs_category/new-generation-projects/
aes-delta-wind-tunica-ms,Delta Wind Farm,AES Corporation,power_generation,operational,,confirmed,,Tunica,MS,34.49771,-90.39148,184.5,,Amazon,2023-07,2026-09-09,https://www.compute-atlas.com/facilities/aes-delta-wind-tunica-ms,4,https://www.powermag.com/amazon-aes-partner-on-first-utility-scale-wind-farm-in-mississippi/
aes-oak-ridge-solar-morehouse-parish-la,Oak Ridge Solar,AES Clean Energy,power_generation,operational,,confirmed,,Morehouse,LA,32.575,-91.7884,200,,,,2026-09-15,https://www.compute-atlas.com/facilities/aes-oak-ridge-solar-morehouse-parish-la,2,https://www.aes.com/sustainability-impact/people-communities/louisiana
agincourt-valparaiso-porter-county-in,Agincourt Valparaiso Data Center Campus,"Agincourt Investments, LLC",data_center,cancelled,,confirmed,Valparaiso,Porter,IN,41.5031027,-87.0201162,,,,2025-01-09,2026-09-13,https://www.compute-atlas.com/facilities/agincourt-valparaiso-porter-county-in,2,https://www.govtech.com/products/valparaiso-ind-mayor-says-data-center-dead-after-outcry
agriforce-east-palestine-columbiana-oh,AgriFORCE Bitcoin Mining Facility — East Palestine,AgriFORCE Growing Systems Ltd.,crypto_mining,operational,,reported,East Palestine,Columbiana,OH,40.8326,-80.5432,2,,,,2026-08-05,https://www.compute-atlas.com/facilities/agriforce-east-palestine-columbiana-oh,2,https://www.globenewswire.com/news-release/2025/05/14/3081168/0/en/AGRIForce-Announces-Completion-of-500-Miner-Delivery-for-Installation-at-East-Palestine-Ohio-Bitcoin-Mining-Site.html
agriforce-west-point-columbiana-oh,AgriFORCE Bitcoin Mining Facility — West Point,AgriFORCE Growing Systems Ltd.,crypto_mining,operational,,reported,West Point,Columbiana,OH,40.662,-80.702,3,,,,2026-08-05,https://www.compute-atlas.com/facilities/agriforce-west-point-columbiana-oh,2,https://www.globenewswire.com/news-release/2025/05/14/3081168/0/en/AGRIForce-Announces-Completion-of-500-Miner-Delivery-for-Installation-at-East-Palestine-Ohio-Bitcoin-Mining-Site.html
aib-clt-01-spartanburg-county-sc,CLT-01 Campus (One Blockchain Spartanburg),AIB Data Centers Inc. (One Blockchain LLC),data_center,operational,mixed_use,confirmed,Moore,Spartanburg,SC,34.8548673,-82.0126849,40,65,,,2026-09-22,https://www.compute-atlas.com/facilities/aib-clt-01-spartanburg-county-sc,3,https://www.sec.gov/Archives/edgar/data/2070542/000121390026089151/ea0301093-10q_aibdata.htm
ainet-cybernap-glen-burnie-md,AiNET CyberNAP,AiNET,data_center,operational,,reported,Glen Burnie,Anne Arundel,MD,39.169,-76.612,80,,,,2026-08-26,https://www.compute-atlas.com/facilities/ainet-cybernap-glen-burnie-md,2,https://www.ai.net/cybernap/
ainet-dc-900s-washington-dc,AiNET DC-900S,AiNET,data_center,operational,,reported,Washington,District of Columbia,DC,38.90077,-77.003642,,,,,2026-10-01,https://www.compute-atlas.com/facilities/ainet-dc-900s-washington-dc,2,https://www.peeringdb.com/fac/6543
ainet-one-market-center-baltimore-md,AiNET One Market Center (Baltimore Carrier Hotel),AiNET,data_center,operational,,confirmed,Baltimore,,MD,39.291652966378,-76.619738877727,80,,,,2026-09-13,https://www.compute-atlas.com/facilities/ainet-one-market-center-baltimore-md,1,https://www.ai.net/carrierhotel/
air-products-cetronia-road-upper-macungie-pa,Cetronia Road Data Center (former Air Products site),Air Products,data_center,cancelled,,reported,Trexlertown,Lehigh,PA,40.5510536,-75.5965424,,,,2025-11,2026-08-17,https://www.compute-atlas.com/facilities/air-products-cetronia-road-upper-macungie-pa,5,https://www.datacenterdynamics.com/en/news/26-million-sq-ft-data-center-campus-proposed-in-pennsylvania/
alabama-power-clearview-ranch-macon-al,Clearview Ranch Solar and Battery Project,Alabama Power,power_generation,permitted,,confirmed,,Macon,AL,32.235,-85.69,,200,"Meta Platforms (via Dotier, LLC)",2026-07-02,2026-09-28,https://www.compute-atlas.com/facilities/alabama-power-clearview-ranch-macon-al,4,https://psc.alabama.gov/wp-content/uploads/2026/09/AUGUST-4-2026-COMMISSION-MEETING-MINUTES.pdf
alabama-power-gorgas-bess-parrish-al,Gorgas Battery Energy Storage System,Alabama Power,power_generation,under_construction,,reported,Parrish,Walker,AL,33.7334096,-87.281325,,150,,,2026-09-28,https://www.compute-atlas.com/facilities/alabama-power-gorgas-bess-parrish-al,3,https://www.energy.gov/nepa/articles/cx-270766-alabama-power-company-gorgas-battery-energy-storage-system-bess
alabama-supercomputer-center-huntsville-al,Alabama Supercomputer Center,Alabama Supercomputer Authority,data_center,operational,,reported,Huntsville,Madison,AL,34.73652,-86.6731271,,,,,2026-09-15,https://www.compute-atlas.com/facilities/alabama-supercomputer-center-huntsville-al,1,https://asc.edu/alabama-supercomputer-center
alasconnect-anchorage-ak,AlasConnect Anchorage Data Center,AlasConnect,data_center,operational,,reported,Anchorage,Anchorage Municipality,AK,61.189365,-149.912829,,,,,2026-09-28,https://www.compute-atlas.com/facilities/alasconnect-anchorage-ak,2,https://cloudandcolocation.com/datacenters/alasconnect-anchorage-data-center/
alasconnect-fairbanks-ak,AlasConnect Fairbanks Data Center,AlasConnect,data_center,operational,,reported,Fairbanks,Fairbanks North Star Borough,AK,64.851425,-147.718958,,,,,2026-09-28,https://www.compute-atlas.com/facilities/alasconnect-fairbanks-ak,2,https://cloudandcolocation.com/datacenters/alasconnect-fairbanks-data-center/
alaska-communications-anchorage-ak,Alaska Communications Data Center,Alaska Communications,data_center,operational,,reported,Anchorage,,AK,61.188009403546,-149.87239078076,,,,,2026-09-28,https://www.compute-atlas.com/facilities/alaska-communications-anchorage-ak,1,https://cloudandcolocation.com/datacenters/alaska-communications-systems-anchorage-data-center/
aligned-atl-01-lithia-springs-ga,Aligned Data Centers ATL-01,Aligned Data Centers,data_center,operational,likely,reported,Lithia Springs,Douglas,GA,33.7943,-84.6602,,,,,2026-08-28,https://www.compute-atlas.com/facilities/aligned-atl-01-lithia-springs-ga,1,https://aligneddc.com/atlanta-data-centers/
aligned-chillicothe-ross-oh,Aligned HPC Campus at Former Pixelle Paper Mill (Chillicothe),Aligned Data Centers (in partnership with U.S. Paper Mill LLC / U.S. Medical Glove Company),data_center,proposed,likely,reported,Chillicothe,Ross,OH,39.3331,-82.9824,,,,2026-07-02,2026-09-09,https://www.compute-atlas.com/facilities/aligned-chillicothe-ross-oh,3,https://sciotovalleyguardian.com/2026/07/02/1-5-billion-high-performance-computing-campus-planned-for-former-chillicothe-paper-mill/
aligned-coal-city-il,Aligned Coal City Campus,Aligned Data Centers,data_center,proposed,,reported,Coal City,Grundy,IL,41.2575,-88.303,,,,2024-11-25,2026-09-12,https://www.compute-atlas.com/facilities/aligned-coal-city-il,2,https://hs.getobedio.com/blog/a-multi-billion-dollar-data-center-takes-a-step-forward-in-coal-city
aligned-conesville-oh,Aligned Data Centers – Conesville Industrial Park,Aligned Data Centers,data_center,under_construction,confirmed,reported,Conesville,Coshocton,OH,40.27,-81.83,,340,,2025,2026-09-09,https://www.compute-atlas.com/facilities/aligned-conesville-oh,8,https://aligneddc.com/press-release/aligned-data-centers-expands-in-ohio-with-new-mega-scale-ai-campus/
aligned-data-centers-amber-ok,Aligned Data Centers Amber Site (Grady County),Aligned Data Centers,data_center,proposed,,reported,Amber,Grady,OK,35.1603415,-97.8792104,,,,2026-09,2026-09-14,https://www.compute-atlas.com/facilities/aligned-data-centers-amber-ok,3,https://www.news9.com/data-centers-in-oklahoma/grady-county-commissioners-special-meeting-data-center-oklahoma
aligned-dfw-01-tx,Aligned DFW-01,Aligned Data Centers,data_center,operational,likely,reported,Plano,Collin,TX,33.0093142,-96.6765617,60,,,,2026-09-01,https://www.compute-atlas.com/facilities/aligned-dfw-01-tx,3,https://aligneddc.com/dallas-data-centers/
aligned-dfw-03-tx,Aligned DFW-03,Aligned Data Centers,data_center,operational,likely,reported,Mansfield,Tarrant,TX,32.5498227,-97.0748553,,,,,2026-09-01,https://www.compute-atlas.com/facilities/aligned-dfw-03-tx,3,https://aligneddc.com/dallas-data-centers/
aligned-iad-01-va,Aligned IAD-01,Aligned Data Centers,data_center,operational,likely,reported,Ashburn,Loudoun,VA,39.0136079,-77.4705563,60,,,,2026-09-01,https://www.compute-atlas.com/facilities/aligned-iad-01-va,4,https://aligneddc.com/northern-virginia-data-centers/
aligned-iad-03-va,Aligned IAD-03,Aligned Data Centers,data_center,operational,likely,reported,Ashburn,Loudoun,VA,38.9886354,-77.4407776,,,,,2026-09-01,https://www.compute-atlas.com/facilities/aligned-iad-03-va,5,https://aligneddc.com/location/iad-03-data-center/
aligned-iad-06-frederick-md,Aligned Data Centers IAD-06 Frederick,Aligned Data Centers,data_center,under_construction,likely,confirmed,Frederick,Frederick,MD,39.3417,-77.5089,,72,,2025-10,2026-08-26,https://www.compute-atlas.com/facilities/aligned-iad-06-frederick-md,3,https://www.turnerconstruction.com/insights/turner-celebrates-topping-out-of-aligned-iad-06-data-center-in-frederick-maryland
aligned-neo-01-oh,Aligned NEO-01,Aligned Data Centers,data_center,under_construction,likely,reported,Sandusky (Perkins Township),Erie,OH,41.4321977,-82.7189574,,96,,,2026-09-02,https://www.compute-atlas.com/facilities/aligned-neo-01-oh,4,https://aligneddc.com/northeast-ohio-data-centers/
aligned-ord-01-il,Aligned ORD-01,Aligned Data Centers,data_center,operational,likely,reported,Northlake,Cook,IL,41.9140034,-87.9175163,48,,,,2026-09-25,https://www.compute-atlas.com/facilities/aligned-ord-01-il,8,https://aligneddc.com/chicago/
aligned-ord-02-northlake-il,Aligned ORD-02,Aligned Data Centers,data_center,operational,,reported,Northlake,Cook,IL,41.9169,-87.8956,,,,,2026-09-25,https://www.compute-atlas.com/facilities/aligned-ord-02-northlake-il,3,https://aligneddc.com/chicago/
aligned-ord-03-elk-grove-village-il,Aligned ORD-03,Aligned Data Centers,data_center,under_construction,,reported,Elk Grove Village,Cook,IL,42.0039,-87.9703,,,,,2026-09-12,https://www.compute-atlas.com/facilities/aligned-ord-03-elk-grove-village-il,3,https://aligneddc.com/chicago/
aligned-pataskala-licking-oh,Aligned Data Centers — Pataskala,Aligned Data Centers,data_center,cancelled,likely,confirmed,Pataskala,Licking,OH,39.9956,-82.6743,,200,,,2026-09-02,https://www.compute-atlas.com/facilities/aligned-pataskala-licking-oh,4,https://freepress.org/article/pataskala-ohio-zoning-votes-down-data-center-application
aligned-pdx-01-or,Aligned PDX-01,Aligned Data Centers,data_center,operational,likely,reported,Hillsboro,Washington,OR,45.5540594,-122.9492507,,,,,2026-09-02,https://www.compute-atlas.com/facilities/aligned-pdx-01-or,5,https://aligneddc.com/hillsboro-data-centers/
aligned-peoria-campus-az,Aligned Data Centers Peoria Campus,Aligned Data Centers,data_center,proposed,,reported,Peoria,Maricopa County,AZ,33.5594634,-112.2201382,,,,,2026-09-23,https://www.compute-atlas.com/facilities/aligned-peoria-campus-az,1,https://www.abc15.com/news/business/aligned-data-centers-moves-ahead-with-two-building-campus-in-peoria
aligned-phx-01-02-03-az,Aligned PHX-01/02/03,Aligned Data Centers,data_center,operational,likely,reported,Phoenix,Maricopa,AZ,33.6590546,-112.1111595,,,,,2026-09-02,https://www.compute-atlas.com/facilities/aligned-phx-01-02-03-az,4,https://aligneddc.com/phoenix/
aligned-phx13-glendale-az,Aligned PHX-13,Aligned Data Centers,data_center,under_construction,confirmed,confirmed,Glendale,Maricopa,AZ,33.5387,-112.186,,72,,2025-04,2026-09-14,https://www.compute-atlas.com/facilities/aligned-phx13-glendale-az,6,https://news.constructconnect.com/aligned-data-centers-breaks-ground-in-glendale-expanding-arizona-infrastructure
aligned-project-caprock-hale-county-tx,Aligned Data Centers Project Caprock,Aligned Data Centers,data_center,under_construction,likely,confirmed,Abernathy,Hale,TX,33.84,-101.84,,540,,2026-04,2026-07-06,https://www.compute-atlas.com/facilities/aligned-project-caprock-hale-county-tx,2,https://aligneddc.com/press-release/aligned-breaks-ground-on-project-caprock/
aligned-quantum-frederick-md,Aligned Data Centers IAD-04 Frederick,Aligned Data Centers,data_center,under_construction,mixed_use,confirmed,Adamstown,Frederick,MD,39.263,-77.387,,72,,2025-02,2026-08-26,https://www.compute-atlas.com/facilities/aligned-quantum-frederick-md,7,https://www.datacenterdynamics.com/en/news/aligned-breaks-ground-on-72mw-maryland-data-center-in-quantum-frederick-park/
aligned-shippingport-pa,Shippingport Industrial Park,Aligned Data Centers,data_center,under_construction,,reported,Shippingport,Beaver,PA,40.63,-80.44,,2000,,,2026-09-25,https://www.compute-atlas.com/facilities/aligned-shippingport-pa,7,https://www.datacenterdynamics.com/en/news/shippingport-industrial-park/
aligned-west-jordan-ut,Aligned Salt Lake City Campus (SLC-01/02/03),Aligned Data Centers,data_center,operational,,confirmed,West Jordan,Salt Lake,UT,40.5861,-111.96973,48,60,,,2026-09-02,https://www.compute-atlas.com/facilities/aligned-west-jordan-ut,6,https://aligneddc.com/salt-lake-city-data-centers/
aligned-west-valley-city-ut,Aligned SLC-04,Aligned Data Centers,data_center,operational,,confirmed,West Valley City,Salt Lake,UT,40.71498,-112.05576,,,,,2026-09-02,https://www.compute-atlas.com/facilities/aligned-west-valley-city-ut,3,https://aligneddc.com/salt-lake-city-data-centers/
aliquippa-data-center-beaver-county-pa,Aliquippa Data Center (former J&L Steel site),Five 9s Digital,data_center,proposed,,rumored,Aliquippa,Beaver,PA,40.6023,-80.2456,,496,,,2026-09-10,https://www.compute-atlas.com/facilities/aliquippa-data-center-beaver-county-pa,3,https://poweredbywho.com/projects/aliquippa-5f9f2231
allegheny-dc-springdale-cheswick-pa,Springdale Data Center (former Cheswick Generating Station),"Allegheny DC Property Co., LLC",data_center,permitted,likely,confirmed,Springdale,Allegheny,PA,40.5425,-79.7844,,180,,2025-09,2026-09-12,https://www.compute-atlas.com/facilities/allegheny-dc-springdale-cheswick-pa,4,https://www.wesanews.org/environment-energy/2025-09-29/allegheny-county-springdale-cheswick-data-center-concern
alliant-cedar-river-generating-station-ia,Cedar River Generating Station,Alliant Energy,power_generation,proposed,,reported,Cedar Rapids,Linn County,IA,41.9468018,-91.6378945,,94,,2026-02-09,2026-09-16,https://www.compute-atlas.com/facilities/alliant-cedar-river-generating-station-ia,1,https://www.kcrg.com/2026/02/09/alliant-energy-plans-new-natural-gas-generating-station-cedar-rapids-coal-era-ends/
alliant-decorah-bess-ia,Decorah Battery Project,Alliant Energy (Interstate Power and Light),power_generation,operational,,confirmed,Decorah,Winneshiek County,IA,43.3241694,-91.7928804,2.5,,,,2026-09-16,https://www.compute-atlas.com/facilities/alliant-decorah-bess-ia,2,https://www.alliantenergy.com/our-energy/energy-storage/decorah
alliant-deer-run-bess-ia,Deer Run Battery Energy Storage System,Alliant Energy,power_generation,operational,,confirmed,Cedar Rapids,Linn County,IA,41.951305,-91.6939826,5,,,,2026-09-16,https://www.compute-atlas.com/facilities/alliant-deer-run-bess-ia,2,https://www.alliantenergy.com/news/news-center/2022/08/2-deerrunbattery
alliant-golden-plains-bess-ia,Golden Plains Battery Energy Storage System,Alliant Energy,power_generation,proposed,,confirmed,,Kossuth,IA,43.1825351,-94.209098,,75,,,2026-09-04,https://www.compute-atlas.com/facilities/alliant-golden-plains-bess-ia,2,https://www.alliantenergy.com/our-energy/energy-storage/golden-plains
alliant-lansing-bess-ia,Lansing Battery Energy Storage System,Alliant Energy,power_generation,under_construction,,confirmed,Lansing,Allamakee,IA,43.3620647,-91.2156355,,,,,2026-09-04,https://www.compute-atlas.com/facilities/alliant-lansing-bess-ia,3,https://www.alliantenergy.com/our-energy/energy-storage/lansing
alliant-pleasant-creek-solar-ia,Pleasant Creek Solar Project,Alliant Energy (Interstate Power and Light),power_generation,operational,,confirmed,,Linn County,IA,42.1193687,-91.8020582,200,,,,2026-09-16,https://www.compute-atlas.com/facilities/alliant-pleasant-creek-solar-ia,2,https://www.alliantenergy.com/news/news-center/2025/04/042825-pleasantcreek
alliant-west-riverside-energy-center-beloit-wi,West Riverside Energy Center,Alliant Energy,power_generation,operational,,reported,Beloit,Rock,WI,42.5800725,-89.0393972,730,,,,2026-09-13,https://www.compute-atlas.com/facilities/alliant-west-riverside-energy-center-beloit-wi,2,https://www.alliantenergy.com/our-energy/natural-gas/west-riverside
alliant-wever-bess-ia,Wever Battery Energy Storage System,Alliant Energy,power_generation,operational,,confirmed,Wever,Lee,IA,40.7114884,-91.2304308,99,,,,2026-09-16,https://www.compute-atlas.com/facilities/alliant-wever-bess-ia,2,https://www.alliantenergy.com/news/news-center/2026/02/020526-wood_wever_bess
alliant-wever-solar-ia,Wever Solar Project,Alliant Energy (Interstate Power and Light),power_generation,operational,,confirmed,Wever,Lee County,IA,40.7191277,-91.2530154,150,,,,2026-09-16,https://www.compute-atlas.com/facilities/alliant-wever-solar-ia,2,https://api.openstreetmap.org/api/0.6/relation/20083513.json
alliant-whispering-willow-north-bess-ia,Whispering Willow North Battery Energy Storage System,Alliant Energy,power_generation,under_construction,,confirmed,Latimer,Franklin,IA,42.7635903,-93.3687645,,75,,2025-12-02,2026-09-16,https://www.compute-atlas.com/facilities/alliant-whispering-willow-north-bess-ia,2,https://www.alliantenergy.com/news/news-center/2025/12/120225-franklinctybess-start-construct
alpha-technologies-huntington-wv,Alpha Technologies Huntington Headquarters Data Center,Alpha Technologies,data_center,under_construction,,reported,Huntington,Cabell,WV,38.419045646836,-82.437058798916,,,,,2026-09-15,https://www.compute-atlas.com/facilities/alpha-technologies-huntington-wv,3,https://wchstv.com/news/local/alpha-technologies-announces-new-data-center-to-be-built-in-huntington
alpha-technologies-south-charleston-wv,Alpha Technologies South Charleston DC01,Alpha Technologies,data_center,operational,,confirmed,South Charleston,Kanawha,WV,38.3530922,-81.6962715,,,,,2026-09-13,https://www.compute-atlas.com/facilities/alpha-technologies-south-charleston-wv,2,https://myalphainnovations.com/dc1/
alterra-development-marshall-mi,Alterra Marshall Technology & Energy Center,Alterra Development,data_center,proposed,,confirmed,Marshall,Calhoun,MI,42.276,-84.955,,1400,,,2026-09-09,https://www.compute-atlas.com/facilities/alterra-development-marshall-mi,6,https://wwmt.com/news/local/data-center-gas-generation-plant-proposed-in-marshall-alterra-development-calhoun-county-energy-electricity-water
alterra-marshall-technology-energy-center-gas-mi,Marshall Technology & Energy Center Gas Generation,Alterra Development,power_generation,cancelled,,reported,Marshall,Calhoun,MI,42.276,-84.955,,1000,Alterra Development,,2026-08,https://www.compute-atlas.com/facilities/alterra-marshall-technology-energy-center-gas-mi,4,https://wwmt.com/news/local/data-centers-michigan-dowagiac-marshall-proposals-track-questions-answers-microsoft-hyperscale-alterra-ai-water-resources-noise-meetings-wwmt
amazon-becker-mn,Amazon Becker Data Center (Suspended),Amazon Web Services,data_center,cancelled,likely,confirmed,Becker,Sherburne,MN,45.397,-93.876,,,,2024,2026-07-25,https://www.compute-atlas.com/facilities/amazon-becker-mn,4,https://www.startribune.com/amazon-suspends-minnesota-data-center-as-lawmakers-plan-to-reduce-big-tech-tax-breaks/601359665
amazon-blackwell-road-warrenton-va,Blackwell Road Data Center (Warrenton),Amazon Data Services,data_center,permitted,,confirmed,Warrenton,Fauquier,VA,38.72948224074257,-77.78753470617198,,40,,,2026-09-03,https://www.compute-atlas.com/facilities/amazon-blackwell-road-warrenton-va,4,https://www.fauquiernow.com/news/warrenton-town-staff-approves-site-plan-for-220-000-square-foot-amazon-data-center-project/article_13b53e3e-fe67-11ee-81ce-b361084ba5ae.html
amazon-bridgefield-tech-center-ashburn-loudoun-va,Bridgefield Tech Center,Amazon Web Services,data_center,proposed,,reported,Ashburn,Loudoun,VA,39.029784,-77.4744148,,,,2026-08-03,2026-08-26,https://www.compute-atlas.com/facilities/amazon-bridgefield-tech-center-ashburn-loudoun-va,3,https://www.datacenterdynamics.com/en/news/aws-looks-to-build-800000-sq-ft-data-center-campus-at-gwu-site-in-ashburn-virginia/
amazon-data-services-reno-storey-county-nv,Amazon Data Services Reno Data Center Campus,Amazon Web Services,data_center,under_construction,likely,confirmed,Sparks,Storey,NV,39.517683,-119.479421,,,,2026-01-23,2026-09-11,https://www.compute-atlas.com/facilities/amazon-data-services-reno-storey-county-nv,4,https://ndep.nv.gov/uploads/documents/ap7374-4768-proposed-action.pdf
amazon-devlin-tech-park-va,Amazon Devlin Technology Park,Amazon Web Services,data_center,permitted,mixed_use,confirmed,Bristow,Prince William,VA,38.724,-77.558,,,,2025-11,2026-07-06,https://www.compute-atlas.com/facilities/amazon-devlin-tech-park-va,2,https://virginiabusiness.com/amazon-buys-189-acres-in-prince-william-tech-park-for-700m/
amazon-gilroy-ca,Amazon AWS Gilroy Data Center,Amazon Web Services,data_center,under_construction,mixed_use,confirmed,Gilroy,Santa Clara,CA,36.997,-121.541,,98,,2025-07,2026-09-14,https://www.compute-atlas.com/facilities/amazon-gilroy-ca,6,https://www.datacenterdynamics.com/en/news/amazon-data-services-gains-approval-for-data-center-on-56-acres-in-gilroy-california/
amazon-pecos-county-data-center-tx,Amazon Pecos County Data Center Campus,"Amazon Data Services, Inc.",data_center,proposed,,reported,,Pecos,TX,30.8981,-102.8779,,,,2026-08-09,2026-08-25,https://www.compute-atlas.com/facilities/amazon-pecos-county-data-center-tx,2,https://usdatacenterprojects.com/texas/amazon-files-plans-for-new-data-center-buildings-in-texas-across-three-sites
amazon-perry-township-stark-oh,Amazon Perry Township Data Center,Amazon Web Services,data_center,under_construction,likely,confirmed,Canton,Stark,OH,40.7517,-81.4,,240,,2026-03,2026-08-05,https://www.compute-atlas.com/facilities/amazon-perry-township-stark-oh,3,https://www.ideastream.org/environment-energy/2026-04-15/some-stark-county-residents-skeptical-of-developers-answers-on-data-center-project
amazon-potomac-church-fredericksburg-va,Potomac Church Technology Center,Amazon Data Services,data_center,under_construction,,confirmed,Fredericksburg,Stafford,VA,38.411322338680904,-77.4042471172777,,,,,2026-07-26,https://www.compute-atlas.com/facilities/amazon-potomac-church-fredericksburg-va,3,https://www.staffordcountyva.gov
amazon-project-rainier-new-carlisle-in,Amazon Project Rainier,Amazon Web Services,data_center,operational,confirmed,confirmed,New Carlisle,St. Joseph,IN,41.6978,-86.5117,590,2200,,2024-04-25,2026-08-16,https://www.compute-atlas.com/facilities/amazon-project-rainier-new-carlisle-in,7,https://www.cnbc.com/2025/10/29/amazon-opens-11-billion-ai-data-center-project-rainier-in-indiana.html
amazon-sf011-corporate-avenue-hayward-ca,Amazon Data Center SF011 (26415 Corporate Avenue),Amazon Web Services,data_center,operational,,confirmed,Hayward,Alameda,CA,37.626012,-122.1133978,35,,,2015,2026-09-21,https://www.compute-atlas.com/facilities/amazon-sf011-corporate-avenue-hayward-ca,2,https://www.hayward-ca.gov/business/for-developers/data-center-development-applications
amazon-sf09-corporate-avenue-hayward-ca,Amazon Data Center SF09 (26464 Corporate Avenue),Amazon Web Services (A-100 LLC),data_center,operational,,confirmed,Hayward,Alameda,CA,37.6263578,-122.1128762,24,,,2010,2026-09-21,https://www.compute-atlas.com/facilities/amazon-sf09-corporate-avenue-hayward-ca,2,https://www.hayward-ca.gov/business/for-developers/data-center-development-applications
american-bitcoin-niagara-falls-ny,"American Bitcoin — Niagara Falls (""Alpha Site"")",American Bitcoin (Hut 8),crypto_mining,operational,,reported,Niagara Falls,Niagara,NY,43.082124888357896,-79.03094758819105,50,,,,2026-09-09,https://www.compute-atlas.com/facilities/american-bitcoin-niagara-falls-ny,4,https://www.hut8.com/our-platform
american-express-whitsett-guilford-county-nc,American Express Whitsett Data Center (IPC2),American Express,data_center,operational,,reported,Whitsett,Guilford County,NC,36.0712466,-79.5644686,30,,,,2026-09-24,https://www.compute-atlas.com/facilities/american-express-whitsett-guilford-county-nc,3,https://baxtel.com/data-center/american-express-ipc2-whitsett-nc
american-tower-edc-oklahoma-city-ok,American Tower EDC Oklahoma (Oklahoma City),American Tower,data_center,proposed,,reported,Oklahoma City,Oklahoma,OK,35.5896,-97.4934,,4,,,2026-09-02,https://www.compute-atlas.com/facilities/american-tower-edc-oklahoma-city-ok,2,https://www.news9.com/oklahoma-city-news/where-are-data-centers-are-being-built-oklahoma-list
american-tower-mount-royal-east-greenwich-nj,Mt. Royal Data Storage Facility,American Tower,data_center,cancelled,,reported,East Greenwich Township,Gloucester,NJ,39.8101134,-75.2112925,,,,,2026-09-14,https://www.compute-atlas.com/facilities/american-tower-mount-royal-east-greenwich-nj,2,https://www.govtech.com/artificial-intelligence/after-a-data-center-proposal-new-jersey-town-bans-them
american-tower-pike-township-indianapolis-in,American Tower Pike Township Data Center,American Tower Corporation,data_center,cancelled,,reported,Indianapolis,Marion,IN,39.9241559,-86.2030783,,,,2026,2026-09-13,https://www.compute-atlas.com/facilities/american-tower-pike-township-indianapolis-in,1,https://www.yahoo.com/news/articles/american-tower-corporation-withdraws-data-051459463.html
american-tower-pinellas-park-fl,American Tower Pinellas Park Data Processing Facility,American Tower,data_center,cancelled,,confirmed,Pinellas Park,Pinellas,FL,27.869841,-82.743196,,,,,2026-09-21,https://www.compute-atlas.com/facilities/american-tower-pinellas-park-fl,4,https://www.fox13news.com/news/boston-developer-files-building-permit-pinellas-park-data-center
american-tower-reedy-creek-charlotte-nc,American Tower Reedy Creek Data Center (East Charlotte),American Tower,data_center,proposed,,reported,Charlotte,Mecklenburg,NC,35.2703,-80.7229,,,,,2026-08-15,https://www.compute-atlas.com/facilities/american-tower-reedy-creek-charlotte-nc,1,https://www.wfae.org/energy-environment/2026-04-23/east-charlotte-residents-protest-data-center-development-during-rezoning-hearing
anchorstone-58-east-data-campus-ringgold-va,58 East Data Campus (Route 58 East Data Center Campus),Anchorstone Advisors LLC,data_center,permitted,,reported,Ringgold,Pittsylvania,VA,36.6048,-79.2905,,,,,2026-07-26,https://www.compute-atlas.com/facilities/anchorstone-58-east-data-campus-ringgold-va,4,https://cardinalnews.org/2024/07/17/pittsylvania-county-approves-its-first-data-center-project/
andover-hpc-development-nj,Andover HPC Data Center (former Newton Airport Site),Andover HPC Development,data_center,proposed,confirmed,reported,Andover,Sussex,NJ,41.0419,-74.7381,,,,2025-08,2026-07-23,https://www.compute-atlas.com/facilities/andover-hpc-development-nj,2,https://www.govtech.com/artificial-intelligence/old-new-jersey-airport-could-house-new-ai-data-center
aphorio-carter-collierville-tn,Collierville Enterprise Data Center (FedEx World Technology Center Campus),Aphorio Carter,data_center,operational,,confirmed,Collierville,Shelby,TN,35.04204,-89.66453,,,,,2026-09-09,https://www.compute-atlas.com/facilities/aphorio-carter-collierville-tn,2,https://www.prnewswire.com/news-releases/aphorio-carter-acquires-data-center-in-collierville-tn-301983903.html
apollo-power-generation-facility-wood-oh,Apollo Power Generation Facility,"Will-Power OH, LLC (The Williams Companies)",power_generation,under_construction,,confirmed,Middleton Township,Wood,OH,41.432673,-83.6290476,,350,Meta,2025-11,2026-08-27,https://www.compute-atlas.com/facilities/apollo-power-generation-facility-wood-oh,2,https://www.sciotopost.com/ohio-power-siting-board-approves-new-350-mw-natural-gas-power-plant-in-wood-county/
apple-maiden-nc,Apple Maiden Data Center (iCloud),Apple,data_center,operational,likely,confirmed,Maiden,Catawba,NC,35.588607,-81.256686,,,,2009,2026-07-24,https://www.compute-atlas.com/facilities/apple-maiden-nc,4,https://www.apple.com/newsroom/2025/02/apple-will-spend-more-than-500-billion-usd-in-the-us-over-the-next-four-years/
apple-mesa-az,Apple Mesa Data Center (Global Command Center),Apple,data_center,operational,likely,confirmed,Mesa,Maricopa,AZ,33.3615205,-111.6012177,,,,2015,2026-08-31,https://www.compute-atlas.com/facilities/apple-mesa-az,7,https://mesanow.org/news/public/article/2149
apple-prineville-or,Apple Prineville Data Center Campus,Apple,data_center,operational,,confirmed,Prineville,Crook,OR,44.30349,-120.84639,,,,,2026-08-15,https://www.compute-atlas.com/facilities/apple-prineville-or,3,https://www.oregon.gov/biz/Publications/Boards/Business%20Oregon%20Commission/2023/AmazonSIPAgendaItem.pdf
apple-reno-nv,Apple Reno Data Center (Reno Technology Park),Apple,data_center,operational,likely,confirmed,Sparks,Washoe,NV,39.563085,-119.554805,,,,2012,2026-09-24,https://www.compute-atlas.com/facilities/apple-reno-nv,8,https://goed.nv.gov/wp-content/uploads/2024/07/7-B.-Apple-Inc.-Board-Packet.pdf
apple-waukee-ia,Apple Waukee Data Center,Apple,data_center,operational,likely,confirmed,Waukee,Dallas,IA,41.6193799,-93.9258365,,,,2017,2026-09-16,https://www.compute-atlas.com/facilities/apple-waukee-ia,7,https://appleinsider.com/articles/24/10/16/seven-years-on-iowas-apple-data-center-finally-opens
applied-digital-adair-ia,Applied Digital Adair County Data Center,Applied Digital,data_center,proposed,,reported,Adair,Adair,IA,41.5005601,-94.6434954,,200,,,2026-09-04,https://www.compute-atlas.com/facilities/applied-digital-adair-ia,2,https://westerniowatoday.com/2024/04/10/adair-county-supervisors-discuss-proposed-data-center-and-set-public-hearing-on-an-ordinance-creating-setbacks/
applied-digital-delta-forge-1-la,Applied Digital Delta Forge 1 AI Factory Campus,Applied Digital Corporation,data_center,under_construction,confirmed,confirmed,Boyce,Rapides,LA,31.4,-92.65,,300,,2026-05,2026-09-15,https://www.compute-atlas.com/facilities/applied-digital-delta-forge-1-la,4,https://www.opportunitylouisiana.gov/news/central-louisiana-secures-3-6-billion-applied-digital-ai-factory-campus
applied-digital-delta-forge-2-brookwood-al,Applied Digital Delta Forge 2 (Brookwood AI Factory Campus),Applied Digital,data_center,proposed,confirmed,confirmed,Brookwood,Tuscaloosa,AL,33.2556719,-87.3208336,,210,,2026-06-08,2026-09-28,https://www.compute-atlas.com/facilities/applied-digital-delta-forge-2-brookwood-al,4,https://ir.applieddigital.com/news-events/press-releases/detail/154/applied-digital-signs-210-mw-lease-at-delta-forge-2
applied-digital-deuel-county-sd,Applied Digital Deuel County AI Campus,Applied Digital Corporation,data_center,cancelled,confirmed,confirmed,Toronto,Deuel,SD,44.567,-96.62,,430,,2025,2026-07-25,https://www.compute-atlas.com/facilities/applied-digital-deuel-county-sd,3,https://www.datacenterdynamics.com/en/news/applied-digital-proposes-multi-billion-dollar-data-center-in-south-dakota/
applied-digital-jamestown-nd,Applied Digital Jamestown Facility,Applied Digital Corporation,crypto_mining,operational,,confirmed,Jamestown,Stutsman,ND,47.029587,-98.679092,106,,,,2026-07-18,https://www.compute-atlas.com/facilities/applied-digital-jamestown-nd,1,https://www.sec.gov/Archives/edgar/data/1144879/000114487926000030/apld-20260228.htm
applied-digital-polaris-forge-1-ellendale-nd,Applied Digital Polaris Forge 1,Applied Digital Corporation,data_center,under_construction,confirmed,confirmed,Ellendale,Dickey,ND,46.003,-98.509,100,400,,2025-06,2026-07-26,https://www.compute-atlas.com/facilities/applied-digital-polaris-forge-1-ellendale-nd,4,https://ir.applieddigital.com/news-events/press-releases/detail/123/applied-digital-announces-250mw-ai-data-center-lease-with
applied-digital-polaris-forge-2-harwood-nd,Applied Digital Polaris Forge 2,Applied Digital Corporation,data_center,under_construction,confirmed,confirmed,Harwood,Cass,ND,47.02,-97.025,,280,,2025-08,2026-09-21,https://www.compute-atlas.com/facilities/applied-digital-polaris-forge-2-harwood-nd,4,https://ir.applieddigital.com/news-events/press-releases/detail/127/applied-digital-to-break-ground-on-3-billion-polaris-forge
applied-digital-polaris-forge-3-oliver-nd,Applied Digital Polaris Forge 3,Applied Digital Corporation,data_center,proposed,,confirmed,Hanover,Oliver,ND,47.111,-101.426,,430,,2026-05,2026-09-10,https://www.compute-atlas.com/facilities/applied-digital-polaris-forge-3-oliver-nd,2,https://www.valleynewslive.com/2026/07/13/applied-digital-expands-north-dakota-eyes-oliver-county-third-data-center/
apricus-rock-point-data-center-west-plains-wa,Rock Point Data Center Project,Apricus Energy Partners,data_center,proposed,,rumored,West Plains,Spokane,WA,47.621,-117.73,,1000,,,2026-08-22,https://www.compute-atlas.com/facilities/apricus-rock-point-data-center-west-plains-wa,2,https://www.spokesman.com/stories/2026/aug/02/company-proposing-massive-west-plains-data-center-/
aps-cholla-natural-gas-conversion-joseph-city-az,Cholla Power Plant Natural Gas Conversion,Arizona Public Service (APS),power_generation,proposed,,reported,Joseph City,Navajo,AZ,34.94,-110.3,,380,,2026-07,2026-08-28,https://www.compute-atlas.com/facilities/aps-cholla-natural-gas-conversion-joseph-city-az,1,https://www.utilitydive.com/news/aps-convert-coal-units-adding-380-mw-natural-gas/824471/
aps-desert-sun-power-plant-gila-bend-az,Desert Sun Power Plant,Arizona Public Service (APS),power_generation,proposed,,reported,Gila Bend,Maricopa,AZ,32.95,-112.8,,2000,,2025,2026-09-23,https://www.compute-atlas.com/facilities/aps-desert-sun-power-plant-gila-bend-az,4,https://www.aps.com/en/About/Construction-and-Power-Line-Siting/Reliability-upgrades/Desert_Sun_Power_Plant_Project
aptum-miami-doral-fl,Aptum Miami Data Center — Doral,Aptum Technologies,data_center,operational,,reported,Doral,Miami-Dade,FL,25.795634,-80.342656,2,,,,2026-09-21,https://www.compute-atlas.com/facilities/aptum-miami-doral-fl,1,https://inflect.com/building/2300-northwest-89th-place-doral/peer-1-hosting/datacenter/2300-northwest-89th-place
archbald-i-campus-1-eynon-jermyn-road-lackawanna-pa,Archbald I Campus 1 Data Center (Eynon Jermyn Road),Archbald I LLC,data_center,proposed,,reported,Archbald,Lackawanna,PA,41.5095,-75.5661,,,,,2026-09-25,https://www.compute-atlas.com/facilities/archbald-i-campus-1-eynon-jermyn-road-lackawanna-pa,2,https://www.yahoo.com/news/articles/developer-applies-22-more-data-035900249.html
archbald-i-campus-2-washington-avenue-lackawanna-pa,Archbald I Campus 2 Data Center (Eynon Jermyn Road at Washington Avenue),Archbald I LLC,data_center,proposed,,reported,Archbald,Lackawanna,PA,41.5149,-75.5554,,,,,2026-09-25,https://www.compute-atlas.com/facilities/archbald-i-campus-2-washington-avenue-lackawanna-pa,2,https://www.yahoo.com/news/articles/developer-applies-22-more-data-035900249.html
archer-datacenter-faribault-mn,Archer Datacenter Faribault,Archer Datacenter,data_center,proposed,,reported,Faribault,Rice,MN,44.3654972,-93.2871543,,120,,,2026-09-18,https://www.compute-atlas.com/facilities/archer-datacenter-faribault-mn,3,https://www.southernminn.com/faribault_daily_news/news/developer-city-officials-outline-plans-for-proposed-faribault-data-center/article_2884e9a7-4b43-4622-b449-fcc37dd56a5e.html
archgreen-doniphan-hall-ne,ArchGreen Doniphan Data Center (proposed),ArchGreen Infrastructure,crypto_mining,cancelled,,reported,Doniphan,Hall,NE,40.772,-98.3709,,,,2023-08,2026-09-16,https://www.compute-atlas.com/facilities/archgreen-doniphan-hall-ne,4,http://web.archive.org/web/20250725014450/https://theindependent.com/news/state-regional/government-politics/cryptcurrency-data-center-hall-county/article_68269ee2-67ac-11ee-8b8f-9f5eb8250db6.html
archgreen-grand-island-hall-ne,ArchGreen Grand Island Data Center,ArchGreen Infrastructure,crypto_mining,operational,,reported,Grand Island,Hall,NE,40.9423,-98.4551,12.5,14,,2023-01,2026-09-21,https://www.compute-atlas.com/facilities/archgreen-grand-island-hall-ne,4,http://web.archive.org/web/20250617124426/https://theindependent.com/news/local/cryptocurrency-mining-facility-approved-west-of-grand-island/article_3398e77c-96bd-11ed-aebb-0392fcb8f348.html
arconic-arsenal-data-site-massena-ny,Arsenal Data Site (Arconic Massena Operations),Arconic Corporation (Apollo-owned),data_center,proposed,,rumored,Massena,St. Lawrence,NY,44.9528,-74.883,,,,,2026-09-21,https://www.compute-atlas.com/facilities/arconic-arsenal-data-site-massena-ny,3,https://www.stlawco.gov/sites/default/files/Planning/Trainings/LGC%202025%20Planning%20&%20Zoning%20Presentation%20-%20Final.pdf
ardent-pittsburgh-mckees-rocks-pa,Ardent Data Centers Pittsburgh (McKees Rocks),Ardent Data Centers (Northern Data Group),data_center,operational,confirmed,reported,McKees Rocks,Allegheny,PA,40.4646,-80.081,5,20,,,2026-09-21,https://www.compute-atlas.com/facilities/ardent-pittsburgh-mckees-rocks-pa,2,https://www.prnewswire.co.uk/news-releases/ardent-data-centers-a-northern-data-group-company-completes-acquisition-of-pennsylvania-data-center-302040653.html
ardent-technologies-wilmington-clinton-oh,Ardent Technologies Wilmington Data Center,Ardent Technologies,data_center,proposed,,reported,Wilmington,Clinton,OH,39.4453393,-83.8285375,,,,,2026-09-09,https://www.compute-atlas.com/facilities/ardent-technologies-wilmington-clinton-oh,1,https://www.whio.com/news/local/another-500-acres-land-zoned-second-data-center-wilmington/KXXP722G6ZD4LMQV2Z6U4UJUQE/
arizona-land-consulting-balterra-tonopah-az,Balterra,Arizona Land Consulting,data_center,permitted,,reported,Tonopah,Maricopa County,AZ,33.508197,-112.9369267,,,,,2026-09-23,https://www.compute-atlas.com/facilities/arizona-land-consulting-balterra-tonopah-az,1,https://azbex.com/planning-development/tonopah-mixed-use-development-rezoning/
arizona-land-consulting-camelback-creek-tonopah-az,Camelback Creek,Arizona Land Consulting,data_center,proposed,,reported,Tonopah,Maricopa,AZ,33.509,-112.962,,,,,2026-09-10,https://www.compute-atlas.com/facilities/arizona-land-consulting-camelback-creek-tonopah-az,1,https://azbex.com/planning-development/320-acre-warehouse-data-center-master-plan-proposed-in-far-west-valley/
arizona-land-consulting-hassayampa-ranch-tonopah-az,Hassayampa Ranch Data Center,Arizona Land Consulting,data_center,proposed,likely,reported,Tonopah,Maricopa,AZ,33.511576,-112.769387,,1500,,2025-12,2026-09-10,https://www.compute-atlas.com/facilities/arizona-land-consulting-hassayampa-ranch-tonopah-az,5,https://www.connectcre.com/stories/25b-data-center-greenlit-near-buckeye/
ark-data-centers-akron-i-summit-county-oh,Ark Data Centers Akron I (fka Involta),Ark Data Centers (formerly Involta),data_center,operational,,confirmed,Akron,Summit,OH,41.057162,-81.521388,1,,,2010-08,2026-07-25,https://www.compute-atlas.com/facilities/ark-data-centers-akron-i-summit-county-oh,6,https://www.involta.com/data-centers/data-center-locations/ohio/akron/
ark-data-centers-akron-ii-summit-county-oh,Ark Data Centers Akron II (fka Involta),Ark Data Centers (formerly Involta),data_center,operational,,confirmed,Akron,Summit,OH,41.057297,-81.521336,1,,,2015,2026-09-21,https://www.compute-atlas.com/facilities/ark-data-centers-akron-ii-summit-county-oh,5,https://www.involta.com/data-centers/data-center-locations/ohio/akron/
ark-data-centers-green-bay-harrison-campus-wi,Ark Data Centers Green Bay (Harrison Campus),"Involta (rebranded Ark Data Centers, May 2024)",data_center,operational,,reported,Harrison,Calumet,WI,44.2044349,-88.3449304,,20,,,2026-07-26,https://www.compute-atlas.com/facilities/ark-data-centers-green-bay-harrison-campus-wi,3,https://www.arkdna.com/data-centers/wisconsin/
ark-data-centers-independence-cuyahoga-county-oh,Ark Data Centers Independence (fka Involta),Ark Data Centers (formerly Involta),data_center,operational,,confirmed,Independence,Cuyahoga,OH,41.360599,-81.632511,,,,2016-05,2026-07-25,https://www.compute-atlas.com/facilities/ark-data-centers-independence-cuyahoga-county-oh,6,https://www.datacenterdynamics.com/en/news/involta-expands-data-center-in-independence-ohio/
ark-data-centers-marion-ia,Ark Data Centers Marion (Cedar Rapids),Ark Data Centers (formerly Involta),data_center,operational,,confirmed,Marion,Linn,IA,42.0341,-91.5871,0.81,,,,2026-08-08,https://www.compute-atlas.com/facilities/ark-data-centers-marion-ia,1,https://www.arkdna.com/data-centers/iowa/
armory-innovation-district-st-louis-mo,Armory Innovation District Data Center,"Contour / TerraWatt (with Steadfast City, THO Investments, ARCO, Lewis Rice)",data_center,permitted,,reported,St. Louis,,MO,38.636,-90.237,,120,,,2026-09-21,https://www.compute-atlas.com/facilities/armory-innovation-district-st-louis-mo,2,https://www.stlmag.com/news/midtown-data-center-armory-board-of-public-service/
armstrong-power-south-bend-township-armstrong-county-pa,Armstrong Power Natural Gas Plant,"Armstrong Power, LLC (NRG Energy)",power_generation,operational,,reported,South Bend Township,Armstrong,PA,40.667,-79.417,688,,,,2026-09-04,https://www.compute-atlas.com/facilities/armstrong-power-south-bend-township-armstrong-county-pa,2,http://paenvironmentdaily.blogspot.com/2026/04/dep-invites-comments-on-title-v-air.html
artemis-power-tech-wolfe-ky,Artemis Power Tech Wolfe County Data Center,Artemis Power Tech,crypto_mining,cancelled,,reported,,Wolfe,KY,37.7074,-83.7256,,,,,2026-09-22,https://www.compute-atlas.com/facilities/artemis-power-tech-wolfe-ky,2,https://lexingtonky.news/2023/10/10/in-a-rural-kentucky-community-the-roar-of-a-suspected-crypto-mine-never-ends/
artemis-technologies-cave-city-ar,Artemis Technologies Cave City Bitcoin Data Center,Artemis Technologies,crypto_mining,under_construction,,reported,Cave City,Sharp,AR,35.94806,-91.55083,,,,2025,2026-09-21,https://www.compute-atlas.com/facilities/artemis-technologies-cave-city-ar,2,https://katv.com/news/local/cave-city-citizens-push-back-on-cryptomine-being-built-in-their-town-meeting-dumb-kids-locals-artemis-technologies-arkansas-blockchain-council-power-requirements-bitcoin
ashville-energy-center-pickaway-oh,Ashville Energy Center,EdgeConneX (PowerConneX),power_generation,proposed,,reported,,Pickaway,OH,39.71833,-82.94833,,800,EdgeConneX,,2026-08-27,https://www.compute-atlas.com/facilities/ashville-energy-center-pickaway-oh,1,https://www.farmanddairy.com/news/opsb-schedules-local-hearings-for-2-proposed-natural-gas-plants-to-power-data-centers/922034.html
aspen-creek-digital-olathe-co,Aspen Creek Digital — Olathe Solar Bitcoin Mine,Aspen Creek Digital Corporation,crypto_mining,operational,,reported,Olathe,Montrose,CO,38.5986,-107.973,6,,,2022-06,2026-08-26,https://www.compute-atlas.com/facilities/aspen-creek-digital-olathe-co,1,https://www.gem.wiki/Aspen_Creek_Digital_Corporation_Montrose_County_facility
atlantic-power-nest-cogen-kenilworth-nj,NEST Campus Cogeneration Plant,Atlantic Power,power_generation,operational,,confirmed,Kenilworth,Union,NJ,40.67905,-74.27169,25,,CoreWeave,,2026-09-12,https://www.compute-atlas.com/facilities/atlantic-power-nest-cogen-kenilworth-nj,3,https://heatmap.news/technology/coreweave-natural-gas
atlas-agro-richland-data-center-campus-wa,Atlas Agro Richland Data Center Campus,Atlas Agro North America,data_center,proposed,,reported,Richland,Benton,WA,46.36,-119.325,,320,,2025-09-22,2026-09-10,https://www.compute-atlas.com/facilities/atlas-agro-richland-data-center-campus-wa,3,https://www.tricitiesbusinessnews.com/articles/richland-oks-option-agreement-for-atlas-agro-data-center
atlas-capital-bloomfield-ct,Atlas Capital Group Data Center (132 Griffin Road North),Atlas Capital Group,data_center,proposed,,reported,Bloomfield,Hartford,CT,41.8843905,-72.7389957,,,,2025-06,2026-09-30,https://www.compute-atlas.com/facilities/atlas-capital-bloomfield-ct,3,https://www.bloomfieldct.gov/CivicAlerts.aspx?AID=201
atlas-compute-ai-data-center-campus-fort-pierce-fl,Atlas Compute AI Data Center Campus,Atlas Compute (infrastructure by Penguin Solutions),data_center,proposed,,confirmed,Fort Pierce,St. Lucie,FL,27.44,-80.33,,240,,,2026-09-14,https://www.compute-atlas.com/facilities/atlas-compute-ai-data-center-campus-fort-pierce-fl,4,https://www.globenewswire.com/news-release/2025/11/06/3182873/0/en/Atlas-Compute-Secures-Land-and-Utilities-for-240-MW-AI-Data-Center-Campus-in-Central-Florida-with-1-GW-Expansion-Capacity.html
atlas-coosa-project-gracie-floyd-ga,Coosa Data Center (Project Gracie),Atlas Development LLC,data_center,permitted,,reported,Rome,Floyd,GA,34.257,-85.1647,,,,,2026-08-28,https://www.compute-atlas.com/facilities/atlas-coosa-project-gracie-floyd-ga,2,https://www.northwestgeorgianews.com/rome/news/local/county-commission-approves-coosa-data-center-request/article_a6062a6a-e6f2-4302-818d-83ee2bb09bf9.html
atlas-power-butte-mt,Atlas Power Butte Data Center,Atlas Power,crypto_mining,operational,,reported,Butte,Silver Bow,MT,45.930855,-112.518238,,300,,2018,2026-08-16,https://www.compute-atlas.com/facilities/atlas-power-butte-mt,5,https://www.datacenterdynamics.com/en/news/northwestern-energy-to-supply-atlas-power-with-75mw-of-energy-to-power-montana-data-center/
atlas-power-williston-nd,Atlas Power Data Center (Williston),Atlas Power,crypto_mining,operational,,confirmed,Williston,Williams,ND,48.147,-103.618,240,700,,2022,2026-08-05,https://www.compute-atlas.com/facilities/atlas-power-williston-nd,3,https://baxtel.com/data-center/atlas-power-williston-north-dakota
atlas-project-bus-temple-ga,Project Bus (Atlas Development Temple Data Center Campus),Atlas Development LLC,data_center,proposed,,reported,Temple,Carroll,GA,33.7376,-85.0327,,,,2026-01-26,2026-09-10,https://www.compute-atlas.com/facilities/atlas-project-bus-temple-ga,3,https://www.times-georgian.com/news/local/data-center-proposed-for-temple/article_843207fd-622f-5c76-b5b9-0a999e07bff5.html
atlas-project-sassy-rome-ga,Project Sassy (Atlas Development Rome Campus),Atlas Development LLC,data_center,proposed,,reported,Rome,Floyd,GA,34.257,-85.1647,,,,2025-01,2026-08-28,https://www.compute-atlas.com/facilities/atlas-project-sassy-rome-ga,1,https://www.bisnow.com/atlanta/news/data-center/developer-pitches-24m-sf-georgia-data-center-campus-129233
atlas-project-springbank-adairsville-ga,Project Springbank (Atlas Development Bartow County Campus),Atlas Development LLC,data_center,cancelled,,confirmed,Adairsville,Bartow,GA,34.30926,-84.96325,,432,,2025-02,2026-09-30,https://www.compute-atlas.com/facilities/atlas-project-springbank-adairsville-ga,10,https://www.northwestgeorgianews.com/rome/news/local/new-data-center-proposal-in-bartow-would-require-as-much-power-as-324k-homes/article_05152f0c-ee11-11ef-9470-5b8da755f367.html
atlas-stiles-road-cartersville-ga,Atlas Development Stiles Road Data Center (Euharlee Road),Atlas Development LLC,data_center,cancelled,,confirmed,Cartersville,Bartow,GA,34.1354,-84.89,,,,,2026-09-30,https://www.compute-atlas.com/facilities/atlas-stiles-road-cartersville-ga,4,https://www.daily-tribune.com/news/december-hearing-set-for-possible-data-center/article_a52add52-b5b3-58f9-b4b0-3aea7d7552f1.html
atmosphere-dickerson-montgomery-md,Dickerson Data Center,Atmosphere Data Centers,data_center,proposed,,reported,Dickerson,Montgomery,MD,39.2117,-77.4736,,360,,,2026-09-21,https://www.compute-atlas.com/facilities/atmosphere-dickerson-montgomery-md,1,https://natureforward.org/dickerson-data-center-montgomery-county-md-data-center-series-pt-5/
atomic-data-minneapolis-central-mn,Atomic Data Minneapolis Central (MSP250),Atomic Data LLC,data_center,operational,,confirmed,Minneapolis,Hennepin,MN,44.9808119,-93.2673888,,,,,2026-09-18,https://www.compute-atlas.com/facilities/atomic-data-minneapolis-central-mn,3,https://www.atomicdata.com/infrastructure/
att-redwood-city-ca,AT&T Redwood City Data Center,AT&T,data_center,operational,,confirmed,Redwood City,San Mateo,CA,37.4806769,-122.2007195,4,,,,2026-09-12,https://www.compute-atlas.com/facilities/att-redwood-city-ca,1,https://cloudandcolocation.com/datacenters/att-redwood-city-data-center/
atterix-raton-digital-hub-nm,Atterix Raton Advanced Digital Hub,Atterix LLC,data_center,proposed,likely,reported,Raton,Colfax,NM,36.9033,-104.4392,,50,,2026-02,2026-09-03,https://www.compute-atlas.com/facilities/atterix-raton-digital-hub-nm,3,https://www.santafenewmexican.com/news/business/ai-data-center-proposal-in-raton-draws-opposition/article_605c80c8-0a7f-4726-b790-3e2d96f882ed.html
aunalytics-kalamazoo-mi,Aunalytics Kalamazoo Datacenter,Aunalytics,data_center,operational,,reported,Kalamazoo,Kalamazoo,MI,42.246545,-85.675111,,,,,2026-09-14,https://www.compute-atlas.com/facilities/aunalytics-kalamazoo-mi,3,https://www.peeringdb.com/fac/5363
aureon-616-des-moines-ia,Aureon 616 Data Center,Aureon,data_center,operational,,confirmed,Des Moines,Polk,IA,41.5880038,-93.6310193,,,,,2026-09-21,https://www.compute-atlas.com/facilities/aureon-616-des-moines-ia,2,https://aureon.com/solutions/data-center-solutions/
avaio-appomattox-va,AVAIO Appomattox Data Center Campus,AVAIO Digital Partners,data_center,permitted,,reported,Appomattox,Appomattox,VA,37.43,-78.8,,300,,2024-12-10,2026-08-27,https://www.compute-atlas.com/facilities/avaio-appomattox-va,3,https://virginiabusiness.com/developer-plans-3b-data-center-in-appomattox-county/
avaio-digital-leo-little-rock-ar,AVAIO Digital Leo Campus,AVAIO Digital Partners,data_center,proposed,confirmed,confirmed,,Pulaski,AR,34.68,-92.296,,1000,,2026-01,2026-09-29,https://www.compute-atlas.com/facilities/avaio-digital-leo-little-rock-ar,7,https://www.arkansasedc.com/news-events/newsroom/detail/2026/01/12/avaio-digital-announces-new-large-scale-ai-ready-data-center-and-power-campus-in-little-rock--arkansas
avaio-perseus-pittsburg-ca,AVAIO Digital Perseus,AVAIO Digital Partners,data_center,permitted,likely,confirmed,Pittsburg,Contra Costa,CA,38.011358,-121.91098,,99,,2024-12,2026-09-21,https://www.compute-atlas.com/facilities/avaio-perseus-pittsburg-ca,6,https://www.avaiodigital.com/developments/pittsburg-california
avaio-taurus-brandon-ms,AVAIO Digital Taurus,AVAIO Digital Partners,data_center,under_construction,confirmed,confirmed,Brandon,Rankin,MS,32.27,-89.99,,116,,2025,2026-09-22,https://www.compute-atlas.com/facilities/avaio-taurus-brandon-ms,7,https://www.prnewswire.com/news-releases/avaio-digital-to-build-new-ai-ready-6-billion-data-center-hub-in-brandon-mississippi-302533141.html
aventus-715-marshfield-wi,Aventus 715 Data Center,Aventus Data Centers,data_center,operational,,confirmed,Marshfield,Wood,WI,44.632178,-90.1734887,,,,,2026-09-13,https://www.compute-atlas.com/facilities/aventus-715-marshfield-wi,3,https://aventusdatacenters.com/aventus-715/
aventus-lakes-milwaukee-wi,Aventus Lakes Data Center,Aventus Data Centers,data_center,operational,,confirmed,Milwaukee,Milwaukee,WI,43.1513247,-88.009665,,,,,2026-09-13,https://www.compute-atlas.com/facilities/aventus-lakes-milwaukee-wi,3,https://aventusdatacenters.com/aventus-lakes/
aws-2550-beech-road-new-albany-oh,AWS New Albany (2550 Beech Road),Amazon Web Services,data_center,operational,,reported,New Albany,Licking,OH,40.094442,-82.750086,,,,,2026-07-18,https://www.compute-atlas.com/facilities/aws-2550-beech-road-new-albany-oh,3,https://gis.lickingcounty.gov/server/rest/services/Auditor/Parcels/FeatureServer/0/query?where=Parcel%3D'095-111744-00.000'&outFields=*&returnCentroid=true&outSR=4326&f=json
aws-3180-beech-road-new-albany-oh,AWS New Albany (3180 Beech Road),Amazon Web Services,data_center,operational,likely,reported,New Albany,Licking,OH,40.104129,-82.750939,,,,,2026-07-24,https://www.compute-atlas.com/facilities/aws-3180-beech-road-new-albany-oh,4,https://gis.lickingcounty.gov/server/rest/services/Auditor/Parcels/FeatureServer/0/query?where=Parcel%3D'095-111618-04.000'&outFields=*&returnCentroid=true&outSR=4326&f=json
aws-arlington-gilliam-or,AWS Arlington Data Center Campus,Amazon Web Services,data_center,proposed,,confirmed,Arlington,Gilliam,OR,45.7168,-120.20088,,,,,2026-09-17,https://www.compute-atlas.com/facilities/aws-arlington-gilliam-or,3,https://bendbulletin.com/2025/02/16/amazon-plans-major-data-center-expansion-in-tiny-eastern-oregon-town/
aws-beech-road-new-albany-oh,AWS New Albany (Beech/Miller Road Campus),Amazon Web Services,data_center,under_construction,,reported,New Albany,Licking,OH,40.11593,-82.75731,,,,2023-09,2026-08-08,https://www.compute-atlas.com/facilities/aws-beech-road-new-albany-oh,4,https://gis.lickingcounty.gov/server/rest/services/Auditor/Parcels/FeatureServer/0/query?where=UPPER(OwnerName)+LIKE+'%25AMAZON%25'&outFields=*&returnCentroid=true&outSR=4326&f=json
aws-benton-bossier-parish-la,Amazon Web Services Bossier Parish Campus (Benton),Amazon Web Services,data_center,under_construction,mixed_use,confirmed,Benton,Bossier,LA,32.77,-93.74,,,,2026-02,2026-08-27,https://www.compute-atlas.com/facilities/aws-benton-bossier-parish-la,2,https://www.opportunitylouisiana.gov/news/amazon-selects-louisiana-for-12-billion-data-center-campuses-in-major-u-s-expansion
aws-birchwood-data-campus-king-george-va,Birchwood Data Campus,Amazon Web Services,data_center,permitted,,confirmed,King George,King George,VA,38.25934134516552,-77.32191549954541,,,,,2026-07-26,https://www.compute-atlas.com/facilities/aws-birchwood-data-campus-king-george-va,1,https://www.datacenterdynamics.com/en/news/virginias-king-george-county-approves-land-rezoning-for-aws-data-campus/
aws-blanchard-caddo-parish-la,Amazon Web Services Caddo Parish Campus (Blanchard),Amazon Web Services,data_center,under_construction,mixed_use,confirmed,Blanchard,Caddo,LA,32.6,-94.04,,,,2026-02,2026-08-27,https://www.compute-atlas.com/facilities/aws-blanchard-caddo-parish-la,2,https://www.opportunitylouisiana.gov/news/amazon-selects-louisiana-for-12-billion-data-center-campuses-in-major-u-s-expansion
aws-boardman-bombing-range-road-or,AWS Boardman — Bombing Range Road Campus (PDX-178),Amazon Web Services,data_center,operational,,reported,Boardman,Morrow,OR,45.8193,-119.6342,,,,,2026-09-17,https://www.compute-atlas.com/facilities/aws-boardman-bombing-range-road-or,5,https://baxtel.com/news/aws-expanding-presence-in-oregon-with-four-more-data-centers-in-morrow-county
aws-boardman-lewis-clark-west-or,AWS Boardman — Lewis and Clark Drive West Campus (PDX1),Amazon Web Services,data_center,operational,,reported,Boardman,Morrow,OR,45.8523,-119.6302,,,,,2026-09-17,https://www.compute-atlas.com/facilities/aws-boardman-lewis-clark-west-or,7,https://www.openstreetmap.org/way/460070147
aws-boardman-morrow-county-or,Amazon Boardman Exascale Data Center Campus,Amazon Web Services,data_center,proposed,likely,reported,Boardman,Morrow,OR,45.84,-119.702,,1000,,2026-03,2026-07-26,https://www.compute-atlas.com/facilities/aws-boardman-morrow-county-or,5,https://www.datacenterdynamics.com/en/news/amazon-purchases-1300-acres-in-morrow-county-oregon/
aws-boardman-rippee-road-or,AWS Boardman — Rippee Road Campus (PDX4),Amazon Web Services,data_center,operational,,reported,Boardman,Morrow,OR,45.8408,-119.654,,,,,2026-09-17,https://www.compute-atlas.com/facilities/aws-boardman-rippee-road-or,5,https://www.openstreetmap.org/way/460070144
aws-butts-county-ga,AWS Butts County Data Center Campus,Amazon Web Services,data_center,proposed,likely,confirmed,Jackson,Butts,GA,33.2946,-83.9663,,,,2025-01-07,2026-08-28,https://www.compute-atlas.com/facilities/aws-butts-county-ga,2,https://www.aboutamazon.com/news/aws/aws-investment-georgia-ai-cloud-infrastructure
aws-calvert-cliffs-md,AWS Calvert County Data Center Campus,Amazon Web Services,data_center,cancelled,mixed_use,reported,Lusby,Calvert,MD,38.437,-76.443,,,,2026-03,2026-09-10,https://www.compute-atlas.com/facilities/aws-calvert-cliffs-md,8,https://www.datacenterdynamics.com/en/news/aws-proposes-data-center-campus-next-to-nuclear-plant-in-calvert-county-maryland/
aws-carters-store-tech-campus-spotsylvania-va,Carter's Store Tech Campus,Amazon Web Services,data_center,permitted,,reported,Spotsylvania,Spotsylvania,VA,38.1911,-77.4687,,,,2023-06,2026-07-26,https://www.compute-atlas.com/facilities/aws-carters-store-tech-campus-spotsylvania-va,5,https://www.datacenterfrontier.com/cloud/article/33006046/amazon-plans-major-data-center-expansion-in-virginias-spotsylvania-county
aws-clinton-hinds-ms,AWS Clinton Data Center,Amazon Web Services,data_center,under_construction,likely,confirmed,Clinton,Hinds,MS,32.3415,-90.3218,,,,2026,2026-09-14,https://www.compute-atlas.com/facilities/aws-clinton-hinds-ms,7,https://www.aboutamazon.com/news/company-news/amazon-25-billion-mississippi-data-centers
aws-cosgray-hilliard-oh,AWS Cosgray Road Campus,Amazon Web Services,data_center,operational,,reported,Hilliard,Franklin,OH,40.04946,-83.1761,,,,,2026-09-09,https://www.compute-atlas.com/facilities/aws-cosgray-hilliard-oh,5,https://www.datacenterdynamics.com/en/news/aws-planning-third-data-center-campus-in-hilliard-ohio/
aws-cosner-technology-campus-massaponax-va,Cosner Technology Campus,Amazon Web Services,data_center,under_construction,,confirmed,Massaponax,Spotsylvania,VA,38.204738259414135,-77.47623258858057,,,,2023-06,2026-08-26,https://www.compute-atlas.com/facilities/aws-cosner-technology-campus-massaponax-va,7,https://www.datacenterdynamics.com/en/news/10m-sq-ft-amazon-files-for-four-data-center-campuses-in-virginias-spotsylvania-and-caroline-counties/
aws-costas-ridgeland-ms,AWS Costas Property Campus (Ridgeland),Amazon Web Services,data_center,under_construction,confirmed,reported,Ridgeland,Madison,MS,32.400198,-90.1818699,,,,2024,2026-09-10,https://www.compute-atlas.com/facilities/aws-costas-ridgeland-ms,2,https://magnoliatribune.com/?p=118379
aws-crosby-court-franklin-county-oh,AWS Crosby Court Campus,Amazon Web Services,data_center,operational,likely,reported,Plain City,Franklin,OH,40.10187,-83.198633,,,,,2026-07-24,https://www.compute-atlas.com/facilities/aws-crosby-court-franklin-county-oh,4,"https://gis.franklincountyohio.gov/hosting/rest/services/ParcelFeatures/Parcel_Features/FeatureServer/0/query?where=PARCELID%3D'275-000010'&outFields=PARCELID,SITEADDRESS,OWNERNME1,CLASSDSCRP,BLDGAREA,ACRES&returnCentroid=true&outSR=4326&f=json"
aws-cumulus-salem-township-pa,"AWS Cumulus Data Center Campus, Salem Township",Amazon Web Services,data_center,under_construction,confirmed,confirmed,Salem Township,Luzerne,PA,41.0949,-76.1452,48,960,,2021-07,2026-09-12,https://www.compute-atlas.com/facilities/aws-cumulus-salem-township-pa,7,https://www.datacenterdynamics.com/en/news/aws-acquires-talens-nuclear-data-center-campus-in-pennsylvania/
aws-falls-township-pa,"Amazon Web Services Innovation Campus, Falls Township",Amazon Web Services,data_center,under_construction,confirmed,confirmed,Falls Township,Bucks,PA,40.1545,-74.7882,,,,2025-06,2026-07-23,https://www.compute-atlas.com/facilities/aws-falls-township-pa,3,https://www.fallstwp.com/resources/news/article/?id=10070
aws-galaxy-sidney-oh,"AWS Project Galaxy — Sidney, OH",Amazon Web Services,data_center,under_construction,likely,reported,Sidney,Shelby,OH,40.29,-84.16,,1500,,2025,2026-07-07,https://www.compute-atlas.com/facilities/aws-galaxy-sidney-oh,5,https://www.datacenterdynamics.com/en/news/amazon-secures-tax-break-for-3bn-data-center-campus-in-sidney-ohio/
aws-grafton-ma,Amazon Data Services Grafton,Amazon Data Services,data_center,proposed,,reported,Grafton,Worcester,MA,42.25013,-71.68772,,,,2022-11,2026-09-15,https://www.compute-atlas.com/facilities/aws-grafton-ma,3,https://baxtel.com/news/amazon-buys-two-data-centers-in-massachusetts-for-26-7m
aws-green-new-florence-mo,AWS Project Green Campus,Amazon Web Services,data_center,under_construction,likely,confirmed,New Florence,Montgomery,MO,38.852,-91.52,,,,2026,2026-07-07,https://www.compute-atlas.com/facilities/aws-green-new-florence-mo,7,https://www.komu.com/news/midmissourinews/amazon-missouri-officials-announce-10b-montgomery-county-data-center-plan/article_cb50e268-0d98-48e6-9c0a-3dc1978aa2c5.html
aws-hayden-run-hilliard-oh,AWS Hayden Run Campus,Amazon Web Services,data_center,operational,likely,reported,Hilliard,Franklin,OH,40.059949,-83.134305,,,,2015,2026-07-24,https://www.compute-atlas.com/facilities/aws-hayden-run-hilliard-oh,4,"https://gis.franklincountyohio.gov/hosting/rest/services/ParcelFeatures/Parcel_Features/FeatureServer/0/query?where=PARCELID%3D'050-011444'&outFields=PARCELID,SITEADDRESS,OWNERNME1,CLASSDSCRP,BLDGAREA,ACRES&returnCentroid=true&outSR=4326&f=json"
aws-hermiston-or,AWS Hermiston Data Center Campuses,Amazon Web Services,data_center,operational,,confirmed,Hermiston,Umatilla,OR,45.84041,-119.28946,,,,,2026-08-15,https://www.compute-atlas.com/facilities/aws-hermiston-or,5,https://www.opb.org/article/2026/07/22/data-center-eastern-oregon-air-quality-umatilla-basin/
aws-hobart-in,AWS Hobart Campus,Amazon Web Services,data_center,under_construction,confirmed,confirmed,Hobart,Lake,IN,41.517,-87.263,,2400,,2025-11-24,2026-08-16,https://www.compute-atlas.com/facilities/aws-hobart-in,8,https://www.datacenterdynamics.com/en/news/aws-data-center-coming-to-hobart-indiana/
aws-industrial-parkway-jerome-township-oh,AWS Industrial Parkway Campus (Jerome Township),Amazon Web Services,data_center,operational,likely,reported,Plain City,Union,OH,40.134553,-83.212394,,,,,2026-07-24,https://www.compute-atlas.com/facilities/aws-industrial-parkway-jerome-township-oh,5,"https://www7.co.union.oh.us/unioncountyohio/rest/services/ParcelAllSaleinfoBuildingInfo/MapServer/1/query?where=ParcelNo%3D'1500220390010'&outFields=ParcelNo,DeedOwner,Address,city,township,Acreage,classDescription,yearBuilt,TotalBuildingArea,AppraisedBuildValue&f=json"
aws-jefferson-township-fayette-oh,AWS Fayette County (Jefferson Township),Amazon Web Services,data_center,under_construction,likely,confirmed,Jeffersonville,Fayette,OH,39.6534,-83.5677,,,,2024-12,2026-08-05,https://www.compute-atlas.com/facilities/aws-jefferson-township-fayette-oh,2,https://columbusconstruction.org/amazon-web-services-to-build-new-datacenter-campus-in-fayette-county/
aws-kline-township-schuylkill-pa,AWS Kline Township Data Center Campus,Amazon Web Services,data_center,proposed,,reported,Kline Township,Schuylkill,PA,40.8699957,-76.0215859,,,,,2026-09-12,https://www.compute-atlas.com/facilities/aws-kline-township-schuylkill-pa,2,https://shensentinel.com/news/kline-supervisors-grant-extension-for-consideration-of-amazon-data-center-plans/
aws-lake-anna-technology-campus-louisa-va,Lake Anna Technology Campus (LATC),Amazon Web Services,data_center,under_construction,,confirmed,Louisa,Louisa,VA,38.04763641638,-77.81682351474,,600,,,2026-09-21,https://www.compute-atlas.com/facilities/aws-lake-anna-technology-campus-louisa-va,5,https://tammypurcell.substack.com/p/aws-preparing-to-start-work-at-lake
aws-laveen-az,AWS Laveen Data Center Campus,Amazon Web Services,data_center,proposed,mixed_use,reported,Laveen,Maricopa,AZ,33.3727,-112.1669,,,,2024-10,2026-07-25,https://www.compute-atlas.com/facilities/aws-laveen-az,2,https://www.datacenterdynamics.com/en/news/amazon-acquires-220-acres-in-phoenix-arizona-for-possible-data-center/
aws-mattermeade-caroline-va,AWS Mattermeade Tech Campus,Amazon Web Services,data_center,proposed,confirmed,confirmed,Bowling Green,Caroline,VA,38.044,-77.3527,,770,,2025,2026-07-25,https://www.compute-atlas.com/facilities/aws-mattermeade-caroline-va,4,https://www.datacenterdynamics.com/en/news/amazon-requests-permit-for-11-building-data-center-campus-in-caroline-county-virginia/
aws-newton-court-new-albany-oh,AWS New Albany (Newton Court),Amazon Web Services,data_center,operational,likely,reported,New Albany,Licking,OH,40.093702,-82.72994,,,,,2026-07-24,https://www.compute-atlas.com/facilities/aws-newton-court-new-albany-oh,3,https://gis.lickingcounty.gov/server/rest/services/Auditor/Parcels/FeatureServer/0/query?where=Parcel%3D'095-112074-00.000'&outFields=*&returnCentroid=true&outSR=4326&f=json
aws-north-creek-technology-campus-louisa-va,North Creek Technology Campus (NCTC),Amazon Web Services,data_center,proposed,,reported,Louisa,Louisa,VA,37.999666431819,-77.967415971191,,3000,,2024-11,2026-09-10,https://www.compute-atlas.com/facilities/aws-north-creek-technology-campus-louisa-va,4,https://tammypurcell.substack.com/p/aws-preparing-to-start-work-at-lake
aws-pdx154-boardman-airport-or,AWS PDX 154 (Boardman Airport Campus),Amazon Web Services,data_center,permitted,,reported,Boardman,Morrow,OR,45.81556,-119.81621,,,,,2026-08-15,https://www.compute-atlas.com/facilities/aws-pdx154-boardman-airport-or,1,https://www.tricitiesbusinessnews.com/articles/amazon-plans-another-data-center-southwest-of-tri-cities
aws-portage-in,AWS Portage Data Center (AmeriPlex at the Port),Amazon Web Services,data_center,operational,,rumored,Portage,Porter,IN,41.6090532,-87.170469,,,,2023-12-20,2026-09-14,https://www.compute-atlas.com/facilities/aws-portage-in,1,https://www.insideindianabusiness.com/articles/amazon-building-87m-data-center-in-portage
aws-project-atlas-madison-county-ms,AWS Project Atlas – Madison County Mega Site (Canton),Amazon Web Services,data_center,under_construction,mixed_use,confirmed,Canton,Madison,MS,32.6121,-90.039,,1000,,2024,2026-09-10,https://www.compute-atlas.com/facilities/aws-project-atlas-madison-county-ms,5,https://www.datacenterdynamics.com/en/news/aws-confirmed-as-company-behind-10bn-mississippi-data-center-development/
aws-project-cosmos-marysville-oh,AWS Project Cosmos,Amazon Web Services,data_center,under_construction,mixed_use,confirmed,Marysville,Union,OH,40.237,-83.35,,,,2024-10,2026-07-06,https://www.compute-atlas.com/facilities/aws-project-cosmos-marysville-oh,3,https://www.datacenterdynamics.com/en/news/aws-gets-go-ahead-for-data-center-campus-in-marysville-ohio/
aws-project-eagle-boling-wharton-county-tx,AWS Project Eagle (Wharton County),"Amazon Data Services, Inc.",data_center,proposed,,reported,Boling,Wharton,TX,29.3167,-96.0553,,,,2026-07-09,2026-08-25,https://www.compute-atlas.com/facilities/aws-project-eagle-boling-wharton-county-tx,1,https://usdatacenterprojects.com/texas/aws-files-1-2-billion-permit-for-four-building-data-center-campus-in-wharton-county-texas
aws-project-spectrum-somervell-county-tx,AWS Project Spectrum (Somervell/Hood County),"Amazon Data Services, Inc.",data_center,proposed,,reported,,Somervell,TX,32.2373,-97.7561,,,,2026-02-25,2026-08-25,https://www.compute-atlas.com/facilities/aws-project-spectrum-somervell-county-tx,1,https://constructionreviewonline.com/amazon-to-collocate-5-billion-project-spectrum-data-center-campus-in-texas-with-nuclear-power-plant/
aws-project-steamboat-warren-county-ms,AWS Project Steamboat – Warren County Data Center Campus,Amazon Web Services,data_center,proposed,confirmed,confirmed,Vicksburg,Warren,MS,32.3526,-90.8779,,,,2025-11-20,2026-09-09,https://www.compute-atlas.com/facilities/aws-project-steamboat-warren-county-ms,3,https://www.aboutamazon.com/news/company-news/amazon-3-billion-mississippi-data-center-investment
aws-resilient-technology-park-shreveport-la,Amazon Web Services Shreveport Campus (Resilient Technology Park),Amazon Web Services,data_center,proposed,,reported,Shreveport,Caddo,LA,32.5135356,-93.7477839,,,,2026-08-19,2026-09-15,https://www.compute-atlas.com/facilities/aws-resilient-technology-park-shreveport-la,2,http://thehayride.com/2026/08/amazon-announces-6b-data-center-investment-in-shreveport/
aws-richmond-county-nc,Amazon Web Services Richmond County Data Center Campus,Amazon Web Services,data_center,under_construction,confirmed,confirmed,Rockingham,Richmond,NC,34.9445,-79.775,,,,2025-06,2026-09-24,https://www.compute-atlas.com/facilities/aws-richmond-county-nc,6,https://www.datacenterdynamics.com/en/news/amazon-breaks-ground-on-10bn-data-center-complex-in-richmond-county-north-carolina/
aws-scioto-darby-hilliard-oh,AWS Scioto Darby Campus,Amazon Web Services,data_center,operational,,confirmed,Hilliard,Franklin,OH,40.01895,-83.12439,,,,,2026-07-26,https://www.compute-atlas.com/facilities/aws-scioto-darby-hilliard-oh,4,https://www.datacenterdynamics.com/en/news/aws-planning-third-data-center-campus-in-hilliard-ohio/
aws-sprigg-township-adams-county-oh,AWS Sprigg Township Data Center Campus (Buck Canyon),Amazon Web Services (land held via Buck Canyon Properties),data_center,permitted,,confirmed,Manchester,Adams,OH,38.63778,-83.69306,,1300,,2026-02,2026-09-09,https://www.compute-atlas.com/facilities/aws-sprigg-township-adams-county-oh,4,https://amazon.adamscountyoh.gov/
aws-summit-crossing-tech-campus-spotsylvania-va,Summit Crossing Tech Campus,Amazon Web Services,data_center,under_construction,,confirmed,Massaponax,Spotsylvania,VA,38.18847901989237,-77.44053482811216,,,,2023-06,2026-07-26,https://www.compute-atlas.com/facilities/aws-summit-crossing-tech-campus-spotsylvania-va,4,https://www.datacenterfrontier.com/cloud/article/33006046/amazon-plans-major-data-center-expansion-in-virginias-spotsylvania-county
aws-trenton-madison-st-clair-butler-oh,AWS Trenton / Madison–St. Clair Township Campus,Amazon Web Services,data_center,proposed,,reported,Trenton,Butler,OH,39.4808905,-84.4577222,,,,,2026-09-09,https://www.compute-atlas.com/facilities/aws-trenton-madison-st-clair-butler-oh,1,https://www.wcpo.com/news/local-news/in-your-community/butler-county/townships-move-to-capture-future-data-center-tax-revenue-as-trenton-pursues-annexation
aws-umatilla-city-or,AWS Umatilla Data Center Campus,Amazon Web Services,data_center,operational,,confirmed,Umatilla,Umatilla,OR,45.91735,-119.34252,,,,,2026-08-15,https://www.compute-atlas.com/facilities/aws-umatilla-city-or,4,https://www.opb.org/article/2026/07/22/data-center-eastern-oregon-air-quality-umatilla-basin/
aws-wallula-gap-walla-walla-wa,AWS Wallula Gap Campus,Amazon Web Services,data_center,proposed,confirmed,confirmed,Wallula,Walla Walla,WA,46.0726,-118.9135,,300,,2024-10,2026-09-14,https://www.compute-atlas.com/facilities/aws-wallula-gap-walla-walla-wa,7,https://www.datacenterdynamics.com/en/news/aws-likely-behind-48bn-data-center-in-walla-walla-washington/
aws-warner-road-jerome-township-oh,AWS Warner Road Campus (Jerome Township),Amazon Web Services,data_center,operational,likely,reported,Plain City,Union,OH,40.118607,-83.199984,,,,,2026-07-24,https://www.compute-atlas.com/facilities/aws-warner-road-jerome-township-oh,6,"https://www7.co.union.oh.us/unioncountyohio/rest/services/ParcelAllSaleinfoBuildingInfo/MapServer/1/query?where=ParcelNo%3D'1500300200000'&outFields=ParcelNo,DeedOwner,Address,city,township,Acreage,classDescription,yearBuilt,TotalBuildingArea,AppraisedBuildValue&f=json"
aws-westborough-ma,Amazon Data Services Westborough,Amazon Data Services,data_center,proposed,,reported,Westborough,Worcester,MA,42.28296,-71.58339,,,,2022-11,2026-09-15,https://www.compute-atlas.com/facilities/aws-westborough-ma,3,https://baxtel.com/news/amazon-buys-two-data-centers-in-massachusetts-for-26-7m
aws-wheatfield-in,AWS Wheatfield Campus (Project Rise),Amazon Web Services,data_center,permitted,likely,confirmed,Wheatfield,Jasper,IN,41.1955,-87.0586,,,,2026-06-03,2026-07-25,https://www.compute-atlas.com/facilities/aws-wheatfield-in,5,https://www.datacenterdynamics.com/en/news/amazon-plans-nine-building-data-center-campus-in-wheatfield-indiana/
aws-wilmington-clinton-oh,AWS Wilmington Data Center Campus,Amazon Web Services,data_center,proposed,,confirmed,Wilmington,Clinton,OH,39.4453393,-83.8285375,,,,2025,2026-09-09,https://www.compute-atlas.com/facilities/aws-wilmington-clinton-oh,2,https://www.chooseclintoncountyoh.org/news/data-center-faqs
barrio-energy-tyler-smith-county-tx,Barrio Energy Tyler Data Center (West Erwin Street),Barrio Energy / Barrio Resources LLC (with Vulcan Core),crypto_mining,proposed,,confirmed,Tyler,Smith,TX,32.351,-95.3127,,12,,2026-06-17,2026-09-21,https://www.compute-atlas.com/facilities/barrio-energy-tyler-smith-county-tx,2,https://tylerpaper.com/2026/06/17/data-center-developer-addresses-concerns-about-proposed-bitcoin-mining-facility-planned-for-downtown-tyler/
bayou-galion-solar-morehouse-parish-la,Bayou Galion Solar,Recurrent Energy,power_generation,operational,,confirmed,,Morehouse,LA,32.79754,-91.78413,127,,,,2026-09-15,https://www.compute-atlas.com/facilities/bayou-galion-solar-morehouse-parish-la,3,https://recurrentenergy.com/project/bayou-galion-solar/
beacon-calvert-al,Calvert Infrastructure Hub,Beacon Data Centers,data_center,proposed,likely,confirmed,Calvert,Mobile,AL,31.1551748,-88.0099997,,,,,2026-09-28,https://www.compute-atlas.com/facilities/beacon-calvert-al,4,https://beacondatacenters.com/campuses/calvert/
beacon-golden-valley-ca,Golden Valley Technology Hub,Beacon Data Centers (w/ California Resources Corp),data_center,proposed,,reported,Elk Hills,Kern,CA,35.36,-119.55,,275,,,2026-09-29,https://www.compute-atlas.com/facilities/beacon-golden-valley-ca,6,https://www.datacenterdynamics.com/en/news/canadas-beacon-dc-targets-275mw-data-center-campus-on-california-oil-field/
beacon-westline-dove-creek-san-angelo-tx,Westline Site / Dove Creek Technology Campus,Beacon Data Centers (via Westline TX Holdings),data_center,proposed,,reported,"San Angelo (Tankersley area, unincorporated)",Tom Green,TX,31.335,-100.478,,,,,2026-09-21,https://www.compute-atlas.com/facilities/beacon-westline-dove-creek-san-angelo-tx,4,https://conchoobserver.com/data-center-permits-detail-proposed-air-quality-footprint/
beale-gardner-johnson-county-ks,Beale Infrastructure Gardner Campus,Beale Infrastructure,data_center,proposed,likely,reported,Gardner,Johnson,KS,38.81,-94.93,,,,,2026-07-26,https://www.compute-atlas.com/facilities/beale-gardner-johnson-county-ks,2,https://bealeinfra.com/gardner-kansas/
beale-project-atlas-coweta-ok,Project Atlas (Coweta) — withdrawn,Beale Infrastructure,data_center,cancelled,,reported,Coweta,Wagoner,OK,35.9526,-95.6483,,,,,2026-08-19,https://www.compute-atlas.com/facilities/beale-project-atlas-coweta-ok,2,https://infrathesis.substack.com/p/oklahoma-is-walling-off-data-centers
beale-project-blue-pima-county-az,Project Blue,Beale Infrastructure,data_center,under_construction,likely,confirmed,,Pima,AZ,32.1,-110.75,,600,,,2026-09-23,https://www.compute-atlas.com/facilities/beale-project-blue-pima-county-az,7,https://azluminaria.org/2025/10/01/pima-county-nda-confirms-amazon-is-behind-project-blue-data-center/
beale-project-clydesdale-tulsa-county-ok,Project Clydesdale,Beale Infrastructure,data_center,under_construction,likely,confirmed,Owasso,Tulsa,OK,36.28,-95.83,,,,,2026-09-10,https://www.compute-atlas.com/facilities/beale-project-clydesdale-tulsa-county-ok,2,https://constructionreviewonline.com/project-clydesdale-1-billion-data-center-in-tulsa-breaks-ground/
beale-project-mustang-claremore-ok,Project Mustang,Beale Infrastructure,data_center,proposed,,reported,Claremore,Rogers,OK,36.31,-95.62,,,,,2026-09-21,https://www.compute-atlas.com/facilities/beale-project-mustang-claremore-ok,2,https://baxtel.com/data-center/beale-project-mustang
beale-project-pilot-de-soto-ks,Beale Project Pilot (De Soto),Beale Infrastructure,data_center,under_construction,likely,confirmed,De Soto,Johnson,KS,38.966,-94.967,,,,2025-08,2026-07-06,https://www.compute-atlas.com/facilities/beale-project-pilot-de-soto-ks,2,https://johnsoncountypost.com/2025/08/26/de-soto-advances-3-1-billion-data-center-project-near-panasonic-plant-267209/
beaver-valley-power-station-beaver-county-pa,Beaver Valley Power Station,Vistra,power_generation,operational,,confirmed,Shippingport,Beaver,PA,40.62333,-80.43056,1872,2012,Meta,2026-01-09,2026-08-04,https://www.compute-atlas.com/facilities/beaver-valley-power-station-beaver-county-pa,4,https://www.prnewswire.com/news-releases/vistra-and-meta-announce-agreements-to-support-nuclear-plants-in-pjm-and-add-new-nuclear-generation-to-the-grid-302656941.html
behring-415-20th-street-oakland-ca,Behring 415 20th Street Data Center (former LBNL supercomputing building),Behring Companies,data_center,proposed,,confirmed,Oakland,Alameda,CA,37.8086782,-122.267477,,20,,2026-08,2026-09-21,https://www.compute-atlas.com/facilities/behring-415-20th-street-oakland-ca,2,https://www.kqed.org/news/12095308/developer-councilmember-say-proposed-oakland-data-center-isnt-what-you-might-think
bell-works-holmdel-data-center-nj,Bell Works Data Center (101 Crawfords Corner Road),Somerset Development,data_center,proposed,,confirmed,Holmdel,Monmouth,NJ,40.3650934,-74.1674935,,40,,2026-07-24,2026-09-14,https://www.compute-atlas.com/facilities/bell-works-holmdel-data-center-nj,3,https://patch.com/new-jersey/holmdel-hazlet/data-center-proposed-bell-works-see-details
beltline-luther-horizon-technology-park-ok,Luther Horizon Technology Park,Beltline Energy,data_center,proposed,,reported,Luther,Oklahoma,OK,35.6612,-97.1961,,,,,2026-08-19,https://www.compute-atlas.com/facilities/beltline-luther-horizon-technology-park-ok,2,https://lutherhorizontechnologypark.com/
beltline-oklahoma-city-frisco-road-ok,Beltline Energy Oklahoma City Campus,Beltline Energy,data_center,proposed,,reported,Oklahoma City,Oklahoma,OK,35.49,-97.795,,1000,,,2026-09-14,https://www.compute-atlas.com/facilities/beltline-oklahoma-city-frisco-road-ok,2,https://www.okenergytoday.com/2026/01/data-center-wins-rezoning-approval-from-okc-planning-board/
beltline-piedmont-kingfisher-county-ok,Beltline Energy Piedmont Site,Beltline Energy,data_center,proposed,,reported,Piedmont,Kingfisher,OK,35.74394,-97.81183,,1200,,,2026-09-14,https://www.compute-atlas.com/facilities/beltline-piedmont-kingfisher-county-ok,2,http://www.piedmont-ok.gov/323/Data-Center-Transparency-Portal
bentaus-chadbourn-miller-county-ar,Bentaus Texarkana AI Data Center (Chadbourne Ranch site),Bentaus,data_center,proposed,,reported,,Miller,AR,33.4817907,-93.9640754,,200,,2026-02-03,2026-09-15,https://www.compute-atlas.com/facilities/bentaus-chadbourn-miller-county-ar,4,https://www.texarkanagazette.com/news/2026/aug/15/public-records-reveal-site-of-planned-ai-data/
bermuda-hundred-data-center-chesterfield-va,Bermuda Hundred Data Center (Old Bermuda Hundred Road),Undisclosed (landowner: Washington Single Family Fund3),data_center,proposed,,reported,Chester,Chesterfield,VA,37.33798175,-77.39493747,,,,,2026-07-26,https://www.compute-atlas.com/facilities/bermuda-hundred-data-center-chesterfield-va,6,https://www.wtvr.com/news/local-news/chesterfield-county/proposed-data-center-appeal-denied-june-3-2026
bginusa-york-ne,BginUSA York Data Mining Complex,BginUSA,crypto_mining,permitted,,confirmed,York,York,NE,40.885,-97.593,,,,2022-04,2026-09-10,https://www.compute-atlas.com/facilities/bginusa-york-ne,2,https://www.yorkdevco.com/news-&-media/p/item/42244/york-selected-for-8-million-data-mining-venture
big-allis-solar-clay-ne,Big Allis Solar,Apex Clean Energy,power_generation,proposed,,reported,,Clay,NE,40.3603,-98.1602,,305,,,2026-09-16,https://www.compute-atlas.com/facilities/big-allis-solar-clay-ne,2,https://www.gem.wiki/Big_Allis_Solar
big-digital-energy-10netzero-hood-county-tx,Big Digital Energy–10NetZero Hood County AI Data Center Campus,"Big Digital Energy, Inc. / 10NetZero, Inc. (50/50 joint venture)",data_center,proposed,,confirmed,,Hood,TX,32.44194,-97.76472,17,311,,,2026-09-08,https://www.compute-atlas.com/facilities/big-digital-energy-10netzero-hood-county-tx,2,https://www.globenewswire.com/news-release/2026/07/20/3329715/0/en/Big-Digital-Energy-and-10NetZero-Complete-Acquisition-of-Hood-County-Texas-Site.html
big-elk-solar-washington-ne,Big Elk Solar,Lightsource bp,power_generation,proposed,,confirmed,,Washington,NE,41.475678,-96.29309,,100,,,2026-09-04,https://www.compute-atlas.com/facilities/big-elk-solar-washington-ne,2,https://lightsourcebp.com/project/big-elk-solar/
big-horn-data-hub-hardin-mt,Big Horn Data Hub (Hardin Generating Station),Beowulf Electricity & Data,crypto_mining,cancelled,,confirmed,Hardin,Big Horn,MT,45.765054,-107.598778,,,,2020,2026-08-16,https://www.compute-atlas.com/facilities/big-horn-data-hub-hardin-mt,5,https://www.bozemandailychronicle.com/news/data-center-pulls-out-of-great-falls-group-says-others-charge-ahead/article_b0db80fc-ee47-4dae-ae21-fbebbe76dbcd.html
big-watt-digital-onida-sd,Big Watt Digital Sully Buttes Mining Facility,Big Watt Digital,crypto_mining,operational,,confirmed,Onida,Sully,SD,44.705,-100.3115,30,300,,2022,2026-08-05,https://www.compute-atlas.com/facilities/big-watt-digital-onida-sd,3,https://www.onidawatchman.com/news/article_ce136784-8c57-11ed-a366-7ba7e3d8d91d.html
binary-net-vault-lincoln-ne,Binary Net The Vault Data Center,Binary Net,data_center,operational,mixed_use,reported,Lincoln,Lancaster,NE,40.81209,-96.70226,,,,,2026-09-04,https://www.compute-atlas.com/facilities/binary-net-vault-lincoln-ne,2,https://www.binary.net/lincolndatacenters/
bit-mining-viking-akron-summit-county-oh,BIT Mining / Viking Data Centers — Akron,BIT Mining / Viking Data Centers,crypto_mining,operational,,confirmed,Akron,Summit,OH,41.050056,-81.473621,83,150,,,2026-08-16,https://www.compute-atlas.com/facilities/bit-mining-viking-akron-summit-county-oh,4,https://www.yahoo.com/news/one-chinas-biggest-bitcoin-mining-110157142.html
bitdeer-clarington-oh,Bitdeer Clarington HPC/AI Campus,Bitdeer,data_center,under_construction,likely,confirmed,Clarington,Monroe,OH,39.7748,-80.8731,,570,,,2026-09-09,https://www.compute-atlas.com/facilities/bitdeer-clarington-oh,5,https://ir.bitdeer.com/news-releases/news-release-details/bitdeer-announces-november-2025-production-and-operations-update
bitdeer-knoxville-tn,Bitdeer Knoxville AI Datacenter (5101 S. National Drive),Bitdeer,data_center,under_construction,,reported,Knoxville,Knox,TN,35.941272,-83.836066,,86,,,2026-09-09,https://www.compute-atlas.com/facilities/bitdeer-knoxville-tn,2,https://www.sec.gov/Archives/edgar/data/1899123/000121390026049770/ea0282628-20f_bitdeer.htm
bitdeer-massillon-stark-county-oh,Bitdeer Massillon Facility,Bitdeer,crypto_mining,operational,,confirmed,Massillon,Stark,OH,40.77069,-81.53947,100,221,,,2026-09-21,https://www.compute-atlas.com/facilities/bitdeer-massillon-stark-county-oh,6,https://finance.yahoo.com/markets/crypto/articles/whats-inside-bitdeers-crypto-mining-100138846.html
bitdeer-rockdale-tx,Bitdeer Rockdale Facility,Bitdeer,crypto_mining,operational,,confirmed,Rockdale,Milam,TX,30.6549,-97.0025,170,,,,2026-09-21,https://www.compute-atlas.com/facilities/bitdeer-rockdale-tx,2,https://www.datacentermap.com/usa/texas/austin/bitdeer-rockdale-texas/
bitdeer-shalersville-portage-county-oh,Bitdeer Shalersville Data Center Campus,Bitdeer,data_center,proposed,likely,reported,Shalersville Township,Portage,OH,41.199,-81.245,,750,,,2026-09-21,https://www.compute-atlas.com/facilities/bitdeer-shalersville-portage-county-oh,5,https://www.news5cleveland.com/news/local-news/local-developer-global-tech-firm-plan-major-data-center-project-in-portage-county
bitdeer-wenatchee-pangborn-wa,Bitdeer Wenatchee (Pangborn) Data Center,Bitdeer,data_center,under_construction,,confirmed,East Wenatchee,Douglas,WA,47.413902,-120.209264,,13,,,2026-09-10,https://www.compute-atlas.com/facilities/bitdeer-wenatchee-pangborn-wa,4,https://www.sec.gov/Archives/edgar/data/1899123/000121390026049770/ea0282628-20f_bitdeer.htm
bitdeer-whitetail-creek-trumbull-county-oh,Whitetail Creek Data Center,Bitdeer,data_center,proposed,likely,reported,Niles / Weathersfield Township,Trumbull,OH,41.19,-80.77,,,,,2026-07-24,https://www.compute-atlas.com/facilities/bitdeer-whitetail-creek-trumbull-county-oh,3,https://www.wkbn.com/news/local-news/niles-news/niles-announces-decision-on-proposed-data-center-annexation/
bitfarms-moses-lake-wa,Moses Lake Facility,Bitfarms Ltd. (Keel Infrastructure Corp.),crypto_mining,under_construction,likely,confirmed,Moses Lake,Grant,WA,47.1301,-119.2781,18,,,2021-11-11,2026-09-10,https://www.compute-atlas.com/facilities/bitfarms-moses-lake-wa,4,https://www.sec.gov/Archives/edgar/data/1812477/000121390021058326/ea150439ex99-1_bitfarms.htm
bitfarms-panther-creek-nesquehoning-pa,Panther Creek Plant,Bitfarms Ltd. (Keel Infrastructure Corp.),crypto_mining,operational,likely,confirmed,Nesquehoning,Carbon,PA,40.8557,-75.828,60,350,,2025-04-02,2026-08-02,https://www.compute-atlas.com/facilities/bitfarms-panther-creek-nesquehoning-pa,3,https://www.sec.gov/Archives/edgar/data/1812477/000121390026037514/ea0282809-10k_bitfarms.htm
bitfarms-scrubgrass-kennerdell-pa,Scrubgrass Generating Plant,Bitfarms Ltd. (Keel Infrastructure Corp.),crypto_mining,operational,,reported,Kennerdell,Venango,PA,41.2306,-79.8517,63,1300,,,2026-08-16,https://www.compute-atlas.com/facilities/bitfarms-scrubgrass-kennerdell-pa,2,https://www.exploreclarion.com/local/2021/06/25/scrubgrass-generating-plant-parent-company-raises-105m-to-power-bitcoin-mining-659916/
bitfarms-sharon-pa,Bitfarms Sharon Facility (former Westinghouse plant),Bitfarms Ltd. (Keel Infrastructure Corp.),crypto_mining,operational,mixed_use,confirmed,Sharon,Mercer,PA,41.2334,-80.497,30,110,,2024-06-13,2026-08-05,https://www.compute-atlas.com/facilities/bitfarms-sharon-pa,3,https://investor.bitfarms.com/news-releases/news-release-details/bitfarms-announces-assumption-control-sharon-pa-site
bitzero-nekoma-nd,Bitzero Nekoma Data Center (Stanley R. Mickelsen Safeguard Complex),Bitzero,crypto_mining,operational,,reported,Nekoma,Cavalier,ND,48.5894194,-98.3567389,2.5,300,,2022-07-25,2026-08-05,https://www.compute-atlas.com/facilities/bitzero-nekoma-nd,3,https://www.governor.nd.gov/news/burgum-bitzero-signs-agreement-acquire-nekoma-pyramid-develop-it-highly-secure-data-center
bitzero-polson-lake-county-mt,Bitzero Polson Data Center (SKQ/Salish-Kootenai Dam),Bitzero,crypto_mining,proposed,,reported,Polson,Lake,MT,47.69,-114.12639,,50,,,2026-09-10,https://www.compute-atlas.com/facilities/bitzero-polson-lake-county-mt,2,https://www.tradeandindustrydev.com/region/montana/news/mt-bitcoin-mining-company-announces-plans-50-30698
blackstone-data-services-bluestone-tazewell-va,Blackstone Data Services — Bluestone Business and Technology Park,Blackstone Data Services,crypto_mining,operational,,reported,,Tazewell,VA,37.26,-81.33,,12,,2022-10-31,2026-08-27,https://www.compute-atlas.com/facilities/blackstone-data-services-bluestone-tazewell-va,2,https://baxtel.com/news/blackstone-data-services-plans-10-12mw-cryptomine-data-center-in-tazewell-county-virginia
blakely-borough-data-center-lackawanna-pa,Blakely Borough Data Center (withdrawn),Undisclosed developer (Blakely rezoning applicant),data_center,cancelled,,reported,Blakely,Lackawanna,PA,41.4809,-75.5946,,,,,2026-09-25,https://www.compute-atlas.com/facilities/blakely-borough-data-center-lackawanna-pa,1,https://fox56.com/news/local/blakely-borough-data-center-plans-scrapped-amid-community-pushback-borough-responds
blockchain-digital-infrastructure-collin-county-tx,BlockchAIn Collin County AI GPU Hosting Site,"BlockchAIn Digital Infrastructure, Inc.",data_center,under_construction,confirmed,reported,,Collin,TX,33.1972,-96.6398,,,,,2026-08-25,https://www.compute-atlas.com/facilities/blockchain-digital-infrastructure-collin-county-tx,1,https://baxtel.com/data-center/blockchain-collin-county-tx
blockchain-digital-infrastructure-reeves-county-tx,BlockchAIn Reeves County AI GPU Hosting Site,"BlockchAIn Digital Infrastructure, Inc.",data_center,proposed,confirmed,reported,,Reeves,TX,31.4229,-103.4933,,,,,2026-08-25,https://www.compute-atlas.com/facilities/blockchain-digital-infrastructure-reeves-county-tx,1,https://baxtel.com/data-center/blockchain-reeves-county-tx
blockchain-digital-infrastructure-wise-county-tx,BlockchAIn Wise County Data Mining Site,"BlockchAIn Digital Infrastructure, Inc.",crypto_mining,under_construction,,reported,,Wise,TX,33.2343,-97.5864,,,,,2026-08-25,https://www.compute-atlas.com/facilities/blockchain-digital-infrastructure-wise-county-tx,1,https://baxtel.com/data-center/blockchain-wise-county-tx
blockchain-power-bens-run-tyler-county-wv,Blockchain Power Corp. Ben's Run Bitcoin Mining Site,Blockchain Power Corp.,crypto_mining,operational,,reported,Bens Run,Tyler,WV,39.4660475,-81.1071441,,,,2025-12-28,2026-09-15,https://www.compute-atlas.com/facilities/blockchain-power-bens-run-tyler-county-wv,3,https://www.salon.com/2025/12/28/data-centers-are-west-virginias-new-strip-mines/
blockchain-power-blacksville-monongalia-county-wv,Blockchain Power Corp. Blacksville Bitcoin Mining Site,Blockchain Power Corp.,crypto_mining,operational,,confirmed,Blacksville,Monongalia,WV,39.7048,-80.1364,,,,,2026-09-10,https://www.compute-atlas.com/facilities/blockchain-power-blacksville-monongalia-county-wv,2,https://www.dominionpost.com/2026/03/11/commission-approves-sizable-tax-exoneration-for-bitcoin-mining-site/
blockchain-power-hazelton-preston-county-wv,Blockchain Power Corp. Hazelton Bitcoin Mining Site,Blockchain Power Corp.,crypto_mining,operational,,reported,Hazelton,Preston,WV,39.6536928,-79.5305992,107,,,2025-12-28,2026-09-21,https://www.compute-atlas.com/facilities/blockchain-power-hazelton-preston-county-wv,3,https://www.salon.com/2025/12/28/data-centers-are-west-virginias-new-strip-mines/
blockchain-power-miracle-run-monongalia-county-wv,Blockchain Power Corp. Miracle Run Bitcoin Mining Site,Blockchain Power Corp.,crypto_mining,operational,,reported,Miracle Run,Monongalia,WV,39.6773021,-80.267853,,,,2025-12-28,2026-09-15,https://www.compute-atlas.com/facilities/blockchain-power-miracle-run-monongalia-county-wv,3,https://www.salon.com/2025/12/28/data-centers-are-west-virginias-new-strip-mines/
blockchain-power-tunnelton-preston-county-wv,Blockchain Power Corp. Tunnelton Bitcoin Mining Site,Blockchain Power Corp.,crypto_mining,operational,,reported,Tunnelton,Preston,WV,39.3917601,-79.748395,,,,2025-12-28,2026-09-15,https://www.compute-atlas.com/facilities/blockchain-power-tunnelton-preston-county-wv,3,https://www.salon.com/2025/12/28/data-centers-are-west-virginias-new-strip-mines/
blockfusion-niagara-falls-ny,Blockfusion Niagara Falls Facility (North East Data),Blockfusion,crypto_mining,operational,mixed_use,confirmed,Niagara Falls,Niagara,NY,43.0962,-79.0377,46,100,,,2026-09-21,https://www.compute-atlas.com/facilities/blockfusion-niagara-falls-ny,6,https://www.prnewswire.com/news-releases/blockfusion-owner-operator-of-a-strategically-located-clean-energy-powered-data-center-to-go-public-via-business-combination-with-blue-acquisition-corp-302620260.html
blockops-helena-west-helena-ar,BlockOps Helena-West Helena Bitcoin Mine (Dragon Woodland sawmill site),BlockOps,crypto_mining,operational,,reported,Helena-West Helena,Phillips,AR,34.5484515,-90.6556409,,8,,,2026-09-21,https://www.compute-atlas.com/facilities/blockops-helena-west-helena-ar,5,https://www.arkansasonline.com/news/2025/mar/06/bitcoin-mining-operation-in-helena-west-helena/
blockops-marion-ar,BlockOps Marion Bitcoin Mine (planned),BlockOps,crypto_mining,proposed,,rumored,Marion,Crittenden,AR,35.2129831,-90.19498,,,,,2026-09-15,https://www.compute-atlas.com/facilities/blockops-marion-ar,3,https://www.arkansasonline.com/news/2025/mar/06/bitcoin-mining-operation-in-helena-west-helena/
blockops-moreland-ar,BlockOps Moreland Bitcoin Mine,BlockOps,crypto_mining,operational,,reported,Moreland,Pope,AR,35.3639428,-93.0013492,,,,,2026-09-15,https://www.compute-atlas.com/facilities/blockops-moreland-ar,4,https://katv.com/news/local/two-cryptomines-unsettle-quiet-moreland-community-locals-appeal-for-act-851-repeal-first-baptist-church-rick-smith-green-digital-jones-digital-llc-new-rays-cryptomining-bitcoin-arkansas-pope-county-russellville-block-ops-connie-hollis-chinese-company
blockops-russellville-ar,BlockOps Russellville Bitcoin Mine,BlockOps,crypto_mining,operational,,reported,Russellville,Pope,AR,35.2784173,-93.1337856,,,,,2026-09-15,https://www.compute-atlas.com/facilities/blockops-russellville-ar,5,https://katv.com/news/local/arkansas-legislator-urges-special-session-to-review-controversial-crypto-mining-law-as-2-new-crypto-mines-set-up-shop-in-pope-county-matt-duffield-sarah-huckabee-sanders-act-851-right-to-mine-bill-russellville-city-planner-sara-johndahl-moreland-baptist
blockware-solutions-belfry-pike-ky,Blockware Solutions Pike County Facility,Blockware Solutions,crypto_mining,operational,,confirmed,Belfry,Pike,KY,37.667552,-82.345043,30,75,,,2026-09-13,https://www.compute-atlas.com/facilities/blockware-solutions-belfry-pike-ky,2,https://www.gem.wiki/Blockware_Solutions_Pike_County_facility
blockware-sunpark-boone-lincoln-county-wv,Blockware Solutions SunPark Bitcoin Mining Facility,Blockware Solutions,crypto_mining,proposed,,reported,,Boone,WV,38.083,-81.983,,150,,2022-05-25,2026-09-15,https://www.compute-atlas.com/facilities/blockware-sunpark-boone-lincoln-county-wv,3,https://www.prnewswire.com/news-releases/seva-announces-bitcoin-mining-partnership-to-help-advance-the-development-of-sunpark-301556092.html
bloomberg-orangeburg-ny,Bloomberg LP Data Center,Bloomberg LP,data_center,operational,,confirmed,Orangeburg,Rockland,NY,41.036652,-73.986828,4,50,,,2026-08-16,https://www.compute-atlas.com/facilities/bloomberg-orangeburg-ny,3,https://www.sec.gov/Archives/edgar/data/0001603578/000153949714000486/n306_premktx1.htm
blue-fern-cle-elum-data-center-wa,Blue Fern Cle Elum Data Center,Blue Fern Development,data_center,proposed,,reported,Cle Elum,Kittitas,WA,47.18,-120.97,,20,,2026-07-28,2026-09-05,https://www.compute-atlas.com/facilities/blue-fern-cle-elum-data-center-wa,1,https://www.spokesman.com/stories/2026/aug/05/cle-elum-passed-a-data-center-ban-one-might-be-bui/
blue-ladder-wolcott-white-county-in,Wolcott Data Center,Blue Ladder Development,data_center,permitted,,reported,Wolcott,White,IN,40.7581,-87.0281,,,,,2026-09-01,https://www.compute-atlas.com/facilities/blue-ladder-wolcott-white-county-in,2,https://www.wolcottdatacenter.com/
bluebird-quad-cities-bettendorf-ia,Bluebird Quad Cities Data Center,Bluebird Network,data_center,operational,,confirmed,Bettendorf,Scott,IA,41.5245,-90.5157,,,,,2026-08-14,https://www.compute-atlas.com/facilities/bluebird-quad-cities-bettendorf-ia,3,https://bluebirdfiber.com/quad-cities-data-center/
bluegrassnet-louisville-jefferson-ky,BluegrassNet Louisville Data Center,"Intermart, Inc. (BluegrassNet)",data_center,operational,,reported,Louisville,Jefferson,KY,38.241182,-85.74932,,,,,2026-09-22,https://www.compute-atlas.com/facilities/bluegrassnet-louisville-jefferson-ky,2,https://www.peeringdb.com/api/fac?state=KY
blusky-ai-delta-millard-county-ut,BluSky AI Delta Data Center,BluSky AI Inc.,data_center,proposed,,reported,Delta,Millard,UT,39.3502,-112.5766,,50,,,2026-08-25,https://www.compute-atlas.com/facilities/blusky-ai-delta-millard-county-ut,3,https://www.manilatimes.net/2025/07/29/tmt-newswire/globenewswire/blusky-ai-inc-signs-letter-of-intent-to-acquire-25-acres-with-up-to-50-mw-of-capacity-in-strategic-expansion/2158223
blusky-ai-milford-ut,BluSky AI Milford Campus,BluSky AI Inc.,data_center,proposed,,reported,Milford,Beaver,UT,38.3936,-113.0111,,9.3,,,2026-08-25,https://www.compute-atlas.com/facilities/blusky-ai-milford-ut,4,https://www.manilatimes.net/2025/07/08/tmt-newswire/globenewswire/blusky-ai-inc-secures-first-site-with-93mw-to-launch-flagship-data-center-in-central-utah/2145520
blusky-ai-nephi-ut,BluSky AI Nephi SkyMod Site,BluSky AI Inc.,data_center,permitted,,confirmed,Nephi,Juab,UT,39.71023,-111.83632,,4,,,2026-09-08,https://www.compute-atlas.com/facilities/blusky-ai-nephi-ut,4,https://natlawreview.com/press-releases/blusky-ai-inc-signs-letter-intent-lease-strategic-site-nephi-utah-modular-ai
blusky-ai-walsenburg-co,BluSky AI Walsenburg (Indian Pool Ranch) Modular Data Center,BluSky AI Inc.,data_center,proposed,confirmed,reported,Walsenburg,Huerfano,CO,37.6235234,-104.780995,,15,,2025-09-02,2026-08-26,https://www.compute-atlas.com/facilities/blusky-ai-walsenburg-co,2,https://finance.yahoo.com/news/blusky-ai-inc-executes-purchase-141700082.html
blusky-ai-wells-elko-county-nv,BluSky AI Wells Modular Data Center,BluSky AI Inc.,data_center,proposed,,reported,Wells,Elko,NV,41.108813,-114.956386,,,,2025-08-28,2026-09-24,https://www.compute-atlas.com/facilities/blusky-ai-wells-elko-county-nv,2,https://www.globenewswire.com/news-release/2025/08/28/3140872/29006/en/BluSky-AI-Inc-Announces-Non-Binding-Letter-of-Intent-to-Lease-Strategic-Site-in-Wells-Nevada.html
bny-mellon-tennessee-processing-center-nashville-tn,BNY Mellon Tennessee Processing Center (Nashville),BNY Mellon,data_center,operational,,confirmed,Nashville,Davidson,TN,36.2156443,-86.7840012,,,,,2026-09-14,https://www.compute-atlas.com/facilities/bny-mellon-tennessee-processing-center-nashville-tn,2,https://www.prnewswire.com/news-releases/bny-mellons-continued-global-growth-prompts-expansion-of-tennessee-facilities-123740554.html
bobcat-energy-center-ia,Bobcat Energy Center,Alliant Energy,power_generation,permitted,,confirmed,Marshalltown,Marshall,IA,42.0494,-92.908,,720,,,2026-09-16,https://www.compute-atlas.com/facilities/bobcat-energy-center-ia,3,https://www.alliantenergy.com/news/news-center/2025/12/121625-bobcat-energy-center-approved
boomtown-lawton-ok,Boomtown Lawton Data Center — cancelled,Boomtown,data_center,cancelled,,rumored,Lawton,Comanche,OK,34.6086,-98.3903,,,,,2026-08-19,https://www.compute-atlas.com/facilities/boomtown-lawton-ok,1,https://nathanhammer.substack.com/p/a-2026-guide-to-the-oklahoma-data
boxminer-la-pine-or,Boxminer La Pine Bitcoin Mining Facility,Boxminer (Hidden Pines LLC),crypto_mining,cancelled,,confirmed,La Pine,Deschutes,OR,43.6745541,-121.4913298,,20,,,2026-09-05,https://www.compute-atlas.com/facilities/boxminer-la-pine-or,3,https://www.opb.org/article/2026/05/28/la-pine-rejects-data-center-central-oregon/
brady-island-wind-lincoln-ne,Brady Island Wind,RWE Clean Energy,power_generation,proposed,,confirmed,Brady,Lincoln,NE,41.0220411,-100.3657985,,231,,,2026-09-16,https://www.compute-atlas.com/facilities/brady-island-wind-lincoln-ne,2,https://americas.rwe.com/our-energy/onshore-wind/onshore-wind-projects-and-locations/brady-island-wind/
breaker-street-data-center-jessup-lackawanna-pa,Breaker Street Data Center Campus,Breaker Street Associates LLC (Catalyst Commercial Development),data_center,proposed,likely,reported,Jessup,Lackawanna,PA,41.4712,-75.5588,,600,,,2026-08-31,https://www.compute-atlas.com/facilities/breaker-street-data-center-jessup-lackawanna-pa,2,https://www.yahoo.com/news/articles/jessup-denies-breaker-street-data-010400301.html
brennan-barrington-hills-il,Brennan Barrington Hills Data Center,Brennan Investment Group,data_center,cancelled,,reported,Barrington Hills,,IL,42.1049652,-88.2408645,,,,,2026-09-12,https://www.compute-atlas.com/facilities/brennan-barrington-hills-il,1,https://www.shawlocal.com/northwest-herald/news/2026/01/29/2-billion-data-center-proposal-in-barrington-hills-withdrawn/
bridgehead-industrial-oakley-data-center-ca,Bridgehead Industrial Project data center option (withdrawn),JB2 Partners / Oxfoot Oakley LLC,data_center,cancelled,,confirmed,Oakley,Contra Costa,CA,38.006222,-121.739139,,,,2024-05,2026-09-21,https://www.compute-atlas.com/facilities/bridgehead-industrial-oakley-data-center-ca,2,https://www.kqed.org/news/12076074/oakley-drops-data-center-plans-approves-massive-industrial-project
bridgeport-data-center-campus-coweta-ga,Bridgeport Data Center Campus,Undisclosed developer (Bridgeport Industrial Park),data_center,proposed,,reported,Moreland,Coweta,GA,33.2868748,-84.7679526,,,,,2026-09-10,https://www.compute-atlas.com/facilities/bridgeport-data-center-campus-coweta-ga,2,https://www.times-herald.com/news/bridgeport-project-revived-with-proposed-data-centers/article_9b7ed33e-fa67-4f36-bd7b-dad42711a39b.html
brightnight-red-butte-newcastle-ut,Red Butte Energy and Data Center Campus,BrightNight,data_center,proposed,,reported,Newcastle,Iron,UT,37.6949,-113.943,,1500,,,2026-09-01,https://www.compute-atlas.com/facilities/brightnight-red-butte-newcastle-ut,3,https://brightnightpower.com/red-butte/
bristolville-25-lordstown-oh,Bristolville 25,Bristolville 25 Developer LLC / BHGH Properties,data_center,proposed,,confirmed,Lordstown,Trumbull,OH,41.18,-80.87,,,,,2026-07-26,https://www.compute-atlas.com/facilities/bristolville-25-lordstown-oh,3,https://www.wkbn.com/news/local-news/lordstown-news/data-center-developer-taking-lordstown-to-court/
broken-bow-wind-custer-ne,Broken Bow Wind Energy Center (Phases I and II),Nebraska Public Power District,power_generation,operational,,confirmed,Broken Bow,Custer,NE,41.5075,-99.6109,152.6,,,,2026-09-16,https://www.compute-atlas.com/facilities/broken-bow-wind-custer-ne,2,https://www.gem.wiki/Broken_Bow_wind_farm
brookfield-nextera-paducah-site-mccracken-ky,Paducah Site AI Data Center Campus,Brookfield,data_center,proposed,confirmed,confirmed,Kevil,McCracken,KY,37.11389,-88.81028,,1800,,,2026-09-22,https://www.compute-atlas.com/facilities/brookfield-nextera-paducah-site-mccracken-ky,6,https://www.energy.gov/articles/energy-department-announces-partnership-expand-reliable-affordable-energy-access-and-power
btc-digital-manila-ar,BTC Digital Manila Bitcoin Mining and Hosting Facility,BTC Digital Ltd.,crypto_mining,operational,,reported,Manila,Mississippi,AR,35.8789624,-90.1663646,,,,,2026-09-15,https://www.compute-atlas.com/facilities/btc-digital-manila-ar,4,https://www.prnewswire.com/news-releases/btc-digital-signs-mining-equipment-hosting-services-agreement-with-tianci-group-holding-limited-302873315.html
buckley-bros-pawhuska-ok,Pawhuska AI Data Center,Buckley Bros Holdings LLC,data_center,proposed,likely,reported,Pawhuska,Osage,OK,36.6698,-96.3364,,10,,,2026-08-19,https://www.compute-atlas.com/facilities/buckley-bros-pawhuska-ok,1,https://www.newson6.com/tulsa-oklahoma-news/where-are-data-centers-are-being-built-oklahoma-list
bull-church-data-center-caroline-va,Bull Church Data Center,"NRD Retail, LLC",data_center,proposed,,reported,Ruther Glen,Caroline,VA,38.00820612043225,-77.49262214339025,,,,,2026-07-23,https://www.compute-atlas.com/facilities/bull-church-data-center-caroline-va,3,https://co.caroline.va.us/1036/Special-Exceptions-and-Rezonings
burt-county-solar-tekamah-ne,Burt County Solar,Sandhills Energy,power_generation,proposed,,reported,Tekamah,Burt,NE,41.7778,-96.2214,,250,Omaha Public Power District,,2026-08-21,https://www.compute-atlas.com/facilities/burt-county-solar-tekamah-ne,1,https://www.oppd.com/news-resources/news-releases/2026/may/oppd-signs-deals-tied-to-two-renewable-energy-projects/
burt-county-wind-burt-ne,Burt County Wind,RWE Clean Energy,power_generation,proposed,,reported,Oakland,Burt,NE,41.886,-96.345,,75,,,2026-09-04,https://www.compute-atlas.com/facilities/burt-county-wind-burt-ne,2,https://www.eia.gov/electricity/data/eia860m/xls/july_generator2026.xlsx
calethos-lithium-valley-imperial-county-ca,CalEthos Lithium Valley Data Center Campus,"CalEthos, Inc.",data_center,proposed,likely,reported,El Centro,Imperial,CA,32.79,-115.56,,,,,2026-07-23,https://www.compute-atlas.com/facilities/calethos-lithium-valley-imperial-county-ca,2,https://www.datacenterdynamics.com/en/news/calethos-expands-data-center-plans-for-lithium-valley-california-with-315-acre-land-purchase/
cambrin-project-cornmaze-town-of-beloit-wi,Project Cornmaze Data Center (Town of Beloit),Cambrin LLC,data_center,proposed,,reported,Beloit,Rock,WI,42.5843885,-89.0215921,,,,2025-07-15,2026-08-18,https://www.compute-atlas.com/facilities/cambrin-project-cornmaze-town-of-beloit-wi,2,https://www.wpr.org/news/town-of-beloit-pre-development-agreement-develop-data-center
canaan-alborz-happy-tx,Alborz Bitcoin Mine,WindHQ LLC / Canaan Inc.,crypto_mining,operational,,confirmed,Happy,Randall,TX,35.012,-101.9165,40,,,,2026-08-03,https://www.compute-atlas.com/facilities/canaan-alborz-happy-tx,3,https://www.prnewswire.com/news-releases/canaan-inc-acquires-cipher-minings-interest-in-multiple-operational-mining-projects-totaling-4-4-ehs-in-west-texas-302694773.html
canaan-bear-andrews-tx,Bear Bitcoin Mine,WindHQ LLC / Canaan Inc.,crypto_mining,operational,,confirmed,Andrews,Andrews,TX,32.2691,-102.6042,40,,,,2026-08-03,https://www.compute-atlas.com/facilities/canaan-bear-andrews-tx,3,https://www.prnewswire.com/news-releases/canaan-inc-acquires-cipher-minings-interest-in-multiple-operational-mining-projects-totaling-4-4-ehs-in-west-texas-302694773.html
canaan-chief-mountain-andrews-tx,Chief Mountain Bitcoin Mine,WindHQ LLC / Canaan Inc.,crypto_mining,operational,,confirmed,Andrews,Andrews,TX,32.285,-102.625,40,,,,2026-08-03,https://www.compute-atlas.com/facilities/canaan-chief-mountain-andrews-tx,3,https://www.prnewswire.com/news-releases/canaan-inc-acquires-cipher-minings-interest-in-multiple-operational-mining-projects-totaling-4-4-ehs-in-west-texas-302694773.html
canadys-station-colleton-county-sc,Canadys Station,Dominion Energy South Carolina and Santee Cooper,power_generation,permitted,,confirmed,Canadys,Colleton,SC,33.0565161,-80.6196529,,2200,,,2026-09-22,https://www.compute-atlas.com/facilities/canadys-station-colleton-county-sc,6,https://www.santeecooper.com/community/generation-projects/canadys-station/
cane-creek-solar-clarke-ms,Cane Creek Solar,"Cane Creek Solar, LLC",power_generation,operational,,reported,,Clarke,MS,31.976997,-88.88758,78.5,,,,2026-09-22,https://www.compute-atlas.com/facilities/cane-creek-solar-clarke-ms,1,https://www.eia.gov/electricity/data/eia860m/xls/july_generator2026.xlsx
cango-greenvolt-soperton-ga,Cango GreenVolt Soperton Facility,Cango Inc. (GreenVolt Technology LLC),crypto_mining,operational,,reported,Soperton,Treutlen,GA,32.3811,-82.5917,50,,,2025-08,2026-08-05,https://www.compute-atlas.com/facilities/cango-greenvolt-soperton-ga,3,https://www.sec.gov/Archives/edgar/data/1725123/000110465926041972/cang-20251231x20f.htm
capital-region-solar-west-baton-rouge-la,Capital Region Solar (LA3 West Baton Rouge Solar Facility),Helios Infrastructure (Nationwide / Sol Systems joint venture),power_generation,operational,,confirmed,,West Baton Rouge,LA,30.465105,-91.331855,50,,,,2026-09-15,https://www.compute-atlas.com/facilities/capital-region-solar-west-baton-rouge-la,4,https://www.entergy.com/news/capital-region-solar-facility-serving-entergy-louisiana-customers
cascade-advanced-energy-facility-wa,Cascade Advanced Energy Facility,Energy Northwest,power_generation,proposed,,confirmed,Richland,Benton,WA,46.4706,-119.3339,,320,Amazon,,2026-08-22,https://www.compute-atlas.com/facilities/cascade-advanced-energy-facility-wa,11,https://www.nrc.gov/reactors/new-reactors/advanced/who-were-working-with/pre-application-activities/energy-northwest
cascade-digital-power-hatfield-wi,Cascade Digital Power Hatfield Bitcoin Mine (Lake Arbutus Hydro),Cascade Digital Power (Digital Power Optimization),crypto_mining,operational,,confirmed,Hatfield,Jackson,WI,44.4146842,-90.7306966,6,,,2022-03,2026-08-18,https://www.compute-atlas.com/facilities/cascade-digital-power-hatfield-wi,2,https://wpr.org/jackson-county-home-new-cryptocurrency-mine-surprise-many-local-county-officials
cass-county-solar-cass-ne,Cass County Solar,NextEra Energy Resources,power_generation,proposed,,confirmed,Murray,Cass,NE,40.915278,-95.930286,,265,,,2026-09-16,https://www.compute-atlas.com/facilities/cass-county-solar-cass-ne,2,https://www.nexteraenergyresources.com/cass-county-solar.html
cassville-grant-county-wi,Cassville Data Center Campus (Undisclosed Developer),"Undisclosed (major tech company, NDA not signed)",data_center,cancelled,likely,reported,Cassville,Grant,WI,42.716,-91.007,,,,2024-12,2026-08-04,https://www.compute-atlas.com/facilities/cassville-grant-county-wi,5,https://wisconsinwatch.org/2026/02/wisconsin-data-center-billion-dollar-grant-county-cassville-utility-energy/
cc-communications-fallon-churchill-county-nv,CC Communications Fallon Data Center,CC Communications,data_center,operational,,reported,Fallon,Churchill,NV,39.474979,-118.777657,,,,,2026-09-24,https://www.compute-atlas.com/facilities/cc-communications-fallon-churchill-county-nv,2,https://datacentercatalog.com/usa/cc-communications
cde-acquisitions-project-atlas-south-whitehall-lehigh-pa,Project Atlas Data Center Campus (South Whitehall Township),"CDE Acquisitions, LLC",data_center,proposed,,reported,South Whitehall Township,Lehigh,PA,40.6400848,-75.5443246,,,,,2026-09-25,https://www.compute-atlas.com/facilities/cde-acquisitions-project-atlas-south-whitehall-lehigh-pa,2,https://www.wfmz.com/news/area/lehighvalley/lehigh-county/allentown-area/plans-change-for-proposed-south-whitehall-data-center-here-s-what-s-on-the-table/article_5016b739-5f4e-497a-adfc-9c9811b8f980.html
cdt-vacaville-data-center-ca,California Department of Technology Vacaville Data Center (1020 Vaquero Circle),California Department of Technology,data_center,operational,,reported,Vacaville,Solano,CA,38.3839859,-121.9499907,,,,,2026-09-29,https://www.compute-atlas.com/facilities/cdt-vacaville-data-center-ca,1,https://ceqanet.lci.ca.gov/2026020164
centeris-south-hill-puyallup-wa,Centeris South Hill Campus (SH1/SH2),Centeris (The Benaroya Company),data_center,operational,,reported,Puyallup,Pierce,WA,47.136,-122.272,,50,,,2026-09-05,https://www.compute-atlas.com/facilities/centeris-south-hill-puyallup-wa,3,https://datacenterfrontier.com/centeris-signs-7-megawatt-lease-in-seattle-data-center/
centersquare-abq1-albuquerque-nm,Centersquare ABQ1,Centersquare (formerly Cyxtera Technologies / Evoque Data Center Solutions),data_center,operational,,reported,Albuquerque,Bernalillo,NM,35.0844,-106.6504,,,,,2026-09-03,https://www.compute-atlas.com/facilities/centersquare-abq1-albuquerque-nm,1,https://baxtel.com/data-center/centersquare-albuquerque-abq1
centersquare-den1-highlands-ranch-co,Csquare (Centersquare) DEN1 Denver - Highlands Ranch,Csquare (Centersquare),data_center,operational,,reported,Highlands Ranch,Douglas,CO,39.549201,-105.032671,,,,,2026-09-30,https://www.compute-atlas.com/facilities/centersquare-den1-highlands-ranch-co,1,https://www.csquare.com/hubfs/Centersquare%20website/docs/Csquare-DEN-SpecSheet.pdf
centersquare-den2-englewood-co,Csquare (Centersquare) DEN2 Denver - Englewood,Csquare (Centersquare),data_center,operational,,reported,Englewood,Douglas,CO,39.561593,-104.832547,,,,,2026-09-30,https://www.compute-atlas.com/facilities/centersquare-den2-englewood-co,2,https://www.csquare.com/hubfs/Centersquare%20website/docs/Csquare-DEN-SpecSheet.pdf
centersquare-ewr2-weehawken-nj,Centersquare EWR2 (Weehawken),Centersquare,data_center,operational,,reported,Weehawken,Hudson,NJ,40.7615218,-74.0260271,45.7,,,,2026-09-21,https://www.compute-atlas.com/facilities/centersquare-ewr2-weehawken-nj,2,https://www.csquare.com/data-centers/new-york-new-jersey
centersquare-ewr3-piscataway-nj,Centersquare EWR3 (Piscataway),Centersquare,data_center,operational,,reported,Piscataway,Middlesex,NJ,40.554537,-74.4569,54.8,,,,2026-09-21,https://www.compute-atlas.com/facilities/centersquare-ewr3-piscataway-nj,2,https://www.csquare.com/data-centers/new-york-new-jersey
centersquare-ewr5-secaucus-nj,Centersquare EWR5 (Secaucus),Centersquare,data_center,operational,,confirmed,Secaucus,Hudson,NJ,40.78617,-74.0692821,26.3,,,,2026-09-21,https://www.compute-atlas.com/facilities/centersquare-ewr5-secaucus-nj,3,https://www.csquare.com/data-centers/new-york-new-jersey
centersquare-gallatin-tn,Centersquare Gallatin (NAS) Campus,Centersquare,data_center,operational,,confirmed,Gallatin,Sumner,TN,36.40406,-86.39812,,100,,,2026-08-15,https://www.compute-atlas.com/facilities/centersquare-gallatin-tn,3,https://www.datacenterfrontier.com/cloud/article/11427377/evoque-to-partner-with-archer-datacenters-on-200m-nashville-campus
centersquare-lax3-irvine-ca,Centersquare LAX3,Centersquare (Cyxtera/Evoque),data_center,operational,,reported,Irvine,Orange,CA,33.6870931,-117.8479769,24.9,,,,2026-08-02,https://www.compute-atlas.com/facilities/centersquare-lax3-irvine-ca,3,https://www.csquare.com/data-centers/los-angeles
centersquare-lax5-irvine-ca,Centersquare LAX5,Centersquare (Cyxtera/Evoque),data_center,operational,,reported,Irvine,Orange,CA,33.6847703,-117.8366956,17.3,,,,2026-08-02,https://www.compute-atlas.com/facilities/centersquare-lax5-irvine-ca,3,https://www.csquare.com/data-centers/los-angeles
centersquare-lynnwood-se1-wa,Centersquare Lynnwood SE1,Centersquare,data_center,operational,,reported,Lynnwood,Snohomish,WA,47.841809,-122.3016653,,,,,2026-09-17,https://www.compute-atlas.com/facilities/centersquare-lynnwood-se1-wa,1,https://www.openstreetmap.org/way/396296733
centersquare-ord1-chicago-il,Centersquare ORD1 (Chicago Cermak),Centersquare (Csquare),data_center,operational,,reported,Chicago,Cook,IL,41.8537537,-87.6183798,,,,,2026-09-25,https://www.compute-atlas.com/facilities/centersquare-ord1-chicago-il,2,https://www.csquare.com/hubfs/Centersquare%20website/docs/Csquare-ORD-SpecSheet.pdf
centersquare-ord2-elk-grove-village-il,Centersquare ORD2 (Elk Grove Village),Centersquare (Csquare),data_center,operational,,confirmed,Elk Grove Village,,IL,41.9923175,-87.9582323,25.9,,,,2026-09-25,https://www.compute-atlas.com/facilities/centersquare-ord2-elk-grove-village-il,2,https://www.csquare.com/data-centers/chicago
centersquare-ord4-lisle-il,Centersquare ORD4 (Lisle),Centersquare (Csquare),data_center,operational,,confirmed,Lisle,DuPage,IL,41.8023406,-88.0948856,88.9,,,,2026-09-25,https://www.compute-atlas.com/facilities/centersquare-ord4-lisle-il,2,https://www.csquare.com/data-centers/chicago
centersquare-phx3-az,Centersquare PHX3,Centersquare (Cyxtera/Evoque),data_center,operational,,reported,Mesa,Maricopa,AZ,33.4212542,-111.8590191,17.3,,,,2026-07-23,https://www.compute-atlas.com/facilities/centersquare-phx3-az,2,https://www.csquare.com/data-centers/phoenix
centersquare-shakopee-mn,Centersquare Shakopee (MSP1 Campus),Centersquare (fka Cyxtera / Evoque; site originally built by Compass Datacenters),data_center,operational,,confirmed,Shakopee,Scott,MN,44.7965,-93.482,19.1,,,,2026-09-18,https://www.compute-atlas.com/facilities/centersquare-shakopee-mn,2,https://www.csquare.com/data-centers/minneapolis
centersquare-tpa1-tampa-fl,Centersquare Tampa TPA1,Centersquare,data_center,operational,,confirmed,Tampa,Hillsborough,FL,27.9455353,-82.351102,9,,,,2026-09-21,https://www.compute-atlas.com/facilities/centersquare-tpa1-tampa-fl,3,https://www.csquare.com/data-centers/tampa
centra-msp1-eagan-mn,CENTRA MSP1,CENTRA Digital Interconnect,data_center,under_construction,,confirmed,Eagan,Dakota,MN,44.8288628,-93.1184514,,12,,,2026-09-10,https://www.compute-atlas.com/facilities/centra-msp1-eagan-mn,2,https://www.centradigital.com/post/centra-breaks-ground-on-msp1
centra-portland-me,CENTRA Digital Interconnect -- 340 Cumberland (PMW01),CENTRA Digital Interconnect,data_center,operational,,confirmed,Portland,Cumberland,ME,43.6578388,-70.2613785,1,,,,2026-09-21,https://www.compute-atlas.com/facilities/centra-portland-me,4,https://baxtel.com/data-center/maine
centra-rno1-south-virginia-reno-nv,CENTRA RNO1 (200 South Virginia),CENTRA Digital Interconnect,data_center,operational,,reported,Reno,Washoe,NV,39.523253,-119.811751,,,,,2026-09-24,https://www.compute-atlas.com/facilities/centra-rno1-south-virginia-reno-nv,3,https://www.peeringdb.com/api/fac?state=NV&limit=200
centra-rno2-keystone-reno-nv,CENTRA RNO2 (Keystone Data Center),CENTRA Digital Interconnect,data_center,under_construction,,confirmed,Reno,Washoe,NV,39.525542,-119.82612,,,,2024,2026-09-24,https://www.compute-atlas.com/facilities/centra-rno2-keystone-reno-nv,4,https://www.reno.gov/Documents/Business%20and%20Development/Development%20Services/Keystone%20Data%20Center%20Frequently%20Asked%20Questions.pdf?t=202606291145300
centrilogic-rochester-ny,Centrilogic Rochester Data Center,Centrilogic,data_center,operational,,confirmed,Rochester,Monroe,NY,43.1671944,-77.6730439,,,,,2026-09-14,https://www.compute-atlas.com/facilities/centrilogic-rochester-ny,4,https://www.centrilogic.com/rochester-new-york-data-center/
cerebras-oklahoma-city-ok,Cerebras Oklahoma City Data Center,Cerebras Systems,data_center,operational,confirmed,confirmed,Oklahoma City,Oklahoma,OK,35.4676,-97.5164,10,,,2025,2026-07-07,https://www.compute-atlas.com/facilities/cerebras-oklahoma-city-ok,5,https://www.datacenterfrontier.com/hyperscale/article/55273769/cerebras-unveils-six-data-centers-to-meet-accelerating-demand-for-ai-inference-at-scale
charter-spectrum-charlotte-national-data-center-nc,Spectrum Charlotte National Data Center,Charter Communications,data_center,operational,,reported,Charlotte,Mecklenburg County,NC,35.1440029,-80.918404,15,,,,2026-09-24,https://www.compute-atlas.com/facilities/charter-spectrum-charlotte-national-data-center-nc,3,https://baxtel.com/data-center/spectrum-charlotte-national-data-center
chestnut-river-holyoke-ma,Chestnut River Holyoke Data Center (former Hampden Papers complex),Chestnut River Power and Infrastructure,data_center,proposed,,reported,Holyoke,Hampden,MA,42.1975752,-72.600908,,20,,2026-06,2026-09-21,https://www.compute-atlas.com/facilities/chestnut-river-holyoke-ma,3,https://www.wamc.org/news/2026-06-16/holyoke-councilors-mull-data-center-ban-as-developer-seeks-former-complex
chirisa-volo-data-center-il,Volo Data Center,Chirisa Technology Parks,data_center,operational,confirmed,reported,Volo,Lake,IL,42.3486,-88.1382,14,,,,2026-09-25,https://www.compute-atlas.com/facilities/chirisa-volo-data-center-il,4,https://www.datacenterfrontier.com/energy/article/55127752/coreweave-chirisa-illinois-data-center-project-taps-bloom-energy-for-fuel-cell-power-leans-into-microgrids
cielo-clarksville-tn,Cielo Montgomery County AI Campus,Cielo Digital Infrastructure,data_center,proposed,likely,reported,Clarksville,Montgomery,TN,36.53,-87.36,,350,,,2026-07-26,https://www.compute-atlas.com/facilities/cielo-clarksville-tn,3,https://cleanview.co/data-centers/tennessee/2037/cielo-clarksville-data-center
cielo-gaffney-cherokee-county-sc,Cielo Digital Infrastructure Gaffney Campus,"Cielo Digital Infrastructure, LLC",data_center,proposed,,reported,Gaffney,Cherokee,SC,35.0666365,-81.5576062,,300,,2025-06,2026-09-22,https://www.compute-atlas.com/facilities/cielo-gaffney-cherokee-county-sc,4,https://governor.sc.gov/news/2025-06/cielo-digital-infrastructure-selects-cherokee-county-first-south-carolina-development
cielo-haines-city-fl,Cielo Haines City Data Center,Cielo Digital Infrastructure,data_center,proposed,likely,reported,Haines City,Polk,FL,28.1114,-81.6198,,300,,2026-06,2026-09-21,https://www.compute-atlas.com/facilities/cielo-haines-city-fl,5,https://finance.yahoo.com/technology/ai/articles/florida-data-center-project-stalls-180033586.html
cigna-windsor-data-center-ct,Cigna Windsor Data Center (9 Griffin Road North),Cigna,data_center,operational,,confirmed,Windsor,Hartford,CT,41.879941,-72.73157,,,,,2026-09-30,https://www.compute-atlas.com/facilities/cigna-windsor-data-center-ct,2,https://hartfordbusiness.com/article/cigna-plans-386m-renovation-of-windsor-data-center/
cipher-barber-lake-colorado-city-tx,Cipher Barber Lake Campus,Cipher Digital,data_center,under_construction,confirmed,confirmed,Colorado City,Mitchell,TX,32.3954,-100.8687,,300,,,2026-07-26,https://www.compute-atlas.com/facilities/cipher-barber-lake-colorado-city-tx,2,https://www.datacenterdynamics.com/en/news/cipher-mining-acquires-more-than-500-acres-across-two-sites-in-texas-for-crypto-and-hpc-use/
cipher-black-pearl-wink-tx,Cipher Black Pearl Campus,Cipher Digital,data_center,under_construction,confirmed,confirmed,Wink,Winkler,TX,31.751,-103.1607,,300,,2025-11,2026-07-25,https://www.compute-atlas.com/facilities/cipher-black-pearl-wink-tx,5,https://baxtel.com/data-center/cipher-digital-black-pearl
cipher-colchis-tom-green-tx,Cipher Colchis Campus,Cipher Digital,data_center,proposed,,confirmed,San Angelo,Tom Green,TX,31.5290977,-100.3212098,,1000,,2025-11,2026-09-21,https://www.compute-atlas.com/facilities/cipher-colchis-tom-green-tx,4,https://www.sec.gov/Archives/edgar/data/1819989/000181998926000009/cifr-20251231.htm
cipher-digital-hashworks-waterford-washington-oh,HashWorks Powered Land — Waterford Site,HashWorks Powered Land Waterford LLC (land entity tied to Cipher Digital / Sabre 56),data_center,proposed,mixed_use,rumored,,Washington,OH,39.55139,-81.64944,,200,,,2026-09-21,https://www.compute-atlas.com/facilities/cipher-digital-hashworks-waterford-washington-oh,3,https://woub.org/2026/05/22/waterford-resident-calls-trustee-step-down-data-center-development/
cipher-digital-odessa-tx,Cipher Digital Odessa Facility,Cipher Digital,crypto_mining,operational,,confirmed,Odessa,Ector,TX,31.8457,-102.3676,207,,,,2026-07-10,https://www.compute-atlas.com/facilities/cipher-digital-odessa-tx,2,https://baxtel.com/data-center/cipher-mining-odessa
cipher-digital-ulysses-center-township-morgan-oh,Cipher Digital Ulysses,Cipher Digital (formerly Cipher Mining),data_center,proposed,mixed_use,reported,,Morgan,OH,39.63028,-81.64694,,200,,2025-12-23,2026-08-26,https://www.compute-atlas.com/facilities/cipher-digital-ulysses-center-township-morgan-oh,2,https://theenergymag.com/news/2025-12-23/cipher-ohio-hpc-pjm
cipher-mclennan-county-tx,Cipher McLennan HPC Data Center,Cipher Digital,data_center,proposed,,reported,Waco,McLennan,TX,31.474088,-96.96261,,500,,2024-10,2026-08-16,https://www.compute-atlas.com/facilities/cipher-mclennan-county-tx,3,https://www.sec.gov/Archives/edgar/data/1819989/000181998926000009/cifr-20251231.htm
cipher-mikeska-mcculloch-county-tx,Cipher Mikeska HPC Data Center,Cipher Digital,data_center,proposed,,reported,Brady,McCulloch,TX,31.1317,-99.3349,,,,,2026-07-17,https://www.compute-atlas.com/facilities/cipher-mikeska-mcculloch-county-tx,2,https://www.sec.gov/Archives/edgar/data/1819989/000181998926000009/cifr-20251231.htm
cipher-milsing-huntsville-walker-tx,Cipher Milsing HPC Data Center,Cipher Digital,data_center,proposed,,reported,Huntsville,Walker,TX,30.7235,-95.5508,,,,,2026-07-26,https://www.compute-atlas.com/facilities/cipher-milsing-huntsville-walker-tx,2,https://www.sec.gov/Archives/edgar/data/1819989/000181998926000009/cifr-20251231.htm
cipher-reveille-cotulla-la-salle-tx,Cipher Reveille HPC Data Center,Cipher Digital,data_center,proposed,,reported,Cotulla,La Salle,TX,28.4359,-99.2351,,70,,,2026-07-17,https://www.compute-atlas.com/facilities/cipher-reveille-cotulla-la-salle-tx,2,https://www.sec.gov/Archives/edgar/data/1819989/000181998926000009/cifr-20251231.htm
cipher-stingray-andrews-county-tx,Cipher Stingray HPC Data Center,Cipher Digital,data_center,under_construction,,reported,Andrews,Andrews,TX,32.3187,-102.5457,,100,,2024-11,2026-07-25,https://www.compute-atlas.com/facilities/cipher-stingray-andrews-county-tx,3,https://www.sec.gov/Archives/edgar/data/1819989/000181998926000009/cifr-20251231.htm
cirrus-data-services-midvale-ut,CirrusDS View 78 Data Center,Cirrus Data Services,data_center,operational,,reported,Midvale,Salt Lake,UT,40.6111,-111.8994,32,112,,,2026-08-25,https://www.compute-atlas.com/facilities/cirrus-data-services-midvale-ut,4,http://cirrusds.com/midvale-ut-campus
cirrus-delaware-middletown-technology-center-de,Middletown Technology Center (Cirrus Delaware LLC),"Cirrus Delaware, LLC",data_center,proposed,,reported,Middletown,New Castle,DE,39.4497639,-75.7166345,,40,,,2026-10-01,https://www.compute-atlas.com/facilities/cirrus-delaware-middletown-technology-center-de,4,https://delawarebusinesstimes.com/news/plans-afoot-for-middletown-technology-center-data-power-plant/
citynet-bridgeport-harrison-county-wv,Citynet Bridgeport Data Center,"Citynet, LLC",data_center,operational,,reported,Bridgeport,Harrison,WV,39.2763943,-80.2721692,,,,,2026-09-22,https://www.compute-atlas.com/facilities/citynet-bridgeport-harrison-county-wv,2,https://www.citynet.net/network-services/data-center-colocation/
citynet-charleston-kanawha-county-wv,Citynet Charleston Data Center,"Citynet, LLC",data_center,operational,,reported,Charleston,Kanawha,WV,38.3521647,-81.6413397,,,,,2026-09-22,https://www.compute-atlas.com/facilities/citynet-charleston-kanawha-county-wv,2,https://www.citynet.net/network-services/data-center-colocation/
cleanarc-ruther-glen-va,CleanArc VA1,CleanArc Data Centers,data_center,under_construction,likely,confirmed,Ruther Glen,Caroline,VA,37.9374,-77.4837,,900,,2025-11,2026-07-08,https://www.compute-atlas.com/facilities/cleanarc-ruther-glen-va,5,https://www.datacenterdynamics.com/en/news/cleanarc-gets-green-light-for-600mw-data-center-campus-in-caroline-county-virginia/
cleanspark-austin-county-tx,CleanSpark Austin County AI Data Center Campus,"CleanSpark, Inc.",data_center,proposed,confirmed,confirmed,,Austin,TX,29.9508,-96.2661,,285,,2025-10-29,2026-08-25,https://www.compute-atlas.com/facilities/cleanspark-austin-county-tx,3,https://www.sec.gov/Archives/edgar/data/827876/000119312525254934/clsk-20251029.htm
cleanspark-brazoria-county-tx,CleanSpark Brazoria County (Second Texas) Campus,"CleanSpark, Inc.",data_center,proposed,likely,reported,,Brazoria,TX,29.1694,-95.431,,300,,2026-01-14,2026-08-02,https://www.compute-atlas.com/facilities/cleanspark-brazoria-county-tx,3,https://www.prnewswire.com/news-releases/cleanspark-expands-texas-footprint-with-major-power-acquisition-near-houston-to-support-scaled-ai-and-hpc-development-302660752.html
cleanspark-campbell-junction-tn,CleanSpark Campbell Junction Bitcoin Mining Facility,"CleanSpark, Inc.",crypto_mining,operational,,confirmed,Campbell Junction,Cumberland,TN,36.0436,-85.1692,,,,2024-09-11,2026-09-09,https://www.compute-atlas.com/facilities/cleanspark-campbell-junction-tn,3,https://www.prnewswire.com/news-releases/cleanspark-to-add-5-ehs-and-increase-2024-guidance-with-acquisition-of-seven-additional-bitcoin-mining-facilities-in-tennessee-302244673.html
cleanspark-cheyenne-wy,CleanSpark Cheyenne Bitcoin Mining Campus,"CleanSpark, Inc.",crypto_mining,operational,,reported,Cheyenne,Laramie,WY,41.14,-104.8202,,75,,2024-08-01,2026-09-21,https://www.compute-atlas.com/facilities/cleanspark-cheyenne-wy,5,https://www.sec.gov/Archives/edgar/data/827876/000095017024088986/clsk-20240726.htm
cleanspark-clinton-ms,CleanSpark Clinton Bitcoin Mining Facilities,"CleanSpark, Inc.",crypto_mining,operational,confirmed,confirmed,Clinton,Hinds,MS,32.3560924,-90.3635037,16.5,,,2024-09-17,2026-09-14,https://www.compute-atlas.com/facilities/cleanspark-clinton-ms,3,https://www.sec.gov/Archives/edgar/data/827876/000095017024107034/clsk-ex99_1.htm
cleanspark-college-park-ga,CleanSpark College Park Bitcoin Mining Facility,"CleanSpark, Inc.",crypto_mining,operational,,confirmed,College Park,Fulton,GA,33.6407,-84.4277,9.6,50,,2020-12-10,2026-08-16,https://www.compute-atlas.com/facilities/cleanspark-college-park-ga,2,https://www.sec.gov/Archives/edgar/data/827876/000119312525297510/clsk-20250930.htm
cleanspark-dalton-ga,CleanSpark Dalton Bitcoin Mining Facility,"CleanSpark, Inc.",crypto_mining,operational,,confirmed,Dalton,Whitfield,GA,34.7698,-84.9702,,,,2023-06-21,2026-08-05,https://www.compute-atlas.com/facilities/cleanspark-dalton-ga,2,https://www.sec.gov/Archives/edgar/data/827876/000095017023029069/clsk-ex99_1.htm
cleanspark-decatur-tn,CleanSpark Decatur Bitcoin Mining Facility,"CleanSpark, Inc.",crypto_mining,operational,,confirmed,Decatur,Meigs,TN,35.5148,-84.7902,,,,2024-09-11,2026-09-09,https://www.compute-atlas.com/facilities/cleanspark-decatur-tn,3,https://www.prnewswire.com/news-releases/cleanspark-to-add-5-ehs-and-increase-2024-guidance-with-acquisition-of-seven-additional-bitcoin-mining-facilities-in-tennessee-302244673.html
cleanspark-jackson-tn,CleanSpark Jackson Bitcoin Mining Facility (former GRIID site),"CleanSpark, Inc.",crypto_mining,operational,,reported,Jackson,Madison,TN,35.614445,-88.817742,,60,,2024-02-06,2026-09-21,https://www.compute-atlas.com/facilities/cleanspark-jackson-tn,4,https://www.globenewswire.com/news-release/2024/02/06/2824158/0/en/GRIID-Infrastructure-to-Add-60-MW-with-New-Bitcoin-Mining-Facility-in-Tennessee.html
cleanspark-jellico-tn,CleanSpark Jellico Bitcoin Mining Facility,"CleanSpark, Inc.",crypto_mining,operational,,confirmed,Jellico,Campbell,TN,36.5825,-84.1306,,,,2024-09-11,2026-09-09,https://www.compute-atlas.com/facilities/cleanspark-jellico-tn,3,https://www.prnewswire.com/news-releases/cleanspark-to-add-5-ehs-and-increase-2024-guidance-with-acquisition-of-seven-additional-bitcoin-mining-facilities-in-tennessee-302244673.html
cleanspark-lafayette-ga,CleanSpark LaFayette Bitcoin Mining Facility,"CleanSpark, Inc.",crypto_mining,operational,,confirmed,LaFayette,Walker,GA,34.7048,-85.2819,,,,2025-05-13,2026-09-23,https://www.compute-atlas.com/facilities/cleanspark-lafayette-ga,2,https://www.sec.gov/Archives/edgar/data/827876/000119312525297510/clsk-20250930.htm
cleanspark-lenoir-city-tn,CleanSpark Lenoir City Bitcoin Mining Facility,"CleanSpark, Inc.",crypto_mining,operational,,confirmed,Lenoir City,Loudon,TN,35.7973,-84.256,20,40,,2024-10-31,2026-09-09,https://www.compute-atlas.com/facilities/cleanspark-lenoir-city-tn,4,https://www.prnewswire.com/news-releases/cleanspark-announces-agreement-to-acquire-griid-infrastructure-based-on-an-enterprise-value-of-155-million-and-expansion-plans-of-over-400-mw-in-tennessee-302184116.html
cleanspark-limestone-tn,CleanSpark Limestone Bitcoin Mining Facility (closed 2026),"CleanSpark, Inc.",crypto_mining,cancelled,,confirmed,Limestone,Washington,TN,36.2235,-82.625,,,,2020,2026-09-09,https://www.compute-atlas.com/facilities/cleanspark-limestone-tn,3,https://www.wjhl.com/news/local/bitcoin-mine-would-close-move-in-proposed-lawsuit-settlement/
cleanspark-maynardville-tn,CleanSpark Maynardville Bitcoin Mining Facility,"CleanSpark, Inc.",crypto_mining,operational,,confirmed,Maynardville,Union,TN,36.2506,-83.7974,,,,2024-10-31,2026-09-09,https://www.compute-atlas.com/facilities/cleanspark-maynardville-tn,3,https://www.prnewswire.com/news-releases/cleanspark-announces-agreement-to-acquire-griid-infrastructure-based-on-an-enterprise-value-of-155-million-and-expansion-plans-of-over-400-mw-in-tennessee-302184116.html
cleanspark-meridian-ms,CleanSpark Meridian Bitcoin Mining Facility,"CleanSpark, Inc.",crypto_mining,operational,,confirmed,Meridian,Lauderdale,MS,32.3643,-88.7037,,,,2024-02-06,2026-09-09,https://www.compute-atlas.com/facilities/cleanspark-meridian-ms,3,https://www.sec.gov/Archives/edgar/data/827876/000095017024011571/clsk-20240202.htm
cleanspark-mountain-city-tn,CleanSpark Mountain City Bitcoin Mining Facility,"CleanSpark, Inc.",crypto_mining,proposed,,reported,Mountain City,Johnson,TN,36.4745636,-81.804838,,30,,,2026-09-09,https://www.compute-atlas.com/facilities/cleanspark-mountain-city-tn,2,https://www.lpm.org/news/2025-08-15/tennessee-town-pushes-back-over-proposed-bitcoin-mine-and-wins
cleanspark-new-tazewell-tn,CleanSpark New Tazewell Bitcoin Mining Facility,"CleanSpark, Inc.",crypto_mining,operational,,reported,New Tazewell,Claiborne,TN,36.4426,-83.5996,,,,2024-09-11,2026-09-09,https://www.compute-atlas.com/facilities/cleanspark-new-tazewell-tn,3,https://www.prnewswire.com/news-releases/cleanspark-to-add-5-ehs-and-increase-2024-guidance-with-acquisition-of-seven-additional-bitcoin-mining-facilities-in-tennessee-302244673.html
cleanspark-norcross-ga,CleanSpark Norcross Bitcoin Mining Facility,"CleanSpark, Inc.",crypto_mining,operational,,confirmed,Norcross,Gwinnett,GA,33.9412,-84.2135,20,,,2021-08-06,2026-09-23,https://www.compute-atlas.com/facilities/cleanspark-norcross-ga,3,https://www.sec.gov/Archives/edgar/data/827876/000166357721000387/ex99_1.htm
cleanspark-oneida-tn,CleanSpark Oneida Bitcoin Mining Facility,"CleanSpark, Inc.",crypto_mining,operational,,confirmed,Oneida,Scott,TN,36.4981,-84.5127,,,,2024-09-11,2026-09-09,https://www.compute-atlas.com/facilities/cleanspark-oneida-tn,3,https://www.prnewswire.com/news-releases/cleanspark-to-add-5-ehs-and-increase-2024-guidance-with-acquisition-of-seven-additional-bitcoin-mining-facilities-in-tennessee-302244673.html
cleanspark-sandersville-ga,CleanSpark Sandersville Bitcoin Mining Facility,"CleanSpark, Inc.",crypto_mining,operational,,confirmed,Sandersville,Washington,GA,32.9807,-82.8071,250,,,2022-10-08,2026-09-23,https://www.compute-atlas.com/facilities/cleanspark-sandersville-ga,2,https://www.sec.gov/Archives/edgar/data/827876/000119312525297510/clsk-20250930.htm
cleanspark-twin-city-ga,CleanSpark Twin City Bitcoin Mining Facility,"CleanSpark, Inc.",crypto_mining,operational,,confirmed,Twin City,Emanuel,GA,32.5829,-82.1551,,,,2025-01-21,2026-08-05,https://www.compute-atlas.com/facilities/cleanspark-twin-city-ga,1,https://www.sec.gov/Archives/edgar/data/827876/000119312525297510/clsk-20250930.htm
cleanspark-vicksburg-ms,CleanSpark Vicksburg Bitcoin Mining Facility,"CleanSpark, Inc.",crypto_mining,operational,,confirmed,Vicksburg,Warren,MS,32.3526,-90.8779,,,,2024-02-06,2026-09-09,https://www.compute-atlas.com/facilities/cleanspark-vicksburg-ms,3,https://www.sec.gov/Archives/edgar/data/827876/000095017024011571/clsk-20240202.htm
cleanspark-washington-ga,CleanSpark Washington Bitcoin Mining Facility,"CleanSpark, Inc.",crypto_mining,operational,,confirmed,Washington,Wilkes,GA,33.7376,-82.7379,36,86,,2022-08-09,2026-08-16,https://www.compute-atlas.com/facilities/cleanspark-washington-ga,2,https://www.globenewswire.com/news-release/2022/08/09/2494690/0/en/CleanSpark-Acquires-Plug-in-Ready-Bitcoin-Mining-Facility-Scalable-to-86-Megawatts-or-2-6-EH-s.html
cleanspark-west-crossville-tn,CleanSpark West Crossville Bitcoin Mining Facility,"CleanSpark, Inc.",crypto_mining,operational,,confirmed,Crossville,Cumberland,TN,35.9487,-85.0269,,,,2024-09-11,2026-09-09,https://www.compute-atlas.com/facilities/cleanspark-west-crossville-tn,3,https://www.prnewswire.com/news-releases/cleanspark-to-add-5-ehs-and-increase-2024-guidance-with-acquisition-of-seven-additional-bitcoin-mining-facilities-in-tennessee-302244673.html
cleanspark-wiggins-ms,CleanSpark Wiggins Bitcoin Mining Facility,"CleanSpark, Inc.",crypto_mining,operational,,confirmed,Wiggins,Stone,MS,30.8508,-89.1284,,,,2024-02-06,2026-09-09,https://www.compute-atlas.com/facilities/cleanspark-wiggins-ms,4,https://www.sec.gov/Archives/edgar/data/827876/000095017024011571/clsk-20240202.htm
cleanspark-winfield-tn,CleanSpark Winfield Bitcoin Mining Facility,"CleanSpark, Inc.",crypto_mining,operational,,confirmed,Winfield,Scott,TN,36.5619,-84.4506,,,,2024-09-11,2026-09-09,https://www.compute-atlas.com/facilities/cleanspark-winfield-tn,3,https://www.prnewswire.com/news-releases/cleanspark-to-add-5-ehs-and-increase-2024-guidance-with-acquisition-of-seven-additional-bitcoin-mining-facilities-in-tennessee-302244673.html
cleco-rapides-parish-gas-plant-la,Cleco Rapides Parish Combustion Turbine (756 MW),Cleco Power,power_generation,proposed,,reported,,Rapides,LA,31.3905,-92.6693,,756,Applied Digital Corporation,2026-07-01,2026-09-03,https://www.compute-atlas.com/facilities/cleco-rapides-parish-gas-plant-la,3,http://thehayride.com/2026/07/cleco-plans-756-mw-gas-plant-alongside-rapides-data-center/
clenera-wapello-solar-ia,Wapello Solar,Clēnera,power_generation,operational,,confirmed,,Louisa County,IA,41.1530814,-91.175855,100,,,,2026-09-16,https://www.compute-atlas.com/facilities/clenera-wapello-solar-ia,2,https://www.prweb.com/releases/clenera-s-wapello-solar-project-reaches-commercial-operation-861926437.html
cloudburst-oklahoma-city-campus-ok,CloudBurst Oklahoma City Campus,CloudBurst Data Centers,data_center,under_construction,likely,reported,Oklahoma City,Oklahoma,OK,35.4676,-97.5164,,200,,,2026-09-14,https://www.compute-atlas.com/facilities/cloudburst-oklahoma-city-campus-ok,3,https://cloudburstdc.com/oklahoma-city/
cloudburst-san-marcos-tx,CloudBurst San Marcos GigaCenter,CloudBurst Data Centers,data_center,under_construction,confirmed,reported,San Marcos,Hays,TX,29.88,-97.94,,1200,,2025-11,2026-08-26,https://www.compute-atlas.com/facilities/cloudburst-san-marcos-tx,5,https://www.datacenterdynamics.com/en/news/cloudburst-breaks-ground-on-gigawatt-scale-data-center-campus-in-texas/
cloudhq-lc1-va,CloudHQ LC1,CloudHQ,data_center,operational,,reported,Ashburn,Loudoun,VA,39.0102471,-77.4626713,144,,,,2026-09-21,https://www.compute-atlas.com/facilities/cloudhq-lc1-va,3,https://www.datacentermap.com/usa/virginia/ashburn/cloudhq-lc1/
cloudhq-lc3-va,CloudHQ LC3,CloudHQ,data_center,under_construction,,reported,Ashburn,Loudoun,VA,39.0112123,-77.4604251,,,,,2026-07-23,https://www.compute-atlas.com/facilities/cloudhq-lc3-va,3,https://cloudhq.com/campus/lc-campus/
cloudhq-manassas-mcc-va,CloudHQ Manassas MCC Campus,CloudHQ,data_center,under_construction,mixed_use,confirmed,Manassas,Prince William,VA,38.7196,-77.4982,,382,,2024,2026-08-16,https://www.compute-atlas.com/facilities/cloudhq-manassas-mcc-va,4,https://cloudhq.com/campus/mcc-campus/
cloudhq-mount-prospect-ord-il,CloudHQ Mount Prospect (ORD) Campus,CloudHQ,data_center,under_construction,,confirmed,Mount Prospect,Cook,IL,42.055,-87.935,,,,2022,2026-09-10,https://www.compute-atlas.com/facilities/cloudhq-mount-prospect-ord-il,5,https://www.datacenterdynamics.com/en/news/cloudhq-breaks-ground-on-15-million-sq-ft-campus-in-mount-prospect-illinois/
cloudhq-msp-campus-chaska-mn,CloudHQ MSP Campus (Chaska),CloudHQ,data_center,permitted,,confirmed,Chaska,Carver,MN,44.81068,-93.63557,,200,,,2026-09-18,https://www.compute-atlas.com/facilities/cloudhq-msp-campus-chaska-mn,3,https://cloudhq.com/campus/msp-campus/
cloverleaf-bluestem-tonganoxie-ks,Project Bluestem,Cloverleaf Infrastructure,data_center,proposed,,reported,Tonganoxie,Leavenworth,KS,39.1097,-95.0877,,1200,,,2026-09-23,https://www.compute-atlas.com/facilities/cloverleaf-bluestem-tonganoxie-ks,5,https://bluestemdatacenter.com/
cloverleaf-carlton-kewaunee-county-wi,Cloverleaf Carlton Data Center Site (Kewaunee County),Cloverleaf Infrastructure,data_center,cancelled,,reported,Carlton,Kewaunee,WI,44.35,-87.58,,,,,2026-09-01,https://www.compute-atlas.com/facilities/cloverleaf-carlton-kewaunee-county-wi,1,https://wisconsinwatch.org/2026/01/wisconsin-data-center-kewaunee-county-town-carlton-cloverleaf-nuclear-power/
cloverleaf-cherry-blossom-frenchtown-mi,Project Cherry Blossom,Cloverleaf Infrastructure,data_center,proposed,,confirmed,Frenchtown Township,Monroe,MI,41.988,-83.386,,,,,2026-09-09,https://www.compute-atlas.com/facilities/cloverleaf-cherry-blossom-frenchtown-mi,2,https://cherryblossomdatacenter.com/faqs/
cloverleaf-ironwood-dundee-township-mi,Project Ironwood,Cloverleaf Infrastructure,data_center,cancelled,,confirmed,Dundee,Monroe,MI,41.9319902,-83.6371591,,,,2025-07-21,2026-09-14,https://www.compute-atlas.com/facilities/cloverleaf-ironwood-dundee-township-mi,3,https://ironwooddatacenter.com/faqs/
cloverleaf-project-open-sky-piedmont-ok,Cloverleaf Project Open Sky,Cloverleaf Infrastructure,data_center,proposed,,reported,Piedmont,Canadian,OK,35.7,-97.8,,1500,,,2026-09-14,https://www.compute-atlas.com/facilities/cloverleaf-project-open-sky-piedmont-ok,6,https://www.datacenterdynamics.com/en/news/powered-land-company-cloverleaf-proposing-633-acre-data-center-in-canadian-county-oklahoma/
cloverleaf-pumpkin-technology-campus-harlem-ga,Pumpkin Technology Campus,"Cloverleaf Infrastructure (applicant Piedmont DevCo LLC), with Pumpkin Center Properties / the Prather Company",data_center,permitted,,confirmed,Harlem,Columbia,GA,33.4145834,-82.3126237,,,,2025-12,2026-09-23,https://www.compute-atlas.com/facilities/cloverleaf-pumpkin-technology-campus-harlem-ga,3,https://theaugustapress.com/data-center-project-proposed-along-appling-harlem-road/
cloverleaf-red-clay-lowndes-al,Project Red Clay,Cloverleaf Infrastructure,data_center,proposed,likely,confirmed,,Lowndes,AL,32.2700221,-86.5128035,,1500,,,2026-09-28,https://www.compute-atlas.com/facilities/cloverleaf-red-clay-lowndes-al,7,https://redclaydatacenter.com/
cloverleaf-troy-il,Cloverleaf Troy Data Center Campus,Cloverleaf Infrastructure,data_center,proposed,,reported,Troy,Madison,IL,38.719,-89.913,,500,,,2026-09-12,https://www.compute-atlas.com/facilities/cloverleaf-troy-il,2,https://www.troyil.us/DocumentCenter/View/2026/20260107-Troy-Informative-Slides---No-Site
cloverleaf-troy-mo,Cloverleaf Troy Campus,Cloverleaf Infrastructure,data_center,proposed,likely,reported,Troy,Lincoln,MO,38.9784,-90.9832,,500,,,2026-07-07,https://www.compute-atlas.com/facilities/cloverleaf-troy-mo,1,https://www.blackridgeresearch.com/blog/latest-list-new-ai-proposed-upcoming-data-center-projects-missouri-usa
cloverleaf-wrightstown-village-wi,Cloverleaf Wrightstown Data Center Inquiry (Village of Wrightstown),Cloverleaf Infrastructure,data_center,proposed,,reported,Wrightstown,Brown,WI,44.3269,-88.1631,,,,2026-01,2026-09-01,https://www.compute-atlas.com/facilities/cloverleaf-wrightstown-village-wi,2,https://spectrumnews1.com/wi/milwaukee/news/2026/06/01/data-center-wrightstown-meeting
cnx-zediker-station-south-strabane-washington-county-pa,Zediker Station Data Center Site,CNX Resources,data_center,proposed,,reported,South Strabane Township,Washington,PA,40.156,-80.19,,,,2025-10-20,2026-09-10,https://www.compute-atlas.com/facilities/cnx-zediker-station-south-strabane-washington-county-pa,1,https://www.jll.com/en-us/newsroom/jll-announces-major-data-center-development-site-in-washington
coachella-valley-technology-campus-ca,Coachella Valley Technology Campus,Stronghold Power Systems,data_center,cancelled,,reported,Coachella,Riverside,CA,33.671181,-116.169492,,270,,2026-02-11,2026-09-21,https://www.compute-atlas.com/facilities/coachella-valley-technology-campus-ca,10,https://www.nbcpalmsprings.com/2026/05/12/coachella-residents-pack-town-hall-over-proposed-ai-data-center-raising-alarms-about-water-power-costs-and-transparency
cobalt-cheyenne-las-vegas-nv,Cobalt Cheyenne Data Center,Cobalt Data Centers,data_center,operational,,reported,Las Vegas,Clark,NV,36.2183822,-115.26296,5.5,,,2013-02-07,2026-09-11,https://www.compute-atlas.com/facilities/cobalt-cheyenne-las-vegas-nv,3,https://www.datacenterknowledge.com/business/cobalt-opens-cheyenne-data-center-in-las-vegas
cogent-650-poydras-new-orleans-la,Cogent Communications New Orleans (650 Poydras),Cogent Communications,data_center,operational,,confirmed,New Orleans,Orleans,LA,29.9496125,-90.0699355,0.75,,,,2026-09-15,https://www.compute-atlas.com/facilities/cogent-650-poydras-new-orleans-la,4,https://baxtel.com/data-center/new-orleans
cogent-akron-summit-county-oh,Cogent Data Center Akron,Cogent Communications,data_center,operational,,confirmed,Akron,Summit,OH,41.0876,-81.5183,5,,,,2026-08-02,https://www.compute-atlas.com/facilities/cogent-akron-summit-county-oh,4,https://www.cogentco.com/en/cogent-cleveland/471-akron-dc
cogent-cheyenne-114-w-10th-wy,Cogent Cheyenne Data Center,Cogent Communications,data_center,operational,,confirmed,Cheyenne,Laramie,WY,41.1278101,-104.8110116,2.5,,,,2026-09-02,https://www.compute-atlas.com/facilities/cogent-cheyenne-114-w-10th-wy,1,https://www.cogentco.com/files/docs/wholesale_colocation/Cheyenne_Wholesale_2025.pdf
cogent-elkridge-howard-md,Cogent Data Center – Elkridge,Cogent Communications,data_center,operational,,confirmed,Elkridge,Howard,MD,39.204016181007,-76.711386050454,,,,,2026-09-13,https://www.compute-atlas.com/facilities/cogent-elkridge-howard-md,1,https://www.cogentco.com/files/docs/network/colocation/Elkridge_Data_Center_Brochure.pdf
cogent-oklahoma-city-ok,Cogent Oklahoma City Data Center,Cogent Communications,data_center,operational,,reported,Oklahoma City,Oklahoma,OK,35.4676,-97.5164,,,,,2026-09-02,https://www.compute-atlas.com/facilities/cogent-oklahoma-city-ok,2,https://www.news9.com/oklahoma-city-news/where-are-data-centers-are-being-built-oklahoma-list
cogent-orlando-wewahootee-fl,Cogent Orlando Data Center,Cogent Communications,data_center,operational,,reported,Orlando,Orange,FL,28.424645,-81.121894,,,,,2026-09-21,https://www.compute-atlas.com/facilities/cogent-orlando-wewahootee-fl,1,https://www.cogentco.com/en/cogent-orlando/475-orlando-dc
cogent-washington-dc-2-1050-connecticut-ave-dc,Cogent Washington DC 2 Data Center,Cogent Communications,data_center,operational,,reported,Washington,District of Columbia,DC,38.903131,-77.039741,,,,,2026-10-01,https://www.compute-atlas.com/facilities/cogent-washington-dc-2-1050-connecticut-ave-dc,5,https://www.cogentco.com/en/cogent-dc
cognovum-trumbull-ct,CogNovum Data Center (80 Merritt Boulevard),CogNovum,data_center,operational,mixed_use,confirmed,Trumbull,,CT,41.2407281,-73.1474121,6.75,,,,2026-09-30,https://www.compute-atlas.com/facilities/cognovum-trumbull-ct,8,https://finance.yahoo.com/sectors/technology/articles/trumbull-data-center-eyed-ai-100000924.html
coinmint-massena-ny,Coinmint (Massena East / former Alcoa Smelter),Coinmint,crypto_mining,operational,,reported,Massena,St. Lawrence,NY,44.977701,-74.732659,166,435,,,2026-09-10,https://www.compute-atlas.com/facilities/coinmint-massena-ny,5,https://theminermag.com/news/2024-11-21/miner-weekly-coinmint-nydig-bitcoin
coinmint-plattsburgh-ny,Coinmint Plattsburgh (Skyway Plaza),Coinmint,crypto_mining,operational,,reported,Plattsburgh,Clinton,NY,44.680538,-73.451475,10,,,,2026-09-10,https://www.compute-atlas.com/facilities/coinmint-plattsburgh-ny,1,https://www.gem.wiki/Coinmint_Clinton_county_facility
colocation-america-sfdc1-san-francisco-ca,Colocation America SFDC1 (200 Paul Avenue),Colocation America,data_center,operational,,confirmed,San Francisco,San Francisco,CA,37.7234595,-122.3979578,,,,,2026-09-12,https://www.compute-atlas.com/facilities/colocation-america-sfdc1-san-francisco-ca,1,https://cloudandcolocation.com/datacenters/colocation-america-san-francisco-data-center-1/
colocrossing-buf1-buffalo-ny,"ColoCrossing BUF1, Buffalo",ColoCrossing,data_center,operational,,confirmed,Buffalo,Erie,NY,42.8930043,-78.8752659,1.44,,,,2026-09-14,https://www.compute-atlas.com/facilities/colocrossing-buf1-buffalo-ny,3,https://www.colocrossing.com/datacenter/buffalo-ny
colocsx-jacksonville-fl,ColoCSX (CSX Data Center),ColoCSX (CSX Transportation),data_center,operational,,reported,Jacksonville,Duval,FL,30.1988,-81.5812,6,,,,2026-08-02,https://www.compute-atlas.com/facilities/colocsx-jacksonville-fl,5,https://www.csx.com/index.cfm/about-us/company-overview/colocation-services/
cologix-ash1-va,Cologix ASH1,Cologix,data_center,operational,,reported,Ashburn,Loudoun,VA,39.0179257,-77.4595164,,,,,2026-09-21,https://www.compute-atlas.com/facilities/cologix-ash1-va,4,https://cologix.com/data-centers/ashburn/ash1/
cologix-cedar-falls-ia,Cologix DSM2 (Cedar Falls),Cologix,data_center,operational,,confirmed,Cedar Falls,Black Hawk,IA,42.5347,-92.4453,1,,,2024-06-05,2026-09-21,https://www.compute-atlas.com/facilities/cologix-cedar-falls-ia,1,https://cologix.com/data-centers/des-moines/dsm2/
cologix-cedar-knolls-campus-nj,Cologix Cedar Knolls Campus,Cologix,data_center,operational,,confirmed,Cedar Knolls,Morris,NJ,40.81995,-74.427986,,,,,2026-09-12,https://www.compute-atlas.com/facilities/cologix-cedar-knolls-campus-nj,1,https://cologix.com/data-centers/new-jersey/
cologix-col1-columbus-oh,Cologix COL1 (Columbus),Cologix,data_center,operational,,confirmed,Columbus,Franklin,OH,40.1164761,-83.0021667,,,,,2026-08-27,https://www.compute-atlas.com/facilities/cologix-col1-columbus-oh,2,https://cologix.com/data-centers/columbus/
cologix-col2-columbus-oh,Cologix COL2 (Columbus),Cologix,data_center,operational,,confirmed,Columbus,Franklin,OH,40.1164691,-83.0020077,,,,,2026-08-27,https://www.compute-atlas.com/facilities/cologix-col2-columbus-oh,2,https://cologix.com/data-centers/columbus/
cologix-col3-columbus-oh,Cologix COL3 (Columbus),Cologix,data_center,operational,,confirmed,Columbus,Franklin,OH,40.1164586,-83.0017691,18,,,,2026-08-27,https://www.compute-atlas.com/facilities/cologix-col3-columbus-oh,2,https://cologix.com/data-centers/columbus/
cologix-col4-columbus-oh,Cologix COL4 (Columbus),Cologix,data_center,operational,,reported,Columbus,Franklin,OH,40.1178254,-83.0007799,,,,,2026-08-27,https://www.compute-atlas.com/facilities/cologix-col4-columbus-oh,1,https://cologix.com/data-centers/columbus/
cologix-col5-orange-township-delaware-county-oh,Cologix COL5,Cologix,data_center,under_construction,,confirmed,Lewis Center,Delaware,OH,40.190863,-83.011113,,75,,,2026-09-21,https://www.compute-atlas.com/facilities/cologix-col5-orange-township-delaware-county-oh,6,https://signalcleveland.org/ohio-approves-last-data-center-exemption-before-moratorium/
cologix-des-moines-ia,Cologix DSM1 (Financial Center),Cologix,data_center,operational,,confirmed,Des Moines,Polk,IA,41.5868,-93.625,0.6,,,2024-06-05,2026-08-08,https://www.compute-atlas.com/facilities/cologix-des-moines-ia,1,https://cologix.com/news/cologix-expands-footprint-acquisition-two-data-centers-iowa-including-des-moines-carrier-hotel/
cologix-dsm3-altoona-ia,Cologix DSM3 Altoona,Cologix,data_center,proposed,,reported,Altoona,Polk County,IA,41.6633344,-93.5030853,,,,2024-09,2026-09-16,https://www.compute-atlas.com/facilities/cologix-dsm3-altoona-ia,1,https://www.businessrecord.com/growth-of-data-centers-in-iowa/
cologix-jax1-fl,Cologix JAX1,Cologix,data_center,operational,,reported,Jacksonville,Duval,FL,30.3314298,-81.6624257,,,,,2026-09-21,https://www.compute-atlas.com/facilities/cologix-jax1-fl,2,https://cologix.com/data-centers/jacksonville/jax1/
cologix-jax2-jacksonville-fl,Cologix JAX2,Cologix,data_center,operational,,confirmed,Jacksonville,Duval,FL,30.273221,-81.613866,,,,,2026-09-21,https://www.compute-atlas.com/facilities/cologix-jax2-jacksonville-fl,2,https://cologix.com/data-centers/jacksonville/jax2/
cologix-johnstown-oh,Cologix Johnstown AI-Ready Campus,Cologix,data_center,under_construction,likely,confirmed,Johnstown,Licking,OH,40.15,-82.68,,800,,,2026-07-26,https://www.compute-atlas.com/facilities/cologix-johnstown-oh,4,https://cologix.com/news/cologix-expands-central-ohio-footprint-with-land-acquisition-for-new-ai-ready-800mw-data-center-campus/
cologix-lak1-lakeland-fl,Cologix LAK1 — Lakeland,Cologix,data_center,operational,,confirmed,Lakeland,Polk,FL,28.079624,-81.975179,,,,,2026-09-14,https://www.compute-atlas.com/facilities/cologix-lak1-lakeland-fl,2,https://cologix.com/data-centers/lakeland/lak1/
cologix-minneapolis-511-building-mn,"Cologix Minneapolis (511 Building, MIN1–MIN5)","Cologix, Inc.",data_center,operational,,confirmed,Minneapolis,Hennepin,MN,44.971127,-93.2546167,,,,,2026-09-18,https://www.compute-atlas.com/facilities/cologix-minneapolis-511-building-mn,4,https://cologix.com/data-centers/minneapolis/
cologix-nnj3-parsippany-nj,Cologix NNJ3,Cologix,data_center,operational,,confirmed,Parsippany,Morris,NJ,40.859636,-74.423348,,,,,2026-09-12,https://www.compute-atlas.com/facilities/cologix-nnj3-parsippany-nj,1,https://cologix.com/data-centers/new-jersey/
cologix-sv1-ca,Cologix SV1,Cologix,data_center,operational,,reported,Santa Clara,Santa Clara,CA,37.3654018,-121.9616726,9,,,,2026-07-23,https://www.compute-atlas.com/facilities/cologix-sv1-ca,3,https://cologix.com/data-centers/silicon-valley/sv1/
colospace-bedford-nh,ColoSpace Bedford Data Center,"ColoSpace, Inc.",data_center,operational,,reported,Bedford,Hillsborough,NH,42.9281915,-71.4638354,,,,,2026-09-12,https://www.compute-atlas.com/facilities/colospace-bedford-nh,2,https://datacentercatalog.com/usa/colospace-data-center-bedford
colovore-reno-1-storey-county-nv,Colovore Reno 1 (RN01),Colovore,data_center,under_construction,confirmed,confirmed,McCarran,Storey,NV,39.5341121,-119.4771513,,,,2025-12,2026-09-24,https://www.compute-atlas.com/facilities/colovore-reno-1-storey-county-nv,7,https://ndep.nv.gov/uploads/documents/ap7374-5002-directors-review.pdf
coloxchange-north-las-vegas-nv,ColoXchange Las Vegas Data Center,ColoXchange,data_center,operational,,reported,North Las Vegas,Clark,NV,36.231699,-115.102555,,,,,2026-09-24,https://www.compute-atlas.com/facilities/coloxchange-north-las-vegas-nv,2,https://www.leg.state.nv.us/App/InterimCommittee/REL/Document/33075
comanche-circle-sailfish-hood-county-tx,Comanche Circle,Sailfish Digital Ventures (SDV),data_center,proposed,likely,reported,Tolar,Hood,TX,32.35,-97.83,,2000,,,2026-08-16,https://www.compute-atlas.com/facilities/comanche-circle-sailfish-hood-county-tx,3,https://www.datacenterdynamics.com/en/news/sailfish-plans-multi-gigawatt-data-center-park-outside-dfw-texas/
comanche-peak-nuclear-somervell-county-tx,Comanche Peak Nuclear Power Plant (AWS PPA),Vistra,power_generation,operational,,confirmed,Glen Rose,Somervell,TX,32.2983,-97.785,2400,1200,Amazon (AWS),2025-09-29,2026-08-16,https://www.compute-atlas.com/facilities/comanche-peak-nuclear-somervell-county-tx,3,https://world-nuclear-news.org/articles/ppas-support-extended-operations-at-vistra-plants
comcast-clinton-edge-data-center-nj,Comcast Clinton Data Center (92 W. Main Street),Comcast Cable,data_center,proposed,,reported,Clinton,Hunterdon,NJ,40.632509,-74.919176,,,,2025-08,2026-09-21,https://www.compute-atlas.com/facilities/comcast-clinton-edge-data-center-nj,1,https://servercountry.org/data/projects/comcast-clinton-data-center-nj/
compass-datacenters-loudoun-county-i-true-north-va,"Compass Datacenters Loudoun County I (""True North"")",Compass Datacenters,data_center,operational,,reported,Leesburg,Loudoun,VA,39.0436134,-77.5372623,,,,,2026-07-26,https://www.compute-atlas.com/facilities/compass-datacenters-loudoun-county-i-true-north-va,2,https://datacenterhawk.com/marketplace/providers/compass-datacenters/20632-sycolin-road/loudoun-county-i
compass-goodyear-campus-az,Compass Datacenters Goodyear Campus,Compass Datacenters,data_center,operational,,confirmed,Goodyear,Maricopa,AZ,33.4354446,-112.3756856,72,350,,,2026-09-10,https://www.compute-atlas.com/facilities/compass-goodyear-campus-az,2,https://www.compassdatacenters.com/news/compass-datacenters-begins-construction-of-first-two-data-centers-on-phoenix-campus/
compass-hoffman-estates-il,Compass Datacenters Hoffman Estates Campus,Compass Datacenters,data_center,under_construction,,confirmed,Hoffman Estates,Cook,IL,42.0770709,-88.2175155,,,,2024-06-13,2026-09-21,https://www.compute-atlas.com/facilities/compass-hoffman-estates-il,2,https://www.compassdatacenters.com/news/compass-kicks-off-development-of-its-first-hyperscale-campus-in-illinois/
compass-lauderdale-meridian-ms,Compass Datacenters Lauderdale County Hyperscale Campus,Compass Datacenters,data_center,under_construction,likely,confirmed,Meridian,Lauderdale,MS,32.3644,-88.7037,,500,,2025-01-09,2026-09-22,https://www.compute-atlas.com/facilities/compass-lauderdale-meridian-ms,9,https://mississippi.org/news/compass-datacenters-project-generates-10-billion-investment-in-lauderdale-county/
compass-red-oak-tx,Red Oak Campus,Compass Datacenters,data_center,proposed,,reported,Red Oak,Ellis,TX,32.537981,-96.804371,,,,,2026-07-26,https://www.compute-atlas.com/facilities/compass-red-oak-tx,2,https://www.datacenterdynamics.com/en/news/compass-datacenters-looks-to-expand-red-oak-campus/
compass-statesville-nc,Compass Statesville Campus,Compass Datacenters,data_center,proposed,likely,confirmed,Statesville,Iredell,NC,35.7826,-80.8873,,500,,2025-09,2026-09-24,https://www.compute-atlas.com/facilities/compass-statesville-nc,5,https://www.datacenterdynamics.com/en/news/compass-datacenters-proposes-333-acre-campus-in-statesville-north-carolina/
connect-data-centers-albuquerque-nm,Connect Albuquerque (Westpointe 40),Connect Data Centers (Oppidan Investment Company),data_center,operational,,reported,Albuquerque,Bernalillo,NM,35.0881581,-106.7353893,10,,,2025-04,2026-09-10,https://www.compute-atlas.com/facilities/connect-data-centers-albuquerque-nm,3,https://baxtel.com/data-center/connect-data-centers-albuquerque-nm
connect-data-centers-eagan-mn,Connect Data Centers – Eagan (powered by Oppidan),Oppidan Investment Company,data_center,under_construction,,confirmed,Eagan,Dakota,MN,44.8278868,-93.1108726,,,,,2026-09-10,https://www.compute-atlas.com/facilities/connect-data-centers-eagan-mn,3,https://baxtel.com/data-center/connect-data-centers-eagan-mn
connect-data-centers-oppidan-memphis-tn,Connect Data Centers Memphis (3900 S. Mendenhall Road),Connect Data Centers (Oppidan Investment Company),data_center,operational,,reported,Memphis,Shelby,TN,35.034212,-89.884694,,,,2023-05-05,2026-09-21,https://www.compute-atlas.com/facilities/connect-data-centers-oppidan-memphis-tn,2,https://baxtel.com/news/oppidan-submits-paperwork-for-a-99-000-sq-ft-data-center-in-memphis-tennessee
connect-data-centers-reno-north-valleys-nv,Connect Reno Data Center (Oppidan North Valleys),Connect Data Centers (Oppidan Investment Company),data_center,permitted,,reported,Reno,Washoe,NV,39.612118,-119.87322,,5,,2024-12,2026-09-24,https://www.compute-atlas.com/facilities/connect-data-centers-reno-north-valleys-nv,4,https://nevbex.com/2024/12/10/5mw-data-center-planned-near-reno/
consolidated-communications-manchester-nh,Consolidated Communications Manchester Data Center,Consolidated Communications,data_center,operational,,confirmed,Manchester,Hillsborough,NH,42.9890144,-71.4636547,,,,,2026-09-12,https://www.compute-atlas.com/facilities/consolidated-communications-manchester-nh,2,https://baxtel.com/data-center/consolidated-manchester
constellation-calvert-cliffs-new-nuclear-md,Calvert Cliffs New Nuclear Expansion,Constellation Energy,power_generation,proposed,,reported,Lusby,Calvert,MD,38.4322,-76.4419,,2000,,2025-11-04,2026-08-26,https://www.compute-atlas.com/facilities/constellation-calvert-cliffs-new-nuclear-md,2,https://www.constellationenergy.com/news/2025/11/constellation-offers-maryland-a-menu-of-new-generation-options-to-meet-rising-demand.html
constellation-clinton-clean-energy-center-il,Clinton Clean Energy Center,Constellation Energy,power_generation,operational,,confirmed,Clinton,DeWitt,IL,40.1722,-88.8342,1080,1121,Meta,2025-06,2026-08-03,https://www.compute-atlas.com/facilities/constellation-clinton-clean-energy-center-il,4,https://www.constellationenergy.com/news/2025/constellation-meta-sign-20-year-deal-for-clean-reliable-nuclear-energy-in-illinois.html
construction-partners-dothan-al,Construction Partners Corporate Headquarters and Data Processing Center,"Construction Partners, Inc.",data_center,proposed,,reported,Dothan,Houston,AL,31.2237285,-85.3934375,,,,2026-03-19,2026-09-15,https://www.compute-atlas.com/facilities/construction-partners-dothan-al,1,https://www.madeinalabama.com/2026/03/construction-partners-to-invest-20-million-in-new-dothan-headquarters/
continent-8-atlantic-city-convention-center-nj,Continent 8 Atlantic City (Convention Center),Continent 8 Technologies,data_center,operational,,reported,Atlantic City,Atlantic,NJ,39.3630994,-74.4385634,,,,,2026-09-21,https://www.compute-atlas.com/facilities/continent-8-atlantic-city-convention-center-nj,3,https://www.continent8.com/everything-to-know-about-the-new-data-center-in-atlantic-city/
continent-8-west-virginia-dc1-south-charleston-wv,Continent 8 West Virginia DC1,Continent 8 Technologies,data_center,operational,,reported,South Charleston,Kanawha,WV,38.368429,-81.69957,,,,,2026-09-22,https://www.compute-atlas.com/facilities/continent-8-west-virginia-dc1-south-charleston-wv,2,https://www.continent8.com/continent-8-technologies-doubles-down-in-west-virginia/
continent-8-west-virginia-dc2-petersburg-grant-county-wv,Continent 8 West Virginia DC2,Continent 8 Technologies,data_center,operational,,reported,Petersburg,Grant,WV,38.9924886,-79.123975,,,,,2026-09-22,https://www.compute-atlas.com/facilities/continent-8-west-virginia-dc2-petersburg-grant-county-wv,2,https://www.continent8.com/continent-8-technologies-doubles-down-in-west-virginia/
convergent-technology-park-remington-fauquier-va,Convergent Technology Park,Convergent VA LLC,data_center,proposed,,reported,Remington,Fauquier,VA,38.55073067963831,-77.8046447409979,,,,,2026-07-26,https://www.compute-atlas.com/facilities/convergent-technology-park-remington-fauquier-va,4,https://www.fauquiernow.com/news/data-center-database-where-projects-stand-across-fauquier-county/article_18be50e8-49f6-11ef-95cf-3b45407fea55.html
copia-griffin-energy-stanfield-az,Griffin Energy Project,Copia Power,power_generation,proposed,,reported,,Pinal,AZ,32.85,-111.92,,1050,W Holdings (Energy Generation and Technology Campus),,2026-09-10,https://www.compute-atlas.com/facilities/copia-griffin-energy-stanfield-az,2,https://azbex.com/planning-development/pinal-pz-advances-energy-project-for-data-center/
copia-maricopa-energy-center-harquahala-az,Maricopa Energy Center,Copia Power,power_generation,under_construction,,confirmed,,Maricopa County,AZ,33.5136112,-113.1797958,,550,Arizona Public Service (APS),,2026-09-23,https://www.compute-atlas.com/facilities/copia-maricopa-energy-center-harquahala-az,3,https://www.energy-storage.news/copia-closes-on-us171-billion-for-2200mwh-arizona-centre/
copt-defense-properties-van-meter-ia,COPT Defense Van Meter Data Center Shell Site,COPT Defense Properties,data_center,proposed,,reported,Van Meter,Dallas,IA,41.5031,-93.9469,,1000,,2024-09,2026-09-10,https://www.compute-atlas.com/facilities/copt-defense-properties-van-meter-ia,2,https://investors.copt.com/news-events/press-releases/detail/516/copt-defense-acquires-land-for-data-center-shell
cordelio-crossover-wind-cross-county-ar,Crossover Wind,Cordelio Power,power_generation,operational,,confirmed,,Cross,AR,35.3001216,-90.7750181,135,,Microsoft,,2026-09-15,https://www.compute-atlas.com/facilities/cordelio-crossover-wind-cross-county-ar,3,https://www.prnewswire.com/news-releases/cordelio-power-achieves-commercial-operations-at-135-mw-crossover-wind-project-the-first-operating-wind-project-in-arkansas-302618392.html
core-scientific-auburn-al,Core Scientific Auburn Data Center (AUBix),Core Scientific,data_center,under_construction,likely,confirmed,Auburn,Lee,AL,32.6089,-85.4879,,16,,,2026-09-28,https://www.compute-atlas.com/facilities/core-scientific-auburn-al,7,https://investors.corescientific.com/news-events/press-releases/detail/107/core-scientific-announces-expansion-into-auburn-alabama-with-new-high-performance-computing-facility
core-scientific-austin-tx,Core Scientific Austin Data Center (Austin 1),Core Scientific,data_center,operational,confirmed,confirmed,Austin,Travis,TX,30.214,-97.622,16,200,,,2026-09-21,https://www.compute-atlas.com/facilities/core-scientific-austin-tx,3,https://www.businesswire.com/news/home/20240603752657/en/Core-Scientific-to-Provide-Approximately-200-MW-of-Infrastructure-to-Host-CoreWeave%E2%80%99s-High-Performance-Computing-Services-Capturing-Significant-AI-Compute-Opportunity
core-scientific-calvert-city-ky,"Core Scientific Calvert City Data Center (Calvert 1, 2 & 3)",Core Scientific,crypto_mining,operational,,confirmed,Calvert City,Marshall,KY,37.0328,-88.3527,150,,,,2026-08-03,https://www.compute-atlas.com/facilities/core-scientific-calvert-city-ky,4,https://www.areadevelopment.com/newsitems/11-14-2019/core-scientific-calvert-city-kentucky.shtml
core-scientific-denton-tx,Core Scientific Denton Data Center (Denton 1),Core Scientific,data_center,under_construction,confirmed,confirmed,Denton,Denton,TX,33.1932,-97.1276,,260,,,2026-08-16,https://www.compute-atlas.com/facilities/core-scientific-denton-tx,3,https://investors.corescientific.com/news-events/press-releases/detail/110/core-scientific-and-coreweave-announce-1-2-billion-expansion-at-denton-tx-site
core-scientific-grand-forks-nd,Core Scientific Grand Forks Data Center (Grand Forks 1),Core Scientific,crypto_mining,operational,,confirmed,Grand Forks,Grand Forks,ND,47.8912,-97.0434,100,,,,2026-08-03,https://www.compute-atlas.com/facilities/core-scientific-grand-forks-nd,3,https://www.areadevelopment.com/newsitems/5-7-2021/core-scientific-grand-forks-north-dakota.shtml
core-scientific-marble-cherokee-county-nc,Core Scientific Marble Data Center,Core Scientific,crypto_mining,operational,mixed_use,confirmed,Marble,Cherokee,NC,35.135,-83.924,104,65,,,2026-08-16,https://www.compute-atlas.com/facilities/core-scientific-marble-cherokee-county-nc,3,https://www.wunc.org/2026-04-10/cherokee-county-residents-were-upset-about-crypto-mines-then-came-ai
core-scientific-muskogee-ok,Core Scientific Muskogee Campus,Core Scientific,data_center,under_construction,confirmed,confirmed,Muskogee,Muskogee,OK,35.72,-95.42,70,1000,,,2026-09-14,https://www.compute-atlas.com/facilities/core-scientific-muskogee-ok,5,https://investors.corescientific.com/news-events/press-releases/detail/135/core-scientific-plans-expansion-to-1-5-gigawatts-of-gross-power-at-muskogee-oklahoma-campus
core-scientific-pecos-tx,Core Scientific Pecos AI Campus,Core Scientific,data_center,under_construction,confirmed,confirmed,Pecos,Reeves,TX,31.44,-103.58,,1500,,,2026-07-08,https://www.compute-atlas.com/facilities/core-scientific-pecos-tx,2,https://investors.corescientific.com/news-events/press-releases/detail/134/core-scientific-plans-expansion-to-1-5-gigawatts-of-gross-power-at-pecos-texas-campus
core-scientific-quinlan-tx,Telios Quinlan Campus,Core Scientific,data_center,proposed,,confirmed,Quinlan,Hunt,TX,32.911,-96.138,,430,,,2026-07-26,https://www.compute-atlas.com/facilities/core-scientific-quinlan-tx,3,https://www.sec.gov/Archives/edgar/data/1839341/000162828026031396/core-20260331.htm
coresite-at1-atlanta-ga-ga,"CoreSite AT1 - Atlanta, GA",CoreSite,data_center,operational,,reported,Atlanta,Fulton,GA,33.7559857,-84.3911712,,,,,2026-07-23,https://www.compute-atlas.com/facilities/coresite-at1-atlanta-ga-ga,3,https://www.coresite.com/data-center/at1-atlanta-ga
coresite-at2-marietta-data-center-ga,CoreSite AT2 - Marietta Data Center,CoreSite,data_center,operational,,reported,Marietta,Cobb,GA,33.9255145,-84.4816338,,,,,2026-07-23,https://www.compute-atlas.com/facilities/coresite-at2-marietta-data-center-ga,2,https://www.coresite.com/data-center/at2-atlanta-ga
coresite-bo1-boston-ma-ma,"CoreSite BO1 - Boston, MA",CoreSite,data_center,operational,likely,reported,Somerville,Middlesex,MA,42.3767059,-71.0797577,,,,,2026-09-15,https://www.compute-atlas.com/facilities/coresite-bo1-boston-ma-ma,4,https://www.coresite.com/data-centers/locations
coresite-bowers-santa-clara-ca,CoreSite Bowers Data Center,CoreSite,data_center,permitted,likely,confirmed,Santa Clara,Santa Clara,CA,37.389,-121.974,,72,,2024-08,2026-09-14,https://www.compute-atlas.com/facilities/coresite-bowers-santa-clara-ca,6,https://www.datacenterdynamics.com/en/news/gi-partners-secures-planning-permission-for-72mw-data-center-in-santa-clara-california/
coresite-ch1-chicago-il,CoreSite CH1,CoreSite,data_center,operational,,confirmed,Chicago,Cook,IL,41.8763329,-87.6314808,,,,,2026-08-31,https://www.compute-atlas.com/facilities/coresite-ch1-chicago-il,2,https://www.coresite.com/data-center/ch1-chicago-il
coresite-ch2-chicago-il,CoreSite CH2,CoreSite,data_center,operational,,confirmed,Chicago,Cook,IL,41.8628,-87.6413029,18,,,,2026-08-31,https://www.compute-atlas.com/facilities/coresite-ch2-chicago-il,1,https://www.coresite.com/data-center/ch2-chicago-il
coresite-dc1-washington-d-c-dc,"CoreSite DC1 - Washington, D.C.",CoreSite,data_center,operational,,reported,Washington,District of Columbia,DC,38.9028879,-77.0291491,,,,,2026-10-01,https://www.compute-atlas.com/facilities/coresite-dc1-washington-d-c-dc,4,https://www.coresite.com/data-center/dc1-washington-d-c
coresite-dc2-washington-d-c-dc,"CoreSite DC2 - Washington, D.C.",CoreSite,data_center,operational,,reported,Washington,District of Columbia,DC,38.903679,-77.031877,,,,,2026-10-01,https://www.compute-atlas.com/facilities/coresite-dc2-washington-d-c-dc,5,https://www.coresite.com/data-center/dc2-washington-d-c
coresite-de1-denver-co,CoreSite DE1 (910 15th Street),CoreSite,data_center,operational,,reported,Denver,Denver,CO,39.745646,-104.995336,,,,,2026-09-30,https://www.compute-atlas.com/facilities/coresite-de1-denver-co,1,https://www.coresite.com/data-center-locations/denver
coresite-de2-denver-co,CoreSite DE2 (639 E. 18th Avenue),CoreSite,data_center,operational,,reported,Denver,Denver,CO,39.744914,-104.979413,,,,,2026-09-30,https://www.compute-atlas.com/facilities/coresite-de2-denver-co,1,https://www.coresite.com/data-center-locations/denver
coresite-de3-denver-co,CoreSite DE3,CoreSite,data_center,under_construction,mixed_use,confirmed,Denver,Denver,CO,39.7392,-104.9903,,60,,2025-10,2026-08-26,https://www.compute-atlas.com/facilities/coresite-de3-denver-co,6,https://www.businesswire.com/news/home/20251006047627/en/CoreSite-Achieves-Key-Construction-Milestone-for-New-DE3-Data-Center-in-Denver
coresite-hillsboro-or,CoreSite Hillsboro Data Campus (HI1/HI2),CoreSite,data_center,proposed,,reported,Hillsboro,Washington,OR,45.5594015,-122.9522867,,,,,2026-09-05,https://www.compute-atlas.com/facilities/coresite-hillsboro-or,1,https://hillsboroherald.com/coresite-proposes-massive-multi-story-hillsboro-data-campus-opposite-county-homes-and-over-wetlands-a-showdown-is-brewing/
coresite-la1-los-angeles-ca,CoreSite LA1 (One Wilshire),CoreSite,data_center,operational,,reported,Los Angeles,Los Angeles,CA,34.0478871,-118.2555541,,,,,2026-08-02,https://www.compute-atlas.com/facilities/coresite-la1-los-angeles-ca,4,https://www.coresite.com/data-center/la1-los-angeles-ca
coresite-la2-los-angeles-ca-ca,"CoreSite LA2 - Los Angeles, CA",CoreSite,data_center,operational,likely,reported,Los Angeles,Los Angeles,CA,34.0584789,-118.2359144,,,,,2026-07-24,https://www.compute-atlas.com/facilities/coresite-la2-los-angeles-ca-ca,3,https://www.coresite.com/data-center/la2-los-angeles-ca
coresite-mi1-miami-fl,CoreSite MI1 — Miami,CoreSite,data_center,operational,,confirmed,Miami,Miami-Dade,FL,25.797548,-80.230038,,,,,2026-09-14,https://www.compute-atlas.com/facilities/coresite-mi1-miami-fl,2,https://www.coresite.com/data-center/mi1-miami-fl
coresite-mi2-doral-fl,CoreSite MI2 — Doral,CoreSite,data_center,operational,,confirmed,Doral,Miami-Dade,FL,25.793318,-80.333581,,,,,2026-09-14,https://www.compute-atlas.com/facilities/coresite-mi2-doral-fl,2,https://www.coresite.com/data-center/mi2-miami-fl
coresite-ny2-secaucus-nj-nj,"CoreSite NY2 - Secaucus, NJ",CoreSite,data_center,operational,,reported,Secaucus,Hudson,NJ,40.7842844,-74.0652426,,,,,2026-07-23,https://www.compute-atlas.com/facilities/coresite-ny2-secaucus-nj-nj,3,https://coresite.com/data-center/ny2-secaucus-nj
coresite-ny3-secaucus-nj,CoreSite NY3,CoreSite,data_center,operational,,confirmed,Secaucus,Hudson,NJ,40.7849039,-74.0653573,,,,,2026-09-14,https://www.compute-atlas.com/facilities/coresite-ny3-secaucus-nj,2,https://coresite.com/data-center/ny3-secaucus-nj
coresite-or1-orlando-fl,CoreSite OR1 — Orlando,CoreSite,data_center,operational,,confirmed,Orlando,Orange,FL,28.429212,-81.420781,,,,,2026-09-14,https://www.compute-atlas.com/facilities/coresite-or1-orlando-fl,3,https://www.growthspotter.com/2026/06/02/coresite-looks-to-add-second-orlando-data-center-building/
coresite-sv1-san-jose-ca-ca,"CoreSite SV1 - San Jose, CA",CoreSite,data_center,operational,,reported,San Jose,Santa Clara,CA,37.3341181,-121.891646,,,,,2026-07-23,https://www.compute-atlas.com/facilities/coresite-sv1-san-jose-ca-ca,3,https://www.coresite.com/data-center/sv1-san-jose-ca
coresite-va1-reston-va-va,"CoreSite VA1 - Reston, VA",CoreSite,data_center,operational,likely,reported,Reston,Fairfax,VA,38.9506059,-77.3645496,,,,,2026-07-24,https://www.compute-atlas.com/facilities/coresite-va1-reston-va-va,4,https://www.coresite.com/data-center/va1-reston-va
coresite-va3-reston-va-va,"CoreSite VA3 - Reston, VA",CoreSite,data_center,operational,confirmed,reported,Reston,Fairfax,VA,38.9483343,-77.3724298,,,,,2026-07-24,https://www.compute-atlas.com/facilities/coresite-va3-reston-va-va,4,https://www.coresite.com/data-center/va3-reston-va
coreweave-dalton-ii-old-tilton-road-whitfield-ga,CoreWeave Dalton II / Core Scientific Old Tilton Road Data Center,Core Scientific,data_center,under_construction,,confirmed,Dalton,Whitfield,GA,34.69265485,-84.94183002,,,,,2026-09-21,https://www.compute-atlas.com/facilities/coreweave-dalton-ii-old-tilton-road-whitfield-ga,5,https://daltoncitizen.com/2025/03/11/whitfield-county-commissioners-approve-rezoning-for-data-center-despite-opposition/
coreweave-digital-crossroads-hammond-in,CoreWeave Digital Crossroads,CoreWeave,data_center,cancelled,confirmed,confirmed,Hammond,Lake,IN,41.5836,-87.5,,180,,2025-06,2026-07-08,https://www.compute-atlas.com/facilities/coreweave-digital-crossroads-hammond-in,2,https://www.datacenterdynamics.com/en/news/coreweave-to-develop-180mw-data-center-at-digital-crossroads-campus-in-hammond-indiana/
coreweave-kenilworth-nj,CoreWeave NEST Campus,CoreWeave,data_center,under_construction,confirmed,reported,Kenilworth,Union,NJ,40.6762,-74.2913,,250,,2025,2026-09-21,https://www.compute-atlas.com/facilities/coreweave-kenilworth-nj,6,https://re-nj.com/coreweave-begins-1-8-billion-data-center-project-in-kenilworth-landing-first-award-under-new-eda-tax-credit-program/
coreweave-lancaster-pa,CoreWeave Lancaster Data Center,CoreWeave,data_center,proposed,confirmed,reported,Lancaster,Lancaster,PA,40.0379,-76.3055,,300,,2025,2026-09-12,https://www.compute-atlas.com/facilities/coreweave-lancaster-pa,8,https://investors.coreweave.com/news/news-details/2025/CoreWeave-Announces-Multi-Billion-Dollar-Commitment-to-AI-Infrastructure-in-Pennsylvania/default.aspx
corscale-gainesville-crossing-va,Gainesville Crossing Digital Campus (GCDC),Corscale Data Centers (Patrinely / USAA Real Estate),data_center,under_construction,likely,confirmed,Gainesville,Prince William,VA,38.78,-77.62,,300,,,2026-07-26,https://www.compute-atlas.com/facilities/corscale-gainesville-crossing-va,5,https://www.datacenterdynamics.com/en/news/new-hyperscale-developer-corscale-is-behind-300mw-gainesville-crossing-campus-in-prince-william-county/
crane-clean-energy-center-tmi-pa,Crane Clean Energy Center (Three Mile Island Unit 1),Constellation Energy,power_generation,under_construction,,confirmed,Middletown,Dauphin,PA,40.1542,-76.725,,835,Microsoft,2024-09-20,2026-08-17,https://www.compute-atlas.com/facilities/crane-clean-energy-center-tmi-pa,15,https://www.constellationenergy.com/news/2024/Constellation-to-Launch-Crane-Clean-Energy-Center-Restoring-Jobs-and-Carbon-Free-Power-to-The-Grid.html
crane-pdx01-forest-grove-or,Crane PDX01,Crane Data Centers,data_center,under_construction,likely,confirmed,Forest Grove,Washington,OR,45.5207,-123.1087,,76,,,2026-07-08,https://www.compute-atlas.com/facilities/crane-pdx01-forest-grove-or,3,https://www.datacenterdynamics.com/en/news/planning-commission-greenlights-crane-dcs-forest-grove-data-center-in-northwest-oregon-again/
crane-pdx02-forest-grove-or,Crane PDX02,Crane Data Centers,data_center,under_construction,,reported,Forest Grove,Washington,OR,45.51904,-123.11106,,48,,,2026-09-21,https://www.compute-atlas.com/facilities/crane-pdx02-forest-grove-or,1,https://www.cranedc.com/data-centers/oregon-data-center
crawfish-creek-energy-storage-jackson-al,Crawfish Creek Energy Storage,Plus Power,power_generation,permitted,,confirmed,,Jackson,AL,34.83057,-85.66845,,200,Tennessee Valley Authority,,2026-09-28,https://www.compute-atlas.com/facilities/crawfish-creek-energy-storage-jackson-al,2,https://www.eia.gov/electricity/data/eia860m/xls/july_generator2026.xlsx
creekstone-delta-ut,Creekstone Energy Delta Gigasite,Creekstone Energy,data_center,under_construction,confirmed,reported,Delta,Millard,UT,39.3527,-112.5777,,10000,,2025-12,2026-09-01,https://www.compute-atlas.com/facilities/creekstone-delta-ut,5,https://www.datacenterdynamics.com/en/news/zeo-energy-to-supply-280mw-of-power-for-creekstone-energys-up-to-10gw-data-center-campus-in-millard-county-utah/
crg-festus-data-center-mo,Festus Data Center Campus,CRG (Clayco),data_center,proposed,,reported,Festus,Jefferson,MO,38.2192,-90.399,,600,,2026-03-30,2026-08-24,https://www.compute-atlas.com/facilities/crg-festus-data-center-mo,4,https://www.stlpr.org/government-politics-issues/2026-03-31/festus-data-center-development-approval
crofton-bluffs-wind-knox-ne,Crofton Bluffs Wind Farm,Nebraska Public Power District,power_generation,operational,,confirmed,,Knox,NE,42.7078,-97.5745,40.6,,,,2026-09-16,https://www.compute-atlas.com/facilities/crofton-bluffs-wind-knox-ne,2,https://www.gem.wiki/Crofton_Bluffs_wind_farm
crosland-southeast-matthews-project-accelerate-nc,Project Accelerate — Matthews (East John Street),Crosland Southeast,data_center,cancelled,,reported,Matthews,Mecklenburg,NC,35.1015,-80.7082,,600,,,2026-09-10,https://www.compute-atlas.com/facilities/crosland-southeast-matthews-project-accelerate-nc,1,https://www.yahoo.com/news/articles/matthews-data-center-project-withdrawn-132947026.html
crow-holdings-cleanarc-stemmons-dallas-tx,Crow Holdings Stemmons Corridor Data Center Campus,Crow Holdings (developed and leased by CleanArc Data Centers),data_center,proposed,,reported,Dallas,Dallas,TX,32.7762719,-96.7968559,,245,,2026-01-20,2026-08-26,https://www.compute-atlas.com/facilities/crow-holdings-cleanarc-stemmons-dallas-tx,1,https://www.crowholdings.com/insights/crow-holdings-announces-245mw-flagship-data-center-campus-in-central-dallas/
crown-castle-worcester-ma,Crown Castle Worcester (474 Main Street),Crown Castle,data_center,operational,,reported,Worcester,Worcester,MA,42.262556,-71.802963,,,,,2026-09-15,https://www.compute-atlas.com/facilities/crown-castle-worcester-ma,1,https://www.peeringdb.com/fac/3490
crusoe-abilene-onsite-generation-tx,Crusoe Abilene on-site gas generation (Project Ludicrous),Crusoe,power_generation,operational,,confirmed,Abilene,Taylor,TX,32.502213,-99.788717,360.5,,Oracle,2024-08,2026-09-01,https://www.compute-atlas.com/facilities/crusoe-abilene-onsite-generation-tx,5,https://records.tceq.texas.gov/cs/idcplg?IdcService=TCEQ_EXTERNAL_SEARCH_GET_FILE&dID=8600163&Rendition=Web
crusoe-blue-energy-victoria-tx,Crusoe Victoria AI Factory,Crusoe,data_center,proposed,confirmed,reported,Victoria,Victoria,TX,28.8053,-97.0036,,1500,,2025-10,2026-07-26,https://www.compute-atlas.com/facilities/crusoe-blue-energy-victoria-tx,2,https://www.crusoe.ai/resources/newsroom/blue-energy-and-crusoe-partner-to-develop-nuclear-powered-ai-data-center
crusoe-nolan-county-tx,Crusoe Nolan County Data Center,Crusoe Energy Systems,data_center,proposed,,reported,Sweetwater,Nolan,TX,32.4709519,-100.405938,,200,,2026-04-13,2026-08-26,https://www.compute-atlas.com/facilities/crusoe-nolan-county-tx,1,https://ktxs.com/news/local/it-will-change-our-rural-town-tax-abatement-for-7-billion-texas-data-center-approved
crusoe-project-flash-franklin-va,Project Flash (Summit View Business Park),Crusoe,data_center,cancelled,,confirmed,Rocky Mount,Franklin,VA,36.9979,-79.8922,,,,2026-07-16,2026-09-09,https://www.compute-atlas.com/facilities/crusoe-project-flash-franklin-va,2,http://web.archive.org/web/20260819034221/https://www.datacenterdynamics.com/en/news/crusoe-linked-to-potential-data-center-project-in-franklin-county-virginia/
crusoe-walden-co,Crusoe Energy Digital Flare Mitigation — Oxbow Well Pad,NYDIG DFM,crypto_mining,operational,,reported,Walden,Jackson,CO,40.7331,-106.2848,,,,2022,2026-08-05,https://www.compute-atlas.com/facilities/crusoe-walden-co,3,https://coloradosun.com/2022/08/29/oil-and-gas-and-cryptocurrency-miners-are-colorados-new-odd-couple-and-theyre-making-quite-a-bit-of-coin/
crusoe-warrenton-mo,Crusoe Warrenton Campus,Crusoe,data_center,permitted,confirmed,reported,Warrenton,Warren,MO,38.8125,-91.1432,,,,2025,2026-07-07,https://www.compute-atlas.com/facilities/crusoe-warrenton-mo,9,https://www.datacenterdynamics.com/en/news/crusoe-data-center-could-be-built-west-of-st-louis-missouri/
crypto-colo-center-mclouth-ks,Crypto Colo Center McLouth Data Center (proposed) — cancelled,Crypto Colo Center Corp,crypto_mining,cancelled,,confirmed,McLouth,Jefferson,KS,39.19611,-95.20833,,,,2023,2026-08-05,https://www.compute-atlas.com/facilities/crypto-colo-center-mclouth-ks,1,https://startlandnews.com/2023/03/no-crypto/
crypto-knight-hosting-cheyenne-wy,Crypto Knight Hosting Cheyenne Bitcoin Mining Facility,Crypto Knight Hosting,crypto_mining,operational,,reported,Cheyenne,Laramie,WY,41.14,-104.82,,,,2022,2026-09-21,https://www.compute-atlas.com/facilities/crypto-knight-hosting-cheyenne-wy,2,https://www.cryptoknighthosting.com/post/crypto-knight-hosting-opens-first-bitcoin-mining-facility-cheyenne-wyoming
cspire-starkville-ms,C Spire Starkville Data Center,C Spire,data_center,operational,,confirmed,Starkville,Oktibbeha,MS,33.4709294,-88.7927699,1.5,,,,2026-09-14,https://www.compute-atlas.com/facilities/cspire-starkville-ms,2,https://www.cspire.com/cms/news/wireless/20600007/new-c-spire-world-class-business-enterprise-data-center-built-like-fort-knox
csquare-sfo1-ca,Csquare SFO1,Csquare,data_center,operational,,reported,Santa Clara,Santa Clara,CA,37.3714713,-121.9696826,34.5,,,,2026-08-16,https://www.compute-atlas.com/facilities/csquare-sfo1-ca,3,https://www.csquare.com/data-centers/silicon-valley#santaclara-sfo1
csquare-sfo2-ca,Csquare SFO2,Csquare,data_center,operational,,reported,Santa Clara,Santa Clara,CA,37.397572,-121.980963,43.2,,,,2026-09-21,https://www.compute-atlas.com/facilities/csquare-sfo2-ca,3,https://www.csquare.com/data-centers/silicon-valley#santaclara-sfo2
csquare-sfo3-ca,Csquare SFO3,Csquare,data_center,operational,,reported,Sunnyvale,Santa Clara,CA,37.3720542,-121.9860407,8.6,,,,2026-09-21,https://www.compute-atlas.com/facilities/csquare-sfo3-ca,3,https://www.csquare.com/data-centers/silicon-valley#sunnyvale-sfo3
csquare-sfo4-ca,Csquare SFO4,Csquare,data_center,operational,,reported,Santa Clara,Santa Clara,CA,37.3757986,-121.9551844,43.1,,,,2026-09-21,https://www.compute-atlas.com/facilities/csquare-sfo4-ca,3,https://www.csquare.com/data-centers/silicon-valley#santaclara-sfo4
ct-das-groton-data-center-ct,State of Connecticut Groton Data Center (Pfizer campus Building 230),Connecticut Department of Administrative Services,data_center,operational,,confirmed,Groton,New London,CT,41.334586,-72.076516,,,,2014-04,2026-09-30,https://www.compute-atlas.com/facilities/ct-das-groton-data-center-ct,3,https://portal.ct.gov/das/best/platform-services/statewide-data-center-facilities
ctr-american-data-power-hells-kitchen-imperial-ca,Hell's Kitchen Geothermal Energy Complex (American Data Power),Controlled Thermal Resources (American Data Power),power_generation,proposed,,confirmed,Calipatria,Imperial,CA,33.3126,-115.7815,,600,Hyperscale/AI data centers to be sited in on-project 'powered-site' precincts (no named customer yet),2026-01-29,2026-09-21,https://www.compute-atlas.com/facilities/ctr-american-data-power-hells-kitchen-imperial-ca,3,https://www.thedesertreview.com/news/local/ctr-launches-american-data-power-to-deliver-600mw-geothermal-energy-complex/article_34a74539-08e1-448e-94d4-c2f1e5660fa0.html
cubico-crossett-solar-ashley-county-ar,Crossett Solar Park,Cubico Sustainable Investments,power_generation,operational,,confirmed,Crossett,Ashley,AR,33.0932495,-91.9365428,,,Google,,2026-09-29,https://www.compute-atlas.com/facilities/cubico-crossett-solar-ashley-county-ar,2,https://www.cubicoinvest.com/news/132mwdc-crossett-solar-park-enters-commercial-operations/
culpeper-brandy-station-va,Culpeper Acquisitions Brandy Station Campus (denied),Culpeper Acquisitions LLC,data_center,cancelled,likely,reported,Brandy Station,Culpeper,VA,38.5095,-77.8863,,,,2024,2026-07-24,https://www.compute-atlas.com/facilities/culpeper-brandy-station-va,4,https://www.datacenterwatch.org/report
cyberlynk-franklin-mke1-wi,CyberLynk Franklin Data Center (MKE1),"CyberLynk Network, Inc.",data_center,operational,,confirmed,Franklin,Milwaukee,WI,42.8618895,-87.982841,,,,,2026-09-13,https://www.compute-atlas.com/facilities/cyberlynk-franklin-mke1-wi,3,https://www.cyberlynk.net/facilities/milwaukee-datacenter/
cypress-creek-steel-river-energy-center-wilson-ar,Steel River Energy Center,Cypress Creek Renewables,power_generation,under_construction,,confirmed,Wilson,Mississippi,AR,35.56611,-90.04306,,2460,Google,2026-07,2026-09-22,https://www.compute-atlas.com/facilities/cypress-creek-steel-river-energy-center-wilson-ar,2,https://blog.google/innovation-and-ai/infrastructure-and-cloud/global-network/steel-river-arkansas/
cyrusone-bosque-county-thad-hill-tx,CyrusOne Bosque County Campus (Thad Hill Energy Center),CyrusOne,data_center,under_construction,,reported,,Bosque,TX,31.9243,-97.6564,,400,,,2026-08-26,https://www.compute-atlas.com/facilities/cyrusone-bosque-county-thad-hill-tx,3,https://www.cyrusone.com/resources/press-releases/constellation-and-cyrusone-announce-agreement-to-support-new-data-center-facility-at-freestone-energy-center-in-texas
cyrusone-chandler-phx1-phx8-az,CyrusOne Chandler Campus (PHX1–PHX8),CyrusOne,data_center,operational,,reported,Chandler,Maricopa County,AZ,33.2709074,-111.8819248,169,,,,2026-09-23,https://www.compute-atlas.com/facilities/cyrusone-chandler-phx1-phx8-az,2,https://www.cyrusone.com/data-centers/north-america/chandler-arizona
cyrusone-chi1-chi3-aurora-il,CyrusOne CHI1-CHI3 (Aurora),CyrusOne,data_center,operational,likely,reported,Aurora,Kane,IL,41.7966077,-88.2438232,109,,,,2026-09-21,https://www.compute-atlas.com/facilities/cyrusone-chi1-chi3-aurora-il,5,https://www.cyrusone.com/data-centers/north-america/aurora-il
cyrusone-chi6-wood-dale-il,CyrusOne Wood Dale Campus,CyrusOne,data_center,under_construction,,confirmed,Wood Dale,DuPage,IL,41.9790594,-87.964189,,18,,,2026-09-25,https://www.compute-atlas.com/facilities/cyrusone-chi6-wood-dale-il,2,https://www.cyrusone.com/resources/press-releases/cyrusone-celebrates-wood-dale-topping-out-ceremony
cyrusone-cin2-cincinnati-oh,CyrusOne CIN2 (Cincinnati),CyrusOne,data_center,operational,mixed_use,confirmed,Cincinnati,Hamilton,OH,39.1027886,-84.5179229,14,,,,2026-09-21,https://www.compute-atlas.com/facilities/cyrusone-cin2-cincinnati-oh,2,https://www.cyrusone.com/data-centers/north-america/cincinnati-ohio
cyrusone-cin3-cincinnati-mason-oh,CyrusOne CIN3 (Cincinnati-Mason),CyrusOne,data_center,operational,,reported,Mason,Warren,OH,39.3038941,-84.3116127,1,,,,2026-09-21,https://www.compute-atlas.com/facilities/cyrusone-cin3-cincinnati-mason-oh,3,https://www.datacenters.com/cyrusone-cin3-cincinnati-mason
cyrusone-cin6-florence-boone-ky,CyrusOne CIN6 (Florence),CyrusOne,data_center,operational,,confirmed,Florence,Boone,KY,38.9795695,-84.6153236,5,,,,2026-09-15,https://www.compute-atlas.com/facilities/cyrusone-cin6-florence-boone-ky,3,https://www.cyrusone.com/data-centers/north-america/florence-ky
cyrusone-dfw3-dfw5-allen-tx,CyrusOne DFW3-DFW5 (Allen),CyrusOne,data_center,operational,likely,reported,Allen,Collin,TX,33.1385206,-96.6599516,77,50,,,2026-09-21,https://www.compute-atlas.com/facilities/cyrusone-dfw3-dfw5-allen-tx,5,https://www.cyrusone.com/data-centers/north-america/allen-texas
cyrusone-dugway-proving-ground-tooele-county-ut,CyrusOne Dugway Proving Ground Data Center,CyrusOne,data_center,proposed,likely,reported,,Tooele,UT,40.2,-112.93,,,,,2026-07-24,https://www.compute-atlas.com/facilities/cyrusone-dugway-proving-ground-tooele-county-ut,4,https://www.army.mil/article/291360/army_reaches_conditional_agreement_with_private_industry_for_hyperscaled_data_centers
cyrusone-freestone-energy-center-fairfield-tx,CyrusOne Freestone Energy Center Campus,CyrusOne,data_center,under_construction,,reported,Fairfield,Freestone,TX,31.7285,-96.1611,,760,,2026-02-09,2026-08-26,https://www.compute-atlas.com/facilities/cyrusone-freestone-energy-center-fairfield-tx,2,https://www.cyrusone.com/resources/press-releases/constellation-and-cyrusone-announce-agreement-to-support-new-data-center-facility-at-freestone-energy-center-in-texas
cyrusone-mesa-elliot-ellsworth-az,CyrusOne Mesa Campus (Mesa Elliot Technology Park),CyrusOne,data_center,proposed,,reported,Mesa,Maricopa County,AZ,33.3500866,-111.6358128,,198,,,2026-09-23,https://www.compute-atlas.com/facilities/cyrusone-mesa-elliot-ellsworth-az,2,https://www.commercialsearch.com/news/cyrusone-acquires-70-acre-site-for-2nd-phoenix-facility/
cyrusone-nas-lemoore-ca,CyrusOne AI Data Center at NAS Lemoore,CyrusOne,data_center,proposed,confirmed,confirmed,,Kings,CA,36.303,-119.953,,100,,2025-09,2026-07-23,https://www.compute-atlas.com/facilities/cyrusone-nas-lemoore-ca,5,https://ir.ameresco.com/news-events/press-releases/detail/715/ameresco-and-u-s-navy-partner-to-build-ai-optimized-data
cyrusone-new-albany-col1-licking-county-oh,CyrusOne New Albany COL-1,CyrusOne,data_center,under_construction,,confirmed,Johnstown,Licking,OH,40.09294,-82.718059,,,,,2026-07-18,https://www.compute-atlas.com/facilities/cyrusone-new-albany-col1-licking-county-oh,3,https://www.nbc4i.com/news/local-news/new-albany/permits-offer-details-after-groundbreaking-of-150-million-new-albany-data-center/
cyrusone-nva1-nva2-nva3-sterling-va,"CyrusOne NVA1, NVA2 & NVA3 (Sterling)",CyrusOne,data_center,operational,,reported,Sterling,Loudoun,VA,39.0259023,-77.4144697,48,,,,2026-09-21,https://www.compute-atlas.com/facilities/cyrusone-nva1-nva2-nva3-sterling-va,3,https://www.cyrusone.com/data-centers/north-america/sterling-va-nva1-nva3
cyrusone-nva5-sterling-va,CyrusOne NVA5 (Sterling),CyrusOne,data_center,operational,,reported,Sterling,Loudoun,VA,39.024356,-77.4341,116,81,,,2026-09-21,https://www.compute-atlas.com/facilities/cyrusone-nva5-sterling-va,3,https://www.cyrusone.com/data-centers/north-america/sterling-va-nva5-nva7
cyrusone-nva7-sterling-va,CyrusOne NVA7 (Sterling),CyrusOne,data_center,operational,,reported,Sterling,Loudoun,VA,39.0263152,-77.4340194,,,,,2026-09-21,https://www.compute-atlas.com/facilities/cyrusone-nva7-sterling-va,3,https://www.cyrusone.com/data-centers/north-america/sterling-va-nva5-nva7
cyrusone-nva8-sterling-va,CyrusOne NVA8 (Sterling),CyrusOne,data_center,operational,,reported,Sterling,Loudoun,VA,39.0211789,-77.4132443,24,,,,2026-09-21,https://www.compute-atlas.com/facilities/cyrusone-nva8-sterling-va,3,https://www.cyrusone.com/data-centers/north-america/sterling-virginia-nva8
cyrusone-nym1-somerset-nj,CyrusOne NYM1 (Somerset),CyrusOne,data_center,operational,likely,reported,Somerset,Somerset,NJ,40.5379623,-74.5457225,30,,,,2026-09-21,https://www.compute-atlas.com/facilities/cyrusone-nym1-somerset-nj,6,https://www.cyrusone.com/data-centers/north-america/somerset-nj
cyrusone-nym2-totowa-nj,CyrusOne NYM2 (Totowa),CyrusOne,data_center,operational,,confirmed,Totowa,Passaic,NJ,40.9072095,-74.2422211,6,,,,2026-09-21,https://www.compute-atlas.com/facilities/cyrusone-nym2-totowa-nj,3,https://www.cyrusone.com/data-centers/north-america/totowa-nj-nym2
cyrusone-nym5-norwalk-ct,CyrusOne NYM5 (Norwalk),CyrusOne,data_center,operational,,reported,Norwalk,Fairfield,CT,41.1130924,-73.3886495,4,,,,2026-09-30,https://www.compute-atlas.com/facilities/cyrusone-nym5-norwalk-ct,3,https://www.cyrusone.com/data-centers/north-america/norwalk-ct
cyrusone-ocb1-council-bluffs-ia,CyrusOne OCB1 Council Bluffs Data Center,CyrusOne,data_center,operational,,confirmed,Council Bluffs,Pottawattamie,IA,41.2121526,-95.8779924,9,,,,2026-09-21,https://www.compute-atlas.com/facilities/cyrusone-ocb1-council-bluffs-ia,2,https://www.cyrusone.com/data-centers/north-america/council-bluffs-ia
cyrusone-pnw1-quincy-wa,CyrusOne PNW1,CyrusOne,data_center,operational,,confirmed,Quincy,Grant,WA,47.2334,-119.8528,90,,,,2026-08-22,https://www.compute-atlas.com/facilities/cyrusone-pnw1-quincy-wa,1,https://www.cyrusone.com/data-centers/north-america/quincy-washington
cyrusone-project-peach-palmetto-ga,Project Peach (CyrusOne Palmetto Data Center Campus),CyrusOne (joint venture with North Coweta Investors),data_center,permitted,,reported,Palmetto,Coweta,GA,33.5182,-84.6693,,,,,2026-09-23,https://www.compute-atlas.com/facilities/cyrusone-project-peach-palmetto-ga,3,https://www.fox5atlanta.com/news/coweta-county-concerns-project-peach-data-center-palmetto
cyrusone-raleigh-durham-i-durham-nc,CyrusOne Raleigh-Durham I (DUR1),CyrusOne,data_center,operational,,reported,Durham,Durham County,NC,35.9353037,-78.8810471,50,,,,2026-09-24,https://www.compute-atlas.com/facilities/cyrusone-raleigh-durham-i-durham-nc,3,https://baxtel.com/data-center/cyrusone-raleigh-durham-i
cyrusone-sangamon-talkington-township-il,CyrusOne Sangamon County Data Center Campus,CyrusOne,data_center,permitted,,confirmed,,Sangamon,IL,39.64,-89.84,,630,,2025-11,2026-09-25,https://www.compute-atlas.com/facilities/cyrusone-sangamon-talkington-township-il,4,https://www.illinoistimes.com/news/sangamon-county-approves-data-center/
cyrusone-sat1-san-antonio-tx,CyrusOne SAT1 (San Antonio),CyrusOne,data_center,operational,,reported,San Antonio,Bexar,TX,29.4666098,-98.6880869,,,,,2026-07-23,https://www.compute-atlas.com/facilities/cyrusone-sat1-san-antonio-tx,2,https://www.datacenters.com/cyrusone-sat1-san-antonio
cyrusone-sat2-sat4-san-antonio-tx,CyrusOne SAT2-SAT4 (San Antonio),CyrusOne,data_center,operational,likely,reported,San Antonio,Bexar,TX,29.4708878,-98.6730474,36,,,,2026-09-21,https://www.compute-atlas.com/facilities/cyrusone-sat2-sat4-san-antonio-tx,4,https://www.cyrusone.com/data-centers/north-america/san-antonio-sat2-sat4
cyrusone-vint-hill-fauquier-va,CyrusOne Vint Hill Campus,CyrusOne,data_center,proposed,,reported,Vint Hill,Fauquier,VA,38.752287510948115,-77.67347422456572,,,,,2026-08-19,https://www.compute-atlas.com/facilities/cyrusone-vint-hill-fauquier-va,2,https://www.fauquiernow.com/news/data-center-database-where-projects-stand-across-fauquier-county/article_18be50e8-49f6-11ef-95cf-3b45407fea55.html
cyrusone-yorkville-chi11-il,CyrusOne Yorkville Technology Campus (CHI-11),CyrusOne,data_center,under_construction,,confirmed,Yorkville,Kendall,IL,41.679,-88.48,,,,2024,2026-09-25,https://www.compute-atlas.com/facilities/cyrusone-yorkville-chi11-il,3,https://www.yorkville.il.us/940/C1-Yorkville-Cyrus-One-CHI-11-Data-Cente
darkhorse-cathedra-rockwood-tn,DarkHorse Technologies (Cathedra Bitcoin) Rockwood Data Center,DarkHorse Technologies Inc. (formerly Sphere 3D Corp.; site from Cathedra Bitcoin),crypto_mining,operational,,reported,Rockwood,Roane,TN,35.865628,-84.68494,10,,,,2026-09-21,https://www.compute-atlas.com/facilities/darkhorse-cathedra-rockwood-tn,3,https://www.sec.gov/Archives/edgar/data/1591956/000121390026099458/ea030536701ex99-1.htm
dartpoints-btr1-baton-rouge-la,DartPoints BTR1 Baton Rouge,DartPoints,data_center,operational,,confirmed,Baton Rouge,East Baton Rouge,LA,30.4539942,-91.115481,0.5,,,,2026-09-15,https://www.compute-atlas.com/facilities/dartpoints-btr1-baton-rouge-la,4,https://dartpoints.com/locations/btr01-baton-rouge-la/
dartpoints-btr2-baton-rouge-la,DartPoints BTR2 Baton Rouge,DartPoints,data_center,operational,,reported,Baton Rouge,East Baton Rouge,LA,30.4514445,-91.1156117,2,,,,2026-09-15,https://www.compute-atlas.com/facilities/dartpoints-btr2-baton-rouge-la,4,https://dartpoints.com/press/dartpoints-acquires-venyu-adding-three-louisiana-data-centers-to-portfolio/
dartpoints-charleston-ladson-sc,DartPoints Charleston Data Center (CHS01),DartPoints,data_center,operational,,confirmed,Ladson,Charleston,SC,32.9648939,-80.1012147,1.3,,,,2026-09-22,https://www.compute-atlas.com/facilities/dartpoints-charleston-ladson-sc,2,https://dartpoints.com/locations/chs01-charleston-sc/
dartpoints-columbia-sc,DartPoints Columbia Data Center (CAE01),DartPoints,data_center,operational,,confirmed,Columbia,Richland,SC,33.9873119,-81.0308106,2,,,,2026-09-22,https://www.compute-atlas.com/facilities/dartpoints-columbia-sc,2,https://dartpoints.com/locations/cae01-columbia-sc/
dartpoints-greenville-sc,DartPoints Greenville Data Center,DartPoints,data_center,operational,mixed_use,confirmed,Greenville,Greenville,SC,34.8075277,-82.3434922,2.5,12.5,,2025-11-12,2026-09-10,https://www.compute-atlas.com/facilities/dartpoints-greenville-sc,3,https://www.sccommerce.com/news/dartpoints-expands-greenville-county-operations
dartpoints-lexington-fayette-ky,DartPoints Lexington Data Center Campus,DartPoints,data_center,proposed,,confirmed,Lexington,Fayette,KY,38.0747519,-84.4876212,,70,,2026-05-27,2026-09-15,https://www.compute-atlas.com/facilities/dartpoints-lexington-fayette-ky,5,https://www.prnewswire.com/news-releases/dartpoints-acquires-lexington-kentucky-data-center-campus-to-support-ai-neo-cloud-hyperscale-and-enterprise-demand-302782916.html
dartpoints-shv01-shreveport-la,DartPoints SHV01 Shreveport,DartPoints,data_center,operational,,confirmed,Shreveport,Caddo,LA,32.5135356,-93.7477839,2.2,,,,2026-09-21,https://www.compute-atlas.com/facilities/dartpoints-shv01-shreveport-la,3,https://dartpoints.com/locations/shv01-shreveport-la/
dartpoints-spartanburg-sc,DartPoints Spartanburg Data Center (SPA01),DartPoints,data_center,operational,,confirmed,Spartanburg,Spartanburg,SC,34.9965845,-82.034841,1.6,,,,2026-09-22,https://www.compute-atlas.com/facilities/dartpoints-spartanburg-sc,2,https://dartpoints.com/locations/spa01-spartanburg-sc/
dastor-new-castle-boulden-circle-de,DāSTOR New Castle (3 Boulden Circle),DāSTOR LLC,data_center,operational,,confirmed,New Castle,New Castle,DE,39.68965,-75.574117,8,,,,2026-10-01,https://www.compute-atlas.com/facilities/dastor-new-castle-boulden-circle-de,4,https://dastorllc.com/locations/
dastor-wilmington-1201-north-market-de,"DāSTOR Wilmington (1201 North Market Street, formerly IPR Wilmington)",DāSTOR LLC,data_center,operational,,confirmed,Wilmington,New Castle,DE,39.747859,-75.546753,4,,,,2026-10-01,https://www.compute-atlas.com/facilities/dastor-wilmington-1201-north-market-de,3,https://dastorllc.com/locations/
data-canopy-newark-pencader-de,Data Canopy Newark (350 Pencader Drive),Data Canopy,data_center,operational,,confirmed,Newark,New Castle,DE,39.612001,-75.760335,6,,,,2026-10-01,https://www.compute-atlas.com/facilities/data-canopy-newark-pencader-de,3,https://datacanopy.com/data-centers/newark-de/
data-city-energy-abundance-laredo-tx,"Data City, Texas",Energy Abundance Development Corporation,data_center,proposed,likely,rumored,Laredo,Webb,TX,27.5306,-99.4803,,5000,,,2026-09-10,https://www.compute-atlas.com/facilities/data-city-energy-abundance-laredo-tx,3,https://www.prnewswire.com/news-releases/energy-abundance-announces-data-city-texas--the-worlds-largest-behind-the-meter-data-center-hub-powered-by-100-247-green-energy-302407052.html
data-holdings-eau-claire-wi,Data Holdings Eau Claire Data Center,Data Holdings LLC,data_center,operational,,reported,Eau Claire,Eau Claire,WI,44.811349,-91.4984941,1,,,,2026-09-13,https://www.compute-atlas.com/facilities/data-holdings-eau-claire-wi,2,https://dataholdings.com/eau-claire-data-center
data-holdings-milwaukee-wi,Data Holdings Milwaukee Data Center,Data Holdings LLC,data_center,operational,,confirmed,Milwaukee,Milwaukee,WI,43.0437366,-87.9540068,10,,,,2026-09-21,https://www.compute-atlas.com/facilities/data-holdings-milwaukee-wi,2,https://dataholdings.com/milwaukee-data-center
data-suites-murfreesboro-tn,Data Suites Murfreesboro,Data Suites,data_center,operational,,confirmed,Murfreesboro,Rutherford,TN,35.85555,-86.4048269,2,,,,2026-09-13,https://www.compute-atlas.com/facilities/data-suites-murfreesboro-tn,3,https://mydatasuites.com/
data3-tulsa-ok,DATA3 Tulsa Data Center,DATA3 Corporation,data_center,operational,,reported,Tulsa,Tulsa,OK,36.042795,-95.9534996,,,,,2026-09-14,https://www.compute-atlas.com/facilities/data3-tulsa-ok,3,https://cloudandcolocation.com/datacenters/data3-tulsa-data-center/
databank-bos1-boston-ma,DataBank BOS1 - Downtown Boston,DataBank,data_center,operational,,confirmed,Boston,Suffolk,MA,42.354699,-71.060271,0.5,,,,2026-09-21,https://www.compute-atlas.com/facilities/databank-bos1-boston-ma,2,https://www.databank.com/data-centers/boston/1-summer-street/
databank-brooklyn-park-mn,DataBank Brooklyn Park Campus,DataBank,data_center,operational,,confirmed,Brooklyn Park,Hennepin,MN,45.116,-93.386,9,,,,2026-09-21,https://www.compute-atlas.com/facilities/databank-brooklyn-park-mn,4,https://www.databank.com/data-centers/minneapolis/brooklyn-park-campus/
databank-bwi1-baltimore-md,DataBank BWI1 (Downtown Baltimore Data Center),DataBank,data_center,operational,,confirmed,Baltimore,,MD,39.291652966378,-76.619738877727,1.5,,,,2026-09-13,https://www.compute-atlas.com/facilities/databank-bwi1-baltimore-md,1,https://www.databank.com/wp-content/uploads/2020/10/DB_DCTR_BWI1_Q32020_v2.pdf
databank-cleveland-cle1-oh,DataBank Cleveland (CLE1),DataBank,data_center,operational,,confirmed,Cleveland,Cuyahoga,OH,41.4998,-81.6829,0.4,,,,2026-08-05,https://www.compute-atlas.com/facilities/databank-cleveland-cle1-oh,2,https://www.databank.com/data-centers/cleveland/1255-euclid-ave/
databank-den1-englewood-co,DataBank DEN1 - Englewood,DataBank,data_center,operational,,reported,Englewood,Douglas,CO,39.560952,-104.865649,2,,,,2026-09-30,https://www.compute-atlas.com/facilities/databank-den1-englewood-co,1,https://www.databank.com/data-centers/denver/
databank-den2-centennial-co,DataBank DEN2 — Centennial,DataBank,data_center,operational,,confirmed,Centennial,Arapahoe,CO,39.5917924,-104.8479857,4,,,,2026-08-26,https://www.compute-atlas.com/facilities/databank-den2-centennial-co,1,https://www.databank.com/data-centers/denver/centennial-campus/
databank-den5-centennial-co,DataBank DEN5 — Centennial II,DataBank,data_center,operational,,confirmed,Centennial,Arapahoe,CO,39.5900652,-104.8469635,16,,,,2026-08-26,https://www.compute-atlas.com/facilities/databank-den5-centennial-co,2,https://www.databank.com/data-centers/denver/centennial-campus/den5/
databank-downtown-minneapolis-msp4-mn,DataBank Downtown Minneapolis Data Center (MSP4),DataBank,data_center,operational,,confirmed,Minneapolis,Hennepin,MN,44.971127,-93.2546167,0.779,,,,2026-09-18,https://www.compute-atlas.com/facilities/databank-downtown-minneapolis-msp4-mn,3,https://www.databank.com/data-centers/minneapolis/
databank-east-twin-cities-eagan-mn,DataBank East Twin Cities Data Center (MSP2),DataBank,data_center,operational,,confirmed,Eagan,Dakota,MN,44.8375194,-93.1454144,5,,,,2026-09-18,https://www.compute-atlas.com/facilities/databank-east-twin-cities-eagan-mn,3,https://www.databank.com/data-centers/minneapolis/eagan/
databank-ewr2-piscataway-nj,DataBank EWR2 (Piscataway),DataBank,data_center,operational,,confirmed,Piscataway,Middlesex,NJ,40.549247,-74.458241,3,,,,2026-09-21,https://www.compute-atlas.com/facilities/databank-ewr2-piscataway-nj,2,https://www.databank.com/data-centers/new-jersey/
databank-granite-point-bluffdale-ut,DataBank Granite Point Campus (SLC2-SLC6),DataBank,data_center,operational,,confirmed,Bluffdale,Salt Lake,UT,40.48568,-111.90016,,,,,2026-08-15,https://www.compute-atlas.com/facilities/databank-granite-point-bluffdale-ut,6,https://www.databank.com/resources/blogs/get-to-know-databanks-salt-lake-city-data-centers/
databank-indo-cartersville-ga,DataBank Project Indo,DataBank,data_center,proposed,likely,reported,Cartersville,Bartow,GA,34.1651,-84.7996,,200,,2026,2026-09-10,https://www.compute-atlas.com/facilities/databank-indo-cartersville-ga,2,https://www.datacenterdynamics.com/en/news/databank-files-for-200mw-data-center-campus-outside-atlanta-georgia/
databank-las1-las-vegas-nv,DataBank LAS1,DataBank,data_center,operational,mixed_use,reported,Las Vegas,Clark,NV,36.0597501,-115.1470938,3.35,,,,2026-08-29,https://www.compute-atlas.com/facilities/databank-las1-las-vegas-nv,1,https://www.databank.com/data-centers/las-vegas/
databank-lenexa-ks,DataBank MCI3 South Lake Campus Data Center,DataBank,data_center,operational,,confirmed,Lenexa,Johnson,KS,38.925685125075,-94.769520334995,12.75,,,,2026-09-13,https://www.compute-atlas.com/facilities/databank-lenexa-ks,1,https://www.databank.com/data-centers/kansas-city/
databank-lga3-orangeburg-ny,DataBank LGA3 (Orangeburg Data Center Campus),DataBank,data_center,operational,,confirmed,Orangeburg,Rockland,NY,41.037331,-73.987853,20,40,,,2026-09-13,https://www.compute-atlas.com/facilities/databank-lga3-orangeburg-ny,2,https://www.databank.com/data-centers/new-york/lga3
databank-mem1-memphis-tn,DataBank MEM1 (Memphis),DataBank,data_center,operational,,confirmed,Memphis,Shelby,TN,35.20249,-89.8097,0.45,,,,2026-09-21,https://www.compute-atlas.com/facilities/databank-mem1-memphis-tn,2,https://www.databank.com/data-centers/memphis/7620-appling-center-drive/
databank-mia1-miami-fl,DataBank MIA1 — Downtown Miami,DataBank,data_center,operational,,confirmed,Miami,Miami-Dade,FL,25.775811,-80.192959,1.6,,,,2026-09-14,https://www.compute-atlas.com/facilities/databank-mia1-miami-fl,2,https://www.databank.com/data-centers/miami/
databank-ord3-mount-prospect-il,DataBank ORD3 (Mount Prospect),DataBank,data_center,operational,,confirmed,Mount Prospect,Cook,IL,42.0771274,-87.9238121,2.7,,,,2026-08-31,https://www.compute-atlas.com/facilities/databank-ord3-mount-prospect-il,1,https://www.databank.com/data-centers/chicago/
databank-ord4-oak-brook-il,DataBank ORD4 (Chicago Tri-State),DataBank,data_center,operational,,confirmed,Oak Brook,DuPage,IL,41.85392,-87.9221234,8.75,,,,2026-08-31,https://www.compute-atlas.com/facilities/databank-ord4-oak-brook-il,1,https://www.databank.com/data-centers/chicago/
databank-overland-park-ks,DataBank MCI2 Pine Ridge Data Center,DataBank,data_center,operational,,confirmed,Overland Park,Johnson,KS,38.975738717441,-94.708635080112,2,,,,2026-09-13,https://www.compute-atlas.com/facilities/databank-overland-park-ks,1,https://www.databank.com/data-centers/kansas-city/
databank-pit1-pittsburgh-pa,DataBank PIT1 (Downtown Pittsburgh),DataBank,data_center,operational,,reported,Pittsburgh,Allegheny,PA,40.4479,-80.0086,1.9,,,,2026-08-17,https://www.compute-atlas.com/facilities/databank-pit1-pittsburgh-pa,1,https://www.databank.com/data-centers/pittsburgh/
databank-pit2-summit-park-pittsburgh-pa,DataBank PIT2 (Summit Park),DataBank,data_center,operational,,reported,Pittsburgh,Allegheny,PA,40.4433,-80.1697,5,,,,2026-08-17,https://www.compute-atlas.com/facilities/databank-pit2-summit-park-pittsburgh-pa,1,https://www.databank.com/data-centers/pittsburgh/
databank-red-oak-tx,Red Oak Campus,DataBank,data_center,under_construction,,confirmed,Red Oak,Ellis,TX,32.5135,-96.7282,,480,,2024-09-10,2026-09-14,https://www.compute-atlas.com/facilities/databank-red-oak-tx,5,https://www.databank.com/resources/news/dallas-based-firm-lands-2-billion-construction-loan-for-data-center-campus/
databank-san1-san-diego-ca,DataBank San Diego SAN1,DataBank,data_center,operational,likely,reported,San Diego,San Diego,CA,32.9886013,-117.073246,7.2,3.2,,,2026-08-16,https://www.compute-atlas.com/facilities/databank-san1-san-diego-ca,3,https://www.databank.com/data-centers/san-diego/12270-world-trade-drive/
databank-slc1-salt-lake-city-ut,DataBank SLC1 (Salt Lake City Carrier Hotel),DataBank,data_center,operational,,confirmed,Salt Lake City,Salt Lake,UT,40.76852,-111.88585,1,,,,2026-08-15,https://www.compute-atlas.com/facilities/databank-slc1-salt-lake-city-ut,4,https://www.databank.com/resources/blogs/get-to-know-databanks-salt-lake-city-data-centers/
databank-sna1-irvine-ca,DataBank SNA1,DataBank,data_center,operational,,confirmed,Irvine,Orange,CA,33.69137,-117.84036,2.64,,,,2026-09-12,https://www.compute-atlas.com/facilities/databank-sna1-irvine-ca,1,https://www.databank.com/data-centers/irvine/
databank-sna2-irvine-ca,DataBank SNA2,DataBank,data_center,operational,,confirmed,Irvine,Orange,CA,33.68882,-117.84289,8,,,,2026-09-12,https://www.compute-atlas.com/facilities/databank-sna2-irvine-ca,1,https://www.databank.com/data-centers/irvine/
databank-vernon-la-ca,Vernon LA Campus (with Goodman Group),DataBank,data_center,under_construction,,confirmed,Vernon,Los Angeles,CA,34.00543,-118.218653,,32,,2026-04-07,2026-09-29,https://www.compute-atlas.com/facilities/databank-vernon-la-ca,5,https://www.prnewswire.com/news-releases/databank-and-goodman-group-partner-to-open-new-landmark-data-center-in-los-angeles-302735412.html
databank-west-twin-cities-edina-mn,DataBank West Twin Cities Data Center (MSP1),DataBank,data_center,operational,,confirmed,Edina,Hennepin,MN,44.8628296,-93.3305557,1.35,,,,2026-09-18,https://www.compute-atlas.com/facilities/databank-west-twin-cities-edina-mn,3,https://www.databank.com/data-centers/minneapolis/
dataone-vineland-bloom-fuel-cell-plant-nj,DataOne Vineland on-site fuel-cell power plant (Bloom Energy),DataOne (Bloom Energy fuel cells),power_generation,under_construction,,reported,Vineland,Cumberland,NJ,39.4281965,-75.0184096,,,Nebius Group,,2026-09-21,https://www.compute-atlas.com/facilities/dataone-vineland-bloom-fuel-cell-plant-nj,4,https://whyy.org/articles/vineland-data-center-stop-work-orders/
dataverge-brooklyn-ny,DataVerge Brooklyn (Industry City),DataVerge,data_center,operational,,confirmed,Brooklyn,Kings,NY,40.6579597,-74.0055488,140,,,,2026-09-21,https://www.compute-atlas.com/facilities/dataverge-brooklyn-ny,3,https://dataverge.com/interconnected-data-center-brooklyn/
datayard-dayton-oh,DataYard Dayton Data Center,DataYard,data_center,operational,,confirmed,Dayton,Montgomery,OH,39.7602255,-84.1953733,,,,,2026-09-21,https://www.compute-atlas.com/facilities/datayard-dayton-oh,2,https://www.datayard.us/contact/
davis-besse-nuclear-ottawa-county-oh,Davis-Besse Nuclear Power Station,Vistra,power_generation,operational,,confirmed,Oak Harbor,Ottawa,OH,41.59667,-83.08639,908,988,Meta,2026-01-09,2026-08-04,https://www.compute-atlas.com/facilities/davis-besse-nuclear-ottawa-county-oh,4,https://www.prnewswire.com/news-releases/vistra-and-meta-announce-agreements-to-support-nuclear-plants-in-pjm-and-add-new-nuclear-generation-to-the-grid-302656941.html
db-stu-mount-orab-brown-oh,Mount Orab Mega-Site Data Center Campus,DB Stu LLC,data_center,proposed,,reported,Mount Orab,Brown,OH,39.0275659,-83.919652,,,,,2026-09-09,https://www.compute-atlas.com/facilities/db-stu-mount-orab-brown-oh,2,https://www.browncountypress.com/news/19046/mt-orab-council-member-takes-steps-to-stop-possible-data-center-construction
dc-blox-atlanta-west-ga,DC BLOX Atlanta West (ATL1),DC BLOX,data_center,under_construction,confirmed,confirmed,Lithia Springs,Douglas,GA,33.7882,-84.6608,,120,,2025-08,2026-07-06,https://www.compute-atlas.com/facilities/dc-blox-atlanta-west-ga,3,https://www.dcblox.com/dcblox-secures-1-15-billion-green-loan-atlanta-data-center-campus-development/
dc-blox-birmingham-al,DC BLOX Birmingham Data Center Campus,DC BLOX,data_center,operational,mixed_use,confirmed,Birmingham,Jefferson,AL,33.5006652,-86.8208315,5,60,,,2026-09-21,https://www.compute-atlas.com/facilities/dc-blox-birmingham-al,3,https://www.dcblox.com/data-centers/birmingham/
dc-blox-camp-hall-berkeley-county-sc,DC BLOX Camp Hall Data Center Campus,DC BLOX,data_center,proposed,,confirmed,,Berkeley,SC,33.1595951,-79.9070461,,45,,,2026-09-13,https://www.compute-atlas.com/facilities/dc-blox-camp-hall-berkeley-county-sc,2,https://www.dcblox.com/dc-blox-purchases-land-secures-power-in-berkeley-county-south-carolina/
dc-blox-greenville-sc,DC BLOX Greenville Data Center,DC BLOX,data_center,operational,,confirmed,Greenville,Greenville,SC,34.80455191966,-82.342676840132,3,,,,2026-09-21,https://www.compute-atlas.com/facilities/dc-blox-greenville-sc,1,https://www.dcblox.com/data-centers/greenville/
dc-blox-henrico-county-va,DC Blox Henrico County Campus (withdrawn),DC BLOX,data_center,cancelled,likely,confirmed,,Henrico,VA,37.5532,-77.4543,,50,,2024,2026-07-24,https://www.compute-atlas.com/facilities/dc-blox-henrico-county-va,3,https://heatmap.news/politics/data-center-cancellations-2025
dc-blox-high-point-nc,DC BLOX High Point Data Center,DC BLOX,data_center,cancelled,,reported,High Point,Guilford County,NC,36.0537978,-79.9518696,,18,,2021-05-05,2026-09-24,https://www.compute-atlas.com/facilities/dc-blox-high-point-nc,4,https://www.highpointnc.gov/DocumentCenter/View/16687/DC-BLOX-and-HPEDC_Press-Release_FINAL-5-5-21
dc-blox-huntsville-al,DC BLOX Huntsville Data Center,DC BLOX,data_center,operational,mixed_use,confirmed,Huntsville,Madison,AL,34.7104202,-86.6921561,,13.5,,,2026-09-21,https://www.compute-atlas.com/facilities/dc-blox-huntsville-al,3,https://www.dcblox.com/data-centers/huntsville/
dc-blox-montgomery-al,DC BLOX Montgomery Data Center,DC BLOX,data_center,proposed,mixed_use,confirmed,Montgomery,Montgomery,AL,32.3777111,-86.3090775,,40,,2024-11,2026-09-15,https://www.compute-atlas.com/facilities/dc-blox-montgomery-al,4,https://www.montgomerychamber.com/blog/press-releases-3604/post/dc-blox-announces-30m-investment-in-new-montgomery-data-center-40072
dc-blox-myrtle-beach-cls-sc,DC BLOX Myrtle Beach Cable Landing Station,DC BLOX,data_center,operational,,confirmed,Myrtle Beach,Horry,SC,33.6746096,-78.9440697,,19,,,2026-09-10,https://www.compute-atlas.com/facilities/dc-blox-myrtle-beach-cls-sc,4,https://www.dcblox.com/dc-blox-opens-myrtle-beach-cable-landing-station/
dc-blox-north-augusta-sc,DC BLOX North Augusta Hyper Edge Data Center,DC BLOX,data_center,under_construction,,reported,North Augusta,Aiken,SC,33.4838645,-81.9141182,,5,,2024-11-14,2026-09-22,https://www.compute-atlas.com/facilities/dc-blox-north-augusta-sc,2,https://www.dcblox.com/dc-blox-4-southeast-hyperscale-edge-node-data-centers/
dc-blox-palm-coast-cable-landing-station-fl,DC BLOX Palm Coast Cable Landing Station,DC BLOX,data_center,under_construction,,confirmed,Palm Coast,Flagler,FL,29.4858163,-81.1959416,,10,,2025-07-09,2026-09-21,https://www.compute-atlas.com/facilities/dc-blox-palm-coast-cable-landing-station-fl,7,https://www.palmcoast.gov/cls
dc-blox-warren-township-marion-county-in,DC BLOX Warren Township Data Center,DC BLOX,data_center,permitted,likely,confirmed,Warren Township,Marion,IN,39.78,-86.05,,78,,,2026-09-13,https://www.compute-atlas.com/facilities/dc-blox-warren-township-marion-county-in,5,https://www.datacenterdynamics.com/en/news/dc-blox-data-center-in-eastern-indianapolis-receives-recommendation-for-approval/
dc-devco-project-pulse-gum-springs-ar,"Project Pulse Data Center Campus, Southwest Arkansas Mega Site (terminated)",DC Devco LLC,data_center,cancelled,,confirmed,Gum Springs,Clark,AR,34.0642476,-93.0957833,,,,2026-04,2026-09-15,https://www.compute-atlas.com/facilities/dc-devco-project-pulse-gum-springs-ar,4,https://arkadelphian.com/2026/04/16/data-center-eyes-clark-county-set-to-buy-mega-site-in-11m-deal/
dcblox-atlanta-east-conyers-ga,DC BLOX Atlanta East Hyperscale Data Center Campus,DC BLOX,data_center,under_construction,likely,reported,Conyers,Rockdale,GA,33.66,-84.02,,216,,2023,2026-07-07,https://www.compute-atlas.com/facilities/dcblox-atlanta-east-conyers-ga,5,https://www.dcblox.com/dc-blox-to-build-hyperscale-ready-data-center-campus-rockdale-county-ga/
dcblox-chattanooga-e16th-tn,DC BLOX Chattanooga (807 E 16th Street),DC BLOX,data_center,operational,mixed_use,confirmed,Chattanooga,Hamilton,TN,35.0314592,-85.2975821,1,1,,,2026-09-21,https://www.compute-atlas.com/facilities/dcblox-chattanooga-e16th-tn,3,https://web.archive.org/web/20260824174431/https://www.timesfreepress.com/news/2026/aug/23/where-are-data-centers-in-chattanooga-region/
dcblox-nashville-grassmere-tn,DC BLOX Nashville (Grassmere Park),DC BLOX,data_center,proposed,,confirmed,Nashville,Davidson,TN,36.0865,-86.74893,,50,,,2026-09-21,https://www.compute-atlas.com/facilities/dcblox-nashville-grassmere-tn,7,https://williamsonsource.com/dc-blox-sues-metro-over-blocked-data-center-project-near-nashville-zoo/
dcip-arcadia-roan-street-fl,DCIP DeSoto County Data Center (Roan Street),DCIP Group (DeSoto County Industrial Park),data_center,permitted,,confirmed,Arcadia,DeSoto,FL,27.2236505,-81.8041159,,,,,2026-09-21,https://www.compute-atlas.com/facilities/dcip-arcadia-roan-street-fl,2,https://desotobocc.com/431/Data-Center-Applications
deca-ghent-carroll-county-ky,Carroll County Digital Campus (Ghent),Deca Companies,data_center,proposed,,reported,Ghent,Carroll,KY,38.7375625,-85.0582835,,,,,2026-09-15,https://www.compute-atlas.com/facilities/deca-ghent-carroll-county-ky,5,https://www.madisoncourier.com/carroll_news_democrat/news/deca-proposing-4b-data-center-in-carroll-county/article_dcc68a89-aafd-5c7e-922c-2fd96bc32921.html
decennial-akron-fulton-county-in,Decennial Group Akron Data Center,Decennial Group,data_center,proposed,,reported,Akron,Fulton,IN,41.0387819,-86.0282647,,,,2026-02-04,2026-09-13,https://www.compute-atlas.com/facilities/decennial-akron-fulton-county-in,2,https://www.abc57.com/news/developer-unveils-data-center-plan-in-akron-amid-resident-concerns
dedispec-berkeley-springs-morgan-county-wv,Dedispec Berkeley Springs Data Center,Dedispec,data_center,operational,,reported,Berkeley Springs,Morgan,WV,39.6267975,-78.2279514,,,,,2026-09-22,https://www.compute-atlas.com/facilities/dedispec-berkeley-springs-morgan-county-wv,2,https://dedispec.com/wvdatacenter.php
deep-green-lansing-mi,Deep Green Lansing Data Center,Deep Green,data_center,cancelled,,reported,Lansing,Ingham,MI,42.747831829239,-84.544559589342,,24,,,2026-09-14,https://www.compute-atlas.com/facilities/deep-green-lansing-mi,2,https://www.yahoo.com/news/articles/lansing-city-planning-commission-recommends-110622234.html
deep-lake-energy-center-nicholas-county-wv,Deep Lake Energy Center,"Deep Lake Energy Center, LLC",power_generation,permitted,,reported,Summersville,Nicholas,WV,38.2812203,-80.8525981,,150,,,2026-09-22,https://www.compute-atlas.com/facilities/deep-lake-energy-center-nicholas-county-wv,3,https://wchstv.com/news/local/wva-regulators-approves-construction-of-major-solar-plant-in-nicholas-county
deep-river-data-cumnock-lee-county-nc,"Deep River Data AI Data Center (Cumnock, Lee County)",Deep River Data,data_center,proposed,likely,reported,Cumnock,Lee,NC,35.555,-79.23778,,,,2025-09,2026-08-29,https://www.compute-atlas.com/facilities/deep-river-data-cumnock-lee-county-nc,2,https://www.theassemblync.com/business/commercial-natural-gas-well-ai-datacenter/
deepgreen-cook-inlet-nikiski-ak,Cook Inlet Subsea-Compute & Infrastructure Hub,DeepGreen Cook Inlet SPV LLC,data_center,proposed,,confirmed,Nikiski,Kenai Peninsula Borough,AK,60.6903,-151.2889,,100,,2026-02-11,2026-09-28,https://www.compute-atlas.com/facilities/deepgreen-cook-inlet-nikiski-ak,2,https://www.adn.com/business-economy/2026/08/19/underwater-data-center-proposed-for-alaskas-cook-inlet-by-east-coast-company/
delaware-dti-biggs-data-center-new-castle-de,State of Delaware Biggs Data Center (DTI),Delaware Department of Technology and Information,data_center,operational,,confirmed,New Castle,New Castle,DE,39.697868,-75.574992,,,,,2026-10-01,https://www.compute-atlas.com/facilities/delaware-dti-biggs-data-center-new-castle-de,2,https://webfiles.dti.delaware.gov/pdfs/processes/Data-Center-Access.pdf
delaware-dti-william-penn-data-center-dover-de,State of Delaware William Penn Data Center (DTI),Delaware Department of Technology and Information,data_center,operational,,confirmed,Dover,Kent,DE,39.171779,-75.536142,,,,,2026-10-01,https://www.compute-atlas.com/facilities/delaware-dti-william-penn-data-center-dover-de,3,https://webfiles.dti.delaware.gov/pdfs/processes/Data-Center-Access.pdf
deltas-edge-solar-carroll-ms,Delta's Edge Solar,"Cubico USA, LLC",power_generation,operational,,reported,,Carroll,MS,33.525286,-90.06936,100,,,,2026-09-22,https://www.compute-atlas.com/facilities/deltas-edge-solar-carroll-ms,2,https://www.eia.gov/electricity/data/eia860m/xls/july_generator2026.xlsx
deltona-holder-industrial-park-citrus-county-fl,Holder Industrial Park Data Center Expansion (withdrawn),Deltona Corporation,data_center,cancelled,,confirmed,Lecanto,Citrus,FL,28.86722,-82.49444,,,,,2026-09-10,https://www.compute-atlas.com/facilities/deltona-holder-industrial-park-citrus-county-fl,3,https://baynews9.com/fl/tampa/news/2026/06/18/citrus-county-planning-and-development-commission-vote-down-on-holder-industrial-park-plan
demec-beasley-generation-station-kent-de,"Warren F. ""Sam"" Beasley Generation Station",Delaware Municipal Electric Corporation (DEMEC),power_generation,operational,,reported,,Kent,DE,39.279179,-75.62393,96,,,,2026-10-01,https://www.compute-atlas.com/facilities/demec-beasley-generation-station-kent-de,1,https://www.eia.gov/electricity/data/eia860m/xls/august_generator2026.xlsx
depg-smithfield-gateway-data-center-monroe-pa,Smithfield Gateway Data Center,DEPG Mosier Associates LP / DEPG of Shawnee II LP,data_center,proposed,,reported,East Stroudsburg,Monroe,PA,41.0206,-75.1778,,,,,2026-09-25,https://www.compute-atlas.com/facilities/depg-smithfield-gateway-data-center-monroe-pa,1,https://smithfieldtownship.com/odp/gatewaydc/
dermody-kramers-lane-louisville-jefferson-ky,Dermody Properties Kramers Lane Data Center,"Dermody Properties (DPIF4 KY 6 KRAMERS, LLC)",data_center,proposed,,reported,Louisville,Jefferson,KY,38.2044592,-85.8420564,,,,,2026-09-15,https://www.compute-atlas.com/facilities/dermody-kramers-lane-louisville-jefferson-ky,3,https://www.lpm.org/news/2026-08-12/images-another-data-center-proposed-for-louisvilles-rubbertown-neighborhood
desri-long-lake-solar-phillips-county-ar,Long Lake Solar,D. E. Shaw Renewable Investments,power_generation,operational,,confirmed,,Phillips,AR,34.4686,-90.6151,200,,Meta Platforms,,2026-09-22,https://www.compute-atlas.com/facilities/desri-long-lake-solar-phillips-county-ar,3,https://www.prnewswire.com/news-releases/d-e-shaw-renewable-investments-desri-announces-signing-of-200-mwac-arkansas-clean-power-project-with-meta-301690881.html
detroit-shoemaker-street-data-center-mi,"Shoemaker Street Data Center Proposal (11031 & 11081 Shoemaker St, Detroit east side)",Undisclosed developer (respondent to City of Detroit RFP),data_center,cancelled,,reported,Detroit,Wayne,MI,42.3895216,-82.9892122,,,,,2026-09-21,https://www.compute-atlas.com/facilities/detroit-shoemaker-street-data-center-mi,4,https://www.wxyz.com/news/data-centers/data-center-proposed-for-14-4-acres-on-detroits-east-side-city-council-seeks-moratorium
diamond-farms-gateway-digital-villa-ridge-mo,Diamond Farms (Gateway Digital Campus),Provident Data Centers,data_center,proposed,,reported,Villa Ridge,Franklin,MO,38.484,-90.85,,,,2026-04-23,2026-08-24,https://www.compute-atlas.com/facilities/diamond-farms-gateway-digital-villa-ridge-mo,2,https://www.ksdk.com/article/news/politics/franklin-county-planning-and-zoning-commission-backs-one-data-center-diamond-farms-rejects-another-crooked-creek/63-89185f2a-d50e-4ac5-bfe9-f5e8209fa9e0
digi-power-x-columbiana-al,Digi Power X Columbiana AI Data Center,Digi Power X,data_center,under_construction,confirmed,confirmed,Columbiana,Shelby,AL,33.1810918,-86.622753,,40,,2025-01,2026-09-22,https://www.compute-atlas.com/facilities/digi-power-x-columbiana-al,3,https://www.shelbycountyreporter.com/news/columbiana-data-center-signs-1b-agreement-future-plans-revealed-f520ff1b/
digico-lax1-monterey-park-ca,DigiCo LAX1 (1977 Saturn Street),DigiCo Infrastructure REIT,data_center,cancelled,,confirmed,Monterey Park,Los Angeles,CA,34.03951,-118.115058,,,,2024-10,2026-08-02,https://www.compute-atlas.com/facilities/digico-lax1-monterey-park-ca,8,https://www.montereypark.ca.gov/DocumentCenter/View/18798/26_03_31_SIGNED_LAX---Letter-to-City-of-Monterey-Park
digihost-erie-county-ny,Digihost — Erie County (Buffalo),Digihost (Digi Power X),crypto_mining,operational,,confirmed,Buffalo,Erie,NY,42.919825,-78.81999,42,,,,2026-09-09,https://www.compute-atlas.com/facilities/digihost-erie-county-ny,2,https://www.gem.wiki/Digihost_American_Axle_Erie_County_facility
digihost-north-tonawanda-ny,Digihost / Digi Power X — Fortistar North Tonawanda,Digihost (Digi Power X),crypto_mining,operational,,confirmed,North Tonawanda,Niagara,NY,43.0483121591696,-78.85360658271534,60,120,,,2026-09-09,https://www.compute-atlas.com/facilities/digihost-north-tonawanda-ny,5,https://earthjustice.org/press/2026/appeals-court-delivers-blow-to-north-tonawanda-crypto-operation-reinforces-new-yorks-climate-law
digital-fortress-lynnwood-wa,Digital Fortress Lynnwood (SEA1),Digital Fortress,data_center,operational,,reported,Lynnwood,Snohomish,WA,47.8224039,-122.2896138,10,,,,2026-09-21,https://www.compute-atlas.com/facilities/digital-fortress-lynnwood-wa,2,https://www.openstreetmap.org/way/589360530
digital-fortress-pnj-piscataway-nj,Digital Fortress PNJ (Piscataway),Digital Fortress,data_center,operational,,confirmed,Piscataway,Middlesex,NJ,40.544144,-74.496592,1.8,,,,2026-09-21,https://www.compute-atlas.com/facilities/digital-fortress-pnj-piscataway-nj,2,https://digital-fortress.com/piscataway-data-center/
digital-fortress-ptl-portland-or,Digital Fortress PTL (Downtown Portland 1),Digital Fortress,data_center,operational,,confirmed,Portland,Multnomah,OR,45.52115,-122.68189,2.1,,,,2026-09-17,https://www.compute-atlas.com/facilities/digital-fortress-ptl-portland-or,3,https://digital-fortress.com/portland-interconnected-data-centers/
digital-fortress-ptl2-beaverton-or,Digital Fortress PTL2 (Beaverton),Digital Fortress,data_center,operational,,confirmed,Beaverton,Washington,OR,45.47633,-122.77615,,,,,2026-09-17,https://www.compute-atlas.com/facilities/digital-fortress-ptl2-beaverton-or,2,https://digital-fortress.com/portland-interconnected-data-centers/
digital-fortress-ptl3-beaverton-or,Digital Fortress PTL3 (Beaverton),Digital Fortress,data_center,operational,,confirmed,Beaverton,Washington,OR,45.47556,-122.77617,,,,,2026-09-17,https://www.compute-atlas.com/facilities/digital-fortress-ptl3-beaverton-or,2,https://digital-fortress.com/portland-interconnected-data-centers/
digital-realty-727-s-grand-ave-la-ca,Digital Realty 727 S. Grand Avenue (DTLA),Digital Realty,data_center,proposed,,reported,Los Angeles,Los Angeles,CA,34.046823,-118.257149,,,,2023-05-24,2026-08-02,https://www.compute-atlas.com/facilities/digital-realty-727-s-grand-ave-la-ca,7,https://www.datacenterfrontier.com/colocation/article/33005622/digital-realty-plans-13-story-data-center-in-downtown-los-angeles
digital-realty-8100-boone-boulevard-former-dupont-fabros-va3-va,Digital Realty 8100 Boone Boulevard (former DuPont Fabros VA3),Digital Realty,data_center,operational,,reported,Vienna,Fairfax,VA,38.9137236,-77.2258825,,,,,2026-07-23,https://www.compute-atlas.com/facilities/digital-realty-8100-boone-boulevard-former-dupont-fabros-va3-va,3,https://baxtel.com/data-center/8100-boone-digital-realty
digital-realty-acc10-va,Digital Realty ACC10,Digital Realty,data_center,operational,,reported,Ashburn,Loudoun,VA,39.0126563,-77.4656035,,,,,2026-07-23,https://www.compute-atlas.com/facilities/digital-realty-acc10-va,3,https://baxtel.com/data-center/21744-sir-timothy-drive-acc10
digital-realty-acc3-va,Digital Realty ACC3,Digital Realty,data_center,operational,,reported,Ashburn,Loudoun,VA,39.01988,-77.4598033,36.4,,,,2026-08-16,https://www.compute-atlas.com/facilities/digital-realty-acc3-va,3,https://baxtel.com/data-center/44520-hastings-acc3-digital-realty
digital-realty-acc9-va,Digital Realty ACC9,Digital Realty,data_center,operational,,reported,Ashburn,Loudoun,VA,39.0154331,-77.4673732,,,,,2026-07-23,https://www.compute-atlas.com/facilities/digital-realty-acc9-va,3,https://baxtel.com/data-center/21745-sir-timothy-acc9-digital-realty
digital-realty-atl11-ga,Digital Realty ATL11,Digital Realty,data_center,operational,,reported,Austell,Cobb,GA,33.7465605,-84.5797407,,,,,2026-07-23,https://www.compute-atlas.com/facilities/digital-realty-atl11-ga,2,https://www.digitalrealty.com/data-centers/americas/atlanta/atl11
digital-realty-atlanta-atl13-ga,Digital Realty Atlanta ATL13,Digital Realty,data_center,operational,,reported,Atlanta,Fulton,GA,33.7555186,-84.3914814,,,,,2026-07-23,https://www.compute-atlas.com/facilities/digital-realty-atlanta-atl13-ga,3,https://www.digitalrealty.com/data-centers/americas/atlanta/atl13
digital-realty-aurora-ai-factory-manassas-va,Aurora AI Factory,Digital Realty,data_center,under_construction,confirmed,reported,Manassas,Prince William,VA,38.7509,-77.4753,,96,,2025-10-28,2026-09-09,https://www.compute-atlas.com/facilities/digital-realty-aurora-ai-factory-manassas-va,1,http://web.archive.org/web/20260215011608/https://www.datacenterdynamics.com/en/news/nvidia-to-deploy-emerald-ais-orchestration-software-at-96mw-aurora-data-center-in-manassas-virginia/
digital-realty-aus11-tx,Digital Realty AUS11,Digital Realty,data_center,operational,,reported,Austin,Travis,TX,30.212156,-97.6957555,,,,,2026-07-23,https://www.compute-atlas.com/facilities/digital-realty-aus11-tx,2,https://www.digitalrealty.com/data-centers/americas/austin/aus11
digital-realty-ch2-il,Digital Realty CH2,Digital Realty,data_center,operational,,reported,Elk Grove Village,Cook,IL,41.9945332,-87.9577513,,,,,2026-07-23,https://www.compute-atlas.com/facilities/digital-realty-ch2-il,3,https://www.digitalrealty.com/data-centers/americas/chicago/ch2
digital-realty-ch3-elk-grove-village-il,Digital Realty CH3,Digital Realty,data_center,operational,,reported,Elk Grove Village,Cook,IL,41.9927374,-87.9968732,,,,,2026-09-25,https://www.compute-atlas.com/facilities/digital-realty-ch3-elk-grove-village-il,2,https://www.digitalrealty.com/data-centers/americas/chicago/ch3
digital-realty-charlotte-nc,Digital Realty Moores Chapel Data Center Campus,Digital Realty,data_center,permitted,likely,confirmed,Charlotte,Mecklenburg,NC,35.2422,-80.9562,,400,,2025-04,2026-08-15,https://www.compute-atlas.com/facilities/digital-realty-charlotte-nc,4,https://www.datacenterdynamics.com/en/news/digital-realty-files-to-develop-400mw-data-center-campus-in-charlotte-north-carolina/
digital-realty-chicago-ch1-il,Digital Realty Chicago CH1,Digital Realty,data_center,operational,,reported,Elk Grove Village,Cook,IL,41.9942413,-87.961935,,,,,2026-07-23,https://www.compute-atlas.com/facilities/digital-realty-chicago-ch1-il,3,https://www.digitalrealty.com/data-centers/americas/chicago/ch1
digital-realty-clifton-campus-nj,Digital Realty Clifton Campus,Digital Realty,data_center,operational,,confirmed,Clifton,Passaic,NJ,40.862137,-74.160393,,,,,2026-09-12,https://www.compute-atlas.com/facilities/digital-realty-clifton-campus-nj,3,https://www.digitalrealty.com/data-centers/americas/new-york/ewr20
digital-realty-clt10-charlotte-nc,Digital Realty CLT10 (113 North Myers Street),Digital Realty,data_center,operational,,reported,Charlotte,Mecklenburg County,NC,35.221452,-80.8359211,,,,,2026-09-24,https://www.compute-atlas.com/facilities/digital-realty-clt10-charlotte-nc,3,https://baxtel.com/data-center/digital-realty-clt10
digital-realty-cornelius-pass-cornell-hillsboro-or,"Digital Realty 'Corny' Data Center (Cornelius Pass Rd & NE Cornell Rd, Hillsboro)",Digital Realty,data_center,proposed,,reported,Hillsboro,Washington,OR,45.53957,-122.90018,,,,2026-07-21,2026-09-17,https://www.compute-atlas.com/facilities/digital-realty-cornelius-pass-cornell-hillsboro-or,4,https://hillsboronewstimes.com/2026/08/08/data-center-proposals-filed-days-hours-before-hillsboro-moratorium-approved/
digital-realty-iad38-va,Digital Realty IAD38,Digital Realty,data_center,operational,,reported,Ashburn,Loudoun,VA,39.0010841,-77.4772014,,,,,2026-07-23,https://www.compute-atlas.com/facilities/digital-realty-iad38-va,3,https://www.digitalrealty.com/data-centers/americas/northern-virginia
digital-realty-iad41-building-p-va,Digital Realty IAD41 (Building P),Digital Realty,data_center,operational,,reported,Ashburn,Loudoun,VA,39.0088059,-77.4582358,,,,,2026-07-23,https://www.compute-atlas.com/facilities/digital-realty-iad41-building-p-va,3,https://marketplace.upstack.com/data-centers/digital-realty-ashburn-iad41
digital-realty-iad42-building-r-va,Digital Realty IAD42 (Building R),Digital Realty,data_center,operational,,reported,Sterling,Loudoun,VA,39.0056891,-77.4494637,,,,,2026-07-23,https://www.compute-atlas.com/facilities/digital-realty-iad42-building-r-va,3,https://marketplace.upstack.com/data-centers/digital-realty-ashburn-iad42
digital-realty-iad43-building-s-va,Digital Realty IAD43 (Building S),Digital Realty,data_center,operational,,reported,Sterling,Loudoun,VA,39.0018258,-77.4527034,,,,,2026-07-23,https://www.compute-atlas.com/facilities/digital-realty-iad43-building-s-va,3,https://baxtel.com/data-center/digital-realty-iad43
digital-realty-iad44-va,Digital Realty IAD44,Digital Realty,data_center,operational,,reported,Sterling,Loudoun,VA,38.9608537,-77.4913983,,,,,2026-07-23,https://www.compute-atlas.com/facilities/digital-realty-iad44-va,2,https://www.digitalrealty.com/data-centers/americas/northern-virginia/iad44
digital-realty-iad55-va,Digital Realty IAD55,Digital Realty,data_center,operational,,reported,Sterling,Loudoun,VA,38.9921932,-77.4339218,,,,,2026-07-23,https://www.compute-atlas.com/facilities/digital-realty-iad55-va,3,https://baxtel.com/data-center/digital-realty-iad43
digital-realty-iad73-va,Digital Realty IAD73,Digital Realty,data_center,operational,,reported,Ashburn,Loudoun,VA,39.0066187,-77.4664074,,,,,2026-07-23,https://www.compute-atlas.com/facilities/digital-realty-iad73-va,3,https://inflect.com/building/44540-round-table-plaza-ashburn/digital-realty/datacenter/iad73
digital-realty-jfk10-manhattan-ny,Digital Realty JFK10 (111 Eighth Avenue),Digital Realty,data_center,operational,confirmed,confirmed,New York,New York,NY,40.741369,-74.003206,,,,,2026-07-24,https://www.compute-atlas.com/facilities/digital-realty-jfk10-manhattan-ny,5,https://www.digitalrealty.com/data-centers/americas/new-york/jfk10
digital-realty-lax12-ca,Digital Realty LAX12,Digital Realty,data_center,operational,,reported,El Segundo,Los Angeles,CA,33.9156593,-118.3846186,,,,,2026-08-08,https://www.compute-atlas.com/facilities/digital-realty-lax12-ca,3,https://www.digitalrealty.com/data-centers/americas/los-angeles/lax12
digital-realty-mia10-fl,Digital Realty MIA10,Digital Realty,data_center,operational,,confirmed,Miami,Miami-Dade,FL,25.7758419,-80.1929625,,,,,2026-08-02,https://www.compute-atlas.com/facilities/digital-realty-mia10-fl,3,https://www.digitalrealty.com/data-centers/americas/miami/mia10
digital-realty-new-york-ewr10-nj,Digital Realty New York EWR10,Digital Realty,data_center,operational,,reported,Weehawken,Hudson,NJ,40.7618178,-74.0250281,,,,,2026-07-23,https://www.compute-atlas.com/facilities/digital-realty-new-york-ewr10-nj,3,https://marketplace.upstack.com/data-centers/digital-realty-data-center-new-jersey
digital-realty-new-york-ewr11-nj,Digital Realty New York EWR11,Digital Realty,data_center,operational,,reported,Piscataway Township,Middlesex,NJ,40.5537931,-74.4571024,,,,,2026-07-23,https://www.compute-atlas.com/facilities/digital-realty-new-york-ewr11-nj,3,https://www.digitalrealty.com/data-centers/americas/new-york/ewr11
digital-realty-new-york-ewr12-nj,Digital Realty New York EWR12,Digital Realty,data_center,operational,,reported,Piscataway Township,Middlesex,NJ,40.5529283,-74.4592038,,,,,2026-07-23,https://www.compute-atlas.com/facilities/digital-realty-new-york-ewr12-nj,3,https://www.digitalrealty.com/data-centers/americas/new-york/ewr12
digital-realty-northern-virginia-acc4-va,Digital Realty Northern Virginia ACC4,Digital Realty,data_center,operational,,reported,Ashburn,Loudoun,VA,39.0178592,-77.4624708,,,,,2026-07-23,https://www.compute-atlas.com/facilities/digital-realty-northern-virginia-acc4-va,3,https://www.digitalrealty.com/data-centers/americas/northern-virginia/acc4
digital-realty-northern-virginia-acc5-va,Digital Realty Northern Virginia ACC5,Digital Realty,data_center,operational,,reported,Ashburn,Loudoun,VA,39.0201584,-77.4631033,,,,,2026-09-21,https://www.compute-atlas.com/facilities/digital-realty-northern-virginia-acc5-va,3,https://www.digitalrealty.com/data-centers/americas/northern-virginia/acc5
digital-realty-northern-virginia-iad14-va,Digital Realty Northern Virginia IAD14,Digital Realty,data_center,operational,,reported,Ashburn,Loudoun,VA,39.0033364,-77.4870935,,,,,2026-07-23,https://www.compute-atlas.com/facilities/digital-realty-northern-virginia-iad14-va,3,https://www.digitalrealty.com/data-centers/americas/northern-virginia/iad14
digital-realty-oak10-ca,Digital Realty OAK10,Digital Realty,data_center,operational,,confirmed,Oakland,Alameda,CA,37.7992148,-122.2829762,2,,,,2026-09-21,https://www.compute-atlas.com/facilities/digital-realty-oak10-ca,3,https://www.digitalrealty.com/data-centers/americas/silicon-valley/oak10
digital-realty-ord10-il,Digital Realty ORD10,Digital Realty,data_center,operational,,reported,Chicago,Cook,IL,41.8533507,-87.6183067,,,,,2026-07-23,https://www.compute-atlas.com/facilities/digital-realty-ord10-il,2,https://www.digitalrealty.com/data-centers/americas/chicago/ord10
digital-realty-ord11-il,Digital Realty ORD11,Digital Realty,data_center,operational,,reported,Chicago,Cook,IL,41.8743036,-87.6299404,,,,,2026-07-23,https://www.compute-atlas.com/facilities/digital-realty-ord11-il,3,https://www.digitalrealty.com/data-centers/americas/chicago/ord11
digital-realty-ord12-franklin-park-il,Digital Realty ORD12,Digital Realty,data_center,operational,,confirmed,Franklin Park,Cook,IL,41.9283705,-87.8592552,,,,,2026-08-31,https://www.compute-atlas.com/facilities/digital-realty-ord12-franklin-park-il,1,https://www.digitalrealty.com/data-centers/americas/chicago/ord12
digital-realty-ord13-franklin-park-il,Digital Realty ORD13,Digital Realty,data_center,operational,,reported,Franklin Park,Cook,IL,41.9290818,-87.8587696,,,,,2026-09-25,https://www.compute-atlas.com/facilities/digital-realty-ord13-franklin-park-il,2,https://www.digitalrealty.com/data-centers/americas/chicago/ord13
digital-realty-ord14-franklin-park-il,Digital Realty ORD14,Digital Realty,data_center,operational,,reported,Franklin Park,Cook,IL,41.9291102,-87.8594098,,,,,2026-09-25,https://www.compute-atlas.com/facilities/digital-realty-ord14-franklin-park-il,2,https://www.digitalrealty.com/data-centers/americas/chicago/ord14
digital-realty-ord23-northlake-il,Digital Realty ORD23,Digital Realty,data_center,operational,,reported,Northlake,Cook,IL,41.9196689,-87.9129266,,,,,2026-09-25,https://www.compute-atlas.com/facilities/digital-realty-ord23-northlake-il,2,https://www.digitalrealty.com/data-centers/americas/chicago/ord23
digital-realty-pdx10-or,Digital Realty PDX10,Digital Realty,data_center,operational,,reported,Hillsboro,Washington,OR,45.5476034,-122.891975,,,,,2026-09-05,https://www.compute-atlas.com/facilities/digital-realty-pdx10-or,1,https://www.digitalrealty.com/data-centers/americas/portland/pdx10
digital-realty-pdx11-or,Digital Realty PDX11,Digital Realty,data_center,operational,,reported,Hillsboro,Washington,OR,45.5679542,-122.9167725,,,,,2026-07-23,https://www.compute-atlas.com/facilities/digital-realty-pdx11-or,3,https://www.usgbc.org/projects/digital-realty-hillsboro-or-1pdx-11
digital-realty-pdx12-or,Digital Realty PDX12,Digital Realty,data_center,operational,,reported,Hillsboro,Washington,OR,45.56952,-122.91865,,,,,2026-08-15,https://www.compute-atlas.com/facilities/digital-realty-pdx12-or,1,https://www.digitalrealty.com/data-centers/americas/portland/pdx12
digital-realty-phx-tempe-az,Digital Realty PHX (Tempe),Digital Realty,data_center,operational,,reported,Tempe,Maricopa,AZ,33.3446197,-111.8992189,33.8,,,,2026-07-23,https://www.compute-atlas.com/facilities/digital-realty-phx-tempe-az,2,https://www.digitalrealty.com/data-centers/americas/phoenix
digital-realty-phx15-az,Digital Realty PHX15,Digital Realty,data_center,operational,likely,reported,Chandler,Maricopa,AZ,33.2749228,-111.8866379,,,,,2026-07-23,https://www.compute-atlas.com/facilities/digital-realty-phx15-az,2,https://www.digitalrealty.com/data-centers/americas/phoenix/phx15
digital-realty-sc1-ca,Digital Realty SC1,Digital Realty,data_center,operational,,reported,Santa Clara,Santa Clara,CA,37.3616469,-121.9439784,,,,,2026-09-14,https://www.compute-atlas.com/facilities/digital-realty-sc1-ca,5,https://www.digitalrealty.com/data-centers/americas/silicon-valley/sc1
digital-realty-sea1-intergate-seattle-east-bldg-4-wa,"Digital Realty SEA1 (Intergate Seattle-East, Bldg 4)",Digital Realty,data_center,operational,,reported,Tukwila,King,WA,47.4934032,-122.2888803,,,,,2026-07-23,https://www.compute-atlas.com/facilities/digital-realty-sea1-intergate-seattle-east-bldg-4-wa,3,https://www.digitalrealty.com/data-centers/americas/seattle
digital-realty-sfo10-ca,Digital Realty SFO10,Digital Realty,data_center,operational,,reported,San Francisco,San Francisco,CA,37.7236272,-122.3979543,,,,,2026-07-23,https://www.compute-atlas.com/facilities/digital-realty-sfo10-ca,2,https://www.digitalrealty.com/data-centers/americas/silicon-valley/sfo10
digital-realty-sfo12-365-main-street-ca,Digital Realty SFO12 (365 Main Street),Digital Realty,data_center,operational,,reported,San Francisco,San Francisco,CA,37.788731,-122.390469,,,,,2026-07-23,https://www.compute-atlas.com/facilities/digital-realty-sfo12-365-main-street-ca,2,https://www.digitalrealty.com/data-centers/americas/silicon-valley/sfo12
digital-realty-silicon-valley-sjc10-ca,Digital Realty Silicon Valley SJC10,Digital Realty,data_center,operational,,reported,Santa Clara,Santa Clara,CA,37.375822,-121.9533359,,,,,2026-07-23,https://www.compute-atlas.com/facilities/digital-realty-silicon-valley-sjc10-ca,3,https://www.digitalrealty.com/data-centers/americas/silicon-valley/sjc10
digital-realty-silicon-valley-sjc11-ca,Digital Realty Silicon Valley SJC11,Digital Realty,data_center,operational,,reported,Santa Clara,Santa Clara,CA,37.3763668,-121.9485649,,,,,2026-07-23,https://www.compute-atlas.com/facilities/digital-realty-silicon-valley-sjc11-ca,3,https://www.digitalrealty.com/data-centers/americas/silicon-valley/sjc11
digital-realty-silicon-valley-sjc16-ca,Digital Realty Silicon Valley SJC16,Digital Realty,data_center,operational,,reported,Santa Clara,Santa Clara,CA,37.3749324,-121.9559987,,,,,2026-07-23,https://www.compute-atlas.com/facilities/digital-realty-silicon-valley-sjc16-ca,3,https://www.digitalrealty.com/data-centers/americas/silicon-valley/sjc16
digital-realty-silicon-valley-sjc30-ca,Digital Realty Silicon Valley SJC30,Digital Realty,data_center,operational,,reported,Santa Clara,Santa Clara,CA,37.3782874,-121.9581107,,,,,2026-07-23,https://www.compute-atlas.com/facilities/digital-realty-silicon-valley-sjc30-ca,3,https://www.digitalrealty.com/data-centers/americas/silicon-valley/sjc30
digital-realty-silicon-valley-sjc31-ca,Digital Realty Silicon Valley SJC31,Digital Realty,data_center,operational,,reported,Santa Clara,Santa Clara,CA,37.3722213,-121.9482625,,,,,2026-07-23,https://www.compute-atlas.com/facilities/digital-realty-silicon-valley-sjc31-ca,3,https://www.digitalrealty.com/data-centers/americas/silicon-valley/sjc31
digital-realty-sjc34-ca,Digital Realty SJC34,Digital Realty,data_center,operational,,reported,Santa Clara,Santa Clara,CA,37.3724077,-121.973647,,,,,2026-07-23,https://www.compute-atlas.com/facilities/digital-realty-sjc34-ca,3,https://www.digitalrealty.com/data-centers/americas/silicon-valley/sjc34
digital-realty-sjc36-lafayette-santa-clara-ca,"Digital Realty SJC36 (Lafayette Data Center, 2825 Lafayette Street)",Digital Realty,data_center,permitted,,confirmed,Santa Clara,Santa Clara,CA,37.37287,-121.946796,,66,,2020-05,2026-09-21,https://www.compute-atlas.com/facilities/digital-realty-sjc36-lafayette-santa-clara-ca,2,https://www.energy.ca.gov/powerplant/reciprocating-engine/lafayette-backup-generating-facility
digital-realty-sjc37-santa-clara-ca,Digital Realty SJC37 (641 Walsh Avenue),Digital Realty,data_center,operational,,reported,Santa Clara,Santa Clara,CA,37.3709854,-121.9472165,,,,,2026-09-14,https://www.compute-atlas.com/facilities/digital-realty-sjc37-santa-clara-ca,2,https://www.digitalrealty.com/data-centers/americas/silicon-valley/sjc37
digital-realty-somerset-650-randolph-road-nj,Digital Realty Somerset (650 Randolph Road),Digital Realty,data_center,operational,,reported,Franklin Township (Somerset),Somerset,NJ,40.5375265,-74.5555236,,,,,2026-07-23,https://www.compute-atlas.com/facilities/digital-realty-somerset-650-randolph-road-nj,3,https://www.datacenterknowledge.com/data-center-site-selection/wholesale-data-centers-thrive-in-central-nj
digital-realty-va3-va,Digital Realty VA3,Digital Realty,data_center,operational,,reported,Reston,Fairfax,VA,38.9484941,-77.3273071,,,,,2026-07-23,https://www.compute-atlas.com/facilities/digital-realty-va3-va,4,https://www.digitalrealty.com/data-centers/americas/northern-virginia/va3
digital-realty-va4-va,Digital Realty VA4,Digital Realty,data_center,operational,,reported,Bristow,Prince William,VA,38.7780614,-77.594905,,,,,2026-07-23,https://www.compute-atlas.com/facilities/digital-realty-va4-va,3,https://datacenterhawk.com/marketplace/providers/digital-realty/8217-linton-hall-road/va4
digital-realty-vernon-ca,Digital Realty Vernon Data Center,Digital Realty,data_center,proposed,,reported,Vernon,Los Angeles,CA,33.99951,-118.2252615,,32,,,2026-08-02,https://www.compute-atlas.com/facilities/digital-realty-vernon-ca,4,https://www.bisnow.com/los-angeles/news/data-center-development/digital-realty-buys-vernon-data-center-site-49m-131715
digitalrealty-bos14-needham-ma,Digital Realty BOS14,Digital Realty,data_center,operational,,confirmed,Needham,Norfolk,MA,42.30177,-71.22184,,,,,2026-09-15,https://www.compute-atlas.com/facilities/digitalrealty-bos14-needham-ma,3,https://www.digitalrealty.com/data-centers/americas/boston
diode-ventures-gemstone-kuna-id,Gemstone Technology Park,Diode Ventures,data_center,proposed,,reported,Kuna,Ada,ID,43.44545,-116.37335,,,,,2026-09-12,https://www.compute-atlas.com/facilities/diode-ventures-gemstone-kuna-id,3,https://www.idahopress.com/news/local/another-data-center-in-kuna-city-council-approves-new-facility/article_f419d684-3934-446a-a910-c06ec0753473.html
diversified-longhorn-pad-a-horton-township-elk-pa,Longhorn Pad A Wellhead Bitcoin Mine,Diversified Production LLC,crypto_mining,cancelled,,reported,Horton Township,Elk,PA,41.2816445,-78.7281388,,,,,2026-09-25,https://www.compute-atlas.com/facilities/diversified-longhorn-pad-a-horton-township-elk-pa,2,https://capitalandmain.com/in-rural-pennsylvania-crypto-mining-offers-a-lifeline-for-dying-gas-wells
dmg-blockchain-boardman-or,DMG Blockchain Boardman Facility,DMG Blockchain Solutions,crypto_mining,proposed,,reported,Boardman,Morrow,OR,45.83986,-119.70058,3.75,,,,2026-09-21,https://www.compute-atlas.com/facilities/dmg-blockchain-boardman-or,2,https://www.stocktitan.net/news/DMGGF/dmg-blockchain-solutions-announces-asset-purchase-to-establish-its-e8cfbong1plf.html
dmint-olb-group-selmer-tn,DMINT Selmer Bitcoin Mining Data Center (565 Industrial Park Drive),"DMINT, Inc. (The OLB Group)",crypto_mining,operational,,confirmed,Selmer,McNairy,TN,35.157845,-88.595061,,,,2022-08-16,2026-09-21,https://www.compute-atlas.com/facilities/dmint-olb-group-selmer-tn,2,https://www.sec.gov/Archives/edgar/data/1314196/000121390026037906/ea0282959-10k_olbgroup.htm
docomo-guam-harmon-gu,DoCoMo Guam Data Center,DOCOMO PACIFIC,data_center,operational,,reported,Dededo,,GU,13.5120114,144.827566,,,,,2026-09-13,https://www.compute-atlas.com/facilities/docomo-guam-harmon-gu,1,https://baxtel.com/data-center/docomo-guam
docomo-saipan-susupe-mp,DoCoMo Pacific Susupe Data Center,DOCOMO PACIFIC,data_center,operational,,reported,Susupe,,MP,15.1568682,145.7051697,,,,,2026-09-13,https://www.compute-atlas.com/facilities/docomo-saipan-susupe-mp,2,https://inflect.com/building/nauru-loop-susupe/docomo-pacific/datacenter/guam-cablevision-llc-mcv-saipan-datacenter
doe-oak-ridge-reservation-ai-data-centers-tn,Oak Ridge Reservation AI Data Center Sites (DOE land lease),U.S. Department of Energy,data_center,proposed,confirmed,confirmed,Oak Ridge,Roane,TN,35.9352633,-84.3923554,,,,2025-09,2026-09-09,https://www.compute-atlas.com/facilities/doe-oak-ridge-reservation-ai-data-centers-tn,2,https://www.energy.gov/em/articles/us-energy-department-seeks-proposals-ai-data-centers-energy-projects-oak-ridge
dominion-chesterfield-energy-reliability-center-va,Chesterfield Energy Reliability Center (CERC),Dominion Energy Virginia,power_generation,permitted,,confirmed,Chester,Chesterfield,VA,37.38189170453291,-77.38444091694713,,1000,,2025-03,2026-09-09,https://www.compute-atlas.com/facilities/dominion-chesterfield-energy-reliability-center-va,7,https://www.datacenterdynamics.com/en/news/dominion-energy-seeks-approval-for-1gw-virginia-gas-plant-amid-data-center-boom/
dominion-cumberland-energy-center-va,Cumberland Energy Center,Dominion Energy Virginia,power_generation,proposed,,reported,,Cumberland,VA,37.62,-78.26,,3000,,2026-05-07,2026-09-09,https://www.compute-atlas.com/facilities/dominion-cumberland-energy-center-va,1,https://www.vpm.org/news/2026-05-11/dominion-energy-gas-plant-cumberland-energy-center-scc-cerc-hamlet
dominion-mount-storm-combined-cycle-grant-county-wv,Mt. Storm Combined Cycle Station,Dominion Energy,power_generation,proposed,,confirmed,Mount Storm,Grant,WV,39.200531,-79.264722,,2600,General large-load / data-center-driven demand growth across PJM (no single named customer),2026-07-28,2026-09-15,https://www.compute-atlas.com/facilities/dominion-mount-storm-combined-cycle-grant-county-wv,3,https://governor.wv.gov/article/governor-morrisey-announces-26-gw-natural-gas-power-plant-grant-county-existing-coal
dominion-mount-storm-power-station-grant-county-wv,Mount Storm Power Station,Virginia Electric and Power Company (Dominion Energy),power_generation,operational,,reported,Mount Storm,Grant,WV,39.200531,-79.264722,1662,,,,2026-09-22,https://www.compute-atlas.com/facilities/dominion-mount-storm-power-station-grant-county-wv,2,https://www.gem.wiki/Mount_Storm_power_station
dp-facilities-mineral-gap-wise-va,Mineral Gap Data Center,DP Facilities,data_center,operational,,confirmed,Wise,Wise,VA,36.987,-82.53,,,,2015,2026-09-21,https://www.compute-atlas.com/facilities/dp-facilities-mineral-gap-wise-va,3,https://www.dpfacilities.com/in-the-news/65-million-minderal-gap-data-center-to-be-built/
dpo-wisconsin-rapids-hpc-wi,DPO Wisconsin Rapids AI Computing Facility,Digital Power Optimization,data_center,proposed,confirmed,reported,Wisconsin Rapids,Wood,WI,44.3917589,-89.8228767,,20,,2025-01-31,2026-09-13,https://www.compute-atlas.com/facilities/dpo-wisconsin-rapids-hpc-wi,2,https://www.prnewswire.com/news-releases/dpo-launches-200-million-ai-data-center-development-in-partnership-with-billerud-302359217.html
drfortress-koapaka-honolulu-hi,DRFortress Data Center,DRFortress,data_center,operational,,confirmed,Honolulu,,HI,21.3344171,-157.9171752,,,,,2026-09-12,https://www.compute-atlas.com/facilities/drfortress-koapaka-honolulu-hi,2,https://www.drfortress.com/in-the-news/
drox-group-rural-hall-forsyth-county-nc,Rural Hall Data Center (The Drox Group),The Drox Group,data_center,cancelled,likely,reported,Rural Hall,Forsyth,NC,36.267,-80.267,,,,,2026-09-24,https://www.compute-atlas.com/facilities/drox-group-rural-hall-forsyth-county-nc,4,https://www.wfdd.org/politics-government/2026-06-11/planning-board-recommends-denying-rezoning-for-proposed-rural-hall-data-center
dte-cold-creek-energy-center-branch-mi,Cold Creek Energy Center,DTE Electric Company,power_generation,permitted,,confirmed,,Branch,MI,41.916753,-85.0649374,,100,Green Chile Ventures LLC (a subsidiary of Oracle Corporation),,2026-09-14,https://www.compute-atlas.com/facilities/dte-cold-creek-energy-center-branch-mi,3,https://adms.apps.lara.state.mi.us/Mpsc/ViewCommissionOrderDocument/27397
dte-fish-creek-energy-center-montcalm-mi,Fish Creek Energy Center,DTE Electric Company,power_generation,permitted,,confirmed,,Montcalm,MI,43.1632133,-85.0148218,,132,Green Chile Ventures LLC (a subsidiary of Oracle Corporation),,2026-09-14,https://www.compute-atlas.com/facilities/dte-fish-creek-energy-center-montcalm-mi,4,https://adms.apps.lara.state.mi.us/Mpsc/ViewCommissionOrderDocument/27397
dte-pine-river-energy-center-gratiot-mi,Pine River Energy Center,DTE Electric Company,power_generation,permitted,,confirmed,,Gratiot,MI,43.2903117,-84.6098023,,100,Green Chile Ventures LLC (a subsidiary of Oracle Corporation),,2026-09-14,https://www.compute-atlas.com/facilities/dte-pine-river-energy-center-gratiot-mi,3,https://adms.apps.lara.state.mi.us/Mpsc/ViewCommissionOrderDocument/27397
duane-arnold-energy-center-palo-ia,Duane Arnold Energy Center (restart),NextEra Energy,power_generation,under_construction,,confirmed,Palo,Linn,IA,42.10125,-91.77764,,615,Google,2025-10-27,2026-08-04,https://www.compute-atlas.com/facilities/duane-arnold-energy-center-palo-ia,5,https://newsroom.nexteraenergy.com/NextEra-Energy-and-Google-Announce-New-Collaboration-to-Accelerate-Nuclear-Energy-Deployment-in-the-U-S?l=12
duke-anderson-plant-anderson-county-sc,Anderson Plant (Duke Energy Combined-Cycle Natural Gas Plant),Duke Energy Carolinas,power_generation,permitted,,confirmed,Starr,Anderson,SC,34.3836077,-82.6938672,,1365,General large-load / data center demand growth in Duke Energy Carolinas' South Carolina territory (not dedicated to a single named customer),,2026-09-10,https://www.compute-atlas.com/facilities/duke-anderson-plant-anderson-county-sc,3,https://news.duke-energy.com/releases/regulators-approve-duke-energys-proposal-for-new-natural-gas-generation-to-support-south-carolinas-growing-energy-needs
duke-energy-belews-creek-smr-stokes-county-nc,Duke Energy Belews Creek Advanced Nuclear Site (SMR early site permit),Duke Energy,power_generation,proposed,,reported,,Stokes,NC,36.28139,-80.06028,,600,,2025-12-30,2026-08-29,https://www.compute-atlas.com/facilities/duke-energy-belews-creek-smr-stokes-county-nc,1,https://news.duke-energy.com/releases/duke-energy-submits-early-site-permit-application-for-potential-new-nuclear-development-in-north-carolina
duke-energy-buck-combustion-turbines-rowan-county-nc,Duke Energy Buck Combustion Turbines (Rowan County),Duke Energy Carolinas,power_generation,proposed,,reported,Salisbury,Rowan,NC,35.71194,-80.37694,,850,,2025-07-24,2026-08-29,https://www.compute-atlas.com/facilities/duke-energy-buck-combustion-turbines-rowan-county-nc,2,https://www.salisburypost.com/2025/07/25/powering-on-duke-energy-signals-plans-for-two-rowan-county-generation-units/
duke-energy-davidson-county-cc4-nc,Duke Energy Davidson County Combined Cycle (CC4),Duke Energy,power_generation,proposed,,reported,,Davidson,NC,35.8163,-80.3753,,1360,,,2026-08-15,https://www.compute-atlas.com/facilities/duke-energy-davidson-county-cc4-nc,1,https://www.theassemblync.com/news/environment/duke-energy-natural-gas-plant-davidson-county/
duke-energy-marshall-combustion-turbines-catawba-county-nc,Duke Energy Marshall Combustion Turbines (Catawba County),Duke Energy Carolinas,power_generation,permitted,,reported,Sherrills Ford,Catawba,NC,35.5975,-80.96472,,850,,2024-03,2026-08-29,https://www.compute-atlas.com/facilities/duke-energy-marshall-combustion-turbines-catawba-county-nc,3,https://charlotteregion.com/news/duke-energy-applies-to-build-new-natural-gas-plant-at-marshall-steam-station-site-in-catawba-county/
duke-energy-person-county-energy-complex-cc-nc,Duke Energy Person County Energy Complex Combined Cycle,Duke Energy,power_generation,under_construction,,reported,,Person,NC,36.4836,-79.0736,,,,,2026-08-15,https://www.compute-atlas.com/facilities/duke-energy-person-county-energy-complex-cc-nc,1,https://www.wral.com/news/local/duke-energy-new-gas-turbine-july-2026/
duke-energy-progress-richmond-county-bridge-power-nc,Duke Energy Progress Richmond County Bridge Power (Energy Way Tech Campus),Duke Energy Progress,power_generation,permitted,,reported,Hamlet,Richmond,NC,34.88917,-79.71,,,Amazon Web Services,2026-06-26,2026-08-29,https://www.compute-atlas.com/facilities/duke-energy-progress-richmond-county-bridge-power-nc,2,https://www.deq.nc.gov/news/press-releases/2026/06/26/deq-announces-joint-public-hearing-amazon-data-center-and-duke-energy-air-quality-permits-richmond
duke-energy-smith-energy-complex-richmond-county-nc,Sherwood H. Smith Jr. Energy Complex,Duke Energy,power_generation,operational,,reported,Hamlet,Richmond County,NC,34.8386885,-79.7397523,,,,,2026-09-24,https://www.compute-atlas.com/facilities/duke-energy-smith-energy-complex-richmond-county-nc,2,https://www.publicradioeast.org/2026-09-21/nc-utilities-commission-denies-duke-energy-gas-plant
dulles-cloud-south-gainesville-prince-william-va,Dulles Cloud South (Dulles South Innovation Center),Undisclosed,data_center,cancelled,,reported,Gainesville,Prince William,VA,38.83,-77.61,,,,,2026-08-27,https://www.compute-atlas.com/facilities/dulles-cloud-south-gainesville-prince-william-va,1,https://www.potomaclocal.com/2026/07/08/prince-william-board-rejects-dulles-south-data-center-proposal-in-gainesville/
dynamic-internet-salem-nh,Dynamic Internet Salem Data Center,Dynamic Internet,data_center,operational,,reported,Salem,Rockingham,NH,42.7648858,-71.2420671,,,,,2026-09-12,https://www.compute-atlas.com/facilities/dynamic-internet-salem-nh,1,https://baxtel.com/data-center/dynamic-internet-salem
dynamic-quest-greensboro-nc,Dynamic Quest Greensboro Data Center,Dynamic Quest,data_center,operational,,reported,Greensboro,Guilford County,NC,36.0497669,-79.881654,,,,,2026-09-24,https://www.compute-atlas.com/facilities/dynamic-quest-greensboro-nc,3,https://baxtel.com/data-center/dynamic-quest-greensboro
eagle-mountain-data-oc1-anaheim-ca,Eagle Mountain Data OC1 (Anaheim Data Center),Eagle Mountain Data Inc,data_center,operational,confirmed,confirmed,Anaheim,Orange,CA,33.8366,-117.9143,45,,,,2026-09-21,https://www.compute-atlas.com/facilities/eagle-mountain-data-oc1-anaheim-ca,1,https://eaglemountain.ai/post/eagle-mountain-data-now-offering-high-density-ai-gpu-capacity-at-fully-energized-anaheim-data-center
eagle-rock-meridian-technology-park-taylorville-il,Meridian Technology Park,Eagle Rock Partners,data_center,cancelled,likely,reported,Clarksdale,Christian,IL,39.489771,-89.36787,,1000,,,2026-09-25,https://www.compute-atlas.com/facilities/eagle-rock-meridian-technology-park-taylorville-il,4,https://mlq.ai/news/eagle-rock-partners-proposes-88b-1gw-data-center-campus-in-christian-county-illinois/
eagle-rock-pairmont-data-center-campus-spotsylvania-va,Pairmont Data Center Campus,Eagle Rock Partners,data_center,proposed,,reported,,Spotsylvania,VA,38.1791903850787,-77.44283210846356,,,,,2026-07-26,https://www.compute-atlas.com/facilities/eagle-rock-pairmont-data-center-campus-spotsylvania-va,3,https://www.spotsylvania.va.us/3137/R25-0014-Pairmont-Data-Center-Campus
eagle-rock-pine-ridge-tech-park-twiggs-ga,Pine Ridge Tech Park,Eagle Rock Partners,data_center,permitted,,confirmed,,Twiggs,GA,32.6467914,-83.4351636,,900,,,2026-09-23,https://www.compute-atlas.com/facilities/eagle-rock-pine-ridge-tech-park-twiggs-ga,2,https://www.gpb.org/news/2025/09/19/rural-twiggs-county-approves-rezoning-for-data-center-city-sized-appetite-for-power
east-kentucky-network-ivel-floyd-ky,East Kentucky Network Data Center,"East Kentucky Network, LLC",data_center,operational,,reported,Ivel,Floyd,KY,37.596989,-82.68065,,,,,2026-09-22,https://www.compute-atlas.com/facilities/east-kentucky-network-ivel-floyd-ky,1,https://www.peeringdb.com/api/fac/15681
ebay-topaz-south-jordan-ut,eBay Topaz Data Center,eBay,data_center,operational,,confirmed,South Jordan,Salt Lake,UT,40.55849,-111.93671,7.2,,,,2026-08-16,https://www.compute-atlas.com/facilities/ebay-topaz-south-jordan-ut,5,https://www.datacenterknowledge.com/hyperscalers/ebay-utah-data-center-earns-leed-gold
ebon-international-big-sandy-lawrence-ky,Ebon International Big Sandy Cryptomining Complex,Ebon International,crypto_mining,cancelled,,reported,Louisa,Lawrence,KY,38.1144867,-82.6030988,,250,,,2026-09-15,https://www.compute-atlas.com/facilities/ebon-international-big-sandy-lawrence-ky,3,https://www.lpm.org/news/2023-08-29/regulators-reject-kentucky-power-contract-for-250m-cryptomining-facility
echostar-cheyenne-wy,EchoStar Cheyenne Data Center and Satellite Uplink Facility,EchoStar,data_center,operational,,confirmed,Cheyenne,Laramie,WY,41.135,-104.725,,,,2010-08-03,2026-08-19,https://www.compute-atlas.com/facilities/echostar-cheyenne-wy,2,https://www.datacenterknowledge.com/business/echostar-picks-cheyenne-for-data-center
ecl-csc1-santa-clara-ca,ECL CSC-1 FlexGrid AI Data Center,ECL,data_center,proposed,confirmed,reported,Santa Clara,Santa Clara,CA,37.354,-121.955,,35,,2026-04,2026-09-29,https://www.compute-atlas.com/facilities/ecl-csc1-santa-clara-ca,3,https://www.businesswire.com/news/home/20260421198659/en/ECL-35MW-FlexGrid-Powered-Data-Center-in-Santa-Clara-Builds-Atop-On-Grid-Power-for-High-Density-AI-Delivery
eco-tip-west-moncure-chatham-county-nc,Triangle Innovation Point West Data Center Campus,Eco TIP West LLC,data_center,proposed,,reported,Moncure,Chatham County,NC,35.6224994,-79.0783143,,750,,,2026-09-24,https://www.compute-atlas.com/facilities/eco-tip-west-moncure-chatham-county-nc,3,https://chathamjournal.com/2026/04/25/developer-sues-chatham-county-the-data-center-pause-that-may-define-ncs-ai-era/
eco-yotta-oneonta-ny,"Eco-Yotta Data Center (proposed, County Route 9)",Eco-Yotta Inc.,data_center,proposed,,reported,Oneonta,Otsego,NY,42.451656,-75.115285,,,,,2026-09-13,https://www.compute-atlas.com/facilities/eco-yotta-oneonta-ny,1,https://www.thedailystar.com/news/local_news/oneonta-town-board-passes-one-year-data-center-moratorium/article_a68f1baa-9dec-4ac5-8bae-3dd86ba53b1c.html
ecp-york-2-energy-center-data-center-peach-bottom-york-pa,York 2 Energy Center Data Center,Energy Capital Partners,data_center,proposed,likely,reported,Peach Bottom Township,York,PA,39.75,-76.35,,,,2025-07-21,2026-08-31,https://www.compute-atlas.com/facilities/ecp-york-2-energy-center-data-center-peach-bottom-york-pa,2,https://www.cpbj.com/5b-data-center-coming-to-york-county-energy-site/
edgeconnex-ashville-oh,Ashville Campus,EdgeConneX,data_center,proposed,,reported,Ashville,Pickaway,OH,39.72,-83.03,,,,,2026-08-08,https://www.compute-atlas.com/facilities/edgeconnex-ashville-oh,3,https://www.datacenterdynamics.com/en/news/proposed-edgeconnex-data-center-in-pickaway-county-ohio-facing-criticism/
edgeconnex-cedar-creek-tx,AUS02 / Cedar Creek Campus,EdgeConneX,data_center,under_construction,,confirmed,Cedar Creek,Bastrop,TX,30.139438,-97.565051,,384,,,2026-08-16,https://www.compute-atlas.com/facilities/edgeconnex-cedar-creek-tx,3,https://communityimpact.com/austin/bastrop-cedar-creek/government/2026/03/31/edgeconnex-plans-second-data-center-campus-in-bastrop-county/
edgeconnex-chi02-il,EdgeConneX CHI02,EdgeConneX,data_center,operational,likely,reported,Elk Grove Village,Cook,IL,42.0014952,-87.9525624,7,,,,2026-09-21,https://www.compute-atlas.com/facilities/edgeconnex-chi02-il,6,https://www.edgeconnex.com/locations/americas/chicago-il/
edgeconnex-den01-denver-co,EdgeConneX DEN01 Denver,EdgeConneX,data_center,operational,,reported,Englewood,Douglas,CO,39.5608526,-104.8275475,3,,,,2026-08-26,https://www.compute-atlas.com/facilities/edgeconnex-den01-denver-co,1,https://www.edgeconnex.com/locations/americas/denver-co/
edgeconnex-det01-mi,EdgeConneX DET01,EdgeConneX,data_center,operational,,reported,Detroit (Oakland County),Oakland,MI,42.4476693,-83.2626336,,,,,2026-09-09,https://www.compute-atlas.com/facilities/edgeconnex-det01-mi,3,https://www.edgeconnex.com/locations/americas/detroit-mi/
edgeconnex-edclas01-las-vegas-nv,EdgeConneX Las Vegas (EDCLAS01),EdgeConneX,data_center,operational,,reported,Las Vegas,Clark,NV,36.0662784,-115.1315773,0.75,,,,2026-09-11,https://www.compute-atlas.com/facilities/edgeconnex-edclas01-las-vegas-nv,2,https://www.peeringdb.com/api/fac?state=NV&limit=200
edgeconnex-jax01-jacksonville-fl,EdgeConneX Jacksonville JAX01,EdgeConneX,data_center,operational,,confirmed,Jacksonville,Duval,FL,30.254238,-81.604183,,,,,2026-09-14,https://www.compute-atlas.com/facilities/edgeconnex-jax01-jacksonville-fl,2,https://www.edgeconnex.com/locations/north-america/jacksonville/
edgeconnex-liberty-road-douglas-county-ga,Liberty Road Data Center Campus (EdgeConneX),EdgeConneX (applicant East Village Dothan LLC),data_center,cancelled,,reported,Villa Rica,Douglas,GA,33.7314864,-84.900079,,,,,2026-09-10,https://www.compute-atlas.com/facilities/edgeconnex-liberty-road-douglas-county-ga,2,https://www.douglascountysentinel.com/douglasville_sentinel/county-rejects-plans-for-700-acre-data-center-campus/article_a5761e68-bcdb-5537-a954-b2a948460ea3.html
edgeconnex-mad01-madison-wi,EdgeConneX Madison (MAD01),EdgeConneX,data_center,operational,,confirmed,Madison,Dane,WI,43.0481038,-89.2982832,,,,,2026-09-21,https://www.compute-atlas.com/facilities/edgeconnex-mad01-madison-wi,2,https://www.edgeconnex.com/locations/americas/madison-wi/
edgeconnex-mcn-new-albany-licking-county-oh,EdgeConneX MCN New Albany (South Campus),EdgeConneX,data_center,under_construction,,reported,New Albany,Licking,OH,40.08878,-82.72274,,224,,2025-07-16,2026-09-10,https://www.compute-atlas.com/facilities/edgeconnex-mcn-new-albany-licking-county-oh,4,https://gis.lickingcounty.gov/server/rest/services/Auditor/Parcels/FeatureServer/0/query?where=UPPER(OwnerName)+LIKE+'%25EDGECONNEX%25'&outFields=*&returnCentroid=true&outSR=4326&f=json
edgeconnex-mem01-memphis-tn,EdgeConneX Memphis (EDCMEM01),EdgeConneX,data_center,operational,,confirmed,Memphis,Shelby,TN,35.038995,-89.88623,,,,,2026-09-14,https://www.compute-atlas.com/facilities/edgeconnex-mem01-memphis-tn,2,https://www.peeringdb.com/api/fac?id=1930
edgeconnex-mesa-campus-phx11-3302-s-hawes-rd-az,EdgeConneX Mesa Campus (PHX11 / 3302 S Hawes Rd),EdgeConneX,data_center,under_construction,,reported,Mesa,Maricopa,AZ,33.3520091,-111.6475291,,,,,2026-07-23,https://www.compute-atlas.com/facilities/edgeconnex-mesa-campus-phx11-3302-s-hawes-rd-az,2,https://www.datacenterdynamics.com/en/news/edgeconnex-files-for-new-1-million-sq-ft-data-center-campus-in-mesa-arizona/
edgeconnex-mia03-beacon-station-medley-fl,"EdgeConneX MIA03 (Beacon Station, withdrawn)",EdgeConneX,data_center,cancelled,,reported,Medley,Miami-Dade,FL,25.86892,-80.379227,,,,2022-12-22,2026-09-21,https://www.compute-atlas.com/facilities/edgeconnex-mia03-beacon-station-medley-fl,2,https://miamiairportwarehouses.com/miami-dade-data-center-plans-scrapped-for-warehouse/
edgeconnex-msp01-eden-prairie-mn,EdgeConneX Minneapolis (EDCMSP01),EdgeConneX Inc.,data_center,operational,,reported,Eden Prairie,Hennepin,MN,44.878844,-93.404156,,,,,2026-09-18,https://www.compute-atlas.com/facilities/edgeconnex-msp01-eden-prairie-mn,2,https://www.peeringdb.com/api/fac?state=MN&country=US
edgeconnex-nas01-nashville-tn,EdgeConneX NAS01 Nashville,EdgeConneX,data_center,operational,mixed_use,confirmed,Nashville,Davidson,TN,36.1449104,-86.703549,,,,,2026-09-21,https://www.compute-atlas.com/facilities/edgeconnex-nas01-nashville-tn,3,https://web.archive.org/web/20260802162755/https://www.edgeconnex.com/locations/americas/nashville-tn/
edgeconnex-por01-por02-hillsboro-campus-or,EdgeConneX POR01/POR02 (Hillsboro campus),EdgeConneX,data_center,operational,,reported,Hillsboro,Washington,OR,45.5564226,-122.9122077,,,,,2026-09-21,https://www.compute-atlas.com/facilities/edgeconnex-por01-por02-hillsboro-campus-or,3,https://www.edgeconnex.com/locations/americas/portland-or/
edgeconnex-sac01-ca,EdgeConneX SAC01,EdgeConneX,data_center,operational,,reported,Rancho Cordova,Sacramento,CA,38.5922987,-121.27744,,,,,2026-07-23,https://www.compute-atlas.com/facilities/edgeconnex-sac01-ca,3,https://www.edgeconnex.com/locations/americas/sacramento-ca/
edgeconnex-sdg01-ca,EdgeConneX SDG01,EdgeConneX,data_center,operational,,reported,San Diego,San Diego,CA,32.8423554,-117.1694226,,,,,2026-09-21,https://www.compute-atlas.com/facilities/edgeconnex-sdg01-ca,3,https://www.edgeconnex.com/locations/americas/san-diego-ca/
edgeconnex-sli01-slidell-la,EdgeConneX SLI01 (Slidell),EdgeConneX,data_center,operational,,confirmed,Slidell,St. Tammany,LA,30.287098,-89.737403,,,,,2026-09-10,https://www.compute-atlas.com/facilities/edgeconnex-sli01-slidell-la,3,https://www.edgeconnex.com/locations/americas/new-orleans-la/
edgeconnex-union-city-campus-fulton-ga,Union City Data Center Campus (EdgeConneX / TA Realty),"EdgeConneX (campus investment and operations with TA Realty; land owned by Microsoft, site development by Burr Computer Environments)",data_center,under_construction,,confirmed,Union City,Fulton,GA,33.5870558,-84.5424299,,324,,,2026-09-23,https://www.compute-atlas.com/facilities/edgeconnex-union-city-campus-fulton-ga,2,https://baxtel.com/data-center/microsoft-union-city-campus
edgeconnex-west-valley-city-ut,EdgeConneX SLC01,EdgeConneX,data_center,operational,,reported,West Valley City,Salt Lake,UT,40.69679,-111.9867,1,,,,2026-08-15,https://www.compute-atlas.com/facilities/edgeconnex-west-valley-city-ut,2,https://d36oiwf74r1rap.cloudfront.net/wp-content/uploads/2026/04/Data-Center-Growth-FS-Apr2026.pdf
edgecore-culpeper-tech-zone-va,EdgeCore Culpeper Data Center Campus,EdgeCore Digital Infrastructure,data_center,proposed,,confirmed,Culpeper,Culpeper,VA,38.4735,-77.96,,216,,2024-07-18,2026-08-27,https://www.compute-atlas.com/facilities/edgecore-culpeper-tech-zone-va,1,https://edgecore.com/resources/press-releases/edgecore-digital-infrastructure-announces-new-hyperscale-data-center-market-in-culpeper-virginia
edgecore-dobson-farms-east-florence-az,Dobson Farms East,EdgeCore Digital Infrastructure,data_center,permitted,,reported,Florence,Pinal County,AZ,33.1183,-111.4733,,720,,,2026-09-23,https://www.compute-atlas.com/facilities/edgecore-dobson-farms-east-florence-az,1,https://pinalpost.com/florence-approves-data-centers-on-1619-acres-as-dobson-farms-becomes-major-tech-park/
edgecore-mesa-az,EdgeCore Mesa Data Center Campus,EdgeCore Digital Infrastructure,data_center,operational,confirmed,confirmed,Mesa,Maricopa,AZ,33.375,-111.6497,206,450,,2022-01,2026-08-08,https://www.compute-atlas.com/facilities/edgecore-mesa-az,3,https://edgecore.com/edgecore-digital-infrastructure-announces-expansion-of-its-metro-phoenix-data-center-market-to-over-450-mw/
edgecore-reno-campus-storey-county-nv,EdgeCore Reno Data Center Campus,EdgeCore Digital Infrastructure,data_center,under_construction,confirmed,confirmed,McCarran,Storey,NV,39.5429755,-119.4851422,,216,,2023-08,2026-09-11,https://www.compute-atlas.com/facilities/edgecore-reno-campus-storey-county-nv,5,https://edgecore.com/locations/reno-data-center
edgecore-shannon-hill-louisa-va,EdgeCore Shannon Hill Data Center Campus,EdgeCore Digital Infrastructure,data_center,proposed,likely,reported,,Louisa,VA,37.836,-77.988,,1100,,2025-06-24,2026-09-10,https://www.compute-atlas.com/facilities/edgecore-shannon-hill-louisa-va,6,https://www.datacenterdynamics.com/en/news/edgecore-to-develop-11gw-data-center-in-louisa-county-virginia/
edgecore-silicon-valley-santa-clara-ca,EdgeCore Silicon Valley Campus (Laurelwood Data Center),EdgeCore Digital Infrastructure,data_center,operational,,confirmed,Santa Clara,Santa Clara,CA,37.3832941,-121.9624766,,72,,,2026-09-14,https://www.compute-atlas.com/facilities/edgecore-silicon-valley-santa-clara-ca,4,https://edgecore.com/locations/silicon-valley-data-center
edged-atlanta-tilford-yard-ga,Edged Atlanta (ATL01),Edged Energy (Endeavour),data_center,operational,likely,reported,Atlanta,Fulton,GA,33.749,-84.388,27,168,,2024-08-21,2026-08-28,https://www.compute-atlas.com/facilities/edged-atlanta-tilford-yard-ga,1,https://www.prnewswire.com/news-releases/edged-data-centers-celebrates-grand-opening-of-new-ultra-efficient-sustainable-data-center-in-atlanta-302228778.html
edged-aurora-il,Edged Chicago Campus — Aurora (ORD01),Edged US,data_center,under_construction,confirmed,confirmed,Aurora,DuPage,IL,41.79,-88.284,,72,,2025-11,2026-07-23,https://www.compute-atlas.com/facilities/edged-aurora-il,3,https://edged.us/news/edged-us-expands-chicagoland-campus
edged-columbus-new-albany-oh,Edged Columbus,Edged (an Endeavour company),data_center,operational,confirmed,confirmed,New Albany,Franklin,OH,40.10608,-82.81578,24,,,,2026-09-21,https://www.compute-atlas.com/facilities/edged-columbus-new-albany-oh,3,https://gis.franklincountyohio.gov/hosting/rest/services/ParcelFeatures/Parcel_Features/FeatureServer/0/query?where=UPPER(OWNERNME1)+LIKE+'%25EDGED%25'&outFields=*&returnCentroid=true&outSR=4326&f=json
edged-council-bluffs-ia,Edged Council Bluffs Data Center Campus (Project Lola),Edged Energy,data_center,under_construction,,confirmed,Council Bluffs,Pottawattamie,IA,41.278141,-95.7940246,,,,2025-10,2026-09-04,https://www.compute-atlas.com/facilities/edged-council-bluffs-ia,2,https://www.3newsnow.com/council-bluffs/council-bluffs-project-lola-data-center-reduced-in-size-still-planned-near-iowa-western
edged-dallas-irving-tx,Edged Dallas (Irving),Edged Energy,data_center,operational,likely,reported,Irving,Dallas,TX,32.8211516,-96.9169508,24,,,,2026-08-26,https://www.compute-atlas.com/facilities/edged-dallas-irving-tx,1,https://edged.us/news/edged-dallas-irving
edged-dekalb-project-vector-il,Edged DeKalb Campus (Project Vector),Edged (Endeavour Energy),data_center,permitted,,confirmed,DeKalb,DeKalb,IL,41.878256,-88.753784,,,,2025-11,2026-09-25,https://www.compute-atlas.com/facilities/edged-dekalb-project-vector-il,3,https://www.cityofdekalb.com/DocumentCenter/View/21222/Development-Projects-List-7-15-26-
edged-energy-ankeny-ia,Edged Ankeny (Des Moines) Data Center,Edged Energy,data_center,under_construction,,confirmed,Ankeny,Polk,IA,41.7297,-93.6058,,13.2,,2025-05-06,2026-09-16,https://www.compute-atlas.com/facilities/edged-energy-ankeny-ia,3,https://edged.us/news/des-moines-iowa
edged-gateway-prichard-al,Edged Prichard Data Center (Project Gateway),Edged US,data_center,proposed,mixed_use,confirmed,Prichard,Mobile,AL,30.7387998,-88.0788889,,8,,,2026-09-28,https://www.compute-atlas.com/facilities/edged-gateway-prichard-al,3,https://projectgatewayal.com/
edged-mesa-az,Edged Mesa Data Center,Edged US,data_center,operational,likely,reported,Mesa,Maricopa,AZ,33.4152,-111.8315,36,,,2026-04-01,2026-08-28,https://www.compute-atlas.com/facilities/edged-mesa-az,1,https://edged.us/news/edged-us-opens-waterless-ai-ready-data-center-in-the-heart-of-arizonas-silicon-desert-tech-corridor
edgeuno-sju1-san-juan-pr,EdgeUno SJU1,"EdgeUno, Inc.",data_center,operational,,confirmed,San Juan,,PR,18.43004,-66.05873,,,,,2026-09-13,https://www.compute-atlas.com/facilities/edgeuno-sju1-san-juan-pr,2,https://www.peeringdb.com/fac/7158
edpr-crooked-lake-solar-mississippi-county-ar,Crooked Lake Solar,EDP Renewables,power_generation,operational,,reported,,Mississippi,AR,35.9147,-89.7843,175,,,,2026-09-22,https://www.compute-atlas.com/facilities/edpr-crooked-lake-solar-mississippi-county-ar,2,https://www.gem.wiki/Crooked_Lake_Solar
edpr-cypress-knee-solar-chicot-county-ar,Cypress Knee Solar Project,EDP Renewables North America,power_generation,proposed,,confirmed,Lake Village,Chicot,AR,33.32889,-91.28472,,250,Meta Platforms,2026-05-04,2026-09-29,https://www.compute-atlas.com/facilities/edpr-cypress-knee-solar-chicot-county-ar,3,https://edp.com/en/north-america/na/media/edp-renewables-signs-agreement-meta-250-mw-solar-energy-arkansas
edpr-ragsdale-solar-madison-ms,Ragsdale Solar Park,EDP Renewables North America,power_generation,operational,,confirmed,,Madison,MS,32.551,-90.0097,100,,Amazon,,2026-09-14,https://www.compute-atlas.com/facilities/edpr-ragsdale-solar-madison-ms,3,https://edp.com/en/north-america/na/media/edp-renewables-north-america-launches-ragsdale-solar-park-mississippi
eight-form-750-north-nash-el-segundo-ca,"750 North Nash Street Data Center (Hyatt Place site, withdrawn)",Eight Form (property owner Welcome Group Inc.),data_center,cancelled,,confirmed,El Segundo,Los Angeles,CA,33.9262115,-118.3869379,,,,2026-07,2026-09-21,https://www.compute-atlas.com/facilities/eight-form-750-north-nash-el-segundo-ca,3,https://la.urbanize.city/post/data-center-could-replace-hyatt-place-hotel-750-n-nash-street-el-segundo
eip-energy-innovation-park-new-britain-ct,Energy & Innovation Park Data Center (480 Myrtle Street),EIP Investment,data_center,proposed,,reported,New Britain,Hartford,CT,41.669693,-72.797359,,44,,2018,2026-09-30,https://www.compute-atlas.com/facilities/eip-energy-innovation-park-new-britain-ct,3,https://hartfordbusiness.com/article/new-britain-data-center-fuel-cell-project-aims-to-move-forward-with-changes/
ekpc-cooper-station-unit-3-pulaski-ky,Cooper Station Unit 3 Combined-Cycle,East Kentucky Power Cooperative,power_generation,permitted,,confirmed,Burnside,Pulaski,KY,36.997728,-84.592175,,745,,2025-07,2026-09-22,https://www.compute-atlas.com/facilities/ekpc-cooper-station-unit-3-pulaski-ky,4,https://psc.ky.gov/agencies/psc/press/072025/0703_r01.pdf
ekpc-liberty-station-casey-ky,Liberty Station,East Kentucky Power Cooperative,power_generation,under_construction,,confirmed,Liberty,Casey,KY,37.3184064,-84.9393979,,214,,2026-05,2026-09-22,https://www.compute-atlas.com/facilities/ekpc-liberty-station-casey-ky,2,https://www.electric.coop/ekpcs-new-gas-plant-shows-strong-investment-in-rural-kentucky-community
element-critical-austin-one-tx,Element Critical Austin One,Element Critical,data_center,operational,,reported,Austin,Travis,TX,30.3428035,-97.6961735,5,,,,2026-09-21,https://www.compute-atlas.com/facilities/element-critical-austin-one-tx,2,https://elementcritical.com/data-centers/austin-data-center/
element-critical-chicago-one-il,Element Critical Chicago One,Element Critical,data_center,operational,,reported,Wood Dale,DuPage,IL,41.9757324,-87.9646913,7,,,,2026-09-21,https://www.compute-atlas.com/facilities/element-critical-chicago-one-il,3,https://elementcritical.com/data-centers/chicago-one/
element-critical-chicago-two-il,Element Critical Chicago Two,Element Critical,data_center,operational,,reported,Wood Dale,DuPage,IL,41.9742269,-87.9671756,5,,,,2026-09-21,https://www.compute-atlas.com/facilities/element-critical-chicago-two-il,3,https://elementcritical.com/data-centers/chicago-two/
elizabeth-solar-allen-parish-la,Elizabeth Solar Project,Opdenergy,power_generation,operational,,confirmed,Elizabeth,Allen,LA,30.81981,-92.971755,125,,,,2026-09-15,https://www.compute-atlas.com/facilities/elizabeth-solar-allen-parish-la,3,https://americanpress.com/2026/06/23/elizabeth-solar-project-expected-to-bring-millions-in-long-term-economic-benefits-to-allen-parish/
elk-hills-power-plant-tupman-ca,Elk Hills Power Plant (CRC),California Resources Corporation (Elk Hills Power LLC),power_generation,operational,,confirmed,Tupman,Kern,CA,35.280318,-119.4707,550,,Beacon Data Centers / CRC — Golden Valley Technology Hub (proposed; 275 MW allocation),2026-06-15,2026-09-21,https://www.compute-atlas.com/facilities/elk-hills-power-plant-tupman-ca,4,https://www.gem.wiki/Elk_Hills_power_station
elk-river-capital-swervo-mn,Elk River Data Center (Elk River Capital / Swervo Development),Elk River Capital LLC (Swervo Development Corp affiliate),data_center,cancelled,,confirmed,Elk River,Sherburne,MN,45.3187147,-93.5864375,,33,,,2026-09-18,https://www.compute-atlas.com/facilities/elk-river-capital-swervo-mn,2,https://www.thegazette.com/data_centers/across_america/minnesota-elk-river-data-center-developer-withdraws-application/article_61f12c2b-f46b-46e4-8ad9-bd0f86d3ff60.html
elkhorn-ridge-wind-knox-ne,Elkhorn Ridge Wind Farm,Nebraska Public Power District,power_generation,operational,,confirmed,Bloomfield,Knox,NE,42.6909,-97.6252,81,,,,2026-09-16,https://www.compute-atlas.com/facilities/elkhorn-ridge-wind-knox-ne,2,https://www.gem.wiki/Elkhorn_Ridge_wind_farm
elysian-partners-fairview-crossroads-fairview-township-york-pa,Fairview Crossroads Data Center,Elysian Partners,data_center,proposed,,reported,Fairview Township,York,PA,40.1692628,-76.8516507,,,,,2026-09-12,https://www.compute-atlas.com/facilities/elysian-partners-fairview-crossroads-fairview-township-york-pa,1,https://poweredbywho.com/projects/1efe16d9-b280-4143-b0d2-d3977c162ad8
emerald-lakes-etheridge-lakes-data-center-chesapeake-va,Etheridge Lakes Data Center (Great Bridge),Emerald Lakes Estates (Doug Fuller),data_center,cancelled,,confirmed,Chesapeake,Chesapeake (independent city),VA,36.68061281906499,-76.18817902157426,,,,,2026-08-26,https://www.compute-atlas.com/facilities/emerald-lakes-etheridge-lakes-data-center-chesapeake-va,6,https://www.cityofchesapeake.net/DocumentCenter/View/23727/PLN-REZ-2025-002---Etheridge-Lakes-Data-Centerpdf
emerick-wind-madison-ne,Emerick Wind Farm,Ørsted,power_generation,proposed,,reported,Emerick,Madison,NE,41.891,-97.7176,,322,,,2026-09-16,https://www.compute-atlas.com/facilities/emerick-wind-madison-ne,1,https://www.gem.wiki/Emerick_wind_farm
empire-ai-beta-buffalo-ny,Empire AI Beta,"Empire AI consortium (hosted by the University at Buffalo, SUNY)",data_center,operational,confirmed,confirmed,Buffalo,Erie,NY,42.8949,-78.8677,,,,2025-06,2026-09-10,https://www.compute-atlas.com/facilities/empire-ai-beta-buffalo-ny,4,https://www.governor.ny.gov/news/governor-hochul-announces-empire-ai-beta-fully-online-federal-government-takes-inspiration-new
empire-ai-gamma-buffalo-ny,Empire AI Gamma,"Empire AI consortium (hosted by the University at Buffalo, SUNY)",data_center,under_construction,confirmed,reported,Buffalo,Erie,NY,42.8864,-78.8784,,,,,2026-09-10,https://www.compute-atlas.com/facilities/empire-ai-gamma-buffalo-ny,2,https://www.governor.ny.gov/news/governor-hochul-announces-empire-ai-beta-fully-online-federal-government-takes-inspiration-new
enbridge-cowboy-solar-bess-laramie-county-wy,Cowboy Solar and BESS Project (Phase 1),Enbridge Inc.,power_generation,under_construction,,confirmed,Cheyenne,Laramie,WY,41.14,-104.82,,365,Meta,2026-05,2026-09-02,https://www.compute-atlas.com/facilities/enbridge-cowboy-solar-bess-laramie-county-wy,3,https://www.enbridge.com/stories/2026/may/enbridge-meta-expand-partnership-cowboy-project-solar-plus-battery-storage
encore-technologies-blu1-blue-ash-oh,Encore Technologies BLU1 (Blue Ash),Encore Technologies,data_center,operational,,reported,Blue Ash,Hamilton,OH,39.277612,-84.36949,,,,,2026-09-09,https://www.compute-atlas.com/facilities/encore-technologies-blu1-blue-ash-oh,1,https://www.peeringdb.com/api/fac?state=OH&limit=200
enerfore-pleasant-valley-tioga-nd,Enerfore Pleasant Valley Data Center,Enerfore Digital,crypto_mining,under_construction,,reported,Tioga,Williams,ND,48.28,-102.9424,,30,,2024,2026-08-05,https://www.compute-atlas.com/facilities/enerfore-pleasant-valley-tioga-nd,2,https://www.kfyrtv.com/2025/02/04/williams-county-commissioners-approve-conditional-use-permit-new-data-center/
energy-storage-solutions-fayetteville-cumberland-county-nc,Energy Storage Solutions Fayetteville AI Data Center Campus,Energy Storage Solutions,data_center,proposed,,reported,Fayetteville,Cumberland,NC,35.053,-78.878,,,,2026,2026-07-16,https://www.compute-atlas.com/facilities/energy-storage-solutions-fayetteville-cumberland-county-nc,1,https://www.datacenterknowledge.com/build-design/developer-forges-ahead-with-38b-in-nc-data-center-builds
energy-storage-solutions-kingsboro-edgecombe-county-nc,Kingsboro AI Data Center Campus,Energy Storage Solutions,data_center,permitted,,reported,Rocky Mount,Edgecombe,NC,35.941,-77.734,,900,,2025,2026-08-15,https://www.compute-atlas.com/facilities/energy-storage-solutions-kingsboro-edgecombe-county-nc,3,https://www.rockymounttelegram.com/news/local/county-oks-amending-ordinance-to-allow-for-a-data-center-at-kingsboro-business-park/article_64e09f70-9b18-48fd-84a9-a6ec6dae950e.html
energy-vault-snyder-scurry-county-tx,Energy Vault Snyder AI Campus,"Energy Vault, Inc.",data_center,under_construction,confirmed,reported,Snyder,Scurry,TX,32.7138,-100.9112,,500,,2026-07-27,2026-09-08,https://www.compute-atlas.com/facilities/energy-vault-snyder-scurry-county-tx,1,https://usdatacenterprojects.com/texas/energy-vault-breaks-ground-on-ai-data-center-campus-in-snyder-texas
energysolutions-kewaunee-new-nuclear-wi,Kewaunee Power Station New Nuclear Project,EnergySolutions (with WEC Energy Group),power_generation,proposed,,reported,Carlton,Kewaunee,WI,44.3419,-87.5369,,,Not contracted; developers cite rising Wisconsin demand driven largely by data centers,2026-01,2026-09-01,https://www.compute-atlas.com/facilities/energysolutions-kewaunee-new-nuclear-wi,1,https://www.wpr.org/news/plans-move-forward-new-nuclear-energy-plant-kewaunee-county-wisconsin
enfinity-eg-saturn-solar-i-perry-al,EG Saturn Solar I,Enfinity Global,power_generation,under_construction,,reported,,Perry,AL,32.6421387,-87.2876639,,80,Alabama Power,,2026-09-22,https://www.compute-atlas.com/facilities/enfinity-eg-saturn-solar-i-perry-al,1,https://www.blackbeltnewsnetwork.com/business/221m-solar-farm-being-built-on-1-000-acres-in-perry-hale-counties/article_118915c6-aa8e-45bf-8688-a9bd3aec9175.html
enfinity-eg-saturn-solar-ii-perry-al,EG Saturn Solar II,Enfinity Global,power_generation,under_construction,,reported,,Perry,AL,32.6421387,-87.2876639,,80,Alabama Power,,2026-09-22,https://www.compute-atlas.com/facilities/enfinity-eg-saturn-solar-ii-perry-al,1,https://www.blackbeltnewsnetwork.com/business/221m-solar-farm-being-built-on-1-000-acres-in-perry-hale-counties/article_118915c6-aa8e-45bf-8688-a9bd3aec9175.html
engie-solidago-solar-townsend-de,Solidago Solar (Amazon Solar Farm Delaware – Solidago),ENGIE North America (ENGIE Solidago Solar LLC),power_generation,operational,,confirmed,Townsend,New Castle,DE,39.395187,-75.7535,50,,Amazon,,2026-10-01,https://www.compute-atlas.com/facilities/engie-solidago-solar-townsend-de,4,https://www.eia.gov/electricity/data/eia860m/xls/august_generator2026.xlsx
enseva-hiawatha-ia,Enseva Hiawatha Data Center,Enseva,data_center,operational,,reported,Hiawatha,Linn County,IA,42.0562849,-91.6795571,,,,,2026-09-16,https://www.compute-atlas.com/facilities/enseva-hiawatha-ia,1,https://cloudandcolocation.com/datacenters/enseva-hiawatha-data-center/
entergy-arkansas-cypress-solar-battery-jefferson-county-ar,Arkansas Cypress Solar and Battery,Entergy Arkansas,power_generation,permitted,,confirmed,,Jefferson,AR,34.358152,-92.0401416,,600,Google,,2026-09-29,https://www.compute-atlas.com/facilities/entergy-arkansas-cypress-solar-battery-jefferson-county-ar,7,https://www.publicpower.org/periodical/article/utility-supply-600-mw-solar-project-350-mw-battery-storage-system-arkansas-data-center
entergy-bogalusa-west-solar-washington-parish-la,Bogalusa West Solar Station,Entergy Louisiana,power_generation,under_construction,,reported,Bogalusa,Washington,LA,30.7910204,-89.8486858,,200,,,2026-09-15,https://www.compute-atlas.com/facilities/entergy-bogalusa-west-solar-washington-parish-la,2,https://lpscpubvalence.lpsc.louisiana.gov/portal/PSC/ViewFile?fileId=kt5JixLAYFY%3D
entergy-cypress-harvest-solar-iberville-la,Cypress Harvest Solar Station,Entergy Louisiana,power_generation,proposed,,confirmed,Plaquemine,Iberville,LA,30.2318568,-91.2636506,,200,,,2026-09-15,https://www.compute-atlas.com/facilities/entergy-cypress-harvest-solar-iberville-la,3,https://www.wafb.com/2026/07/28/iberville-parish-residents-oppose-entergy-solar-farm-plan-along-hwy-75/
entergy-delta-blues-greenville-ms,Delta Blues Advanced Power Station,Entergy Mississippi,power_generation,under_construction,,confirmed,Greenville,Washington,MS,33.4101,-91.0618,,754,Amazon Web Services,2024,2026-09-14,https://www.compute-atlas.com/facilities/entergy-delta-blues-greenville-ms,4,https://www.entergy.com/news/entergy-mississippi-breaks-ground-on-delta-blues-advanced-power-station
entergy-delta-solar-bolivar-ms,Delta Solar,Entergy Mississippi,power_generation,proposed,,reported,,Bolivar,MS,33.794,-90.7139,,80,,,2026-09-14,https://www.compute-atlas.com/facilities/entergy-delta-solar-bolivar-ms,2,https://www.entergy.com/wp-content/uploads/15/Entergy-renewable-portfolio.pdf
entergy-driver-solar-osceola-ar,Driver Solar,Entergy Arkansas,power_generation,operational,,reported,Osceola,Mississippi,AR,35.6406,-89.9694,250,,,,2026-09-29,https://www.compute-atlas.com/facilities/entergy-driver-solar-osceola-ar,2,https://www.entergy.com/wp-content/uploads/15/Entergy-renewable-portfolio.pdf
entergy-franklin-farms-power-station-la,Franklin Farms Power Station,Entergy Louisiana,power_generation,under_construction,,confirmed,Holly Ridge,Richland,LA,32.477149,-91.632333,,1500,Meta,2025,2026-09-15,https://www.compute-atlas.com/facilities/entergy-franklin-farms-power-station-la,6,https://www.entergy.com/news/entergy-louisiana-breaks-ground-on-new-state-of-the-art-generation-facilities-to-power-reliability-growth-and-innovation
entergy-ironwood-power-station-jones-mill-ar,Ironwood Power Station,Entergy Arkansas,power_generation,under_construction,,confirmed,Malvern,Hot Spring,AR,34.4431679,-92.8937109,,446,,,2026-09-15,https://www.compute-atlas.com/facilities/entergy-ironwood-power-station-jones-mill-ar,3,https://www.entergy.com/news/entergy-arkansas-breaks-ground-on-ironwood-power-station
entergy-jefferson-power-station-redfield-ar,Jefferson Power Station,Entergy Arkansas,power_generation,under_construction,,confirmed,Redfield,Jefferson,AR,34.4233903,-92.1343974,,754,,,2026-09-22,https://www.compute-atlas.com/facilities/entergy-jefferson-power-station-redfield-ar,7,https://www.entergy.com/news/jefferson-power-station-powering-arkansas-today-and-into-the-next-generation
entergy-new-orleans-solar-station-la,New Orleans Solar Station,Entergy New Orleans,power_generation,operational,,confirmed,New Orleans,Orleans,LA,30.015,-89.92,20,,,,2026-09-15,https://www.compute-atlas.com/facilities/entergy-new-orleans-solar-station-la,2,https://www.entergy.com/wp-content/uploads/15/Entergy-renewable-portfolio.pdf
entergy-penton-solar-desoto-ms,Penton Solar,Entergy Mississippi,power_generation,under_construction,,reported,Lake Cormorant,DeSoto,MS,34.86069,-90.27044,,190,,,2026-09-14,https://www.compute-atlas.com/facilities/entergy-penton-solar-desoto-ms,3,https://www.entergy.com/wp-content/uploads/15/Entergy-renewable-portfolio.pdf
entergy-pointe-coupee-cccts-la,Entergy Pointe Coupee CCCT Units 1-3,Entergy Louisiana,power_generation,proposed,,reported,New Roads,Pointe Coupee,LA,30.7288063,-91.3693885,,2262,Evest LLC (identified by Entergy as a Meta Platforms subsidiary),2026-03,2026-08-26,https://www.compute-atlas.com/facilities/entergy-pointe-coupee-cccts-la,1,https://lpscpubvalence.lpsc.louisiana.gov/portal/PSC/ViewFile?fileId=kt5JixLAYFY%3D
entergy-river-bend-ap1000-west-feliciana-la,River Bend Station AP1000 Expansion (pre-FEED),Entergy Louisiana,power_generation,proposed,,reported,St. Francisville,West Feliciana,LA,30.7550442,-91.3323105,,,Evest LLC (identified by Entergy as a Meta Platforms subsidiary),2026-03,2026-08-26,https://www.compute-atlas.com/facilities/entergy-river-bend-ap1000-west-feliciana-la,1,https://lpscpubvalence.lpsc.louisiana.gov/portal/PSC/ViewFile?fileId=kt5JixLAYFY%3D
entergy-searcy-solar-white-county-ar,Searcy Solar (+ Battery),Entergy Arkansas,power_generation,operational,,confirmed,Searcy,White,AR,35.2226575,-91.7035693,100,,,,2026-09-29,https://www.compute-atlas.com/facilities/entergy-searcy-solar-white-county-ar,4,https://www.entergy.com/news/arkansas-public-service-commission-approves-searcy-solar-project
entergy-traceview-ridgeland-ms,Traceview Advanced Power Station,Entergy Mississippi,power_generation,under_construction,,confirmed,Ridgeland,Madison,MS,32.4001863,-90.2081813,,754,,2025,2026-09-09,https://www.compute-atlas.com/facilities/entergy-traceview-ridgeland-ms,3,https://www.entergymississippi.com/generation/traceview
entergy-vicksburg-aps-ms,Vicksburg Advanced Power Station,Entergy Mississippi,power_generation,under_construction,,confirmed,Vicksburg,Warren,MS,32.2829472,-90.9261436,,754,,2025,2026-09-14,https://www.compute-atlas.com/facilities/entergy-vicksburg-aps-ms,3,https://www.entergymississippi.com/generation/vicksburg
entergy-walnut-bend-solar-lee-county-ar,Walnut Bend Solar Energy Center,Entergy Arkansas,power_generation,operational,,reported,,Lee,AR,34.514,-91.4536,100,,,,2026-09-29,https://www.compute-atlas.com/facilities/entergy-walnut-bend-solar-lee-county-ar,2,https://www.entergy.com/wp-content/uploads/15/Entergy-renewable-portfolio.pdf
entergy-waterford-power-station-st-charles-la,Waterford Power Station (new combined-cycle units for Meta),Entergy Louisiana,power_generation,permitted,,reported,Killona,St. Charles,LA,29.99528,-90.47111,,754,Meta,2025-08,2026-08-26,https://www.compute-atlas.com/facilities/entergy-waterford-power-station-st-charles-la,5,https://www.entergy.com/news/entergy-louisiana-receives-lpsc-approval-for-major-infrastructure-investments-to-support-metas-data-center-and-improve-reliability
entergy-west-memphis-solar-crittenden-county-ar,West Memphis Solar,Entergy Arkansas,power_generation,operational,,confirmed,West Memphis,Crittenden,AR,35.1569,-90.3105,180,,,,2026-09-29,https://www.compute-atlas.com/facilities/entergy-west-memphis-solar-crittenden-county-ar,3,https://www.entergy.com/wp-content/uploads/15/Entergy-renewable-portfolio.pdf
entergy-westlake-power-station-calcasieu-la,Westlake Power Station,Entergy Louisiana,power_generation,proposed,,reported,Westlake,Calcasieu,LA,30.2421496,-93.2507099,,,,2026-02,2026-08-26,https://www.compute-atlas.com/facilities/entergy-westlake-power-station-calcasieu-la,1,https://lpscpubvalence.lpsc.louisiana.gov/portal/PSC/ViewFile?fileId=kt5JixLAYFY%3D
epic-hosting-verona-wi,Epic Hosting Verona Data Center,"Epic Hosting, LLC (Epic Systems)",data_center,permitted,,reported,Verona,Dane,WI,42.98,-89.562,,,,,2026-09-01,https://www.compute-atlas.com/facilities/epic-hosting-verona-wi,1,https://www.revenue.wi.gov/Pages/FAQS/ExemptionforQualifiedDataCenter.aspx
epicio-st-croix-vi,Epic.io St. Croix Data Center,Epic.io,data_center,operational,,confirmed,St. Croix,,VI,17.7581924,-64.8874524,,,,,2026-09-13,https://www.compute-atlas.com/facilities/epicio-st-croix-vi,2,https://www.epic.io/st-croix/
equinix-ashburn-va,Equinix Ashburn Campus (DC1–DC15),Equinix,data_center,operational,mixed_use,confirmed,Ashburn,Loudoun,VA,39.0437,-77.4875,500,,,1999,2026-09-14,https://www.compute-atlas.com/facilities/equinix-ashburn-va,6,"https://en.wikipedia.org/wiki/Ashburn,_Virginia#Data_centers"
equinix-bo1-waltham-ma,Equinix BO1,Equinix,data_center,operational,,confirmed,Waltham,Middlesex,MA,42.39635,-71.26906,,,,,2026-09-15,https://www.compute-atlas.com/facilities/equinix-bo1-waltham-ma,2,https://baxtel.com/data-center/equinix-boston-bo1
equinix-bo2-billerica-ma,"Equinix BO2 - Boston, Billerica",Equinix,data_center,operational,,confirmed,Billerica,Middlesex,MA,42.55167,-71.215669,,,,,2026-09-15,https://www.compute-atlas.com/facilities/equinix-bo2-billerica-ma,2,https://www.equinix.com/data-centers/americas-colocation/united-states-colocation/boston-data-centers
equinix-ch1-il,Equinix CH1,Equinix,data_center,operational,,reported,Chicago,Cook,IL,41.8535578,-87.6180475,,,,,2026-07-23,https://www.compute-atlas.com/facilities/equinix-ch1-il,2,https://www.equinix.com/data-centers/americas-colocation/united-states-colocation/chicago-data-centers/ch1
equinix-ch7-il,Equinix CH7,Equinix,data_center,operational,,reported,Westmont,DuPage,IL,41.8125627,-87.9728504,,,,,2026-07-23,https://www.compute-atlas.com/facilities/equinix-ch7-il,3,https://www.equinix.com/data-centers/americas-colocation/united-states-colocation/chicago-data-centers/ch7
equinix-ch8-minooka-il,Equinix CH8 Minooka,Equinix,data_center,proposed,likely,confirmed,Minooka,Grundy,IL,41.4506,-88.262,,,,,2026-07-26,https://www.compute-atlas.com/facilities/equinix-ch8-minooka-il,2,https://patch.com/illinois/channahon-minooka/equinix-proposes-billion-dollar-data-center-investment-minooka-nodx
equinix-dallas-da11-tx,Equinix Dallas DA11,Equinix,data_center,operational,,reported,Dallas,Dallas,TX,32.8017196,-96.8243167,,,,,2026-08-26,https://www.compute-atlas.com/facilities/equinix-dallas-da11-tx,1,https://baxtel.com/data-center/equinix-dallas-da11
equinix-dallas-da12-tx,Equinix Dallas DA12 (West Dallas),Equinix,data_center,proposed,,reported,Dallas,Dallas,TX,32.8209286,-96.8586608,,,,,2026-08-26,https://www.compute-atlas.com/facilities/equinix-dallas-da12-tx,1,https://baxtel.com/data-center/equinix-dallas-da12
equinix-dc2-va,Equinix DC2,Equinix,data_center,operational,,reported,Ashburn,Loudoun,VA,39.0163894,-77.4590691,,,,,2026-07-23,https://www.compute-atlas.com/facilities/equinix-dc2-va,3,https://www.equinix.com/data-centers/americas-colocation/united-states-colocation/washington-dc-data-centers/dc2
equinix-dc3-va,Equinix DC3,Equinix,data_center,operational,,reported,Ashburn,Loudoun,VA,39.0220154,-77.460235,,,,,2026-07-23,https://www.compute-atlas.com/facilities/equinix-dc3-va,3,https://www.equinix.com/data-centers/americas-colocation/united-states-colocation/washington-dc-data-centers/dc3
equinix-de1-centennial-co,Equinix DE1 Denver,Equinix,data_center,operational,,reported,Centennial,Arapahoe,CO,39.587746,-104.87629,,,,,2026-09-30,https://www.compute-atlas.com/facilities/equinix-de1-centennial-co,1,https://www.peeringdb.com/fac/4443
equinix-de2-englewood-co,Equinix DE2 Denver (Inverness Business Park),Equinix,data_center,operational,,reported,Englewood,Douglas,CO,39.561029,-104.858662,,,,,2026-09-30,https://www.compute-atlas.com/facilities/equinix-de2-englewood-co,1,https://www.peeringdb.com/fac/696
equinix-great-oaks-south-san-jose-ca,"Equinix Great Oaks South Data Center (SV12, SV18, SV19)",Equinix,data_center,permitted,,reported,San Jose,Santa Clara,CA,37.233028,-121.7807945,,,,,2026-09-14,https://www.compute-atlas.com/facilities/equinix-great-oaks-south-san-jose-ca,2,https://www.energy.ca.gov/powerplant/backup-generating-system/great-oaks-south-generating-facility
equinix-la3-el-segundo-ca,Equinix LA3,Equinix,data_center,operational,,reported,El Segundo,Los Angeles,CA,33.9263426,-118.3940556,,,,,2026-08-02,https://www.compute-atlas.com/facilities/equinix-la3-el-segundo-ca,4,https://www.equinix.com/data-centers/americas-colocation/united-states-colocation/los-angeles-data-centers/la3
equinix-la4-el-segundo-ca,Equinix LA4,Equinix,data_center,operational,,reported,El Segundo,Los Angeles,CA,33.9219979,-118.383118,,,,,2026-09-21,https://www.compute-atlas.com/facilities/equinix-la4-el-segundo-ca,4,https://www.equinix.com/data-centers/americas-colocation/united-states-colocation/los-angeles-data-centers/la4
equinix-mi1-nap-of-the-americas-fl,Equinix MI1 (NAP of the Americas),Equinix,data_center,operational,,confirmed,Miami,Miami-Dade,FL,25.782359,-80.1930886,,,,,2026-09-21,https://www.compute-atlas.com/facilities/equinix-mi1-nap-of-the-americas-fl,3,https://www.equinix.com/content/dam/eqxcorp/en_us/documents/resources/ibx-tech-specs/ibx_mi1_en.pdf
equinix-mi2-miami-fl,Equinix MI2 — Miami,Equinix,data_center,operational,,reported,Miami,Miami-Dade,FL,25.775869,-80.19313,,,,,2026-09-14,https://www.compute-atlas.com/facilities/equinix-mi2-miami-fl,1,https://www.peeringdb.com/api/fac?name__contains=Equinix%20MI
equinix-mi3-boca-raton-fl,Equinix MI3 — Boca Raton,Equinix,data_center,operational,,confirmed,Boca Raton,Palm Beach,FL,26.387989,-80.108267,,,,2012-12-03,2026-09-14,https://www.compute-atlas.com/facilities/equinix-mi3-boca-raton-fl,2,https://investor.equinix.com/news-events/press-releases/detail/641/equinix-opens-new-data-center-in-greater-miami-area
equinix-mi6-doral-fl,Equinix MI6 — Doral,Equinix,data_center,operational,,confirmed,Doral,Miami-Dade,FL,25.787849,-80.354555,,,,,2026-09-21,https://www.compute-atlas.com/facilities/equinix-mi6-doral-fl,2,https://www.peeringdb.com/api/fac?name__contains=Equinix%20MI6
equinix-ny11-carteret-nj,Equinix NY11,Equinix,data_center,operational,,confirmed,Carteret,Middlesex,NJ,40.58433,-74.243607,,,,,2026-09-21,https://www.compute-atlas.com/facilities/equinix-ny11-carteret-nj,2,https://inflect.com/1400-federal-boulevard-carteret/equinix/datacenter/ny11
equinix-ny2-secaucus-nj,Equinix NY2,Equinix,data_center,operational,,confirmed,Secaucus,Hudson,NJ,40.7775822,-74.0759403,,,,,2026-09-14,https://www.compute-atlas.com/facilities/equinix-ny2-secaucus-nj,2,https://web.archive.org/web/2025/https://www.equinix.com/data-centers/americas-colocation/united-states-colocation/new-york-data-centers/ny2
equinix-ny3-secaucus-nj,Equinix NY3,Equinix,data_center,under_construction,,reported,Secaucus,Hudson,NJ,40.774179,-74.065868,,,,,2026-09-12,https://www.compute-atlas.com/facilities/equinix-ny3-secaucus-nj,2,https://www.datacenterfrontier.com/network/article/33008176/equinix-ny5-ny11-data-centers-generate-digital-economic-magnetism-in-ny-nj
equinix-ny4-secaucus-nj,Equinix NY4,Equinix,data_center,operational,,confirmed,Secaucus,Hudson,NJ,40.778534,-74.072237,,,,,2026-09-12,https://www.compute-atlas.com/facilities/equinix-ny4-secaucus-nj,3,https://datacenterhawk.com/marketplace/providers/equinix/755-secaucus-road/ny4
equinix-ny5-nj,Equinix NY5,Equinix,data_center,operational,likely,reported,Secaucus,Hudson,NJ,40.7785845,-74.0723242,,,,,2026-09-21,https://www.compute-atlas.com/facilities/equinix-ny5-nj,4,https://www.equinix.com/data-centers/americas-colocation/united-states-colocation/new-york-data-centers/ny5
equinix-ny6-secaucus-nj,Equinix NY6,Equinix,data_center,operational,,reported,Secaucus,Hudson,NJ,40.7763898,-74.0718595,,,,,2026-09-14,https://www.compute-atlas.com/facilities/equinix-ny6-secaucus-nj,2,https://web.archive.org/web/2025/https://www.equinix.com/data-centers/americas-colocation/united-states-colocation/new-york-data-centers/ny6
equinix-ny7-nj,Equinix NY7,Equinix,data_center,operational,,reported,North Bergen,Hudson,NJ,40.7968626,-74.0311403,,,,,2026-07-23,https://www.compute-atlas.com/facilities/equinix-ny7-nj,3,https://www.equinix.com/data-centers/americas-colocation/united-states-colocation/new-york-data-centers/ny7
equinix-ny9-manhattan-ny,Equinix NY9,Equinix,data_center,operational,,confirmed,New York,New York,NY,40.740907,-74.001768,,,,,2026-09-13,https://www.compute-atlas.com/facilities/equinix-ny9-manhattan-ny,1,https://www.peeringdb.com/fac/38
equinix-se3-seattle-wa,Equinix Seattle SE3,Equinix,data_center,operational,,reported,Seattle,King,WA,47.6144229,-122.3397427,,,,,2026-09-17,https://www.compute-atlas.com/facilities/equinix-se3-seattle-wa,2,https://www.openstreetmap.org/way/359930465
equinix-se4-kent-wa,Equinix Seattle SE4,Equinix,data_center,operational,,confirmed,Kent,King,WA,47.4215254,-122.2473931,,,,,2026-09-17,https://www.compute-atlas.com/facilities/equinix-se4-kent-wa,2,https://leg.wa.gov/jlarc/taxReports/2026/data/1/report.html
equinix-sv1-ca,Equinix SV1,Equinix,data_center,operational,,reported,San Jose,Santa Clara,CA,37.2415975,-121.7833277,,,,,2026-07-23,https://www.compute-atlas.com/facilities/equinix-sv1-ca,3,https://www.equinix.com/data-centers/americas-colocation/united-states-colocation/silicon-valley-data-centers/sv1
equinix-sv15-ca,Equinix SV15,Equinix,data_center,operational,,reported,Santa Clara,Santa Clara,CA,37.3754952,-121.9884063,,,,,2026-07-23,https://www.compute-atlas.com/facilities/equinix-sv15-ca,3,https://www.equinix.com/data-centers/americas-colocation/united-states-colocation/silicon-valley-data-centers/sv15
equinix-sv2-ca,Equinix SV2,Equinix,data_center,operational,,reported,Santa Clara,Santa Clara,CA,37.3784704,-121.9549839,,,,,2026-07-23,https://www.compute-atlas.com/facilities/equinix-sv2-ca,3,https://www.equinix.com/data-centers/americas-colocation/united-states-colocation/silicon-valley-data-centers/sv2
equinix-sv4-ca,Equinix SV4,Equinix,data_center,operational,,reported,Sunnyvale,Santa Clara,CA,37.4145109,-122.0145563,,,,,2026-07-23,https://www.compute-atlas.com/facilities/equinix-sv4-ca,3,https://www.equinix.com/data-centers/americas-colocation/united-states-colocation/silicon-valley-data-centers/sv4
equinix-sv8-ca,Equinix SV8,Equinix,data_center,operational,,reported,Palo Alto,Santa Clara,CA,37.4458951,-122.160786,,,,,2026-07-23,https://www.compute-atlas.com/facilities/equinix-sv8-ca,3,https://www.equinix.com/data-centers/americas-colocation/united-states-colocation/silicon-valley-data-centers/sv8
erdc-dsrc-vicksburg-ms,ERDC DoD Supercomputing Resource Center,U.S. Army Engineer Research and Development Center (DoD High Performance Computing Modernization Program),data_center,operational,,reported,Vicksburg,Warren,MS,32.3019615,-90.8630294,,,,,2026-09-14,https://www.compute-atlas.com/facilities/erdc-dsrc-vicksburg-ms,1,https://hpc.mil/?view=article&id=88%3Anew-hpc-systems-at-the-us-army-engineer-research-and-development-center-erdc-dod-supercomputing-resource-center-will-provide-an-additional-9-petaflops-of-computational-capability&catid=2
essential-energy-archbald-lackawanna-county-pa,Essential Energy Archbald Power Plant,"Essential Energy, LLC",power_generation,proposed,,reported,Archbald,Lackawanna,PA,41.4959,-75.5391,,400,,,2026-08-31,https://www.compute-atlas.com/facilities/essential-energy-archbald-lackawanna-county-pa,2,https://fox56.com/news/local/proposed-archbald-power-plant-could-reshape-borough-and-add-power-to-grid
estrella-solar-storage-bernalillo-county-nm,Estrella Solar and Battery Storage,DESRI (D. E. Shaw Renewable Investments),power_generation,permitted,,reported,Albuquerque,Bernalillo,NM,35.09,-106.9,,400,,,2026-09-15,https://www.compute-atlas.com/facilities/estrella-solar-storage-bernalillo-county-nm,2,https://www.abqjournal.com/business/bernco-commission-to-weigh-12-billion-in-irbs-for-solar-project/3056147
etc-dc-opco-lysite-fremont-county-wy,"ETC DC OpCo Lysite Data Center (""1 MW DC Site"")",ETC DC OpCo LLC,data_center,proposed,,confirmed,Lysite,Fremont,WY,43.285,-107.636,,,,2026-07-15,2026-09-14,https://www.compute-atlas.com/facilities/etc-dc-opco-lysite-fremont-county-wy,2,https://cowboystatedaily.com/2026/08/19/plan-for-small-data-center-in-fremont-county-shines-light-on-permissive-zoning/
eurus-ee-gemina-solar-triana-al,EE Gemina Solar (Triana),Eurus Energy,power_generation,permitted,,reported,Triana,Madison,AL,34.5853276,-86.7356429,,40,Huntsville Utilities,,2026-09-22,https://www.compute-atlas.com/facilities/eurus-ee-gemina-solar-triana-al,2,https://www.waff.com/2026/04/08/new-solar-farm-approved-triana/
evocative-bos1-somerville-ma,Evocative BOS1 (Somerville),Evocative,data_center,operational,,confirmed,Somerville,Middlesex,MA,42.377932,-71.080419,6,,,,2026-09-15,https://www.compute-atlas.com/facilities/evocative-bos1-somerville-ma,2,https://www.evocative.com/data-centers/boston/
evocative-ewr1-secaucus-nj,Evocative EWR1 (Secaucus),Evocative,data_center,operational,,confirmed,Secaucus,Hudson,NJ,40.787662,-74.068015,10,,,,2026-09-14,https://www.compute-atlas.com/facilities/evocative-ewr1-secaucus-nj,2,https://evocative.com/data-centers/secaucus-nj-data-center-ewr1/
evocative-jfk2-chappaqua-ny,Evocative JFK2 (NY2) Chappaqua,Evocative (formerly VPLS),data_center,operational,,reported,Chappaqua,Westchester,NY,41.1779776,-73.7548848,,,,,2026-09-21,https://www.compute-atlas.com/facilities/evocative-jfk2-chappaqua-ny,2,https://evocative.com/news/new-york-data-center-acquisition/
evolution-technology-bourbon-county-ks,Evolution Technology Bitcoin Mine (Bourbon County),Evolution Technology,crypto_mining,operational,,confirmed,Uniontown,Bourbon,KS,37.8473,-94.9753,,,,,2026-08-05,https://www.compute-atlas.com/facilities/evolution-technology-bourbon-county-ks,3,https://www.fourstateshomepage.com/news/local/its-miserable-bitcoin-mining-facility-in-rural-kansas-too-loud-neighbors-say/
exoticridge-bulls-gap-tn,ExoticRidge Bulls Gap Bitcoin Mine,ExoticRidge Crypto Company LLC,crypto_mining,proposed,,reported,Bulls Gap,Hawkins,TN,36.2535742,-83.086061,,8,,,2026-09-21,https://www.compute-atlas.com/facilities/exoticridge-bulls-gap-tn,2,https://www.beacontn.org/exoticridge-v-hawkins-county-fighting-back-against-an-arbitrary-data-center-ban-in-east-tennessee/
expedient-baltimore-tide-point-md,Expedient Baltimore - Tide Point,Expedient,data_center,operational,,reported,Baltimore,Baltimore city,MD,39.2746554,-76.5916709,2,,,,2026-07-22,https://www.compute-atlas.com/facilities/expedient-baltimore-tide-point-md,2,https://www.datacenters.com/expedient-baltimore-tide-point
expedient-boston-medford-ma,Expedient Boston,Expedient,data_center,operational,,confirmed,Medford,Middlesex,MA,42.405414,-71.074978,,,,,2026-09-15,https://www.compute-atlas.com/facilities/expedient-boston-medford-ma,2,https://expedient.com/about/media/2017-03-20-expedient-celebrates-4-million-expansion-in-boston/
expedient-bwi1-owings-mills-md,Expedient BWI1 (Owings Mills),Expedient,data_center,operational,,reported,Owings Mills,Baltimore,MD,39.4273178,-76.8115503,0.8,,,,2026-08-26,https://www.compute-atlas.com/facilities/expedient-bwi1-owings-mills-md,3,https://www.expedient.com/data-centers/baltimore/
expedient-cleveland-neo-oh,Expedient Cleveland (NEO 151 / NEO 152),Expedient,data_center,operational,,confirmed,Garfield Heights,Cuyahoga,OH,41.428,-81.5733,,,,,2026-08-05,https://www.compute-atlas.com/facilities/expedient-cleveland-neo-oh,2,https://cloudandcolocation.com/datacenters/expedient-communications-cleveland-data-center-neo-151/
expedient-cmh1-upper-arlington-oh,Expedient CMH1 (Upper Arlington),Expedient,data_center,operational,,reported,Upper Arlington,Franklin,OH,40.0578366,-83.078426,1.6,,,,2026-08-27,https://www.compute-atlas.com/facilities/expedient-cmh1-upper-arlington-oh,1,https://expedient.com/data-centers/columbus/
expedient-cmh2-dublin-oh,Expedient CMH2 (Dublin),Expedient,data_center,operational,,confirmed,Dublin,Franklin,OH,40.0907697,-83.1539198,4.8,,,,2026-08-27,https://www.compute-atlas.com/facilities/expedient-cmh2-dublin-oh,2,https://expedient.com/data-centers/columbus/
expedient-cmh3-lewis-center-oh,Expedient CMH3 (Lewis Center),Expedient,data_center,operational,,reported,Lewis Center,Delaware,OH,40.1533067,-82.9614584,7,,,,2026-08-27,https://www.compute-atlas.com/facilities/expedient-cmh3-lewis-center-oh,1,https://expedient.com/data-centers/columbus/
expedient-memphis-tn,Expedient Memphis (MEM1),Expedient,data_center,operational,,confirmed,Memphis,Shelby,TN,35.062965,-89.786143,1.5,,,,2026-09-21,https://www.compute-atlas.com/facilities/expedient-memphis-tn,2,https://www.peeringdb.com/api/fac?id=8473
expedient-mke1-milwaukee-franklin-wi,Expedient MKE1 (Milwaukee/Franklin),Expedient,data_center,operational,,reported,Franklin,Milwaukee,WI,42.8631424,-87.9778759,1.6,,,,2026-07-23,https://www.compute-atlas.com/facilities/expedient-mke1-milwaukee-franklin-wi,3,https://www.expedient.com/data-centers/milwaukee/
expedient-pit1-green-tree-pittsburgh-south-pa,Expedient PIT1 (Green Tree / Pittsburgh South),Expedient,data_center,operational,,reported,Pittsburgh,Allegheny,PA,40.427371,-80.0425212,1.8,,,,2026-07-23,https://www.compute-atlas.com/facilities/expedient-pit1-green-tree-pittsburgh-south-pa,2,https://www.expedient.com/data-centers/pittsburgh/
fairfield-energy-center-millersport-fairfield-oh,Fairfield Energy Center,Advanced Power,power_generation,proposed,,reported,,Fairfield,OH,39.89806,-82.53861,,1300,Vantage Data Centers,,2026-08-27,https://www.compute-atlas.com/facilities/fairfield-energy-center-millersport-fairfield-oh,1,https://www.farmanddairy.com/news/opsb-schedules-local-hearings-for-2-proposed-natural-gas-plants-to-power-data-centers/922034.html
fairpoint-laconia-nh,FairPoint Laconia Data Center,FairPoint Communications,data_center,operational,,reported,Laconia,Belknap,NH,43.5317638,-71.4728722,,,,,2026-09-12,https://www.compute-atlas.com/facilities/fairpoint-laconia-nh,1,https://baxtel.com/data-center/fairpoint-laconia
fbi-greywolf-pocatello-id,FBI Grey Wolf Data Center,Federal Bureau of Investigation (U.S. Department of Justice),data_center,operational,,confirmed,Pocatello,Bannock,ID,42.90482,-112.46388,,,,,2026-09-12,https://www.compute-atlas.com/facilities/fbi-greywolf-pocatello-id,3,https://www.eastidahonews.com/2019/11/new-100-million-fbi-grey-wolf-data-center-opens-in-eastern-idaho/
fermi-matador-amarillo-tx,Project Matador,Fermi America,data_center,under_construction,confirmed,reported,Amarillo,Carson,TX,35.396,-101.543,,,,2025,2026-08-26,https://www.compute-atlas.com/facilities/fermi-matador-amarillo-tx,11,https://www.datacenterdynamics.com/en/news/fermi-america-acquires-600mw-of-gas-turbines-for-11gw-ai-mega-campus-in-amarillo-texas/
fervo-corsac-station-churchill-county-nv,Fervo Energy Corsac Station,Fervo Energy,power_generation,proposed,,reported,,Churchill,NV,39.75,-118.55,,115,Google (via NV Energy Clean Transition Tariff),2024-06,2026-08-04,https://www.compute-atlas.com/facilities/fervo-corsac-station-churchill-county-nv,4,https://www.utilitydive.com/news/google-fervo-nv-energy-nevada-puc-clean-energy-tariff/719472/
fervo-project-red-humboldt-county-nv,Fervo Energy Project Red,Fervo Energy,power_generation,operational,,confirmed,,Humboldt,NV,40.9953,-118.1428,3.5,,Google (via NV Energy grid),2021,2026-08-04,https://www.compute-atlas.com/facilities/fervo-project-red-humboldt-county-nv,2,https://www.canarymedia.com/articles/geothermal/americas-first-enhanced-geothermal-plant-just-got-up-and-running
fiberhub-las1-las-vegas-nv,Fiberhub LAS1,"Fiberhub (VegasNAP, LLC)",data_center,operational,,reported,Las Vegas,Clark,NV,36.066019,-115.138297,,,,,2026-09-11,https://www.compute-atlas.com/facilities/fiberhub-las1-las-vegas-nv,2,https://www.peeringdb.com/api/fac?state=NV&limit=200
fibernet-orem-ut,Fibernet Orem Data Center,Fibernet,data_center,operational,,confirmed,Orem,Utah,UT,40.27619,-111.67595,,,,,2026-08-15,https://www.compute-atlas.com/facilities/fibernet-orem-ut,4,https://www.fiber.net/colocation/utah-colocation/
fiberstate-draper-ut,FiberState SLC1,FiberState,data_center,operational,,reported,Draper,Salt Lake,UT,40.52478,-111.8628,4,,,,2026-08-15,https://www.compute-atlas.com/facilities/fiberstate-draper-ut,3,https://d36oiwf74r1rap.cloudfront.net/wp-content/uploads/2026/04/Data-Center-Growth-FS-Apr2026.pdf
fiddle-falls-solar-pontotoc-ms,Fiddle Falls Solar,"Fiddle Falls Solar, LLC",power_generation,under_construction,,confirmed,,Pontotoc,MS,34.27591,-89.18141,,200,Tennessee Valley Authority,,2026-09-22,https://www.compute-atlas.com/facilities/fiddle-falls-solar-pontotoc-ms,4,https://www.psc.ms.gov/sites/default/files/2026-09/10-2026-UTILITY-DOCKET.pdf
fidium-des-moines-ia,Fidium Des Moines Data Center,Fidium (Consolidated Communications),data_center,operational,,reported,Des Moines,Polk,IA,41.5868299,-93.6227589,,,,,2026-09-04,https://www.compute-atlas.com/facilities/fidium-des-moines-ia,1,https://www.fidiumbusiness.com/network/data-center-locations/iowa
firstlight-brunswick-me,FirstLight Brunswick Data Center,FirstLight Fiber,data_center,operational,,confirmed,Brunswick,Cumberland,ME,43.8951809,-69.922964,,,,,2026-09-14,https://www.compute-atlas.com/facilities/firstlight-brunswick-me,3,https://baxtel.com/data-center/maine
firstlight-manchester-nh,FirstLight Manchester Data Center,FirstLight Fiber,data_center,operational,,confirmed,Manchester,Hillsborough,NH,42.9720295,-71.4705697,2,,,,2026-09-21,https://www.compute-atlas.com/facilities/firstlight-manchester-nh,3,https://baxtel.com/data-center/new-hampshire
firstlight-portsmouth-nh-data-center-nh,"FirstLight Portsmouth, NH Data Center",FirstLight,data_center,operational,,reported,Portsmouth,Rockingham,NH,43.0761287,-70.8080395,,,,,2026-07-23,https://www.compute-atlas.com/facilities/firstlight-portsmouth-nh-data-center-nh,2,https://www.firstlight.net/resources/data-center-portsmouth-nh-specifications/
firstlight-rockland-ma,FirstLight Rockland Data Center (formerly ColoSpace),FirstLight Fiber,data_center,operational,,reported,Rockland,Plymouth,MA,42.166264,-70.898347,,,,,2026-09-15,https://www.compute-atlas.com/facilities/firstlight-rockland-ma,1,https://www.peeringdb.com/fac/3459
firstlight-williston-vt,"FirstLight Data Center (Williston, VT)",FirstLight Fiber,data_center,operational,,reported,Williston,Chittenden,VT,44.4502206,-73.1275724,,,,,2026-09-12,https://www.compute-atlas.com/facilities/firstlight-williston-vt,1,https://baxtel.com/data-center/firstlight-burlington
fisk-quantum-leap-nashville-tn,Fisk University Quantum Leap Innovation & Technology Center,Fisk University,data_center,proposed,likely,confirmed,Nashville,Davidson,TN,36.1667902,-86.7973014,,30,,2026-05,2026-09-21,https://www.compute-atlas.com/facilities/fisk-quantum-leap-nashville-tn,3,https://web.archive.org/web/20260819034031/https://www.datacenterdynamics.com/en/news/fisk-university-looks-to-build-data-center-in-nashville-tennessee/
five-up-realty-eynon-jermyn-road-archbald-pa,Eynon Jermyn Road Data Center Campus (former auto salvage yard),Five Up Realty LLC,data_center,proposed,,reported,Archbald,Lackawanna,PA,41.509,-75.535,,,,,2026-08-31,https://www.compute-atlas.com/facilities/five-up-realty-eynon-jermyn-road-archbald-pa,1,https://www.yahoo.com/news/developer-seeks-convert-archbald-junkyard-000700860.html
flat-fork-solar-brinkley-ar,Flat Fork Solar,"Flat Fork Solar, LLC",power_generation,operational,,reported,Brinkley,,AR,34.8828,-91.1041,200,,Entergy Arkansas,,2026-09-29,https://www.compute-atlas.com/facilities/flat-fork-solar-brinkley-ar,3,https://www.entergy.com/wp-content/uploads/15/Entergy-renewable-portfolio.pdf
fleet-data-centers-storey-county-nv,Fleet Data Centers Storey County Campus (South Valley & Peru Ridge),Fleet Data Centers,data_center,under_construction,likely,reported,McCarran,Storey,NV,39.53,-119.43,,400,,2026-05,2026-08-14,https://www.compute-atlas.com/facilities/fleet-data-centers-storey-county-nv,6,https://www.datacenterdynamics.com/en/news/fleet-data-centers-closes-46bn-in-senior-secured-notes-for-230mw-storey-county-campus/
fleet-peru-ridge-self-generation-storey-county-nv,Fleet Data Centers Peru Ridge Self-Generation Project,Fleet Data Centers,power_generation,permitted,,reported,,Storey,NV,39.5312,-119.4922,,218,Fleet Data Centers,2026-04-20,2026-09-24,https://www.compute-atlas.com/facilities/fleet-peru-ridge-self-generation-storey-county-nv,5,https://www.carsonnow.org/05/03/2026/why-a-northern-nevada-data-center-wants-to-build-its-own-temporary-natural-gas-power-plant
fleet-south-valley-self-generation-storey-county-nv,Fleet Data Centers South Valley Self-Generation Project,Fleet Data Centers,power_generation,permitted,,reported,,Storey,NV,39.5101,-119.4561,,144,Fleet Data Centers,2026-04-20,2026-09-24,https://www.compute-atlas.com/facilities/fleet-south-valley-self-generation-storey-county-nv,4,https://www.carsonnow.org/05/03/2026/why-a-northern-nevada-data-center-wants-to-build-its-own-temporary-natural-gas-power-plant
flexential-allentown-data-center-abe01-pa,Flexential Allentown Data Center (ABE01),Flexential,data_center,operational,,reported,Allentown,Lehigh,PA,40.6356953,-75.4575733,,,,,2026-07-23,https://www.compute-atlas.com/facilities/flexential-allentown-data-center-abe01-pa,3,https://www.flexential.com/data-centers/pa/allentown/data-center
flexential-atlanta-alpharetta-data-center-ga,Flexential Atlanta - Alpharetta Data Center,Flexential,data_center,operational,,reported,Alpharetta,Fulton,GA,34.0869864,-84.2518184,6,,,,2026-09-21,https://www.compute-atlas.com/facilities/flexential-atlanta-alpharetta-data-center-ga,3,https://www.flexential.com/data-centers/ga/atlanta/alpharetta-data-center
flexential-atlanta-douglasville-1-ga,Flexential Atlanta - Douglasville 1,Flexential,data_center,operational,confirmed,reported,Douglasville,Douglas,GA,33.7310574,-84.6160809,22.5,,,,2026-09-21,https://www.compute-atlas.com/facilities/flexential-atlanta-douglasville-1-ga,4,https://www.flexential.com/data-centers/ga/atlanta/douglasville-data-center
flexential-atlanta-douglasville-2-ga,Flexential Atlanta - Douglasville 2,Flexential,data_center,operational,,reported,Douglasville,Douglas,GA,33.7307027,-84.6112398,,,,,2026-07-23,https://www.compute-atlas.com/facilities/flexential-atlanta-douglasville-2-ga,2,https://www.flexential.com/data-centers/ga/atlanta/douglasville-2-data-center
flexential-atlanta-norcross-atl01-02-ga,Flexential Atlanta - Norcross (ATL01/02),Flexential,data_center,operational,,reported,Norcross,Gwinnett,GA,33.9547396,-84.1985246,,,,,2026-07-23,https://www.compute-atlas.com/facilities/flexential-atlanta-norcross-atl01-02-ga,3,https://www.flexential.com/data-centers/ga/atlanta/norcross-data-center
flexential-charlotte-north-clt04-05-nc,Flexential Charlotte - North (CLT04/05),Flexential,data_center,operational,,reported,Charlotte,Mecklenburg,NC,35.329773,-80.7657588,,,,,2026-07-23,https://www.compute-atlas.com/facilities/flexential-charlotte-north-clt04-05-nc,3,https://www.flexential.com/data-centers/nc/charlotte/north-data-center
flexential-charlotte-south-clt01-02-03-nc,Flexential Charlotte - South (CLT01/02/03),Flexential,data_center,operational,,reported,Charlotte,Mecklenburg,NC,35.1354147,-80.9368313,2.36,,,,2026-07-23,https://www.compute-atlas.com/facilities/flexential-charlotte-south-clt01-02-03-nc,3,https://www.flexential.com/data-centers/nc/charlotte/south-data-center
flexential-cincinnati-cin01-02-oh,Flexential Cincinnati (CIN01/02),Flexential,data_center,operational,,reported,West Chester Township,Butler,OH,39.3159313,-84.4494638,,,,,2026-07-23,https://www.compute-atlas.com/facilities/flexential-cincinnati-cin01-02-oh,3,https://www.flexential.com/data-centers/oh/cincinnati/data-center
flexential-cottonwood-heights-ut,Flexential Cottonwood,Flexential,data_center,operational,,reported,Cottonwood Heights,Salt Lake,UT,40.61347,-111.82565,2,,,,2026-08-15,https://www.compute-atlas.com/facilities/flexential-cottonwood-heights-ut,2,https://d36oiwf74r1rap.cloudfront.net/wp-content/uploads/2026/04/Data-Center-Growth-FS-Apr2026.pdf
flexential-dallas-downtown-dallas-tx,Flexential Dallas - Downtown Dallas,Flexential,data_center,operational,,reported,Dallas,Dallas,TX,32.8004101,-96.8193707,6.66,,,,2026-09-21,https://www.compute-atlas.com/facilities/flexential-dallas-downtown-dallas-tx,2,https://www.flexential.com/data-centers/tx/dallas/downtown-data-center
flexential-dallas-plano-tx,Flexential Dallas - Plano,Flexential,data_center,operational,confirmed,reported,Plano,Collin,TX,33.007033,-96.6663507,13,,,,2026-09-21,https://www.compute-atlas.com/facilities/flexential-dallas-plano-tx,5,https://www.flexential.com/data-centers/tx/dallas/plano-data-center
flexential-dallas-richardson-tx,Flexential Dallas - Richardson,Flexential,data_center,operational,,reported,Richardson,Dallas,TX,32.9948122,-96.7524974,,,,,2026-07-23,https://www.compute-atlas.com/facilities/flexential-dallas-richardson-tx,2,https://www.flexential.com/data-centers/tx/dallas/richardson-data-center
flexential-denver-aurora-den03-co,Flexential Denver - Aurora (DEN03),Flexential,data_center,operational,,reported,Aurora,Arapahoe,CO,39.6610488,-104.8488321,,,,,2026-07-23,https://www.compute-atlas.com/facilities/flexential-denver-aurora-den03-co,3,https://www.flexential.com/data-centers/co/denver/aurora-data-center
flexential-denver-centennial-den05-co,Flexential Denver - Centennial (DEN05),Flexential,data_center,operational,,reported,Centennial,Arapahoe,CO,39.5938733,-104.8431597,,,,,2026-07-23,https://www.compute-atlas.com/facilities/flexential-denver-centennial-den05-co,2,https://www.flexential.com/data-centers/co/denver/centennial-data-center
flexential-denver-downtown-champa-co,Flexential Denver - Downtown (Champa),Flexential,data_center,operational,,reported,Denver,Denver,CO,39.7459702,-104.9941589,,,,,2026-07-23,https://www.compute-atlas.com/facilities/flexential-denver-downtown-champa-co,3,https://www.flexential.com/data-centers/co/denver/downtown-data-center
flexential-denver-englewood-co,Flexential Denver - Englewood,Flexential,data_center,operational,,reported,Englewood,Arapahoe,CO,39.558994,-104.8375559,18,,,,2026-09-21,https://www.compute-atlas.com/facilities/flexential-denver-englewood-co,3,https://www.flexential.com/data-centers/co/denver/englewood-data-center
flexential-fort-lauderdale-fll01-02-fl,Flexential Fort Lauderdale (FLL01/02),Flexential,data_center,operational,,reported,Fort Lauderdale,Broward,FL,26.1900857,-80.1932967,,,,,2026-07-23,https://www.compute-atlas.com/facilities/flexential-fort-lauderdale-fll01-02-fl,3,https://www.flexential.com/data-centers/fl/fort-lauderdale/data-center
flexential-jacksonville-fl,Flexential Jacksonville,Flexential,data_center,operational,,reported,Jacksonville,Duval,FL,30.2457482,-81.5817226,,,,,2026-07-23,https://www.compute-atlas.com/facilities/flexential-jacksonville-fl,2,https://www.flexential.com/data-centers/fl/jacksonville/data-center
flexential-kaufman-county-talty-tx,Flexential Kaufman County Campus (Talty),Flexential,data_center,proposed,,reported,Talty,Kaufman,TX,32.689,-96.3378,,108,,2026-07-28,2026-09-21,https://www.compute-atlas.com/facilities/flexential-kaufman-county-talty-tx,1,https://www.prnewswire.com/news-releases/flexential-to-build-new-dallas-area-data-center-campus-on-110-acres-in-kaufman-county-302836104.html
flexential-las-vegas-downtown-nv,Flexential Las Vegas - Downtown,Flexential,data_center,operational,,reported,Las Vegas,Clark,NV,36.1686438,-115.1431445,1.37,,,,2026-09-21,https://www.compute-atlas.com/facilities/flexential-las-vegas-downtown-nv,2,https://www.flexential.com/data-centers/nv/las-vegas/downtown-data-center
flexential-las-vegas-north-las04-nv,Flexential Las Vegas - North (LAS04),Flexential,data_center,operational,,reported,North Las Vegas,Clark,NV,36.2481633,-115.1012553,9,,,,2026-07-23,https://www.compute-atlas.com/facilities/flexential-las-vegas-north-las04-nv,2,https://www.flexential.com/data-centers/nv/las-vegas/north-data-center
flexential-louisville-downtown-ky,Flexential Louisville - Downtown,Flexential,data_center,operational,,reported,Louisville,Jefferson,KY,38.242501,-85.733336,,,,,2026-07-23,https://www.compute-atlas.com/facilities/flexential-louisville-downtown-ky,3,https://www.flexential.com/data-centers/ky/louisville/downtown-data-center
flexential-louisville-east-nas-equivalent-lou-east-ky,Flexential Louisville - East (NAS-equivalent LOU-East),Flexential,data_center,operational,,reported,Louisville,Jefferson,KY,38.2771906,-85.5072402,,,,,2026-07-23,https://www.compute-atlas.com/facilities/flexential-louisville-east-nas-equivalent-lou-east-ky,3,https://www.flexential.com/data-centers/ky/louisville/east-data-center
flexential-minneapolis-chaska-msp01-mn,Flexential Minneapolis - Chaska (MSP01),Flexential,data_center,operational,,reported,Chaska,Carver,MN,44.8516116,-93.5988964,9,,,,2026-07-23,https://www.compute-atlas.com/facilities/flexential-minneapolis-chaska-msp01-mn,3,https://www.flexential.com/data-centers/mn/minneapolis/chaska-data-center
flexential-nashville-brentwood-nas01-04-tn,Flexential Nashville - Brentwood (NAS01/04),Flexential,data_center,operational,,reported,Brentwood,Williamson,TN,35.9727294,-86.8084949,1.49,,,,2026-09-21,https://www.compute-atlas.com/facilities/flexential-nashville-brentwood-nas01-04-tn,2,https://www.flexential.com/data-centers/tn/nashville/brentwood-data-center
flexential-nashville-cool-springs-tn,Flexential Nashville - Cool Springs,Flexential,data_center,operational,,reported,Franklin,Williamson,TN,35.951045,-86.833406,3.15,,,,2026-07-23,https://www.compute-atlas.com/facilities/flexential-nashville-cool-springs-tn,3,https://www.flexential.com/data-centers/tn/nashville/cool-springs-data-center
flexential-nashville-franklin-tn,Flexential Nashville - Franklin,Flexential,data_center,operational,,reported,Franklin,Williamson,TN,35.9204203,-86.8155401,6,,,,2026-07-23,https://www.compute-atlas.com/facilities/flexential-nashville-franklin-tn,3,https://www.flexential.com/data-centers/tn/nashville/franklin-data-center
flexential-parker-co,Flexential Parker (Compark),Flexential,data_center,under_construction,,reported,Parker,Douglas,CO,39.5620551,-104.8119323,,22.5,,,2026-09-30,https://www.compute-atlas.com/facilities/flexential-parker-co,3,https://www.coloradopolitics.com/2026/08/11/parker-data-center-could-get-19m-tax-rebate-from-douglas-county/
flexential-philadelphia-collegeville-phl01-pa,Flexential Philadelphia - Collegeville (PHL01),Flexential,data_center,operational,confirmed,reported,Collegeville,Montgomery,PA,40.1522366,-75.4776181,7.2,,,,2026-09-21,https://www.compute-atlas.com/facilities/flexential-philadelphia-collegeville-phl01-pa,4,https://www.flexential.com/data-centers/pa/philadelphia/collegeville-data-center
flexential-phoenix-deer-valley-az,Flexential Phoenix - Deer Valley,Flexential,data_center,operational,,reported,Phoenix,Maricopa,AZ,33.6846775,-112.0983398,5.02,,,,2026-07-23,https://www.compute-atlas.com/facilities/flexential-phoenix-deer-valley-az,2,https://www.flexential.com/data-centers/az/phoenix/deer-valley-data-center
flexential-portland-hillsboro-1-pdx01-or,Flexential Portland - Hillsboro 1 (PDX01),Flexential,data_center,operational,,reported,Hillsboro,Washington,OR,45.5498253,-122.8908454,5.3,,,,2026-07-23,https://www.compute-atlas.com/facilities/flexential-portland-hillsboro-1-pdx01-or,3,https://www.flexential.com/data-centers/or/portland/hillsboro1-data-center
flexential-portland-hillsboro-2-or,Flexential Portland - Hillsboro 2,Flexential,data_center,operational,,reported,Hillsboro,Washington,OR,45.558302,-122.9171647,18,,,,2026-07-23,https://www.compute-atlas.com/facilities/flexential-portland-hillsboro-2-or,3,https://www.flexential.com/data-centers/or/portland/hillsboro2-data-center
flexential-portland-hillsboro-3-or,Flexential Portland - Hillsboro 3,Flexential,data_center,operational,,reported,Hillsboro,Washington,OR,45.5594805,-122.9382011,36,,,,2026-07-23,https://www.compute-atlas.com/facilities/flexential-portland-hillsboro-3-or,3,https://www.flexential.com/data-centers/or/portland/hillsboro3-data-center
flexential-portland-hillsboro-4-pdx04-or,Flexential Portland - Hillsboro 4 (PDX04),Flexential,data_center,operational,likely,reported,Hillsboro,Washington,OR,45.5553133,-122.9401317,18,,,,2026-09-21,https://www.compute-atlas.com/facilities/flexential-portland-hillsboro-4-pdx04-or,4,https://www.flexential.com/data-centers/or/portland/hillsboro4-data-center
flexential-portland-hillsboro-5-or,Flexential Portland - Hillsboro 5,Flexential,data_center,operational,,confirmed,Hillsboro,Washington,OR,45.5564617,-122.9394058,36,,,,2026-09-05,https://www.compute-atlas.com/facilities/flexential-portland-hillsboro-5-or,2,https://www.prnewswire.com/news-releases/flexential-secures-strategic-real-estate-ownership-in-hillsboro-oregon-with-acquisition-of-two-data-center-properties-302783801.html
flexential-portland-hillsboro-6-or,Flexential Portland - Hillsboro 6,Flexential,data_center,proposed,,confirmed,Hillsboro,Washington,OR,45.5472442,-122.8910057,,27,,,2026-09-10,https://www.compute-atlas.com/facilities/flexential-portland-hillsboro-6-or,1,https://www.prnewswire.com/news-releases/flexential-acquires-prime-property-in-hillsboro-plans-new-data-center-as-next-phase-of-expansion-302546009.html
flexential-raleigh-ral02-ral03-nc,Flexential Raleigh (RAL02/RAL03),Flexential,data_center,operational,,reported,Morrisville,Wake,NC,35.8505281,-78.8291431,,,,,2026-07-23,https://www.compute-atlas.com/facilities/flexential-raleigh-ral02-ral03-nc,2,https://www.flexential.com/data-centers/nc/raleigh/data-center
flexential-richmond-ric01-02-va,Flexential Richmond (RIC01/02),Flexential,data_center,operational,,reported,Richmond,Henrico,VA,37.6468902,-77.4386952,2.8,,,,2026-09-21,https://www.compute-atlas.com/facilities/flexential-richmond-ric01-02-va,3,https://www.flexential.com/data-centers/va/richmond/data-center
flexential-salisbury-henderson-grove-nc,Flexential Salisbury (Henderson Grove Church Road),Flexential,data_center,proposed,,reported,Salisbury,Rowan,NC,35.6288,-80.5054,,55,,,2026-09-24,https://www.compute-atlas.com/facilities/flexential-salisbury-henderson-grove-nc,2,https://www.salisburypost.com/2026/08/12/salisbury-planning-recommends-henderson-grove-church-data-center-approval/
flexential-salt-lake-city-downtown-ut,Flexential Salt Lake City - Downtown,Flexential,data_center,operational,,reported,Salt Lake City,Salt Lake,UT,40.7563065,-111.9548375,2.65,,,,2026-07-23,https://www.compute-atlas.com/facilities/flexential-salt-lake-city-downtown-ut,4,https://www.flexential.com/data-centers/ut/salt-lake-city/downtown-data-center
flexential-salt-lake-city-fair-park-ut,Flexential Salt Lake City - Fair Park,Flexential,data_center,operational,,reported,Salt Lake City,Salt Lake,UT,40.7667963,-111.9202947,,,,,2026-07-23,https://www.compute-atlas.com/facilities/flexential-salt-lake-city-fair-park-ut,4,https://www.flexential.com/data-centers/ut/salt-lake-city/fair-park-data-center
flexential-salt-lake-city-lindon-ut,Flexential Salt Lake City - Lindon,Flexential,data_center,operational,,reported,Lindon,Utah,UT,40.332648,-111.7278754,0.57,,,,2026-09-21,https://www.compute-atlas.com/facilities/flexential-salt-lake-city-lindon-ut,4,https://www.flexential.com/data-centers/ut/salt-lake-city/lindon-data-center
flexential-salt-lake-city-millcreek-ut,Flexential Salt Lake City - Millcreek,Flexential,data_center,operational,,reported,Salt Lake City,Salt Lake,UT,40.685569,-111.8850505,1.92,,,,2026-09-21,https://www.compute-atlas.com/facilities/flexential-salt-lake-city-millcreek-ut,5,https://www.flexential.com/data-centers/ut/salt-lake-city/millcreek-data-center
flexential-salt-lake-city-south-valley-slc09-ut,Flexential Salt Lake City - South Valley (SLC09),Flexential,data_center,operational,,reported,West Jordan,Salt Lake,UT,40.6203519,-111.986047,,,,,2026-07-23,https://www.compute-atlas.com/facilities/flexential-salt-lake-city-south-valley-slc09-ut,4,https://www.flexential.com/data-centers/ut/salt-lake-city/south-valley-data-center
flexential-tampa-north-tpa03-fl,Flexential Tampa - North (TPA03),Flexential,data_center,operational,,reported,Tampa,Hillsborough,FL,28.0738698,-82.3683619,3,,,,2026-09-21,https://www.compute-atlas.com/facilities/flexential-tampa-north-tpa03-fl,2,https://www.flexential.com/data-centers/fl/tampa/north-data-center
flexential-tampa-west-fl,Flexential Tampa - West,Flexential,data_center,operational,,reported,Tampa,Hillsborough,FL,28.0372991,-82.5399781,1.81,,,,2026-09-21,https://www.compute-atlas.com/facilities/flexential-tampa-west-fl,2,https://www.flexential.com/data-centers/fl/tampa/west-data-center
fluidstack-abernathy-tx,Fluidstack Abernathy AI Campus,Fluidstack,data_center,under_construction,confirmed,confirmed,Abernathy,Hale,TX,33.84,-101.84,,168,,2026,2026-07-26,https://www.compute-atlas.com/facilities/fluidstack-abernathy-tx,3,https://www.datacenterdynamics.com/en/news/terawulf-and-fluidstack-to-develop-texas-data-center-in-google-backed-deal/
fluidstack-okmulgee-county-ok,Fluidstack Okmulgee County Data Center,Fluidstack,data_center,proposed,likely,confirmed,Okmulgee,Okmulgee,OK,35.6231,-95.9605,,,,,2026-08-19,https://www.compute-atlas.com/facilities/fluidstack-okmulgee-county-ok,3,https://www.okmulgeefluidstack.io/
fnts-omaha-ne,First National Technology Solutions Omaha Data Center,First National Technology Solutions,data_center,operational,mixed_use,reported,Omaha,Douglas,NE,41.2614219,-95.9364982,,,,,2026-09-04,https://www.compute-atlas.com/facilities/fnts-omaha-ne,2,https://baxtel.com/data-center/first-national-technology-solutions
fogo-data-centers-new-orleans-la,Fogo Data Centers New Orleans,Fogo Solutions,data_center,operational,,confirmed,New Orleans,Orleans,LA,29.9529522,-90.0730531,,,,,2026-08-26,https://www.compute-atlas.com/facilities/fogo-data-centers-new-orleans-la,3,https://datacenterhawk.com/marketplace/providers/fogo-data-centers/935-gravier-street-floor-10/1029683
forgelight-ventures-conway-ar,ForgeLight Ventures Conway Data Center,"ForgeLight Ventures, LLC",data_center,proposed,,reported,Conway,Faulkner,AR,35.0196304,-92.5572891,,,,,2026-09-15,https://www.compute-atlas.com/facilities/forgelight-ventures-conway-ar,3,https://www.ualrpublicradio.org/local-regional-news/2026-05-13/conway-residents-comment-on-possible-data-center
fort-cherry-power-station-robinson-township-washington-pa,Fort Cherry Power Station,"Liberty Energy, Imperial Land Corporation and Range Resources - Appalachia (joint venture)",power_generation,proposed,,reported,Robinson Township,Washington,PA,40.35888,-80.26809,,1000,,,2026-09-12,https://www.compute-atlas.com/facilities/fort-cherry-power-station-robinson-township-washington-pa,2,https://libertyenergy.com/liberty-imperial-land-corp-range-resources-energy-development-pennsylvania/
fort-martin-power-station-maidsville-monongalia-county-wv,Fort Martin Power Station,Monongahela Power Company (FirstEnergy),power_generation,operational,,reported,Maidsville,Monongalia,WV,39.710833,-79.9275,1152,,,,2026-09-22,https://www.compute-atlas.com/facilities/fort-martin-power-station-maidsville-monongalia-county-wv,1,https://www.gem.wiki/Fort_Martin_power_station
fort-spunky-pacifico-energy-hood-county-tx,Fort Spunky,Pacifico Energy,data_center,proposed,likely,reported,,Hood,TX,32.42,-97.78,,100,,,2026-07-26,https://www.compute-atlas.com/facilities/fort-spunky-pacifico-energy-hood-county-tx,2,https://www.texastribune.org/2026/06/02/texas-data-centers-hood-county-local-control-rural-water-power/
fortistar-north-tonawanda-generating-ny,Fortistar North Tonawanda Cogeneration Facility,Fortistar North Tonawanda LLC,power_generation,operational,,confirmed,North Tonawanda,Niagara,NY,43.0387,-78.8642,55,,Digihost International Inc. (Digi Power X),,2026-09-09,https://www.compute-atlas.com/facilities/fortistar-north-tonawanda-generating-ny,1,https://dps.ny.gov/event/fortistar-comments-due-fortistar-north-tonawanda-and-digihost-international-petition-transfer
fortitude-aurora-ne,Fortitude Aurora Nebraska Facility,Fortitude,crypto_mining,operational,,confirmed,Aurora,Hamilton,NE,40.86472,-98.0075,5,15,,2023-12,2026-08-08,https://www.compute-atlas.com/facilities/fortitude-aurora-ne,2,https://www.auroranewsregister.com/news/data-center-be-built-mission-critical
fortitude-grand-island-ne,Fortitude Grand Island Nebraska Facility,Fortitude,crypto_mining,operational,,reported,Grand Island,Hall,NE,40.92167,-98.35861,12,,,2026-07-28,2026-09-16,https://www.compute-atlas.com/facilities/fortitude-grand-island-ne,2,https://www.theblock.co/post/409899/barry-silbert-zcash-miner-fortitude-nebraska-facility-online-cut-zec-mining-costs
fortitude-prosser-ne,Fortitude Prosser Nebraska Facility,Fortitude,crypto_mining,operational,,confirmed,Prosser,Adams,NE,40.6875,-98.57806,12.5,,,2024-01,2026-08-08,https://www.compute-atlas.com/facilities/fortitude-prosser-ne,3,https://www.theblock.co/post/410565/dcgs-fortitude-acquires-nebraska-facility-zcash-mining
foundry-minden-ne,Foundry Digital Minden Site (former Compute North expansion),Foundry Digital,crypto_mining,proposed,,reported,Minden,Kearney,NE,40.5033,-98.9484,,,,2022-11,2026-09-10,https://www.compute-atlas.com/facilities/foundry-minden-ne,2,https://www.coindesk.com/business/2022/11/22/crypto-mining-and-staking-firm-foundry-buys-some-of-troubled-bitcoin-miner-compute-norths-assets
four-mile-mesa-solar-battery-san-juan-county-nm,Four Mile Mesa Solar + Battery Storage Project,Tierra Adentro Growth Capital (TAG Capital) / DESRI,power_generation,under_construction,,reported,,San Juan,NM,36.7975,-108.3236,,100,Meta Platforms (via PNM power purchase agreement),,2026-09-15,https://www.compute-atlas.com/facilities/four-mile-mesa-solar-battery-san-juan-county-nm,3,https://www.abqjournal.com/business/solar-projects-break-ground-in-nw-new-mexico-near-shuttered-coal-plant/3050484
four-three-glenbrook-salem-township-luzerne-pa,4-3 Glenbrook Group Salem Township Data Center Campus (Salem 3),4-3 Glenbrook Group,data_center,proposed,,reported,Salem Township,Luzerne,PA,41.1078249,-76.1791155,,3500,,,2026-09-21,https://www.compute-atlas.com/facilities/four-three-glenbrook-salem-township-luzerne-pa,2,https://www.timesleader.com/news/1745226/1-2-billion-land-deal-for-second-data-center-project-in-salem-township-announced-by-4-3-group
four-winds-sugar-hill-portland-ny,"Sugar Hill Data Center (proposed, former Sugar Hill Golf Course)",Four Winds of Lake Erie LLC,data_center,proposed,,reported,Portland,Chautauqua,NY,42.3758232,-79.5200432,,,,2026-03,2026-09-21,https://www.compute-atlas.com/facilities/four-winds-sugar-hill-portland-ny,5,https://www.wkbw.com/chautauqua-county/portland-town-board-addresses-confusion-and-concern-over-proposed-data-center
foxtail-flats-solar-storage-san-juan-county-nm,Foxtail Flats Solar and Storage,DESRI (D. E. Shaw Renewable Investments) / Tierra Adentro Growth Capital (TAGC),power_generation,under_construction,,confirmed,Farmington,San Juan,NM,36.83,-108.35,,170,Incorporated County of Los Alamos,,2026-09-15,https://www.compute-atlas.com/facilities/foxtail-flats-solar-storage-san-juan-county-nm,2,https://www.prnewswire.com/news-releases/desri-and-tierra-adentro-growth-capital-announce-start-of-construction-on-foxtail-flats-and-four-mile-mesa-solar-and-storage-projects-in-san-juan-county-nm-302781926.html
franklin-partners-pavilion-township-mi,Pavilion Township Data Center (S 26th St & E N Ave),Franklin Partners,data_center,cancelled,,reported,Pavilion Township,Kalamazoo,MI,42.206527,-85.4718656,,,,,2026-09-14,https://www.compute-atlas.com/facilities/franklin-partners-pavilion-township-mi,3,https://wwmt.com/news/local/residents-concerned-about-major-data-center-proposal-in-pavilion-township-south-26th-st-east-n-avenue-electricity-water-environment-jobs-taxes
freepoint-cedar-creek-solar-smyrna-de,Cedar Creek Solar (Amazon Solar Farm Delaware – Cedar Creek),Freepoint Solar (FPS Cedar Creek Solar LLC),power_generation,proposed,,confirmed,Smyrna,New Castle,DE,39.37259,-75.56455,,114,Amazon,,2026-10-01,https://www.compute-atlas.com/facilities/freepoint-cedar-creek-solar-smyrna-de,4,https://www.eia.gov/electricity/data/eia860m/xls/august_generator2026.xlsx
freepoint-raceway-solar-harrington-de,Raceway Solar,Freepoint Solar (Freepoint Commodities LLC),power_generation,under_construction,,confirmed,Harrington,Kent,DE,38.909956,-75.58819,,50,,,2026-10-01,https://www.compute-atlas.com/facilities/freepoint-raceway-solar-harrington-de,3,https://www.eia.gov/electricity/data/eia860m/xls/august_generator2026.xlsx
freestone-energy-center-fairfield-tx,Freestone Energy Center,Constellation Energy,power_generation,operational,,reported,Fairfield,Freestone,TX,31.7244035,-96.1648789,,,CyrusOne,,2026-08-26,https://www.compute-atlas.com/facilities/freestone-energy-center-fairfield-tx,1,https://www.constellationenergy.com/news/2026/02/constellation-and-cyrusone-announce-agreement-to-support-new-data-center-facility-at-freestone-energy-center-in-texas.html
fremont-peak-luckett-road-marana-az,Luckett Road Data Centers (Fremont Peak Properties),Fremont Peak Properties LLC (Beale Infrastructure),data_center,proposed,likely,reported,Marana,Pima,AZ,32.495,-111.198,,1500,,2025-10,2026-08-28,https://www.compute-atlas.com/facilities/fremont-peak-luckett-road-marana-az,6,https://tucson.com/news/local/environment/article_52f0d4ba-aa9e-4c17-b290-ca3c2ad8d011.html
fulltel-okc01-oklahoma-city-ok,FullTel Communications OKC01,FullTel Communications,data_center,operational,,reported,Oklahoma City,Oklahoma,OK,35.46994,-97.516522,,,,,2026-09-14,https://www.compute-atlas.com/facilities/fulltel-okc01-oklahoma-city-ok,2,https://inflect.com/building/201-robert-s-kerr-avenue-oklahoma-city
fundamental-data-ridgeline-datacenter-tucker-county-wv,Ridgeline Data Center,Fundamental Data LLC,data_center,proposed,,confirmed,,Tucker,WV,39.1517,-79.4913,,,,,2026-09-10,https://www.compute-atlas.com/facilities/fundamental-data-ridgeline-datacenter-tucker-county-wv,2,https://www.wvhighlands.org/tucker-county-data-center-ridgeline-facility/
fundamental-data-ridgeline-power-plant-tucker-county-wv,Ridgeline Power Plant,Fundamental Data LLC,power_generation,permitted,,confirmed,,Tucker,WV,39.1517,-79.4913,,785,Fundamental Data LLC,,2026-09-22,https://www.compute-atlas.com/facilities/fundamental-data-ridgeline-power-plant-tucker-county-wv,3,https://www.wvhighlands.org/tucker-county-data-center-ridgeline-facility/
gage-wind-gage-ne,Gage Wind Project,NextEra Energy Resources,power_generation,cancelled,,reported,Pickrell,Gage,NE,40.4197,-96.663,,124,,,2026-09-16,https://www.compute-atlas.com/facilities/gage-wind-gage-ne,1,https://www.gem.wiki/Gage_Wind_Project
galaxy-digital-mcgregor-tx,Project Merlin (Helios II),Galaxy Digital,data_center,proposed,,confirmed,McGregor,McLennan,TX,31.44,-97.4,,3500,,2026-06-25,2026-07-26,https://www.compute-atlas.com/facilities/galaxy-digital-mcgregor-tx,3,https://theenergymag.com/news/2026-06-25/galaxy-digital-ai-data-center-mcgregor-texas
galaxy-helios-dickens-county-tx,Galaxy Helios Data Center Campus,Galaxy Digital,data_center,operational,confirmed,confirmed,Afton,Dickens,TX,33.72,-100.84,200,1630,,2026-01,2026-09-27,https://www.compute-atlas.com/facilities/galaxy-helios-dickens-county-tx,10,https://www.datacenterdynamics.com/en/news/galaxy-secures-approval-for-more-than-800mw-at-helios-campus-in-texas/
garrison-energy-center-dover-de,Garrison Energy Center,Garrison Energy Center LLC,power_generation,operational,,confirmed,Dover,Kent,DE,39.187195,-75.4994,309,,,,2026-10-01,https://www.compute-atlas.com/facilities/garrison-energy-center-dover-de,2,https://www.eia.gov/electricity/data/eia860m/xls/august_generator2026.xlsx
gateway-business-park-offgrid-generation-letcher-ky,Gateway Business Park Off-Grid Power Plant,Diversified Gas and Oil Corporation / Maverick Holdings (with the Appalachian Industrial Development Authority),power_generation,proposed,,reported,Jenkins,Letcher,KY,37.1633477,-82.6560222,,100,,,2026-09-15,https://www.compute-atlas.com/facilities/gateway-business-park-offgrid-generation-letcher-ky,4,https://www.wymt.com/2026/07/17/proposed-off-grid-data-center-eyeing-letcher-co-industrial-park/
gawk-enerpower-amory-ms,Gawk Enerpower Amory Bitcoin Mining Facility,Gawk Enerpower Ltd,crypto_mining,under_construction,,confirmed,Amory,Monroe,MS,33.9944791,-88.5028344,,,,,2026-09-13,https://www.compute-atlas.com/facilities/gawk-enerpower-amory-ms,2,https://www.wtva.com/2026/05/30/bitcoin-mining-facility-be-built-amory/
gci-anchorage-ak,GCI Anchorage Data Center,GCI,data_center,operational,,confirmed,Anchorage,,AK,61.2163129,-149.894852,,,,,2026-09-12,https://www.compute-atlas.com/facilities/gci-anchorage-ak,2,https://www.gci.com/business/products/managed-services/data-center-colocation
gemini-data-center-sioux-falls-sd,Sioux Falls Technology Park (Gemini Data Center),Gemini Data Center SD LLC,data_center,permitted,likely,confirmed,Sioux Falls,Minnehaha,SD,43.583,-96.685,,500,,2025,2026-07-06,https://www.compute-atlas.com/facilities/gemini-data-center-sioux-falls-sd,3,https://siouxfalls.business/hyperscale-data-center-seeking-city-approvals-to-build-northeast-of-sioux-falls/
generate-nb-fuel-cells-new-britain-ct,Energy & Innovation Park Fuel Cell Microgrid (Generate NB Fuel Cells),"Generate NB Fuel Cells, LLC",power_generation,operational,,reported,New Britain,Hartford,CT,41.669693,-72.797359,19.98,,EIP Investment (Energy & Innovation Park data center),,2026-09-30,https://www.compute-atlas.com/facilities/generate-nb-fuel-cells-new-britain-ct,4,https://portal.ct.gov/csc/3_petitions/petition-nos-1341-1350/petition-no-1350-new-britain-eip
genesis-digital-assets-anderson-sc,Genesis Digital Assets Anderson Bitcoin Mining Data Center,Genesis Digital Assets,crypto_mining,operational,,reported,Anderson,Anderson,SC,34.5068601,-82.6506264,18,,,,2026-09-10,https://www.compute-atlas.com/facilities/genesis-digital-assets-anderson-sc,2,https://scbiz.com/bitcoin-miner-opens-three-data-centers-in-anderson-union-counties/
genesis-digital-assets-union-lockhart-sc,Genesis Digital Assets Union–Lockhart Bitcoin Mining Data Centers,Genesis Digital Assets,crypto_mining,operational,,reported,Lockhart,Union,SC,34.7865238,-81.4620402,15,,,,2026-09-10,https://www.compute-atlas.com/facilities/genesis-digital-assets-union-lockhart-sc,2,https://scbiz.com/bitcoin-miner-opens-three-data-centers-in-anderson-union-counties/
genh-morley-dam-mecosta-mi,GenH Morley Dam Data Services Facility,GenH,data_center,proposed,,reported,Morley,Mecosta,MI,43.490861,-85.443928,,,,2026-08,2026-09-14,https://www.compute-atlas.com/facilities/genh-morley-dam-mecosta-mi,3,https://www.thedailynews.cc/articles/just-in-data-center-proposed-for-morley-dam-meeting-postponed-due-to-large-number-of-attendees/
geobitmine-aberdeen-id,GeoBitmine Bingham County Facility,GeoBitmine,crypto_mining,proposed,,reported,Aberdeen,Bingham,ID,42.9442,-112.8383,,6,,2022,2026-08-05,https://www.compute-atlas.com/facilities/geobitmine-aberdeen-id,1,https://www.utilitydive.com/news/geobitmine-idaho-power-cryptocurrency-mining-rate/626724/
geronimo-nobles-county-powered-data-park-mn,Nobles County Powered Data Park,Geronimo Power (Brookfield Asset Management subsidiary),data_center,proposed,likely,reported,Worthington,Nobles,MN,43.62,-95.6,,400,,,2026-08-24,https://www.compute-atlas.com/facilities/geronimo-nobles-county-powered-data-park-mn,5,https://minnesotareformer.com/2026/04/27/minnesotas-long-predicted-data-center-boom-is-on-shaky-ground/
gibson-county-data-center-in,Gibson County Data Center,Undisclosed,data_center,proposed,,rumored,,Gibson,IN,38.3079744,-87.5775949,,600,,,2026-09-13,https://www.compute-atlas.com/facilities/gibson-county-data-center-in,2,https://www.cleanview.co/data-centers/indiana
giga-data-centers-mooresville-nc,GIGA Data Centers Mooresville Campus,GIGA Data Centers,data_center,operational,,reported,Mooresville,Iredell County,NC,35.5634941,-80.8280378,60,,,,2026-09-24,https://www.compute-atlas.com/facilities/giga-data-centers-mooresville-nc,2,https://baxtel.com/data-center/giga-charlotte-mooresville
gigaland-data-centers-remington-fauquier-va,Gigaland Data Centers,Gigaland LLC,data_center,proposed,,reported,Remington,Fauquier,VA,38.56070838764574,-77.78314256153212,,,,,2026-07-26,https://www.compute-atlas.com/facilities/gigaland-data-centers-remington-fauquier-va,3,https://www.fauquiernow.com/news/data-center-database-where-projects-stand-across-fauquier-county/article_18be50e8-49f6-11ef-95cf-3b45407fea55.html
gigawatt-east-wenatchee-wa,Giga Watt Mining Facility (former),Giga Watt Inc.,crypto_mining,cancelled,,confirmed,East Wenatchee,Douglas,WA,47.3968,-120.2042,,,,,2026-08-05,https://www.compute-atlas.com/facilities/gigawatt-east-wenatchee-wa,2,https://www.coindesk.com/markets/2018/11/21/bitcoin-mining-firm-giga-watt-declares-bankruptcy-owing-millions
girasol-solar-farm-sunflower-ms,Girasol Solar Farm,Girasol Solar Farm LLC,power_generation,proposed,,reported,,Sunflower,MS,33.676092,-90.64287,,100,,,2026-09-22,https://www.compute-atlas.com/facilities/girasol-solar-farm-sunflower-ms,1,https://www.eia.gov/electricity/data/eia860m/xls/july_generator2026.xlsx
global-ai-windsor-co,Global AI Windsor Data Center (former Kodak/Carestream campus),Global AI,data_center,under_construction,confirmed,confirmed,Windsor,Weld,CO,40.4653149,-104.909,,27.5,,2025-11,2026-09-30,https://www.compute-atlas.com/facilities/global-ai-windsor-co,3,https://www.cpr.org/2026/08/07/weld-county-ai-data-center/
global-reach-ames-ia,Global Reach Ames Data Center,Global Reach Internet Productions,data_center,operational,,reported,Ames,Story County,IA,42.0020484,-93.6351121,,,,,2026-09-16,https://www.compute-atlas.com/facilities/global-reach-ames-ia,2,https://www.globalreach.com/contact/locations/headquarters
global-stack-cow-palace-daly-city-ca,Cow Palace Edge Data Center (Global Stack proposal),Global Stack LLC,data_center,proposed,,rumored,Daly City,San Mateo,CA,37.7061821,-122.4202102,,10,,2026-07,2026-09-21,https://www.compute-atlas.com/facilities/global-stack-cow-palace-daly-city-ca,2,https://missionlocal.org/2026/09/data-center-moratorium-sf-board-of-supervisors/
global-stack-kings-county-fairgrounds-hanford-ca,Kings County Fairgrounds Edge Data Center (Global Stack proposal),Global Stack LLC,data_center,proposed,,reported,Hanford,Kings,CA,36.3174744,-119.6346519,,,,2026-07,2026-09-21,https://www.compute-atlas.com/facilities/global-stack-kings-county-fairgrounds-hanford-ca,4,https://hanfordsentinel.com/business/agriculture/kings-fairground-ceo-new-project-is-not-a-traditional-data-center/article_90b4f45c-e98e-4077-a585-6e5416581ac3.html
global-stack-san-mateo-county-event-center-ca,"San Mateo County Event Center Data Center (Global Stack proposal, dropped)",Global Stack LLC,data_center,cancelled,,reported,San Mateo,San Mateo,CA,37.5466677,-122.3020513,,,,,2026-09-29,https://www.compute-atlas.com/facilities/global-stack-san-mateo-county-event-center-ca,2,https://www.change.org/p/keep-data-centers-out-of-the-san-mateo-county-event-center
global-stack-tulare-county-fairgrounds-ca,Tulare County Fairgrounds Edge Data Center (Global Stack proposal),Global Stack LLC,data_center,proposed,,reported,Tulare,Tulare,CA,36.1991383,-119.3420041,,,,,2026-09-29,https://www.compute-atlas.com/facilities/global-stack-tulare-county-fairgrounds-ca,3,https://thebusinessjournal.com/is-it-a-data-center-tulare-fairgrounds-tables-global-stack-proposal/
global-stack-vallejo-fairgrounds-ca,Solano County Fairgrounds Data Center (Global Stack proposal),Global Stack LLC,data_center,proposed,,reported,Vallejo,Solano,CA,38.135514,-122.2262112,,,,,2026-09-12,https://www.compute-atlas.com/facilities/global-stack-vallejo-fairgrounds-ca,1,https://www.pressdemocrat.com/2026/07/13/solano-county-fair-association-will-discuss-proposed-data-center/
globalinx-fastnet-cls-ocean-city-md,Globalinx Fastnet Cable Landing Station,Globalinx (GLX),data_center,proposed,,confirmed,Berlin,Worcester,MD,38.3117282,-75.1228506,,5,,,2026-09-13,https://www.compute-atlas.com/facilities/globalinx-fastnet-cls-ocean-city-md,4,https://www.submarinenetworks.com/en/systems/trans-atlantic/fastnet/globalinx-to-build-a-cable-landing-station-in-maryland-for-aws%E2%80%99s-fastnet-subsea-cable
gmi-computing-mountain-pine-ar,GMI Computing Mountain Pine Bitcoin Mine,GMI Computing (General Mint Inc.),crypto_mining,operational,,confirmed,Mountain Pine,Garland,AR,34.5720347,-93.1732401,,,,,2026-09-13,https://www.compute-atlas.com/facilities/gmi-computing-mountain-pine-ar,2,https://katv.com/news/local/mountain-pine-residents-decry-noise-pollution-from-new-cryptomining-facility-cryptomine-gmi-computing-ptsd-arkansas-garland-county-noise-ordinance-hot-springs-piney-property-values-loud-servers-fans-cooling-city-hall-data-center-bitcoin-gary-muston
goldendale-energy-storage-klickitat-wa,Goldendale Energy Storage Project,Rye Development / Copenhagen Infrastructure Partners,power_generation,permitted,,confirmed,Goldendale,Klickitat,WA,45.725,-120.67,,1200,,2026-01-22,2026-09-05,https://www.compute-atlas.com/facilities/goldendale-energy-storage-klickitat-wa,4,https://ryedevelopment.com/federal-energy-regulatory-commission-issues-40-year-license-to-the-goldendale-energy-storage-project.html
goodman-energy-park-vernon-ca,Goodman Energy Park Data Center,Goodman Group,data_center,proposed,,reported,Vernon,Los Angeles,CA,34.0055798,-118.2182202,,,,,2026-09-14,https://www.compute-atlas.com/facilities/goodman-energy-park-vernon-ca,2,https://www.energy.ca.gov/powerplant/backup-generating-system/vernon-backup-generating-facility-vbgf
goodman-innovation-centre-san-jose-ca,Goodman Innovation Centre San Jose (NorthTown Data Center),Goodman Group,data_center,proposed,,confirmed,San Jose,Santa Clara,CA,37.3806176,-121.9337744,,97.3,,,2026-09-14,https://www.compute-atlas.com/facilities/goodman-innovation-centre-san-jose-ca,3,https://www.energy.ca.gov/powerplant/backup-generating-system/northtown-backup-generating-facility
google-arcola-loudoun-va,Google Arcola Data Center (Loudoun County),Google,data_center,operational,likely,reported,Sterling,Loudoun,VA,38.9432462,-77.5253232,,,,2017,2026-07-24,https://www.compute-atlas.com/facilities/google-arcola-loudoun-va,3,https://baxtel.com/data-center/google-dulles-arcola-center
google-armstrong-county-tx,Goodnight Campus,Google / Crusoe,data_center,under_construction,confirmed,confirmed,Claude,Armstrong,TX,34.973,-101.367,,933,,2024,2026-08-16,https://www.compute-atlas.com/facilities/google-armstrong-county-tx,8,https://www.datacenterdynamics.com/en/news/google-commits-40bn-to-expand-cloud-and-ai-infrastructure-in-texas-through-2027/
google-bosc-lima-oh,Google Project BOSC (Lima),Google,data_center,permitted,likely,confirmed,Lima,Allen,OH,40.744,-84.1052,,,,2026-03-16,2026-07-23,https://www.compute-atlas.com/facilities/google-bosc-lima-oh,5,https://www.datacenterdynamics.com/en/news/google-confirmed-as-company-behind-500m-data-center-in-lima-ohio/
google-botetourt-greenfield-va,Google Botetourt Center at Greenfield Data Center Campus,Google,data_center,permitted,,confirmed,Daleville,Botetourt,VA,37.42,-79.89,,,,2025-06-24,2026-08-27,https://www.compute-atlas.com/facilities/google-botetourt-greenfield-va,3,https://www.botetourtva.gov/1021/Google-Data-Center
google-cedar-rapids-ia,Google Cedar Rapids Data Center Campus,Google,data_center,under_construction,likely,confirmed,Cedar Rapids,Linn,IA,41.936,-91.723,,,,2025-05,2026-07-26,https://www.compute-atlas.com/facilities/google-cedar-rapids-ia,6,https://www.datacenterdynamics.com/en/news/google-pledges-7bn-to-expand-iowa-data-center-footprint/
google-columbia-county-ga,Google Evans Data Center,Google,data_center,proposed,,confirmed,Evans,Columbia,GA,33.5313102,-82.2563979,,,,,2026-08-08,https://www.compute-atlas.com/facilities/google-columbia-county-ga,2,https://datacenters.google/locations/
google-council-bluffs-ia,Google Council Bluffs Data Center,Google,data_center,operational,likely,confirmed,Council Bluffs,Pottawattamie,IA,41.167368,-95.792975,407,,,2007,2026-09-21,https://www.compute-atlas.com/facilities/google-council-bluffs-ia,6,https://datacenters.google/locations/iowa/
google-disk-drive-alviso-san-jose-ca,Google 5079–5087 Disk Drive Compute Campus (North San José),Google LLC,data_center,proposed,,confirmed,San Jose,Santa Clara,CA,37.4256515,-121.9639616,,250,,2026-03,2026-09-21,https://www.compute-atlas.com/facilities/google-disk-drive-alviso-san-jose-ca,4,https://docs.cpuc.ca.gov/PublishedDocs/Published/G000/M607/K718/607718746.PDF
google-douglas-county-ga,Google Douglasville Data Center,Google,data_center,operational,,confirmed,Douglasville,Douglas,GA,33.7514966,-84.7477136,,,,,2026-08-08,https://www.compute-atlas.com/facilities/google-douglas-county-ga,2,https://datacenters.google/locations/
google-eagle-mountain-ut,Google Eagle Mountain Site,Google,data_center,proposed,,confirmed,Eagle Mountain,Utah,UT,40.30935,-112.01198,,,,,2026-08-15,https://www.compute-atlas.com/facilities/google-eagle-mountain-ut,3,https://www.ksl.com/article/50255468/google-buys-land-for-potential-data-center-in-eagle-mountain-promises-to-spend-12-billion
google-fort-wayne-in,Google Fort Wayne Data Center (Project Zodiac),Google,data_center,operational,confirmed,confirmed,Fort Wayne,Allen,IN,40.99,-85.056,,,,2024-04,2026-07-06,https://www.compute-atlas.com/facilities/google-fort-wayne-in,3,https://events.in.gov/event/gov-holcomb-announces-google-is-building-a-2b-data-center-in-northeast-indiana
google-haskell-county-tx,Google Haskell County Data Center Campus,Google,data_center,under_construction,confirmed,confirmed,Haskell,Haskell,TX,33.1576,-99.7337,,,,2025-11-14,2026-07-07,https://www.compute-atlas.com/facilities/google-haskell-county-tx,6,https://www.texastribune.org/2025/11/14/texas-google-data-centers-ai/
google-henderson-nv,Google Henderson Data Center,Google,data_center,operational,likely,confirmed,Henderson,Clark,NV,36.056187,-115.042545,,,,2019,2026-07-25,https://www.compute-atlas.com/facilities/google-henderson-nv,4,https://datacenters.google/locations/henderson-nevada/
google-hermantown-mn,Google Hermantown Data Center,Google,data_center,proposed,,reported,Hermantown,St. Louis,MN,46.8068852,-92.2382464,,,,,2026-09-18,https://www.compute-atlas.com/facilities/google-hermantown-mn,6,https://datacenters.google/locations/
google-jackson-county-stevenson-al,Google Jackson County Campus,Google,data_center,operational,likely,confirmed,Stevenson,Jackson,AL,34.8842,-85.755,,,,2015-06-24,2026-09-28,https://www.compute-atlas.com/facilities/google-jackson-county-stevenson-al,8,https://blog.google/innovation-and-ai/infrastructure-and-cloud/global-network/alabama-investment-june-2026/
google-lagrange-ga,Google LaGrange Data Center,Google,data_center,proposed,,confirmed,LaGrange,Troup,GA,33.039291,-85.0313269,,400,,,2026-09-23,https://www.compute-atlas.com/facilities/google-lagrange-ga,3,https://datacenters.google/locations/
google-lancaster-oh,Google Lancaster Data Center,Google,data_center,operational,,confirmed,Lancaster,Fairfield,OH,39.72057,-82.68839,,,,2023-05,2026-07-25,https://www.compute-atlas.com/facilities/google-lancaster-oh,7,https://datacenters.google/locations/ohio/
google-lenoir-nc,Google Lenoir Data Center,Google,data_center,operational,likely,confirmed,Lenoir,Caldwell,NC,35.900163,-81.546892,,,,2007,2026-07-25,https://www.compute-atlas.com/facilities/google-lenoir-nc,3,https://datacenters.google/locations/lenoir-north-carolina/
google-lincoln-ne,Google Lincoln Data Center,Google,data_center,under_construction,,confirmed,Lincoln,Lancaster,NE,40.81,-96.675,,,,2023,2026-09-16,https://www.compute-atlas.com/facilities/google-lincoln-ne,3,https://datacenters.google/locations/nebraska/
google-loch-midlothian-va,Google Project Loch,Google,data_center,permitted,confirmed,confirmed,Midlothian,Chesterfield,VA,37.454,-77.71,,,,2025-08-28,2026-08-27,https://www.compute-atlas.com/facilities/google-loch-midlothian-va,7,https://www.datacenterdynamics.com/en/news/google-files-for-data-center-campus-outside-richmond-virginia/
google-meitner-pampa-tx,Google Meitner Energy Center,Google,data_center,under_construction,confirmed,confirmed,Pampa,Gray,TX,35.5365,-100.9609,,,,2026,2026-07-08,https://www.compute-atlas.com/facilities/google-meitner-pampa-tx,4,https://www.intersect.com/news/google-and-intersect-deepen-texas-roots-with-new-data-center-and-energy-investments-in-gray-and-roberts-counties
google-michigan-city-in,Google Michigan City Data Center,Google,data_center,under_construction,,confirmed,Michigan City,LaPorte,IN,41.7075394,-86.8950297,,,,,2026-09-13,https://www.compute-atlas.com/facilities/google-michigan-city-in,6,https://datacenters.google/locations/
google-moncks-corner-sc,Google Berkeley County Data Center (Moncks Corner),Google,data_center,operational,likely,confirmed,Moncks Corner,Berkeley,SC,33.072101,-80.039105,,,,2007,2026-09-21,https://www.compute-atlas.com/facilities/google-moncks-corner-sc,4,https://datacenters.google/locations/berkeley-county-south-carolina/
google-montgomery-county-tn,Google Montgomery County Data Center,Google,data_center,operational,mixed_use,confirmed,Clarksville,Montgomery,TN,36.5288,-87.3636,,,,2015,2026-09-21,https://www.compute-atlas.com/facilities/google-montgomery-county-tn,5,https://tnecd.com/news/governor-haslam-commissioner-boyd-announce-google-to-locate-new-data-center-in-clarksville/
google-muskogee-county-ok,Google Muskogee County Data Center Campuses,Google,data_center,proposed,confirmed,reported,Council Hill,Muskogee,OK,35.57,-95.65,,,,2025-11,2026-09-14,https://www.compute-atlas.com/facilities/google-muskogee-county-ok,6,https://www.newson6.com/technology/google-data-centers-muskogee-county-oklahoma
google-nebraska-ai-campus-proposed,Google Nebraska AI Campus (proposed),Google,data_center,proposed,likely,reported,,Otoe,NE,40.474,-96.371,,1000,,2026-03,2026-09-16,https://www.compute-atlas.com/facilities/google-nebraska-ai-campus-proposed,5,https://flatwaterfreepress.org/google-proposes-nebraska-data-center-requiring-more-power-than-all-of-lincoln/
google-new-albany-oh,Google New Albany Data Center,Google,data_center,operational,,confirmed,New Albany,Franklin,OH,40.05832,-82.77106,,,,,2026-07-26,https://www.compute-atlas.com/facilities/google-new-albany-oh,5,https://datacenters.google/locations/ohio/
google-omaha-ne,Google Omaha Data Center,Google,data_center,operational,,confirmed,Omaha,Douglas,NE,41.334,-96.145,,,,2022,2026-08-08,https://www.compute-atlas.com/facilities/google-omaha-ne,2,https://datacenters.google/locations/nebraska/
google-palo-ia,Google Palo Data Center Campus,Google,data_center,proposed,,confirmed,Palo,Linn,IA,42.0611,-91.7935,,,,2025-10-06,2026-08-14,https://www.compute-atlas.com/facilities/google-palo-ia,4,https://www.thegazette.com/news/local/google-exploring-data-center-project-near-palo/article_4024241b-0c96-5212-9487-acd2366cbd82.html
google-papillion-ne,Google Papillion Data Center,Google,data_center,operational,likely,reported,Papillion,Sarpy,NE,41.13257,-96.143728,,,,2019,2026-08-14,https://www.compute-atlas.com/facilities/google-papillion-ne,5,https://datacenters.google/locations/nebraska/
google-port-of-little-rock-data-center-ar,Port of Little Rock Data Center,Google,data_center,under_construction,,confirmed,Little Rock,Pulaski,AR,34.746,-92.29,,,,,2026-07-26,https://www.compute-atlas.com/facilities/google-port-of-little-rock-data-center-ar,2,https://www.arkansasbusiness.com/article/google-little-rock-port-data-center/
google-project-dazzler-franklin-furnace-oh,Project Dazzler,Google,data_center,permitted,,confirmed,Franklin Furnace,Scioto,OH,38.68,-82.72,,,,,2026-07-26,https://www.compute-atlas.com/facilities/google-project-dazzler-franklin-furnace-oh,4,https://www.datacenterdynamics.com/en/news/google-confirmed-as-company-behind-500000-sq-ft-data-center-in-scioto-county-ohio/
google-project-louie-monrovia-in,Google Project Louie (Morgan County),Google,data_center,under_construction,confirmed,confirmed,Monrovia,Morgan,IN,39.57,-86.35,,390,,2025,2026-08-05,https://www.compute-atlas.com/facilities/google-project-louie-monrovia-in,12,https://www.datacenterdynamics.com/en/news/google-behind-390-acre-data-center-development-in-morgan-county-indiana/
google-project-mica-kc-northland-mo,Google Project Mica,Google,data_center,under_construction,likely,confirmed,Kansas City,Clay,MO,39.274,-94.651,,500,,2026-02,2026-08-24,https://www.compute-atlas.com/facilities/google-project-mica-kc-northland-mo,3,https://www.kctv5.com/2025/07/29/10b-500-acre-tech-campus-gets-stamp-approval-near-smithville/
google-project-peanut-chester-va,Project Peanut,Google,data_center,under_construction,,confirmed,Chester,Chesterfield,VA,37.34629075,-77.29960686,,,,2025-08-28,2026-07-26,https://www.compute-atlas.com/facilities/google-project-peanut-chester-va,5,https://www.vpm.org/news/2026-06-22/google-data-centers-chesterfield-peanut-skye-loch-schneider-timmons
google-project-skye-midlothian-va,Project Skye,Google,data_center,permitted,,confirmed,Midlothian,Chesterfield,VA,37.44741159,-77.77600992,,,,2025-08-28,2026-08-27,https://www.compute-atlas.com/facilities/google-project-skye-midlothian-va,5,https://www.datacenterdynamics.com/en/news/details-revealed-for-googles-project-skye-data-center-campus-in-chesterfield-county-virginia/
google-pryor-ok,Google Pryor Data Center Campus (Mayes County Expansion),Google,data_center,operational,mixed_use,confirmed,Pryor,Mayes,OK,36.32,-95.31,,,,2007-01,2026-09-14,https://www.compute-atlas.com/facilities/google-pryor-ok,6,https://www.okcommerce.gov/google-planning-another-expansion-for-pryor-data-center/
google-putnam-county-campus-wv,Google Putnam County Data Center,Google,data_center,proposed,,confirmed,Buffalo,Putnam,WV,38.64411,-81.956511,,,,2026-03-27,2026-09-22,https://www.compute-atlas.com/facilities/google-putnam-county-campus-wv,10,https://wvmetronews.com/2026/03/27/google-announces-plans-for-data-center-in-buffalo-w-va/
google-red-oak-tx,Google Red Oak Campus,Google,data_center,operational,confirmed,confirmed,Red Oak,Ellis,TX,32.5163,-96.8011,,,,2023-09,2026-07-07,https://www.compute-atlas.com/facilities/google-red-oak-tx,6,https://www.datacenterdynamics.com/en/news/google-announces-plans-for-red-oak-data-center-campus-in-texas/
google-redhawk-mesa-az,Google Redhawk Mesa Data Center Campus,Google,data_center,operational,confirmed,confirmed,Mesa,Maricopa,AZ,33.3764,-111.6199,,400,,2019-01,2026-08-31,https://www.compute-atlas.com/facilities/google-redhawk-mesa-az,7,https://www.datacenterdynamics.com/en/news/google-breaks-ground-on-mesa-data-center-campus-in-arizona/
google-ridgeville-sc,Google Ridgeville Data Center (Project Dawson),Google,data_center,under_construction,confirmed,confirmed,Ridgeville,Dorchester,SC,33.096,-80.3239,,,,2024-09,2026-09-10,https://www.compute-atlas.com/facilities/google-ridgeville-sc,3,https://www.datacenterdynamics.com/en/news/google-confirms-it-is-behind-project-dawson-data-center-campus-in-south-carolina/
google-skyway-pine-island-mn,Google Project Skyway (Pine Island),Google,data_center,permitted,confirmed,confirmed,Pine Island,Goodhue,MN,44.2019,-92.6496,,,,2026-02,2026-09-18,https://www.compute-atlas.com/facilities/google-skyway-pine-island-mn,7,https://newsroom.xcelenergy.com/news/xcel-energy-to-power-new-google-data-center-in-minnesota
google-spade-new-florence-mo,Google Project Spade Campus,Google,data_center,under_construction,confirmed,confirmed,New Florence,Montgomery,MO,38.791,-91.508,,1200,,2026-01,2026-07-25,https://www.compute-atlas.com/facilities/google-spade-new-florence-mo,6,https://www.datacenterdynamics.com/en/news/google-pledges-15bn-investment-in-new-florence-missouri/
google-spring-sand-springs-ok,Project Spring (Sand Springs),Google,data_center,proposed,likely,reported,Sand Springs,Osage,OK,36.256,-96.11,,,,2025-11,2026-07-23,https://www.compute-atlas.com/facilities/google-spring-sand-springs-ok,8,https://tulsaflyer.org/2026/01/15/government/post/google-connected-sand-springs-data-center-project/
google-stillwater-ok,Google Stillwater Data Center Campus,Google,data_center,under_construction,confirmed,confirmed,Stillwater,Payne,OK,36.14,-97.06,,,,2025-03,2026-09-14,https://www.compute-atlas.com/facilities/google-stillwater-ok,7,https://www.okenergytoday.com/2025/11/construction-gets-go-ahead-for-stillwater-data-center/
google-storey-county-nv,Google  Data Center,Google,data_center,operational,,confirmed,,Storey,NV,39.4572167,-119.5157991,,,,,2026-09-24,https://www.compute-atlas.com/facilities/google-storey-county-nv,5,https://datacenters.google/locations/
google-the-dalles-or,Google The Dalles Data Center Campus,Google,data_center,operational,mixed_use,confirmed,The Dalles,Wasco,OR,45.5975,-121.1776,300,,,2005,2026-09-17,https://www.compute-atlas.com/facilities/google-the-dalles-or,12,"https://en.wikipedia.org/wiki/The_Dalles,_Oregon#Google_data_centers"
google-the-dalles-port-river-road-or,Google The Dalles Data Center — 3500 River Road (Port of The Dalles),Google,data_center,under_construction,,confirmed,The Dalles,Wasco,OR,45.62539,-121.20239,,,,,2026-09-10,https://www.compute-atlas.com/facilities/google-the-dalles-port-river-road-or,3,https://www.constructiondive.com/news/google-whiting-turner-oregon-data-center/705938/
google-west-memphis-ar,Google West Memphis Data Center Campus,Google,data_center,under_construction,confirmed,confirmed,West Memphis,Crittenden,AR,35.156,-90.175,,,,2025-10,2026-09-29,https://www.compute-atlas.com/facilities/google-west-memphis-ar,5,https://www.arkansasedc.com/news-events/newsroom/detail/2025/10/02/google-locating-new-data-center-in-west-memphis--arkansas-with-multi-billion-dollar-investment
google-wilbarger-vernon-tx,Google Wilbarger County Campus,Google,data_center,under_construction,confirmed,confirmed,Vernon,Wilbarger,TX,34.1551,-99.294,,,,2026,2026-07-07,https://www.compute-atlas.com/facilities/google-wilbarger-vernon-tx,1,https://blog.google/innovation-and-ai/infrastructure-and-cloud/global-network/data-center-wilbarger-county/
google-winding-woods-st-george-sc,Google Winding Woods Campus,Google,data_center,under_construction,confirmed,confirmed,St. George,Dorchester,SC,33.1843,-80.5793,,,,2026,2026-09-10,https://www.compute-atlas.com/facilities/google-winding-woods-st-george-sc,2,https://www.datacenterdynamics.com/en/news/google-to-invest-9bn-in-south-carolina-data-centers/
gouldsboro-project-gold-clifton-covington-lackawanna-pa,Gouldsboro Data Center Campus (Project Gold),1778 Rich Pike LLC,data_center,proposed,,reported,Clifton Township,Lackawanna,PA,41.195,-75.595,,1500,,,2026-08-17,https://www.compute-atlas.com/facilities/gouldsboro-project-gold-clifton-covington-lackawanna-pa,2,https://www.wvia.org/news/local/2026-01-03/clifton-twp-supervisors-settle-with-data-center-developer-residents-promise-litigation
grand-river-power-hamlin-township-mi,Grand River Power Company Smithville Bitcoin Mine,Grand River Power Company,crypto_mining,operational,,reported,Eaton Rapids,Eaton,MI,42.4996675,-84.6291791,,,,,2026-09-09,https://www.compute-atlas.com/facilities/grand-river-power-hamlin-township-mi,1,https://www.wkar.org/wkar-news/2025-11-19/cease-and-desist-issued-to-bitcoin-mining-site-in-eaton-county-over-noise-complaints
grande-prairie-wind-holt-ne,Grande Prairie Wind Farm,BHE Renewables,power_generation,operational,,confirmed,,Holt,NE,42.5607,-98.4443,400,,,,2026-09-16,https://www.compute-atlas.com/facilities/grande-prairie-wind-holt-ne,2,https://www.gem.wiki/Grande_Prairie_wind_farm
grandilla-foot-creek-491st-thomas-tonopah-az,491st Avenue and Thomas Road Data Center / Solar Site,Grandilla (Arizona) Inc. and Foot Creek Corporation,data_center,permitted,,reported,Tonopah,Maricopa,AZ,33.481,-113.134,,,,,2026-08-28,https://www.compute-atlas.com/facilities/grandilla-foot-creek-491st-thomas-tonopah-az,1,https://azbex.com/planning-development/maricopa-county-board-approves-rezoning-for-638-acre-data-center-solar-site/
granite-renewables-logan-county-co,Granite Renewables Logan County Data Center Campus,Granite Renewables,data_center,proposed,,reported,Sterling,Logan,CO,40.6255415,-103.207709,,2000,,,2026-08-26,https://www.compute-atlas.com/facilities/granite-renewables-logan-county-co,2,https://pagosadailypost.com/2025/12/17/big-pivots-massive-data-center-slated-for-northeastern-colorado-part-one/
grant-town-power-plant-crypto-mine-marion-county-wv,Grant Town Power Plant Cryptocurrency Mining Containers,Undisclosed operator (Grant Town Power Plant site; plant operated by American Bituminous Power Partners for owner Horizon Ventures),crypto_mining,operational,,rumored,Grant Town,Marion,WV,39.560277,-80.162893,,,,2026-04-16,2026-09-15,https://www.compute-atlas.com/facilities/grant-town-power-plant-crypto-mine-marion-county-wv,2,https://www.timeswv.com/news/local_news/grant-town-power-plant-believed-to-be-mining-cryptocurrency-in-marion-county/article_a13502ed-4c9e-4589-8608-383e7b9d8bc3.html
grda-grand-river-energy-center-unit-4-ok,Grand River Energy Center Unit 4,Grand River Dam Authority,power_generation,under_construction,,reported,Chouteau,Mayes,OK,36.1906497,-95.2907489,,426,,,2026-09-14,https://www.compute-atlas.com/facilities/grda-grand-river-energy-center-unit-4-ok,2,https://okenergytoday.com/2026/09/oklahomas-largest-public-power-electric-utility-dedicates-new-525-million-project/
great-lakes-colocation-lake-park-ia,Great Lakes Colocation Data Center,Great Lakes Communication,data_center,operational,,reported,Lake Park,Dickinson County,IA,43.455556,-95.3207429,,,,,2026-09-16,https://www.compute-atlas.com/facilities/great-lakes-colocation-lake-park-ia,3,https://greatlakescolocation.com/contact-us/
greeley-wind-nebraska-greeley-ne,Greeley Wind Nebraska,NextEra Energy Resources,power_generation,permitted,,confirmed,,Greeley,NE,41.5487,-98.5308,,115,Nebraska Public Power District,,2026-09-04,https://www.compute-atlas.com/facilities/greeley-wind-nebraska-greeley-ne,2,https://docs.nppd.com/FileDownload.aspx?Filename=Board%2F2026%2FFebruary4.pdf
green-data-socorro-county-nm,Green Data Socorro Campus,Green Data (Green Data Centers),data_center,cancelled,,reported,Socorro,Socorro,NM,34.0584,-106.8914,,2000,,2026,2026-08-08,https://www.compute-atlas.com/facilities/green-data-socorro-county-nm,3,https://www.datacenterdynamics.com/en/news/plans-for-10000-acre-data-center-scrapped-in-socorro-new-mexico/
green-data-spaceport-america-sierra-county-nm,Green Data Spaceport America Data Center,Green Data / Aetherion Inc.,data_center,cancelled,,reported,,Sierra,NM,32.9903,-106.9698,,5,,2026-07,2026-09-10,https://www.compute-atlas.com/facilities/green-data-spaceport-america-sierra-county-nm,6,https://www.dchieftain.com/news/spaceport-america-data-center-proposal-sparks-curiosity/3086213
green-digital-harrison-ar,"Green Digital Harrison Mine (proposed, withdrawn)",Green Digital LLC,crypto_mining,cancelled,,confirmed,Harrison,Boone,AR,36.2298,-93.1077,,,,2023,2026-08-05,https://www.compute-atlas.com/facilities/green-digital-harrison-ar,3,https://www.ozarksfirst.com/news/arkansas/fate-of-crypto-mining-facility-deferred-to-harrison-city-council-vote/
green-energy-ventures-king-george-technology-center-va,King George Technology Center,Green Energy Ventures,data_center,proposed,,reported,King George,King George,VA,38.250254083928,-77.29011580291154,,,,,2026-09-21,https://www.compute-atlas.com/facilities/green-energy-ventures-king-george-technology-center-va,3,https://www.fxbgadvance.com/p/green-energy-ventures-presents-its
greenidge-columbus-ms,Columbus Bitcoin Mining Facility (formerly Greenidge Columbus),"LM Funding America, Inc. (Power & Compute)",crypto_mining,operational,,confirmed,Columbus,Lowndes,MS,33.4957,-88.4273,8.5,,,2024-03-11,2025-09,https://www.compute-atlas.com/facilities/greenidge-columbus-ms,5,https://www.sec.gov/Archives/edgar/data/1844971/000184497124000010/ex991pressrelease3-11x2024.htm
greenidge-generating-station-torrey-ny,Greenidge Generating Station,Greenidge Generation LLC,power_generation,operational,,confirmed,Dresden,Yates,NY,42.6836,-76.9553,107,,Greenidge Generation LLC (on-site proof-of-work cryptocurrency mining),,2026-09-14,https://www.compute-atlas.com/facilities/greenidge-generating-station-torrey-ny,3,https://extapps.dec.ny.gov/docs/administration_pdf/greenidgefinal630.pdf
greenidge-generation-dresden-ny,Greenidge Generation,Greenidge Generation,crypto_mining,operational,,confirmed,Dresden,Yates,NY,42.679134,-76.948604,106,,,,2026-09-10,https://www.compute-atlas.com/facilities/greenidge-generation-dresden-ny,4,https://dec.ny.gov/news/press-releases/2025/11/dec-statement-regarding-the-greenidge-agreement
greenidge-spartanburg-sc,Greenidge Spartanburg (South Carolina),Greenidge Generation,crypto_mining,cancelled,,confirmed,Spartanburg,Spartanburg,SC,34.9494,-81.925,,100,,2022-01-25,2026-09-10,https://www.compute-atlas.com/facilities/greenidge-spartanburg-sc,4,https://governor.sc.gov/news/2022-01/greenidge-generation-establishing-operations-spartanburg-county
greenidge-underwood-nd,Greenidge Underwood (North Dakota),Greenidge Generation,crypto_mining,operational,,confirmed,Underwood,McLean,ND,47.4564,-101.1371,7.5,,,2024-03-11,2026-08-05,https://www.compute-atlas.com/facilities/greenidge-underwood-nd,3,https://www.sec.gov/Archives/edgar/data/1844971/000184497124000010/ex991pressrelease3-11x2024.htm
greensparc-cordova-ak,Greensparc Cordova Data Center (Humpback Creek Hydro),Greensparc,data_center,operational,,confirmed,Cordova,Chugach Census Area,AK,60.6099,-145.644,0.17,,,,2026-09-28,https://www.compute-atlas.com/facilities/greensparc-cordova-ak,3,https://thecordovatimes.com/2024/04/29/new-data-center-launched-at-cec-hydro-plant-bringing-data-hosting-cloud-service-opportunities-to-community/
gta-gu1-gu2-piti-gu,GTA Guam Data Center (GU1/GU2),GTA (Teleguam Holdings LLC),data_center,operational,,confirmed,Piti,,GU,13.4672901,144.6991934,,,,,2026-09-13,https://www.compute-atlas.com/facilities/gta-gu1-gu2-piti-gu,3,https://baxtel.com/data-center/gta-guam-gu1-gu2
gta-gu3-alupang-tamuning-gu,GTA Alupang Data Center (GU3),GTA (Teleguam Holdings LLC),data_center,operational,,confirmed,Tamuning,,GU,13.4961094,144.7745311,,4,,,2026-09-13,https://www.compute-atlas.com/facilities/gta-gu3-alupang-tamuning-gu,2,https://news.gta.net/218940-gta-breaks-ground-on-alupang-data-center/
guild-ventures-kenwood-commons-albany-ny,Kenwood Commons Technology Campus,Guild Ventures,data_center,proposed,mixed_use,reported,Albany,Albany,NY,42.6225,-73.7601,,,,,2026-09-09,https://www.compute-atlas.com/facilities/guild-ventures-kenwood-commons-albany-ny,2,https://cbs6albany.com/news/local/kenwood-commons-owner-asks-for-180mw-as-part-of-propertys-pitch-now-includes-data-center-doane-stuart-school-guild-datacenter-mixeduse-hyperscale-colocation-technology-sustainability-cooling-grid-redevelopment-nanotech-infrastructure-emissions
gw-ranch-pacifico-energy-pecos-county-tx,GW Ranch,Pacifico Energy,data_center,proposed,likely,rumored,,Pecos,TX,31.05,-102.88,,7650,,,2026-09-10,https://www.compute-atlas.com/facilities/gw-ranch-pacifico-energy-pecos-county-tx,3,https://www.datacenterdynamics.com/en/news/pacifico-energy-unveils-5gw-offgrid-natural-gas-project-in-texas-slated-to-serve-a-hyperscale-data-center/
h5-buffalo-i-lockport-ny,H5 Data Centers Buffalo I (formerly Yahoo Lockport),H5 Data Centers,data_center,operational,,confirmed,Lockport,Niagara,NY,43.16879237433895,-78.7516290070774,15,,,,2026-09-10,https://www.compute-atlas.com/facilities/h5-buffalo-i-lockport-ny,8,https://www.datacenterdynamics.com/en/news/h5-acquires-new-york-data-centers-from-yahoo-in-sale-leaseback-deal/
h5-buffalo-ii-lockport-ny,H5 Data Centers Buffalo II,H5 Data Centers,data_center,operational,,reported,Lockport,Niagara,NY,43.16967580851366,-78.74808845761379,7.2,,,,2026-09-09,https://www.compute-atlas.com/facilities/h5-buffalo-ii-lockport-ny,5,https://baxtel.com/data-center/h5-buffalo-ii
h5-data-centers-albuquerque-nm,H5 Data Centers Albuquerque,H5 Data Centers,data_center,operational,,reported,Albuquerque,Bernalillo,NM,35.0862,-106.6512,,,,,2026-09-03,https://www.compute-atlas.com/facilities/h5-data-centers-albuquerque-nm,2,https://h5datacenters.com/h5-Albuquerque.html
h5-data-centers-chandler-az,H5 Data Centers Phoenix (Chandler),H5 Data Centers,data_center,operational,,reported,Chandler,Maricopa,AZ,33.2769786,-111.8860302,26,,,,2026-09-10,https://www.compute-atlas.com/facilities/h5-data-centers-chandler-az,1,https://h5datacenters.com/phoenix-data-center.html
h5-data-centers-cincinnati-gest-oh,H5 Data Centers Cincinnati I,H5 Data Centers,data_center,operational,,confirmed,Cincinnati,Hamilton,OH,39.0981558,-84.5261021,,,,,2026-09-21,https://www.compute-atlas.com/facilities/h5-data-centers-cincinnati-gest-oh,2,https://h5datacenters.com/cincinnati-data-center.html
h5-data-centers-cleveland-rockwell-oh,H5 Data Centers Cleveland,H5 Data Centers,data_center,operational,,confirmed,Cleveland,Cuyahoga,OH,41.5063269,-81.683262,,,,,2026-09-21,https://www.compute-atlas.com/facilities/h5-data-centers-cleveland-rockwell-oh,2,https://h5datacenters.com/cleveland-data-center.html
h5-data-centers-portland-or,H5 Data Centers Portland,H5 Data Centers,data_center,operational,,reported,Portland,Multnomah,OR,45.5318147,-122.6839805,2,,,,2026-09-21,https://www.compute-atlas.com/facilities/h5-data-centers-portland-or,1,https://h5datacenters.com/portland-data-center.html
h5-data-centers-quincy-campus-wa,H5 Data Centers Quincy Campus,H5 Data Centers,data_center,operational,,confirmed,Quincy,Grant,WA,47.2334,-119.8528,,40,,,2026-09-21,https://www.compute-atlas.com/facilities/h5-data-centers-quincy-campus-wa,2,https://h5datacenters.com/quincy-data-center.html
h5-data-centers-seattle-denny-way-wa,H5 Data Centers Seattle,H5 Data Centers,data_center,operational,,confirmed,Seattle,King,WA,47.6205,-122.3379,,,,,2026-09-21,https://www.compute-atlas.com/facilities/h5-data-centers-seattle-denny-way-wa,1,https://h5datacenters.com/seattle-data-center.html
h5-data-centers-secaucus-nj,H5 Data Centers Secaucus (NJ01),H5 Data Centers,data_center,operational,,confirmed,Secaucus,Hudson,NJ,40.784817,-74.076264,,,,,2026-09-14,https://www.compute-atlas.com/facilities/h5-data-centers-secaucus-nj,2,https://h5datacenters.com/new-jersey-data-center.html
h5-data-centers-st-paul-mn,H5 Data Centers St. Paul,H5 Data Centers,data_center,operational,,reported,St. Paul,Ramsey,MN,44.974,-93.167,,,,,2026-09-18,https://www.compute-atlas.com/facilities/h5-data-centers-st-paul-mn,2,https://h5datacenters.com/minneapolis-data-center.html
h5-data-centers-tampa-franklin-exchange-fl,"H5 Data Centers Tampa (Franklin Exchange, formerly 365 Data Centers TA1)",H5 Data Centers (HyscaleIX JV with Novacap),data_center,operational,,confirmed,Tampa,Hillsborough,FL,27.949508,-82.458396,,,,,2026-09-21,https://www.compute-atlas.com/facilities/h5-data-centers-tampa-franklin-exchange-fl,3,https://h5datacenters.com/H5-Data-Centers-Announces-Acquisition-of-Three-Locations-from-365-Data-Centers.html
h5-denver-greenwood-village-co,H5 Data Centers Denver (Denver Tech Center campus),H5 Data Centers,data_center,operational,,confirmed,Greenwood Village,Arapahoe,CO,39.6167549,-104.8916814,17.5,,,,2026-09-21,https://www.compute-atlas.com/facilities/h5-denver-greenwood-village-co,2,https://h5datacenters.com/denver-data-center.html
h5-la-vista-ne,H5 Data Centers Omaha (La Vista),H5 Data Centers,data_center,operational,mixed_use,confirmed,La Vista,Sarpy,NE,41.166,-96.075,17.3,,,,2026-08-14,https://www.compute-atlas.com/facilities/h5-la-vista-ne,2,https://h5datacenters.com/omaha-data-center.html
h5-nashville-147-fourth-avenue-tn,H5 Data Centers Nashville (147 Fourth Avenue),H5 Data Centers,data_center,operational,,confirmed,Nashville,Davidson,TN,36.162626,-86.778674,,,,,2026-09-21,https://www.compute-atlas.com/facilities/h5-nashville-147-fourth-avenue-tn,2,https://www.peeringdb.com/api/fac?id=561
h6-coin-newcastle-wy,H6 Coin Newcastle Bitcoin Mining Facility,H6 Coin LLC,crypto_mining,operational,,reported,Newcastle,Weston,WY,43.85,-104.2,,,,,2026-09-02,https://www.compute-atlas.com/facilities/h6-coin-newcastle-wy,2,https://wyoleg.gov/InterimCommittee/2026/09-202606049-05WBCMaterialsPreparedforJointMinerals06052026.pdf
hanton-city-smithfield-ri,Hanton City Business Park (data center anchor),Hanton City Investments LLC,data_center,proposed,mixed_use,reported,Smithfield,Providence,RI,41.867,-71.527,,,,2026-05,2026-07-24,https://www.compute-atlas.com/facilities/hanton-city-smithfield-ri,3,https://www.oceanstatemedia.org/technology/proposed-data-center-still-looms-over-smithfield-even-after-town-council-enacts-ban
harner-sr-14-ravenna-portage-oh,SR-14 Data Center Proposal (Ravenna),Ray Harner (landowner-developer),data_center,proposed,,reported,Ravenna,Portage,OH,41.157557,-81.242047,,,,,2026-09-09,https://www.compute-atlas.com/facilities/harner-sr-14-ravenna-portage-oh,2,https://theportager.com/ravenna-city-council-rushes-to-block-potential-data-center-proposal
harvest-gold-solar-sunflower-ms,Harvest Gold Solar,"Harvest Gold Solar Power, LLC",power_generation,operational,,reported,,Sunflower,MS,33.505,-90.636,99,,,,2026-09-22,https://www.compute-atlas.com/facilities/harvest-gold-solar-sunflower-ms,1,https://www.eia.gov/electricity/data/eia860m/xls/july_generator2026.xlsx
hattiesburg-solar-farm-forrest-ms,Hattiesburg Solar Farm,"Hattiesburg Farm, LLC",power_generation,operational,,reported,,Forrest,MS,31.275828,-89.30116,50,,,,2026-09-22,https://www.compute-atlas.com/facilities/hattiesburg-solar-farm-forrest-ms,1,https://www.eia.gov/electricity/data/eia860m/xls/july_generator2026.xlsx
hawaiiantel-endeavor-honolulu-hi,Endeavor Data Center,Hawaiian Telcom,data_center,operational,,confirmed,Honolulu,,HI,21.304547,-157.855676,,,,,2026-09-12,https://www.compute-atlas.com/facilities/hawaiiantel-endeavor-honolulu-hi,1,https://www.hawaiiantel.com/business/Business/Products-Services/Network-Security/Data-Center-Colocation-Services
hawaiiantel-kawaihae-hi,Kawaihae Data Center,Hawaiian Telcom,data_center,operational,,confirmed,Kawaihae,Hawaii,HI,20.0397244,-155.829133,,,,,2026-09-12,https://www.compute-atlas.com/facilities/hawaiiantel-kawaihae-hi,1,https://www.hawaiiantel.com/business/Business/Products-Services/Network-Security/Data-Center-Colocation-Services
hawaiki-cable-kapolei-hi,Kapolei Cable Landing Station,Hawaiki Submarine Cable USA LLC (BW Digital),data_center,operational,,confirmed,Kapolei,,HI,21.349388772017,-158.128697947756,,,,,2026-09-12,https://www.compute-atlas.com/facilities/hawaiki-cable-kapolei-hi,3,https://www.submarinenetworks.com/en/stations/north-america/usa-hawaii/kapolei
hay-road-energy-center-de,Hay Road Energy Center,Calpine Mid-Atlantic Generation LLC (Constellation Energy),power_generation,operational,,confirmed,,New Castle,DE,39.7436,-75.5072,1098.2,,,,2026-10-01,https://www.compute-atlas.com/facilities/hay-road-energy-center-de,3,https://www.eia.gov/electricity/data/eia860m/xls/august_generator2026.xlsx
haystack-wind-wayne-ne,Haystack Wind Project,Ørsted,power_generation,operational,,confirmed,Carroll,Wayne,NE,42.2605,-97.1983,298,,,,2026-09-21,https://www.compute-atlas.com/facilities/haystack-wind-wayne-ne,2,https://www.gem.wiki/Haystack_Wind_Project
hca-it-services-data-center-nashville-tn,HCA Information Technology & Services Data Center (Antioch),HCA Healthcare,data_center,operational,,confirmed,Nashville,Davidson,TN,36.0326354,-86.637789,,,,,2026-09-14,https://www.compute-atlas.com/facilities/hca-it-services-data-center-nashville-tn,2,https://www.nashville.gov/departments/mayor/economic-opportunity/growth-incentives/growth-projects/hca-data-center
heartland-business-systems-little-chute-wi,Heartland Business Systems Little Chute Data Center,"Heartland Business Systems, LLC",data_center,operational,,confirmed,Little Chute,Outagamie,WI,44.2965755,-88.2938896,,,,,2026-09-13,https://www.compute-atlas.com/facilities/heartland-business-systems-little-chute-wi,3,https://www.hbs.net/contact-us
heartland-industrial-park-sullivan-county-in,Heartland Industrial Park (Fluidstack Sullivan County Campus),Fluidstack,data_center,under_construction,,confirmed,Merom,Sullivan,IN,39.0694,-87.5108,,2100,,2026-04-08,2026-09-01,https://www.compute-atlas.com/facilities/heartland-industrial-park-sullivan-county-in,5,https://www.wbiw.com/2026/04/08/potentia-inc-unveils-historic-65-billion-data-center-project-in-sullivan-county/
helion-orion-malaga-wa,Helion Orion fusion power plant,Helion Energy,power_generation,under_construction,,confirmed,Malaga,Chelan,WA,47.3722,-120.2011,,50,Microsoft,2023,2026-08-04,https://www.compute-atlas.com/facilities/helion-orion-malaga-wa,3,https://www.helionenergy.com/orion
hematite-bitcoin-mining-jefferson-county-mo,Hematite Bitcoin Mining Facility,NYDIG / Global Connect Communications,crypto_mining,permitted,,reported,Hematite,Jefferson,MO,38.126,-90.508,,,,,2026-08-24,https://www.compute-atlas.com/facilities/hematite-bitcoin-mining-jefferson-county-mo,2,https://www.myleaderpaper.com/business/bitcoin-mining-facility-to-possibly-open-in-hematite/article_b383ae61-29e9-42cd-b1e0-95f291992a93.html
hexa-builders-black-horse-pike-monroe-nj,Black Horse Pike Data Center (3043 Black Horse Pike),Hexa Builders,data_center,cancelled,,reported,Monroe Township,Gloucester,NJ,39.7005307,-75.0041347,,,,,2026-09-14,https://www.compute-atlas.com/facilities/hexa-builders-black-horse-pike-monroe-nj,2,https://jerseyvindicator.org/2026/08/01/developer-challenges-gloucester-county-data-center-ban-on-free-speech-grounds
hhhunt-hunting-hawk-technology-park-hanover-va,Hunting Hawk Technology Park,HHHunt,data_center,cancelled,,confirmed,Glen Allen,Hanover,VA,37.657,-77.626,,900,,2025-09,2026-09-09,https://www.compute-atlas.com/facilities/hhhunt-hunting-hawk-technology-park-hanover-va,3,https://www.vpm.org/news/2026-01-20/hanover-hunting-hawk-data-center-hhhunt-wyndham-ashland-road-clark
hickory-grove-generating-station-ia,Hickory Grove Generating Station,Central Iowa Power Cooperative (CIPCO),power_generation,proposed,,confirmed,Maysville,Scott,IA,41.6803,-90.7318,,240,,,2026-08-21,https://www.compute-atlas.com/facilities/hickory-grove-generating-station-ia,2,https://www.cipco.net/hickory-grove-generating-station
highwire-evansville-wy,Highwire Energy Partners Bitcoin Mining Facility (Evansville),Highwire Energy Partners,crypto_mining,cancelled,,reported,Evansville,Natrona,WY,42.8508,-106.2735,,,,2022,2026-08-05,https://www.compute-atlas.com/facilities/highwire-evansville-wy,3,https://oilcity.news/community/2022/11/28/cryptocurrency-mining-operation-coming-to-evansville/
hillwood-sterling-buick-city-flint-mi,Buick City Data Center,Hillwood-Sterling,data_center,proposed,,reported,Flint,Genesee,MI,43.043131,-83.6880801,,,,,2026-09-10,https://www.compute-atlas.com/facilities/hillwood-sterling-buick-city-flint-mi,4,https://gandernewsroom.com/2026/03/02/how-many-ai-data-centers-are-planned-in-michigan-we-counted/
hinds-solar-hinds-ms,Hinds Solar,"Hinds Solar, LLC",power_generation,under_construction,,reported,,Hinds,MS,32.416186,-90.38886,,150,,,2026-09-22,https://www.compute-atlas.com/facilities/hinds-solar-hinds-ms,1,https://www.eia.gov/electricity/data/eia860m/xls/july_generator2026.xlsx
hines-hayward-exchange-92-ca,Hayward Exchange @92 Data Center,Hines,data_center,operational,,confirmed,Hayward,Alameda,CA,37.631411,-122.119608,49,,,,2026-09-29,https://www.compute-atlas.com/facilities/hines-hayward-exchange-92-ca,3,https://www.hayward-ca.gov/business/for-developers/data-center-development-applications
hines-walker-road-hillsboro-or,"Hines Walker Road Data Center Site (10500 NE Walker Road, Hillsboro)",Hines,data_center,proposed,,rumored,Hillsboro,Washington,OR,45.52707,-122.87139,,,,,2026-09-17,https://www.compute-atlas.com/facilities/hines-walker-road-hillsboro-or,3,https://hillsboroherald.com/next-wave-7-hillsboro-data-center-projects-march-ahead-as-humans-fight-it-out/
hivelocity-tpa1-tampa-fl,Hivelocity Tampa 1 (TPA1),Hivelocity,data_center,operational,,confirmed,Tampa,Hillsborough,FL,28.01989,-82.52466,,,,,2026-09-14,https://www.compute-atlas.com/facilities/hivelocity-tpa1-tampa-fl,2,https://www.hivelocity.net/products/colocation/tampa-1/
hivelocity-tpa2-tampa-fl,Hivelocity Tampa 2 (TPA2),Hivelocity,data_center,operational,,reported,Tampa,Hillsborough,FL,28.001197,-82.359058,,,,,2026-09-21,https://www.compute-atlas.com/facilities/hivelocity-tpa2-tampa-fl,1,https://www.hivelocity.net/products/colocation/tampa-2/
hixson-bloom-fuel-cells-mcminnville-tn,Hixson Data Center On-Site Fuel Cell Plant (McMinnville),Hixson Data Center,power_generation,proposed,,confirmed,McMinnville,Warren,TN,35.6834,-85.76998,,30,,,2026-09-21,https://www.compute-atlas.com/facilities/hixson-bloom-fuel-cells-mcminnville-tn,4,https://baxtel.com/news/25mw-ai-data-center-planned-for-mcminnville
hixson-data-center-mcminnville-tn,Hixson Data Center (McMinnville),Hixson Data Center,data_center,proposed,,confirmed,McMinnville,Warren,TN,35.6834,-85.76998,,25,,,2026-09-21,https://www.compute-atlas.com/facilities/hixson-data-center-mcminnville-tn,4,https://baxtel.com/news/25mw-ai-data-center-planned-for-mcminnville
hog-lick-aggregates-white-hall-marion-wv,Hog Lick Aggregates Data Center / Microgrid Proposal,Hog Lick Aggregates,data_center,proposed,,reported,White Hall,Marion,WV,39.4211977,-80.1825815,,,,,2026-09-13,https://www.compute-atlas.com/facilities/hog-lick-aggregates-white-hall-marion-wv,1,https://www.wdtv.com/2026/05/05/local-company-proposes-data-center-marion-county/
holtec-brigham-city-smr-ut,Brigham City Nuclear Energy Ecosystem (Holtec SMR-300),Hi Tech Solutions with Holtec International,power_generation,proposed,,confirmed,Brigham City,Box Elder,UT,41.51104,-112.0155,,,,,2026-08-15,https://www.compute-atlas.com/facilities/holtec-brigham-city-smr-ut,3,https://www.ksl.com/article/51497246/amid-intense-box-elder-county-data-center-debate-another-energy-plan-quietly-edges-ahead
holtec-hi-cloud-indian-point-buchanan-ny,Holtec HI-CLOUD Indian Point data center campus (proposed),Holtec International (Holtec Decommissioning International),data_center,proposed,likely,reported,Buchanan,Westchester,NY,41.2697,-73.9519,,200,,2025-07-31,2026-09-21,https://www.compute-atlas.com/facilities/holtec-hi-cloud-indian-point-buchanan-ny,4,https://holtecinternational.com/hh-40-16/
holtwood-hydroelectric-lancaster-county-pa,Holtwood Hydroelectric Station,Brookfield Renewable,power_generation,operational,,reported,Holtwood,Lancaster,PA,39.8331,-76.3339,,,Google,,2026-08-31,https://www.compute-atlas.com/facilities/holtwood-hydroelectric-lancaster-county-pa,2,https://www.witf.org/2025/07/16/google-to-buy-3b-worth-of-electricity-for-data-centers-from-holtwood-safe-harbor-hydroelectric-plants/
homer-city-energy-campus-generation-pa,Homer City Energy Campus — natural gas generation,Homer City Redevelopment,power_generation,under_construction,,confirmed,Homer City,Indiana,PA,40.5383,-79.1542,,4500,Homer City Energy Campus,2025-04-02,2026-09-25,https://www.compute-atlas.com/facilities/homer-city-energy-campus-generation-pa,8,https://www.gevernova.com/news/press-releases/homer-city-redevelopment-kiewit-announce-country-largest-natural-gas-powered-data-center-support-ai-hpc-demand
homer-city-energy-campus-pa,Homer City Energy Campus,Homer City Redevelopment,data_center,under_construction,confirmed,reported,Homer City,Indiana,PA,40.5383,-79.1542,,4500,,2025-04-02,2026-09-12,https://www.compute-atlas.com/facilities/homer-city-energy-campus-pa,9,https://www.alleghenyfront.org/homer-city-pennsylvania-gas-plant-data-center-ai/
honda-longmont-co,Honda Data Center (1601 Dry Creek Drive),Honda,data_center,operational,,reported,Longmont,Boulder,CO,40.139512,-105.1361216,1.6,,,,2026-09-13,https://www.compute-atlas.com/facilities/honda-longmont-co,1,https://baxtel.com/data-center/honda-longmont
host-digital-northeast-oklahoma-ok,Host Digital Northeast Oklahoma Data Center,Host Digital Infrastructure LLC,data_center,operational,confirmed,reported,Tulsa,,OK,36.154,-95.9928,,43,,2026-08-31,2026-09-02,https://www.compute-atlas.com/facilities/host-digital-northeast-oklahoma-ok,2,https://www.globenewswire.com/news-release/2026/08/31/3353118/0/en/hcwc-announces-host-digital-secures-1-25-billion-15-year-ai-data-center-lease.html
hostdime-eatonville-fl,HostDime Orlando Tier IV Data Center,HostDime,data_center,under_construction,,confirmed,Eatonville,Orange,FL,28.6106,-81.3806,,,,,2026-09-21,https://www.compute-atlas.com/facilities/hostdime-eatonville-fl,7,https://www.hostdime.com/new-orlando-data-center
hp-cherokee-data-center-tulsa-ok,Cherokee Data Center (Tulsa),Hewlett-Packard,data_center,operational,,reported,Tulsa,Tulsa,OK,36.2085,-95.9137,,,,,2026-09-02,https://www.compute-atlas.com/facilities/hp-cherokee-data-center-tulsa-ok,2,https://www.newson6.com/tulsa-oklahoma-news/where-are-data-centers-are-being-built-oklahoma-list
hub787-carolina-pr,HUB787,HUB Advanced Networks,data_center,operational,,confirmed,Carolina,,PR,18.442021,-66.021669,,,,,2026-09-21,https://www.compute-atlas.com/facilities/hub787-carolina-pr,3,https://www.investpr.org/wp-content/uploads/2022/09/InvestPR_Landing-Pads_Hub-787_EN.pdf
humboldt-gibson-county-bitcoin-mine-tn,Humboldt Bitcoin Mining Facility (near Gibson County Industrial Park),Undisclosed,crypto_mining,under_construction,,reported,Humboldt,Gibson,TN,35.819792,-88.915895,,15,,,2026-09-21,https://www.compute-atlas.com/facilities/humboldt-gibson-county-bitcoin-mine-tn,3,https://humboldtchamber.com/local-officials-release-details-on-humboldt-data-center/
hunters-ridge-south-data-center-campus-spotsylvania-va,Hunters Ridge South Data Center Campus,American Real Estate Partners (AREP),data_center,permitted,,reported,Spotsylvania,Spotsylvania,VA,38.213,-77.482,,,,,2026-07-26,https://www.compute-atlas.com/facilities/hunters-ridge-south-data-center-campus-spotsylvania-va,3,https://www.fredericksburgfreepress.com/2025/08/27/spotsylvania-board-of-supervisors-approve-potential-2-2-million-square-foot-data-center-campus/
hut8-batavia-il,Hut 8 Batavia Data Center,Batavia DC Corp (Hut 8 Corp subsidiary),data_center,under_construction,likely,confirmed,Batavia,Kane,IL,41.859,-88.275,,50,,,2026-08-03,https://www.compute-atlas.com/facilities/hut8-batavia-il,6,https://www.shawlocal.com/kane-county-chronicle/2025/08/01/batavia-data-center-gets-nod-as-residents-worry-about-it-gobbling-up-energy-reserves/
hut8-beacon-point-robstown-tx,Hut 8 Beacon Point AI Campus,Hut 8,data_center,under_construction,confirmed,confirmed,Robstown,Nueces,TX,27.7897,-97.6689,,352,,2026-05,2026-07-08,https://www.compute-atlas.com/facilities/hut8-beacon-point-robstown-tx,4,https://www.prnewswire.com/news-releases/hut-8-commercializes-first-phase-of-1-gw-beacon-point-ai-data-center-campus-with-15-year-352-mw-it-lease-with-base-term-contract-value-of-9-8-billion-302763484.html
hut8-king-mountain-mccamey-tx,King Mountain Facility (50% JV),Hut 8,crypto_mining,operational,,confirmed,McCamey,Upton,TX,31.2547925,-102.244163,280,,,,2026-07-18,https://www.compute-atlas.com/facilities/hut8-king-mountain-mccamey-tx,1,https://www.sec.gov/Archives/edgar/data/1964789/000110465926055891/hut-20260331x10q.htm
hut8-logan-prairie-latham-il,Logan Prairie Data Center,Hut 8 Corp,data_center,proposed,likely,reported,Latham,Logan,IL,39.9672,-89.1614,,500,,,2026-09-10,https://www.compute-atlas.com/facilities/hut8-logan-prairie-latham-il,1,https://www.hut8.com/data-centers/logan-prairie
hut8-river-bend-west-feliciana-la,Hut 8 River Bend AI Data Center Campus,Hut 8,data_center,under_construction,confirmed,confirmed,St. Francisville,West Feliciana,LA,30.79,-91.38,,330,,2025-01,2026-09-15,https://www.compute-atlas.com/facilities/hut8-river-bend-west-feliciana-la,4,https://www.opportunitylouisiana.gov/news/hut-8-selects-southeast-louisiana-as-site-of-10-billion-artificial-intelligence-data-center
hut8-salt-creek-culberson-tx,Hut 8 Salt Creek Facility,American Bitcoin (Hut 8),crypto_mining,operational,,confirmed,,Culberson,TX,31.825,-103.909,63,,,,2026-09-21,https://www.compute-atlas.com/facilities/hut8-salt-creek-culberson-tx,5,https://www.globenewswire.com/news-release/2024/04/16/2863407/0/en/Hut-8-optimizes-self-mining-operations-as-miners-come-online-at-Salt-Creek.html
hut8-vega-amarillo-tx,Hut 8 Vega Facility,American Bitcoin (Hut 8),crypto_mining,operational,,confirmed,Amarillo,Potter,TX,35.207,-101.834,205,,,,2026-08-26,https://www.compute-atlas.com/facilities/hut8-vega-amarillo-tx,2,https://www.sec.gov/Archives/edgar/data/1964789/000110465926055891/hut-20260331x10q.htm
hydravault-chicago-il,HydraVault Chicago,HydraVault,data_center,under_construction,confirmed,confirmed,Chicago,Cook,IL,41.846546,-87.6254598,,20,,2025-10-28,2026-09-25,https://www.compute-atlas.com/facilities/hydravault-chicago-il,2,https://www.prnewswire.com/news-releases/hydravault-secures-construction-permit-for-downtown-chicagos-first-purpose-built-ai-facility-power-construction-to-commence-work-immediately-302596035.html
hyperblock-bonner-mt,Bonner Mill Bitcoin Mine (Project Spokane / HyperBlock),HyperBlock Inc.,crypto_mining,cancelled,,confirmed,Bonner,Missoula,MT,46.872644,-113.873623,,,,2017,2026-08-05,https://www.compute-atlas.com/facilities/hyperblock-bonner-mt,4,https://missoulian.com/news/local/bonner-bitcoin-mining-riding-out-cratering-market/article_bd285a25-a979-52da-bf67-95188e1072b4.html
hyperdatagrid-lufkin-angelina-county-tx,HyperDataGrid Lufkin Data Center (Former Timber Mill Site),HyperDataGrid,data_center,proposed,,reported,Lufkin,Angelina,TX,31.3383,-94.7292,,20,,,2026-09-21,https://www.compute-atlas.com/facilities/hyperdatagrid-lufkin-angelina-county-tx,1,https://usdatacenterprojects.com/texas/hyperdatagrid-plans-data-center-on-former-timber-mill-site-near-lufkin-texas
hyperscale-data-dowagiac-mi,Hyperscale Data Dowagiac Campus,"Hyperscale Data, Inc.",crypto_mining,under_construction,confirmed,confirmed,Dowagiac,Cass,MI,41.984,-86.109,30,340,,,2026-09-21,https://www.compute-atlas.com/facilities/hyperscale-data-dowagiac-mi,7,https://www.dbusiness.com/daily-news/hyperscale-datas-michigan-ai-data-center-doubles-its-land-holdings
ibm-quantum-data-center-poughkeepsie-ny,"IBM Quantum Data Center, Poughkeepsie",IBM,data_center,operational,,confirmed,Poughkeepsie,Dutchess,NY,41.6603798,-73.9400178,,,,2024-09-26,2026-09-14,https://www.compute-atlas.com/facilities/ibm-quantum-data-center-poughkeepsie-ny,2,https://www.prnewswire.com/news-releases/ibm-expands-quantum-data-center-in-poughkeepsie-new-york-to-advance-algorithm-discovery-globally-302259851.html
iep-hummingbird-data-center-campus-greene-county-pa,Project Hummingbird Data Center Campus (former Robena Mine),International Electric Power,data_center,proposed,,reported,Greensboro,Greene,PA,39.79,-79.92,,,,,2026-09-25,https://www.compute-atlas.com/facilities/iep-hummingbird-data-center-campus-greene-county-pa,1,https://www.observer-reporter.com/news/local-news/2026/sep/25/monongahela-township-residents-seek-more-chances-for-input-on-data-center-project/
iep-hummingbird-power-plant-greene-county-pa,Project Hummingbird Power Plant,International Electric Power,power_generation,proposed,,reported,Greensboro,Greene,PA,39.79,-79.92,,944,,2025-08-26,2026-09-25,https://www.compute-atlas.com/facilities/iep-hummingbird-power-plant-greene-county-pa,3,https://www.utilitydive.com/news/iep-plans-944-mw-behind-the-meter-gas-plant-in-pennsylvania-to-power-data-c/758830/
immersionbtc-walnut-ridge-ar,ImmersionBTC Walnut Ridge Mine,ImmersionBTC,crypto_mining,operational,,confirmed,Walnut Ridge,Lawrence,AR,36.0684,-90.9526,,,,2019,2026-08-05,https://www.compute-atlas.com/facilities/immersionbtc-walnut-ridge-ar,2,https://katv.com/news/local/arkansans-complete-guide-to-cryptocurrency-and-crypto-mining
impactdata-greensboro-nc,ImpactData Greensboro,ImpactData,data_center,under_construction,likely,reported,Greensboro,Guilford,NC,36.0726,-79.792,,20,,,2026-07-07,https://www.compute-atlas.com/facilities/impactdata-greensboro-nc,1,https://www.blackridgeresearch.com/blog/latest-list-of-biggest-largest-upcoming-data-centers-north-carolina-united-states-us
inch-eastern-land-south-annville-lebanon-pa,South Annville Township Data Center Campus (withdrawn),Inch & Co. / Eastern Land & Resources Co. (1235 Martina Drive Owner),data_center,cancelled,,reported,South Annville Township,Lebanon,PA,40.290713,-76.5192514,,,,,2026-09-12,https://www.compute-atlas.com/facilities/inch-eastern-land-south-annville-lebanon-pa,1,https://lebtown.com/2026/05/13/south-annville-twp-data-center-project-scrapped-after-grass-roots-opposition/
infobunker-boone-ia,InfoBunker Underground Data Center,"InfoBunker, LLC",data_center,operational,,confirmed,Boone,Boone,IA,42.16522,-93.79436,,,,,2026-09-21,https://www.compute-atlas.com/facilities/infobunker-boone-ia,4,https://www.infobunker.com/overview.shtml
inl-c3-idahofalls-id,Idaho National Laboratory Collaborative Computing Center (C3),Idaho National Laboratory (U.S. Department of Energy),data_center,operational,,confirmed,Idaho Falls,Bonneville,ID,43.4666,-112.0341,4,,,,2026-09-21,https://www.compute-atlas.com/facilities/inl-c3-idahofalls-id,2,https://jedunn.com/projects/idaho-national-laboratory-c3-data-centers/
intermountain-power-delta-ut,Intermountain Power Project (IPP Renewed),Intermountain Power Agency,power_generation,operational,,confirmed,Delta,Millard,UT,39.51034,-112.57998,840,,,,2026-09-04,https://www.compute-atlas.com/facilities/intermountain-power-delta-ut,4,https://www.ipautah.com/ipp-renewed/
interstate-holdings-blockchain-cabot-ar,Interstate Holdings Blockchain Cabot Mine,Interstate Holdings Blockchain,crypto_mining,operational,,reported,Cabot,Lonoke,AR,34.9748,-92.0179,,,,2024,2026-09-21,https://www.compute-atlas.com/facilities/interstate-holdings-blockchain-cabot-ar,3,https://katv.com/news/local/arkansas-officials-halt-cryptomine-near-lr-airbase-due-to-national-security-concerns-state-senator-ricky-hill-lonoke-county-judge-doug-erwin-cabot-mayor-ken-kincade-interstate-holdings-arkansas-blockchain-council-benjamin-smith-steven-landers-jr-lrafb
interstate-holdings-blockchain-vilonia-ar,"Interstate Holdings Blockchain Vilonia Mine (proposed, denied)",Interstate Holdings Blockchain,crypto_mining,cancelled,,confirmed,Vilonia,Faulkner,AR,35.1073,-92.2071,,,,2024,2026-08-05,https://www.compute-atlas.com/facilities/interstate-holdings-blockchain-vilonia-ar,2,https://arktimes.com/arkansas-blog/2025/05/21/vilonia-rejects-crypto-mine-proposed-by-steve-landers-jr
invenergy-chalk-bluff-solar-st-francis-county-ar,Chalk Bluff Solar,Invenergy,power_generation,proposed,,confirmed,,St. Francis,AR,35.0153956,-90.7263194,,450,Meta,,2026-09-29,https://www.compute-atlas.com/facilities/invenergy-chalk-bluff-solar-st-francis-county-ar,2,https://www.prnewswire.com/news-releases/invenergy-to-provide-over-760mw-in-renewable-energy-supporting-metas-energy-needs-in-line-with-its-clean-and-renewable-energy-goals-302323252.html
invenergy-decoy-solar-arkansas-county-ar,Decoy Solar Energy Center,Invenergy,power_generation,proposed,,confirmed,DeWitt,Arkansas,AR,34.2875,-91.33833,,155,Meta Platforms,,2026-09-22,https://www.compute-atlas.com/facilities/invenergy-decoy-solar-arkansas-county-ar,2,https://decoysolar.invenergy.com/
invenergy-downstream-solar-keo-lonoke-county-ar,Downstream Solar Energy Center,Invenergy,power_generation,proposed,,confirmed,Keo,Lonoke,AR,34.6019207,-92.0104869,,300,,,2026-09-29,https://www.compute-atlas.com/facilities/invenergy-downstream-solar-keo-lonoke-county-ar,4,https://downstreamsolar.invenergy.com/
invitium-energy-carroll-township-perry-county-pa,Invitium Energy Natural Gas Power Plant (Shermans Dale),Invitium Energy LLC (PPL / Blackstone joint venture),power_generation,proposed,,reported,Shermans Dale,Perry,PA,40.32,-77.17,,,,,2026-08-31,https://www.compute-atlas.com/facilities/invitium-energy-carroll-township-perry-county-pa,1,https://paenvironmentdaily.blogspot.com/2026/08/governors-office-expected-to-announce.html?m=1
ip-pathways-urbandale-ia,IP Pathways Urbandale Data Center,IP Pathways,data_center,operational,,reported,Urbandale,Polk County,IA,41.6275758,-93.7672535,5,,,,2026-09-16,https://www.compute-atlas.com/facilities/ip-pathways-urbandale-ia,1,https://www.ippathways.com/solutions/data-center-and-colocation/
iren-horizon-childress-tx,"IREN Horizon — Childress, TX",IREN (Iris Energy),data_center,under_construction,confirmed,confirmed,Childress,Childress,TX,34.4276,-100.2046,,750,,2025,2026-07-25,https://www.compute-atlas.com/facilities/iren-horizon-childress-tx,7,https://www.datacenterdynamics.com/en/news/iren-plans-75mw-liquid-cooled-ai-data-center-in-texas/
iren-project-emerald-kiowa-ok,Project Emerald (Kiowa),IREN,data_center,proposed,,reported,Kiowa,Pittsburg,OK,34.7206516,-95.8991586,,,,2026-04,2026-09-14,https://www.compute-atlas.com/facilities/iren-project-emerald-kiowa-ok,2,https://www.kjrh.com/news/local-news/project-emerald-ai-data-center-plan-in-pittsburg-county-moving-forward
iren-sweetwater-tx,IREN Sweetwater Campus,IREN (Iris Energy),data_center,under_construction,confirmed,confirmed,Sweetwater,Nolan,TX,32.4707,-100.4059,,2000,,2025,2026-07-25,https://www.compute-atlas.com/facilities/iren-sweetwater-tx,10,https://irisenergy.gcs-web.com/news-releases/news-release-details/iren-announces-successful-energization-sweetwater-1
iren-woods-county-ok,IREN Woods County Campus,IREN (Iris Energy),data_center,proposed,likely,reported,Alva,Woods,OK,36.8031,-98.667,,1600,,,2026-09-10,https://www.compute-atlas.com/facilities/iren-woods-county-ok,3,https://baxtel.com/data-center/iren-woods-county-oklahoma
iris-solar-washington-parish-la,Iris Solar,D. E. Shaw Renewable Investments (DESRI),power_generation,operational,,confirmed,Franklinton,Washington,LA,30.78184,-90.19536,50,,,,2026-09-15,https://www.compute-atlas.com/facilities/iris-solar-washington-parish-la,3,https://www.entergy.com/news/new-iris-solar-facility-online-serving-customers
iron-city-wells-karthaus-township-clearfield-pa,Iron City Wells A.I. Data Center,"Iron City Wells, LLC",data_center,permitted,likely,reported,Karthaus Township,Clearfield,PA,41.1420054,-78.1040324,,,,,2026-09-12,https://www.compute-atlas.com/facilities/iron-city-wells-karthaus-township-clearfield-pa,1,http://paenvironmentdaily.blogspot.com/2026/01/dep-issues-air-quality-permit-for-15.html
iron-mountain-azp-1-az,Iron Mountain AZP-1,Iron Mountain,data_center,operational,,reported,Phoenix,Maricopa,AZ,33.4547261,-111.9762182,,,,,2026-07-26,https://www.compute-atlas.com/facilities/iron-mountain-azp-1-az,2,https://www.ironmountain.com/data-centers/locations/phoenix-data-center
iron-mountain-azp-2-az,Iron Mountain AZP-2,Iron Mountain,data_center,operational,,reported,Phoenix,Maricopa,AZ,33.4521575,-111.9772945,,,,,2026-07-26,https://www.compute-atlas.com/facilities/iron-mountain-azp-2-az,2,https://www.ironmountain.com/data-centers/locations/phoenix-data-center
iron-mountain-azp-3-az,Iron Mountain AZP-3,Iron Mountain,data_center,operational,,reported,Phoenix,Maricopa County,AZ,33.4565458,-111.9719014,36,,,,2026-09-23,https://www.compute-atlas.com/facilities/iron-mountain-azp-3-az,2,https://www.ironmountain.com/data-centers/locations/na/phoenix
iron-mountain-azs-1-az,Iron Mountain AZS-1,Iron Mountain,data_center,operational,,reported,Scottsdale,Maricopa,AZ,33.6446663,-111.8960985,5.8,,,,2026-07-22,https://www.compute-atlas.com/facilities/iron-mountain-azs-1-az,2,https://www.ironmountain.com/data-centers/locations/scottsdale-data-center
iron-mountain-chi1-des-plaines-il,Iron Mountain CHI-1,Iron Mountain Data Centers,data_center,operational,,confirmed,Des Plaines,Cook,IL,42.0116575,-87.8811913,12,36,,,2026-09-25,https://www.compute-atlas.com/facilities/iron-mountain-chi1-des-plaines-il,2,https://www.ironmountain.com/data-centers/locations/chicago-data-center
iron-mountain-den1-denver-co,Iron Mountain DEN-1 Denver Data Center,Iron Mountain Data Centers,data_center,operational,,confirmed,Denver,Denver,CO,39.7773827,-104.9695542,14.4,,,,2026-08-26,https://www.compute-atlas.com/facilities/iron-mountain-den1-denver-co,2,https://resources.ironmountain.com/solution-guides/d/data-centers-denver-den-1
iron-mountain-mia-1-miami-fl,Iron Mountain MIA-1,Iron Mountain,data_center,under_construction,,confirmed,Westview,Miami-Dade,FL,25.88416,-80.247556,,16,,,2026-09-14,https://www.compute-atlas.com/facilities/iron-mountain-mia-1-miami-fl,4,https://www.datacenterdynamics.com/en/news/iron-mountain-breaks-ground-on-first-data-center-in-miami/
iron-mountain-miamisburg-oh,Iron Mountain OHS-1 (Miamisburg),Iron Mountain,data_center,operational,,confirmed,Miamisburg,Montgomery,OH,39.6428362,-84.2866083,1.4,,,,2026-08-05,https://www.compute-atlas.com/facilities/iron-mountain-miamisburg-oh,2,https://www.ironmountain.com/data-centers/locations/ohio-data-center
iron-mountain-nje1-edison-nj,Iron Mountain Data Centers NJE-1,Iron Mountain,data_center,operational,,confirmed,Edison,Middlesex,NJ,40.5210834,-74.3473835,30,,,,2026-09-21,https://www.compute-atlas.com/facilities/iron-mountain-nje1-edison-nj,3,https://www.ironmountain.com/data-centers/locations/new-jersey-data-center
iron-mountain-va-2-va,Iron Mountain VA-2,Iron Mountain,data_center,operational,,reported,Manassas,Prince William,VA,38.7772373,-77.5459965,,,,,2026-07-22,https://www.compute-atlas.com/facilities/iron-mountain-va-2-va,2,https://resources.ironmountain.com/solution-guides/d/data-centers-northern-virginia-va-2
iron-mountain-va-3-va,Iron Mountain VA-3,Iron Mountain,data_center,operational,,reported,Manassas,Prince William,VA,38.7755471,-77.5451498,,,,,2026-07-26,https://www.compute-atlas.com/facilities/iron-mountain-va-3-va,2,https://www.ironmountain.com/data-centers/locations/virginia-data-center
iron-mountain-va-4-va,Iron Mountain VA-4,Iron Mountain,data_center,operational,,reported,Manassas,Prince William,VA,38.7744146,-77.54223,32,,,,2026-07-22,https://www.compute-atlas.com/facilities/iron-mountain-va-4-va,2,https://www.ironmountain.com/data-centers/locations/virginia-data-center
iron-mountain-va-6-va,Iron Mountain VA-6,Iron Mountain,data_center,operational,,reported,Manassas,Prince William,VA,38.7681429,-77.5386481,32,,,,2026-07-23,https://www.compute-atlas.com/facilities/iron-mountain-va-6-va,2,https://www.datacentermap.com/usa/virginia/manassas/iron-mountain-va-6/
iron-mountain-white-oak-henrico-va,Iron Mountain White Oak Technology Park Campus,Iron Mountain,data_center,proposed,mixed_use,confirmed,Henrico,Henrico,VA,37.556,-77.427,,200,,2024-11,2026-07-23,https://www.compute-atlas.com/facilities/iron-mountain-white-oak-henrico-va,5,https://www.datacenterdynamics.com/en/news/iron-mountain-acquires-66-acres-outside-richmond-for-200mw-data-center-campus/
iron-mountain-wpa-1-boyers-butler-county-pa,Iron Mountain WPA-1 (Boyers underground data center),Iron Mountain,data_center,operational,,reported,Boyers,Butler,PA,41.0956,-79.9128,,40,,,2026-09-21,https://www.compute-atlas.com/facilities/iron-mountain-wpa-1-boyers-butler-county-pa,2,https://datacenter.ironmountain.com/western-pennsylvania-data-center
ironmountain-bos1-northborough-ma,Iron Mountain Boston Data Center (BOS-1),Iron Mountain,data_center,operational,,confirmed,Northborough,Worcester,MA,42.34088,-71.63706,1.2,3.6,,,2026-09-15,https://www.compute-atlas.com/facilities/ironmountain-bos1-northborough-ma,2,https://www.ironmountain.com/data-centers/locations/boston-data-center
irs-enterprise-computing-center-kearneysville-wv,IRS Enterprise Computing Center (Martinsburg Computing Center),Internal Revenue Service,data_center,operational,mixed_use,confirmed,Kearneysville,Berkeley,WV,39.3985849,-77.9163203,,,,,2026-09-15,https://www.compute-atlas.com/facilities/irs-enterprise-computing-center-kearneysville-wv,5,https://www.irs.gov/pub/irs-procure/techexhibit1_general_loc_site_info.doc
iscorp-mequon-mqs5-wi,ISCorp Mequon Data Center (MQS5),ISCorp,data_center,operational,,confirmed,Mequon,Ozaukee,WI,43.205315,-87.9243984,,,,,2026-09-13,https://www.compute-atlas.com/facilities/iscorp-mequon-mqs5-wi,3,https://www.iscorp.com/iscorp-facilities/
isocentric-networks-tulsa-ok,Isocentric Networks Tulsa Data Center,Isocentric Networks,data_center,operational,mixed_use,reported,Tulsa,Tulsa,OK,36.154,-95.9928,,,,,2026-08-19,https://www.compute-atlas.com/facilities/isocentric-networks-tulsa-ok,1,https://www.newson6.com/tulsa-oklahoma-news/where-are-data-centers-are-being-built-oklahoma-list
isp-net-las-vegas-fremont-nv,isp.net Las Vegas Data Center (DC1),isp.net,data_center,operational,,reported,Las Vegas,Clark,NV,36.160035,-115.119051,,,,,2026-09-24,https://www.compute-atlas.com/facilities/isp-net-las-vegas-fremont-nv,3,https://www.isp.net/colocation-las-vegas
ite-guam-harmon-gu,IT&E Guam Data Center,IT&E,data_center,operational,,reported,Tamuning,,GU,13.5030828,144.8117863,,,,,2026-09-13,https://www.compute-atlas.com/facilities/ite-guam-harmon-gu,1,https://baxtel.com/data-center/it-e-guam
ite-saipan-susupe-mp,IT&E Saipan Data Center,IT&E,data_center,operational,,reported,Susupe,,MP,15.1587626,145.7066756,,,,,2026-09-13,https://www.compute-atlas.com/facilities/ite-saipan-susupe-mp,1,https://baxtel.com/data-center/it-e-saipan
its-monticello-ia,ITS Iowa Data Center (Monticello),Infrastructure Technology Solutions (ITS),data_center,operational,,confirmed,Monticello,Jones,IA,42.2382752,-91.1869428,,,,,2026-09-04,https://www.compute-atlas.com/facilities/its-monticello-ia,1,https://its.tech/about/data-center/
ivcm-imperial-county-ca,Imperial Valley Computer Manufacturing AI Data Center,Imperial Valley Computer Manufacturing (IVCM),data_center,proposed,confirmed,reported,Imperial,Imperial,CA,32.847,-115.569,,330,,,2026-09-29,https://www.compute-atlas.com/facilities/ivcm-imperial-county-ca,5,https://inewsource.org/2026/04/05/data-center-developer-imperial-county/
jackson-technical-enguard-tulsa-ok,ENGUARD Data Center (Jackson Technical),Jackson Technical,data_center,operational,,reported,Tulsa,Tulsa,OK,36.1509,-95.9856,0.4,,,,2026-09-02,https://www.compute-atlas.com/facilities/jackson-technical-enguard-tulsa-ok,2,https://www.newson6.com/tulsa-oklahoma-news/where-are-data-centers-are-being-built-oklahoma-list
jailhouse-studios-chattanooga-tn,Jailhouse Studios (former Hamilton County Jail),Urban Story Ventures,data_center,proposed,,confirmed,Chattanooga,Hamilton,TN,35.04572,-85.30949,,,,,2026-09-21,https://www.compute-atlas.com/facilities/jailhouse-studios-chattanooga-tn,2,https://urbanstoryventures.com/citys-new-jailhouse-studios-the-worlds-first-quantum-ready-sovereign-data-processing-and-ai-center-with-an-integrated-creator-campus/
jefferson-proving-ground-data-center-jefferson-county-in,Jefferson Proving Ground Data Center,Undisclosed,data_center,permitted,likely,reported,Madison,Jefferson,IN,38.82,-85.4,,,,2026,2026-09-21,https://www.compute-atlas.com/facilities/jefferson-proving-ground-data-center-jefferson-county-in,4,https://www.whas11.com/article/news/local/indiana/commissioners-uphold-decision-data-center-550-acres-jefferson-proving-grounds/417-10524221-dc8a-4566-96db-ebcf4cf4bdc2
jersey-avenue-new-brunswick-data-center-nj,100 Jersey Avenue Data Center,Undisclosed (parcels controlled by Amzak Capital Management),data_center,cancelled,,confirmed,New Brunswick,Middlesex,NJ,40.4884182,-74.4576813,,,,,2026-09-14,https://www.compute-atlas.com/facilities/jersey-avenue-new-brunswick-data-center-nj,4,https://jerseyvindicator.org/2026/02/21/new-brunswick-rejects-data-center-plan-following-public-backlash/
jet-ai-moapa-clark-county-nv,Jet.AI Moapa Data Center Campus,Jet.AI Inc.,data_center,proposed,likely,reported,Moapa,Clark,NV,36.6673648,-114.584977,,50,,2025-12-23,2026-09-11,https://www.compute-atlas.com/facilities/jet-ai-moapa-clark-county-nv,2,https://www.globenewswire.com/news-release/2025/12/23/3209946/0/en/jet-ai-inc-jv-for-50mw-data-center-campus-in-moapa-nevada.html
jigowatt-stanton-ne,Jigowatt Stanton Bitcoin Mine,Jigowatt,crypto_mining,operational,,confirmed,Stanton,Stanton,NE,41.94722,-97.21722,20,70,,2023,2026-08-08,https://www.compute-atlas.com/facilities/jigowatt-stanton-ne,5,https://flatwaterfreepress.org/crypto-needs-cheap-energy-it-found-a-whole-bunch-in-nebraska/
jk-land-cross-mill-center-leesburg-va,Cross Mill Center,JK Land Holdings,data_center,permitted,,confirmed,Leesburg,Loudoun,VA,39.0781,-77.5575,,,,2025,2026-09-09,https://www.compute-atlas.com/facilities/jk-land-cross-mill-center-leesburg-va,2,https://www.loudounnow.com/news/supervisors-narrowly-approve-data-center-near-leesburg/article_3e355c29-4dbc-42df-bdb9-37d86f3013ad.html
jk-land-greenlin-park-leesburg-va,Greenlin Park,JK Land Holdings,data_center,permitted,,reported,Leesburg,Loudoun,VA,39.064,-77.524,,300,,2024-07,2026-09-09,https://www.compute-atlas.com/facilities/jk-land-greenlin-park-leesburg-va,2,https://www.loudounnow.com/news/300-mw-data-center-approved-south-of-leesburg/article_31050264-efb4-11ef-a1fa-c79d17f045f1.html
joliet-technology-center-il,Joliet Technology Center,HW Technology Park (Hillwood Investment Properties / PowerHouse Data Centers),data_center,permitted,likely,confirmed,Joliet,Will,IL,41.432,-88.128,,1800,,2025-10,2026-08-03,https://www.compute-atlas.com/facilities/joliet-technology-center-il,4,https://www.datacenterdynamics.com/en/news/data-center-planned-on-795-acres-of-farmland-in-south-joliet-illinois/
jones-eagle-dewitt-ar,Jones Eagle Bitcoin Mine,Jones Eagle LLC,crypto_mining,operational,,confirmed,DeWitt,Arkansas,AR,34.2875,-91.3383,,,,2023,2026-08-26,https://www.compute-atlas.com/facilities/jones-eagle-dewitt-ar,5,https://katv.com/news/local/federal-judge-blocks-arkansas-laws-in-crypto-mine-legal-battle-in-2023-jones-eagle-llc-formerly-jones-digital-llc-the-owner-of-the-crypto-mine-near-dewitt-filed-a-lawsuit-against-arkansas-department-of-agriculture-secretary-wes-ward-arkansas-attorne
joule-millard-county-ut,Joule Energy and Data Center Campus,Joule Capital Partners,data_center,under_construction,confirmed,reported,Holden,Millard,UT,39.1072,-112.165,,4000,,2025-10,2026-09-04,https://www.compute-atlas.com/facilities/joule-millard-county-ut,4,https://www.abc4.com/news/central-utah/groundbreaking-millard-county-data-center/
jpmorgan-chase-cdc1-bear-de,"JPMorgan Chase Core Data Center 1 (CDC1), Bear","JPMorgan Chase Bank, N.A.",data_center,operational,,confirmed,Bear,New Castle,DE,39.64975,-75.656095,,,,,2026-10-01,https://www.compute-atlas.com/facilities/jpmorgan-chase-cdc1-bear-de,2,https://docs.dnrec.delaware.gov/render/2446576/c1b1b6791dc007b72fdca01fd2ea9fa568f551cf506d18581b522a1ea65cf5e667aa6b87b38cb1b1246515c1c0b04ca1/
jpmorgan-chase-orangeburg-ny,"JPMorgan Chase Data Center, Orangeburg",JPMorgan Chase,data_center,operational,,confirmed,Orangeburg,Rockland,NY,41.044286,-73.973952,,,,,2026-09-13,https://www.compute-atlas.com/facilities/jpmorgan-chase-orangeburg-ny,2,https://www.theregister.com/2026/04/20/chase_77m_tax_subsidy_datacenter_job/
jumping-bison-greensburg-decatur-county-in,Jumping Bison Greensburg Data Center,Jumping Bison LLC,data_center,proposed,,reported,Greensburg,Decatur,IN,39.3372,-85.4836,,,,2024-12-10,2026-09-01,https://www.compute-atlas.com/facilities/jumping-bison-greensburg-decatur-county-in,2,https://wrbiradio.com/greensburg-council-approves-era-establishment-data-center-abatement/
k-junction-solar-york-ne,K-Junction Solar,Sandhills Energy,power_generation,proposed,,confirmed,,York,NE,40.8683,-97.5925,,310,,2023,2026-09-04,https://www.compute-atlas.com/facilities/k-junction-solar-york-ne,3,https://www.yorkcounty.ne.gov/press-releases/sandhills-energy-taking-ownership-of-k-junction-solar-project-in-york-county
kairos-hermes-2-oak-ridge-tn,Kairos Power Hermes 2,Kairos Power,power_generation,under_construction,,confirmed,Oak Ridge,Roane,TN,35.92,-84.39,,50,Google,,2026-09-21,https://www.compute-atlas.com/facilities/kairos-hermes-2-oak-ridge-tn,10,https://www.nrc.gov/reactors/non-power/new-facility-licensing/hermes2-kairos
karis-critical-deep-river-merrillville-in,Karis Critical Deep River Campus,Karis Critical,data_center,proposed,,reported,Merrillville,Lake,IN,41.47,-87.27,,,,,2026-09-01,https://www.compute-atlas.com/facilities/karis-critical-deep-river-merrillville-in,1,https://www.govtech.com/artificial-intelligence/2b-in-data-center-projects-planned-for-merrillville-ind
karis-critical-hoffman-estates-plum-farms-il,Karis Critical Hoffman Estates Data Center (Plum Farms),Karis Critical (H.E. Holdings LLC),data_center,cancelled,,reported,Hoffman Estates,Cook,IL,42.074441,-88.189834,,,,,2026-09-25,https://www.compute-atlas.com/facilities/karis-critical-hoffman-estates-plum-farms-il,1,https://www.nprillinois.org/economy-business/2026-07-02/developer-withdraws-rezoning-request-for-controversial-data-center-in-hoffman-estates
karis-critical-naperville-il,Karis Critical Naperville Data Center,Karis Critical,data_center,cancelled,,reported,Naperville,DuPage,IL,41.809029,-88.117382,,36,,,2026-09-25,https://www.compute-atlas.com/facilities/karis-critical-naperville-il,1,https://www.cbsnews.com/chicago/news/naperville-city-council-to-vote-on-controversial-data-center/
karis-dekalb-campus-il,KARIS DeKalb Campus (Peace and Gurler Roads),Karis Acquisitions,data_center,permitted,,reported,DeKalb,DeKalb,IL,41.892979,-88.724193,,,,,2026-09-25,https://www.compute-atlas.com/facilities/karis-dekalb-campus-il,2,https://www.cityofdekalb.com/DocumentCenter/View/21222/Development-Projects-List-7-15-26-
karis-dubuque-county-ia,Karis Dubuque County Data Center,Karis,data_center,proposed,,reported,,Dubuque County,IA,42.388,-90.67,,,,2026-05,2026-09-16,https://www.compute-atlas.com/facilities/karis-dubuque-county-ia,2,https://www.telegraphherald.com/news/tri-state/article_76c9d4f6-6aa1-410a-9073-4be5b479363e.html
kentucky-industrial-alliance-cave-point-cave-city-ky,Cave Point Commerce Center,Kentucky Industrial Alliance LLC,data_center,proposed,,reported,Cave City,Barren,KY,37.1367544,-85.9562169,,1200,,,2026-09-21,https://www.compute-atlas.com/facilities/kentucky-industrial-alliance-cave-point-cave-city-ky,3,https://www.wbko.com/2026/06/10/kentucky-industrial-alliance-says-proposed-cave-city-data-center-could-bring-millions-tax-revenue/
klondike-wyalusing-data-center-bradford-pa,Klondike Wyalusing Data Center,KDI Wyalusing Power LLC (Klondike Digital Infrastructure / New Fortress Energy),data_center,permitted,,reported,Wyalusing,Bradford,PA,41.6966,-76.244,,,,,2026-09-25,https://www.compute-atlas.com/facilities/klondike-wyalusing-data-center-bradford-pa,1,https://www.northcentralpa.com/business/bradford-county-adopts-data-center-rules-wyalusing-hyperscale-projects-air-permit-issued/article_b09783c0-fc03-416b-b0a7-c6881f9616fd.html
komo-plaza-seattle-wa,KOMO Plaza (formerly Fisher Plaza),GI Partners,data_center,operational,,reported,Seattle,King,WA,47.6192326,-122.3482873,,,,,2026-09-17,https://www.compute-atlas.com/facilities/komo-plaza-seattle-wa,3,https://baxtel.com/data-center/komo-plaza-was-fisher-plaza
ku-ew-brown-12-mercer-ky,E.W. Brown Unit 12,Kentucky Utilities Company,power_generation,permitted,,confirmed,,Mercer,KY,37.7906366,-84.7123496,,645,,,2026-09-22,https://www.compute-atlas.com/facilities/ku-ew-brown-12-mercer-ky,6,https://lge-ku.com/newsroom/press-releases/2025/10/30/lge-and-ku-receive-approval-plans-meet-kentuckys-growing-energy
kyndryl-research-triangle-park-durham-nc,Kyndryl Research Triangle Park Data Center,Kyndryl,data_center,operational,,reported,Durham,Durham County,NC,35.9125498,-78.8580709,7.4,,,,2026-09-24,https://www.compute-atlas.com/facilities/kyndryl-research-triangle-park-durham-nc,3,https://baxtel.com/data-center/kyndryl-research-triangle-park
la-rosa-holdings-saint-cloud-fl,La Rosa Holdings Tier III AI Data Center — St. Cloud,La Rosa Holdings Corp.,data_center,proposed,,confirmed,Saint Cloud,Osceola,FL,28.1896418,-81.2783896,,1.5,,2026-02-05,2026-09-14,https://www.compute-atlas.com/facilities/la-rosa-holdings-saint-cloud-fl,3,https://www.sec.gov/Archives/edgar/data/1879403/000121390026013369/ea0275797-8k_larosa.htm
lakeland-equity-east-55th-cleveland-oh,East 55th Street Data Center (Slavic Village),Lakeland Equity Group,data_center,cancelled,,confirmed,Cleveland,Cuyahoga,OH,41.461694,-81.651208,,150,,,2026-09-09,https://www.compute-atlas.com/facilities/lakeland-equity-east-55th-cleveland-oh,2,https://neo-trans.blog/2026/05/06/1-6b-data-center-planned-in-cleveland/
lambda-aligned-plano-tx,Lambda Plano AI Data Center (Aligned DFW-04),Lambda,data_center,under_construction,confirmed,confirmed,Plano,Collin,TX,33.0198,-96.6989,,100,,2026,2026-09-21,https://www.compute-atlas.com/facilities/lambda-aligned-plano-tx,1,https://www.devx.com/daily-news/lambda-cloud-to-occupy-aligned-data-center/
lambda-chicago-edgeconnex-il,Lambda Chicago EdgeConneX AI Factory,Lambda,data_center,under_construction,confirmed,confirmed,Chicago,Cook,IL,41.8781,-87.6298,,23,,2025-08-21,2026-07-24,https://www.compute-atlas.com/facilities/lambda-chicago-edgeconnex-il,5,https://lambda.ai/blog/lambda-edgeconnex-dc-pr
lambda-kansas-city-mo,Lambda Kansas City AI Supercomputer,Lambda,data_center,under_construction,confirmed,confirmed,Kansas City,Platte,MO,39.33,-94.72,,100,,2025,2026-07-26,https://www.compute-atlas.com/facilities/lambda-kansas-city-mo,3,https://www.datacenterdynamics.com/en/news/ai-cloud-firm-lambda-targets-data-center-deployment-in-kansas-city-missouri/
lancium-crusoe-abilene-tx,Lancium Clean Campus (Crusoe / Stargate Site 1),Crusoe,data_center,operational,mixed_use,reported,Abilene,Taylor,TX,32.502213,-99.788717,200,1200,,2021-12,2026-09-21,https://www.compute-atlas.com/facilities/lancium-crusoe-abilene-tx,5,https://www.prnewswire.com/news-releases/taylor-county-and-city-of-abilene-announce-historic-partnership-with-lancium-for-development-of-a-2-4-billion-data-center-campus-301449354.html
lancium-fort-stockton-tx,Lancium Fort Stockton Clean Campus,Lancium,crypto_mining,operational,,confirmed,Fort Stockton,Pecos,TX,30.894,-102.879,25,325,,,2026-07-10,https://www.compute-atlas.com/facilities/lancium-fort-stockton-tx,2,https://www.prnewswire.com/news-releases/lancium-breaks-ground-on-first-clean-campus-in-fort-stockton-texas-301377974.html
landshark-energy-solar-calhoun-ms,Landshark Energy Generation Facility,Landshark Energy Generation Facility LLC,power_generation,proposed,,reported,,Calhoun,MS,33.898797,-89.14577,,160,,,2026-09-22,https://www.compute-atlas.com/facilities/landshark-energy-solar-calhoun-ms,1,https://www.eia.gov/electricity/data/eia860m/xls/july_generator2026.xlsx
lavue-massaponax-tech-campus-spotsylvania-va,Massaponax Tech Campus,Lavue Lane Owner LLC,data_center,proposed,,reported,Massaponax,Spotsylvania,VA,38.1869,-77.5505,,,,,2026-07-26,https://www.compute-atlas.com/facilities/lavue-massaponax-tech-campus-spotsylvania-va,2,https://www.spotsylvania.va.us/3138/R25-0004-Massaponax-Tech-Campus
lawrenceburg-flatwoods-road-data-center-tn,Flatwoods Road Data Center (Lawrenceburg),Undisclosed,data_center,permitted,,reported,Lawrenceburg,Lawrence,TN,35.2423023,-87.3347389,,4.9,,,2026-09-21,https://www.compute-atlas.com/facilities/lawrenceburg-flatwoods-road-data-center-tn,3,https://lawrenceburgnow.com/04212026data.html
lcub-data-center-lenoir-city-tn,LCUB Data Center (Lenoir City Utilities Board),Lenoir City Utilities Board,data_center,operational,,reported,Lenoir City,Loudon,TN,35.840815,-84.265703,,,,,2026-09-21,https://www.compute-atlas.com/facilities/lcub-data-center-lenoir-city-tn,3,https://www.peeringdb.com/api/fac/17123
leeward-huckleberry-solar-mayes-county-ok,Huckleberry Solar,Leeward Renewable Energy,power_generation,operational,,confirmed,,Mayes,OK,36.2544,-95.3975,125,,Google,,2026-09-14,https://www.compute-atlas.com/facilities/leeward-huckleberry-solar-mayes-county-ok,3,https://www.lreus.com/lre-celebrates-major-milestones-across-725-mw-oklahoma-solar-portfolio-supporting-google-operations-and-regional-power-demand/
leeward-mayes-solar-mayes-county-ok,Mayes Solar,Leeward Renewable Energy,power_generation,under_construction,,confirmed,,Mayes,OK,36.2901,-95.4265,,102,Google,,2026-09-14,https://www.compute-atlas.com/facilities/leeward-mayes-solar-mayes-county-ok,3,https://www.lreus.com/lre-celebrates-major-milestones-across-725-mw-oklahoma-solar-portfolio-supporting-google-operations-and-regional-power-demand/
leeward-salt-branch-solar-mayes-county-ok,Salt Branch Solar (Phases 1 & 2),Leeward Renewable Energy,power_generation,operational,,confirmed,,Mayes,OK,36.3316,-95.2293,145,,Google,,2026-09-14,https://www.compute-atlas.com/facilities/leeward-salt-branch-solar-mayes-county-ok,3,https://www.lreus.com/lre-celebrates-major-milestones-across-725-mw-oklahoma-solar-portfolio-supporting-google-operations-and-regional-power-demand/
leeward-twelvemile-solar-1-2-bryan-county-ok,Twelvemile Solar 1 & 2,Leeward Renewable Energy,power_generation,operational,,confirmed,,Bryan,OK,33.9919761,-96.3776762,152.5,,Google,,2026-09-14,https://www.compute-atlas.com/facilities/leeward-twelvemile-solar-1-2-bryan-county-ok,4,https://www.lreus.com/lre-celebrates-major-milestones-across-725-mw-oklahoma-solar-portfolio-supporting-google-operations-and-regional-power-demand/
leeward-twelvemile-solar-3-johnston-county-ok,Twelvemile Solar 3,Leeward Renewable Energy,power_generation,under_construction,,confirmed,,Johnston,OK,34.31888,-96.6752298,,200,Google,,2026-09-14,https://www.compute-atlas.com/facilities/leeward-twelvemile-solar-3-johnston-county-ok,4,https://www.lreus.com/lre-celebrates-major-milestones-across-725-mw-oklahoma-solar-portfolio-supporting-google-operations-and-regional-power-demand/
legacy-investing-north-loop-minneapolis-mn,Legacy Investing North Loop (former Star Tribune printing plant),Legacy Investing,data_center,proposed,,reported,Minneapolis,Hennepin,MN,44.9906553,-93.2766429,,20,,,2026-09-18,https://www.compute-atlas.com/facilities/legacy-investing-north-loop-minneapolis-mn,3,https://www.cbsnews.com/minnesota/news/data-center-minnesota-star-tribune-downtown-minneapolis/
leola-data-center-mcpherson-county-sd,Leola Data Center,"Leola Data Center, LLC",data_center,proposed,,confirmed,Leola,McPherson,SD,45.704374067105,-99.035447087942,,50,,,2026-09-13,https://www.compute-atlas.com/facilities/leola-data-center-mcpherson-county-sd,3,https://puc.sd.gov/commission/dockets/electric/2024/EL24-027/CondUsePermit.pdf
lerner-brightseat-tech-park-md,Brightseat Tech Park,Lerner Enterprises / The Tower Companies (Brightseat Associates LLC),data_center,permitted,mixed_use,confirmed,Landover,Prince George's,MD,38.931,-76.868,,820,,2024-03,2026-09-13,https://www.compute-atlas.com/facilities/lerner-brightseat-tech-park-md,5,https://www.datacenterdynamics.com/en/news/lerners-maryland-data-center-campus-could-total-820mw/
les-terry-bundy-generating-station-lancaster-ne,Terry Bundy Generating Station,Lincoln Electric System,power_generation,operational,,confirmed,Lincoln,Lancaster,NE,40.909653,-96.61309,216.3,,,,2026-09-04,https://www.compute-atlas.com/facilities/les-terry-bundy-generating-station-lancaster-ne,2,https://www.publicpower.org/periodical/article/lincoln-electric-system-expands-terry-bundy-plant-with-ge-vernova-gas-turbines
lex-developments-pocatello-id,Lex Developments AI Data Center (former Hoku polysilicon site),Lex Developments,data_center,cancelled,confirmed,reported,Pocatello,Bannock,ID,42.8713,-112.4455,,,,,2026-09-21,https://www.compute-atlas.com/facilities/lex-developments-pocatello-id,2,https://www.idahostatejournal.com/news/local/pocatello-hearing-examiner-denies-hoku-site-data-center-permit-but-lex-developments-vows-return/article_c80a0e12-3fe8-4ed0-b755-89321377a95d.html
lge-mill-creek-6-jefferson-ky,Mill Creek Unit 6,Louisville Gas and Electric Company,power_generation,permitted,,confirmed,Louisville,Jefferson,KY,38.0516868,-85.9068898,,645,,,2026-09-22,https://www.compute-atlas.com/facilities/lge-mill-creek-6-jefferson-ky,7,https://lge-ku.com/newsroom/press-releases/2025/10/30/lge-and-ku-receive-approval-plans-meet-kentuckys-growing-energy
liberty-center-one-royal-oak-mi,Liberty Center One Royal Oak Data Center,Liberty Center One,data_center,operational,,confirmed,Royal Oak,Oakland,MI,42.533508,-83.177393,,,,,2026-09-14,https://www.compute-atlas.com/facilities/liberty-center-one-royal-oak-mi,2,https://libertycenterone.com/
lightedge-ames-ia,LightEdge Ames Edge Colocation Data Center,LightEdge Solutions,data_center,proposed,,reported,Ames,Story,IA,42.0308,-93.6319,,25,,,2026-08-21,https://www.compute-atlas.com/facilities/lightedge-ames-ia,1,https://lightedge.com/ames/
lightedge-chaska-mn,LightEdge Chaska (fka Stream Data Centers Minneapolis I),LightEdge (GI Partners),data_center,operational,,confirmed,Chaska,Carver,MN,44.828,-93.635,3.6,,,2024-01-17,2026-09-18,https://www.compute-atlas.com/facilities/lightedge-chaska-mn,4,https://www.prnewswire.com/news-releases/lightedge-acquires-top-tier-high-density-data-center-in-minneapolis-302037017.html
lightedge-papillion-ne,LightEdge Omaha Data Center,LightEdge,data_center,operational,mixed_use,reported,Papillion,Sarpy,NE,41.1544,-96.0428,,,,,2026-08-14,https://www.compute-atlas.com/facilities/lightedge-papillion-ne,2,https://lightedge.com/data-centers/omaha-data-center/
lightedge-solutions-altoona-ia,LightEdge Altoona Data Center Campus,LightEdge Solutions,data_center,operational,,confirmed,Altoona,Polk,IA,41.6433,-93.4627,,,,,2026-08-08,https://www.compute-atlas.com/facilities/lightedge-solutions-altoona-ia,1,https://lightedge.com/data-centers/des-moines-data-center/
lightfield-energy-chickasha-airport-ok,Chickasha Airport Industrial Park Behind-the-Meter Power Plant,Lightfield Energy,power_generation,proposed,,reported,Chickasha,Grady,OK,35.0526,-97.9364,,500,Co-located data center at Chickasha Airport Industrial Park,,2026-09-14,https://www.compute-atlas.com/facilities/lightfield-energy-chickasha-airport-ok,3,https://okenergytoday.com/2025/06/more-details-about-the-proposed-chickasha-data-center/
lighthouse-data-centers-spartanburg-sc,LightHouse Data Centers Spartanburg (300 Jones Road),LightHouse Data Centers (The Lightstone Group),data_center,proposed,,reported,Spartanburg,Spartanburg,SC,35.0151258,-81.8838447,,60,,2025-12-11,2026-09-22,https://www.compute-atlas.com/facilities/lighthouse-data-centers-spartanburg-sc,3,https://www.sec.gov/Archives/edgar/data/1844971/000162828025056519/pressreleasescsaleclosing.htm
lightsource-bp-black-bear-solar-montgomery-al,Black Bear Solar,Lightsource bp,power_generation,operational,,reported,,Montgomery,AL,32.1672192,-86.1999118,100,,Alabama Municipal Electric Authority,,2026-09-22,https://www.compute-atlas.com/facilities/lightsource-bp-black-bear-solar-montgomery-al,2,https://lightsourcebp.com/project/black-bear-solar/
lightsource-bp-conway-solar-at-happy-white-county-ar,Conway Solar at Happy,Lightsource bp,power_generation,operational,,confirmed,,White,AR,35.1673494,-91.6616507,135,,Conway Corp (PPA),,2026-09-29,https://www.compute-atlas.com/facilities/lightsource-bp-conway-solar-at-happy-white-county-ar,2,https://lightsourcebp.com/news/lightsource-bp-and-conway-corp-unveil-135-megawatt-pollinator-friendly-solar-farm/
lightwave-networks-needham-ma,LightWave Networks Needham Data Center,LightWave Networks,data_center,operational,,reported,Needham,Norfolk,MA,42.302267,-71.219577,,,,,2026-09-15,https://www.compute-atlas.com/facilities/lightwave-networks-needham-ma,1,https://www.peeringdb.com/fac/5951
lincoln-land-energy-center-pawnee-il,Lincoln Land Energy Center,Kindle Energy (Lincoln Land Energy Center LLC),power_generation,permitted,,reported,Pawnee,Sangamon,IL,39.5788,-89.57984,,1276,,,2026-09-25,https://www.compute-atlas.com/facilities/lincoln-land-energy-center-pawnee-il,3,https://www.gem.wiki/Lincoln_Land_energy_center
liquid-web-dc3-lansing-mi,Liquid Web Lansing DC3 (2703 Ena Drive),Liquid Web,data_center,operational,,reported,Lansing,Eaton,MI,42.7053904,-84.6660891,,,,,2026-09-21,https://www.compute-atlas.com/facilities/liquid-web-dc3-lansing-mi,4,https://www.liquidweb.com/data-centers/lansing-web-hosting/
liquidcool-loring-afb-me,Loring LiquidCool Data Center (Green 4 Maine Campus),LiquidCool Solutions / Green 4 Maine,data_center,proposed,confirmed,confirmed,Limestone,Aroostook,ME,46.9502,-67.8849,,50,,2025-10,2026-07-26,https://www.compute-atlas.com/facilities/liquidcool-loring-afb-me,3,https://www.bangordailynews.com/2025/10/14/aroostook/ai-data-center-loring-air-force-base/
litewire-mcminnville-tn,Litewire McMinnville (former A.O. Smith Building),Litewire,data_center,operational,,confirmed,McMinnville,Warren,TN,35.69221,-85.7619,,,,,2026-09-21,https://www.compute-atlas.com/facilities/litewire-mcminnville-tn,3,https://tnecd.com/news/litewire-llc-to-open-new-facility-in-warren-county/
little-blue-wind-webster-ne,Little Blue Wind Project,NextEra Energy Resources,power_generation,operational,,confirmed,Blue Hill,Webster,NE,40.2863,-98.5777,249.6,,,,2026-09-16,https://www.compute-atlas.com/facilities/little-blue-wind-webster-ne,2,https://www.gem.wiki/Little_Blue_Wind_Project
ln-compute-cuthbert-ga,LN Compute Cuthbert Bitcoin Mine,LN Compute Inc.,crypto_mining,operational,,reported,Cuthbert,Randolph,GA,31.77083,-84.79361,7,,,2025-09,2026-08-05,https://www.compute-atlas.com/facilities/ln-compute-cuthbert-ga,2,https://www.walb.com/2025/09/25/new-crypto-mine-could-pump-millions-into-south-georgia-community/
ln-energy-blackshear-pierce-ga,LN Energy Blackshear Bitcoin Mine,LN Energy,crypto_mining,cancelled,,reported,Blackshear,Pierce,GA,31.30518,-82.24207,,,,,2026-08-05,https://www.compute-atlas.com/facilities/ln-energy-blackshear-pierce-ga,1,https://theenergymag.com/news/2025-02-19/georgia-bitcoin-mining-permit-den
logistix-hamilton-innovation-center-butler-county-oh,Hamilton Innovation Center,Logistix Property Group,data_center,proposed,,reported,Hamilton,Butler,OH,39.3995,-84.5613,,,,2024-11,2026-09-21,https://www.compute-atlas.com/facilities/logistix-hamilton-innovation-center-butler-county-oh,7,https://www.journal-news.com/news/hamilton-oks-plan-for-data-center-project-in-riverside-neighborhood/BFSJT4SRYFC5XGE7DKESMRI72U/
logix-reality-frankfort-clinton-county-in,Logix Reality Frankfort Data Center,Logix Reality LLC,data_center,cancelled,,reported,Frankfort,Clinton,IN,40.2792,-86.5108,,,,,2026-09-01,https://www.compute-atlas.com/facilities/logix-reality-frankfort-clinton-county-in,1,https://www.clintoncountytoday.com/commissioners-say-no-to-the-rezoning-of-land-for-data-center/
long-ferry-road-rowan-county-nc,Long Ferry Road Data Center Campus (Rowan County),Undisclosed developer,data_center,proposed,,reported,,Rowan,NC,35.6944,-80.3974,,,,,2026-09-21,https://www.compute-atlas.com/facilities/long-ferry-road-rowan-county-nc,1,https://www.salisburypost.com/2026/04/21/roco-passes-data-center-moratorium-over-100-residents-express-data-center-opposition/
long-island-interconnect-westbury-ny,Long Island Interconnect (formerly 1025Connect),"Long Island Interconnect, LLC (formerly 1025Connect)",data_center,operational,,reported,Westbury,Nassau,NY,40.755433,-73.5578939,,,,,2026-09-21,https://www.compute-atlas.com/facilities/long-island-interconnect-westbury-ny,2,http://longislandinterconnect.com/
long-ridge-hannibal-power-plant-monroe-oh,Long Ridge Hannibal Power Plant,Long Ridge Energy LLC,power_generation,operational,,reported,Hannibal,Monroe,OH,39.6603665,-80.869646,485,,,,2026-08-27,https://www.compute-atlas.com/facilities/long-ridge-hannibal-power-plant-monroe-oh,1,https://www.longridgeenergy.com/projects
longview-power-plant-maidsville-monongalia-county-wv,Longview Power Plant,Mountain State Energy Holdings LLC (acquisition by AEP pending),power_generation,operational,,confirmed,Maidsville,Monongalia,WV,39.707893,-79.95897,700,,General large-load / data-center-driven demand growth across PJM (no single named customer),,2026-09-22,https://www.compute-atlas.com/facilities/longview-power-plant-maidsville-monongalia-county-wv,3,https://wvpublic.org/story/energy-environment/aep-to-buy-longview-power-plant/
lpi-group-project-midway-casa-grande-az,Project Midway Data Center,LPI Group,data_center,proposed,,reported,Casa Grande,Pinal,AZ,32.84,-111.79,,400,,2025-11-19,2026-09-10,https://www.compute-atlas.com/facilities/lpi-group-project-midway-casa-grande-az,2,https://pinalpost.com/supervisors-approve-project-midway-data-center-near-casa-grande/
ls-power-old-ridge-road-hanover-va,Old Ridge Road Data Center Campus,LS Power,data_center,cancelled,,reported,Doswell,Hanover,VA,37.859,-77.4536,,,,,2026-09-14,https://www.compute-atlas.com/facilities/ls-power-old-ridge-road-hanover-va,1,http://web.archive.org/web/20260724010609/https://richmondbizsense.com/2026/06/26/one-data-center-project-pulled-and-another-delayed-in-hanover-as-supervisors-reinstitute-equipment-tax/
lumen-akron-2-oh,Lumen Akron 2,Lumen Technologies,data_center,operational,,reported,Akron,Summit,OH,41.0695694,-81.4907582,,3,,,2026-08-16,https://www.compute-atlas.com/facilities/lumen-akron-2-oh,4,https://signalakron.org/where-7-data-centers-operate-in-summit-county-and-why-it-matters/
lumen-albany-4-ny,Lumen Albany 4,Lumen Technologies,data_center,operational,,reported,Albany,Albany,NY,42.7356308,-73.818665,,,,,2026-07-23,https://www.compute-atlas.com/facilities/lumen-albany-4-ny,3,https://www.datacenters.com/lumen-albany-4
lumen-ashburn-va,Lumen Ashburn,Lumen Technologies,data_center,operational,,reported,Ashburn,Loudoun,VA,39.022182,-77.4576094,,,,,2026-07-23,https://www.compute-atlas.com/facilities/lumen-ashburn-va,3,https://baxtel.com/data-center/lumen-ashburn
lumen-austin-1-tx,Lumen Austin 1,Lumen Technologies,data_center,operational,,reported,Austin,Travis,TX,30.1965,-97.7124025,,,,,2026-07-23,https://www.compute-atlas.com/facilities/lumen-austin-1-tx,2,https://www.datacentermap.com/usa/texas/austin/level3-austin1/
lumen-austin-3-tx,Lumen Austin 3,Lumen Technologies,data_center,operational,,reported,Austin,Travis,TX,30.261396,-97.7235975,,,,,2026-07-22,https://www.compute-atlas.com/facilities/lumen-austin-3-tx,2,https://baxtel.com/data-center/lumen-austin-3-500-chicon
lumen-baltimore-1-md,Lumen Baltimore 1,Lumen Technologies,data_center,operational,,reported,Baltimore,Baltimore city,MD,39.2917592,-76.6204024,,,,,2026-07-23,https://www.compute-atlas.com/facilities/lumen-baltimore-1-md,3,https://www.datacenters.com/lumen-baltimore-1
lumen-boston-cambridge-ma,Lumen Boston (300 Bent Street),Lumen Technologies,data_center,operational,,reported,Cambridge,Middlesex,MA,42.367691,-71.086779,,,,,2026-09-15,https://www.compute-atlas.com/facilities/lumen-boston-cambridge-ma,1,https://www.peeringdb.com/fac/519
lumen-cincinnati-1-oh,Lumen Cincinnati 1 (400 Pike Street),Lumen Technologies,data_center,operational,,confirmed,Cincinnati,Hamilton,OH,39.1019019,-84.5031833,,,,,2026-09-14,https://www.compute-atlas.com/facilities/lumen-cincinnati-1-oh,3,https://www.datacentermap.com/usa/ohio/cincinnati/level3-cincinnati/
lumen-cleveland-1-oh,Lumen Cleveland 1,Lumen Technologies,data_center,operational,,reported,Cleveland,Cuyahoga,OH,41.5050658,-81.6577764,,,,,2026-07-22,https://www.compute-atlas.com/facilities/lumen-cleveland-1-oh,2,https://www.datacentermap.com/usa/ohio/cleveland/level3-cleveland1/
lumen-dallas-1-tx,Lumen Dallas 1,Lumen Technologies,data_center,operational,,reported,Dallas,Dallas,TX,32.8069549,-96.8685888,,,,,2026-08-08,https://www.compute-atlas.com/facilities/lumen-dallas-1-tx,2,https://baxtel.com/data-center/lumen-dallas-1
lumen-dallas-6-tx,Lumen Dallas 6,Lumen Technologies,data_center,operational,,reported,Dallas,Dallas,TX,32.827998,-96.8843787,,,,,2026-07-23,https://www.compute-atlas.com/facilities/lumen-dallas-6-tx,2,https://baxtel.com/data-center/lumen-dallas-6
lumen-greensboro-1-nc,Lumen Greensboro 1,Lumen Technologies,data_center,operational,,reported,Greensboro,Guilford County,NC,36.029221,-79.79393,,,,,2026-09-24,https://www.compute-atlas.com/facilities/lumen-greensboro-1-nc,3,https://baxtel.com/data-center/lumen-greensboro-1
lumen-las-vegas-1-aerojet-nv,Lumen Las Vegas 1,Lumen Technologies,data_center,operational,,reported,North Las Vegas,Clark,NV,36.237249,-115.116814,,,,,2026-09-24,https://www.compute-atlas.com/facilities/lumen-las-vegas-1-aerojet-nv,2,https://www.leg.state.nv.us/App/InterimCommittee/REL/Document/33075
lumen-madison-1-wi,Lumen Madison 1,Lumen Technologies,data_center,operational,,reported,Madison,Dane,WI,43.0677161,-89.3922794,,,,,2026-07-22,https://www.compute-atlas.com/facilities/lumen-madison-1-wi,2,https://baxtel.com/data-center/lumen-madison-1
lumen-mclean-1-va,Lumen McLean 1,Lumen Technologies,data_center,operational,,reported,McLean,Fairfax,VA,38.9208538,-77.2115713,,,,,2026-07-23,https://www.compute-atlas.com/facilities/lumen-mclean-1-va,3,https://www.datacenters.com/lumen-mclean-1
lumen-memphis-crowfarn-drive-tn,Lumen Memphis (3993 Crowfarn Drive) — Level(3),Lumen Technologies,data_center,operational,,reported,Memphis,Shelby,TN,35.02884,-89.930739,,,,,2026-09-21,https://www.compute-atlas.com/facilities/lumen-memphis-crowfarn-drive-tn,1,https://www.peeringdb.com/api/fac/1294
lumen-minneapolis-3-mn,Lumen Minneapolis 3,Lumen Technologies,data_center,operational,,reported,Minneapolis,Hennepin,MN,44.9887662,-93.2766103,,,,,2026-07-23,https://www.compute-atlas.com/facilities/lumen-minneapolis-3-mn,3,https://www.datacenters.com/lumen-minneapolis-3-2
lumen-nashville-sidco-drive-tn,Lumen Nashville (Sidco Drive) — Level(3),Lumen Technologies,data_center,operational,,reported,Nashville,Davidson,TN,36.102726,-86.755786,,,,,2026-09-14,https://www.compute-atlas.com/facilities/lumen-nashville-sidco-drive-tn,1,https://www.peeringdb.com/api/fac?id=311
lumen-new-orleans-1-la,Lumen New Orleans 1 (639 Loyola),Lumen Technologies,data_center,operational,,reported,New Orleans,Orleans,LA,29.9489047,-90.0768165,,,,,2026-09-15,https://www.compute-atlas.com/facilities/lumen-new-orleans-1-la,3,https://baxtel.com/data-center/lumen-new-orleans-1
lumen-norristown-pa,Lumen Norristown,Lumen Technologies,data_center,operational,,reported,Norristown,Montgomery,PA,40.127067,-75.4086586,,,,,2026-07-23,https://www.compute-atlas.com/facilities/lumen-norristown-pa,3,https://baxtel.com/data-center/lumen-norristown
lumen-ogden-ut,Lumen Ogden 1,Lumen,data_center,operational,,reported,Ogden,Weber,UT,41.223,-111.97384,3,,,,2026-08-15,https://www.compute-atlas.com/facilities/lumen-ogden-ut,2,https://d36oiwf74r1rap.cloudfront.net/wp-content/uploads/2026/04/Data-Center-Growth-FS-Apr2026.pdf
lumen-oklahoma-city-1-ok,Lumen Oklahoma City 1,Lumen Technologies,data_center,operational,,reported,Oklahoma City,Oklahoma,OK,35.46994,-97.516522,,,,,2026-09-14,https://www.compute-atlas.com/facilities/lumen-oklahoma-city-1-ok,3,https://www.newson6.com/tulsa-oklahoma-news/where-are-data-centers-are-being-built-oklahoma-list
lumen-phoenix-1-az,Lumen Phoenix 1,Lumen Technologies,data_center,operational,,reported,Phoenix,Maricopa,AZ,33.494309,-112.0707916,,,,,2026-07-23,https://www.compute-atlas.com/facilities/lumen-phoenix-1-az,2,https://www.datacenters.com/lumen-phoenix-1
lumen-salt-lake-city-ut,"Lumen Salt Lake City Sites (Salt Lake 1, 2 and 4)",Lumen,data_center,operational,,reported,Salt Lake City,Salt Lake,UT,40.75962,-111.8868,6,,,,2026-08-15,https://www.compute-atlas.com/facilities/lumen-salt-lake-city-ut,4,https://d36oiwf74r1rap.cloudfront.net/wp-content/uploads/2026/04/Data-Center-Growth-FS-Apr2026.pdf
lumen-san-antonio-2-tx,Lumen San Antonio 2,Lumen Technologies,data_center,operational,,reported,San Antonio,Bexar,TX,29.4382791,-98.5065217,,,,,2026-07-22,https://www.compute-atlas.com/facilities/lumen-san-antonio-2-tx,2,https://baxtel.com/data-center/lumen-san-antonio-2
lumen-santa-clara-1-ca,Lumen Santa Clara 1,Lumen Technologies,data_center,operational,,reported,Santa Clara,Santa Clara,CA,37.3770332,-121.952059,,,,,2026-07-23,https://www.compute-atlas.com/facilities/lumen-santa-clara-1-ca,3,https://www.datacenters.com/lumen-santa-clara-1
lumen-spokane-wa,Lumen Spokane,Lumen Technologies,data_center,operational,,reported,Spokane,Spokane,WA,47.6542257,-117.4200007,,,,,2026-07-23,https://www.compute-atlas.com/facilities/lumen-spokane-wa,3,https://www.datacenters.com/providers/lumen/data-center-locations
lumen-sunnyvale-1-ca,Lumen Sunnyvale 1,Lumen Technologies,data_center,operational,,reported,Sunnyvale,Santa Clara,CA,37.3734695,-121.9878002,6,,,,2026-07-23,https://www.compute-atlas.com/facilities/lumen-sunnyvale-1-ca,3,https://www.datacenters.com/lumen-sunnyvale-1
lumen-tulsa-1-ok,Lumen Tulsa 1,Lumen Technologies,data_center,operational,,reported,Tulsa,Tulsa,OK,36.1571337,-95.993394,,,,,2026-09-14,https://www.compute-atlas.com/facilities/lumen-tulsa-1-ok,3,https://www.newson6.com/tulsa-oklahoma-news/where-are-data-centers-are-being-built-oklahoma-list
lumen-weehawken-1-nj,Lumen Weehawken 1 Data Center,Lumen Technologies,data_center,operational,,confirmed,Weehawken,Hudson,NJ,40.7714,-74.0194,,,,,2026-09-12,https://www.compute-atlas.com/facilities/lumen-weehawken-1-nj,2,https://baxtel.com/data-center/lumen-weehawken-1
lumon-solutions-marshfield-mo,Marshfield Data Center (Lumon Solutions),"Lumon Solutions Marshfield, LLC",data_center,under_construction,,reported,Marshfield,Webster,MO,37.36,-92.905,,,,,2026-09-21,https://www.compute-atlas.com/facilities/lumon-solutions-marshfield-mo,2,https://webstercountymo.gov/commission-data-center-update-may-21/
lunavi-cheyenne-wy,Lunavi Cheyenne Data Center,Lunavi,data_center,operational,,reported,Cheyenne,Laramie,WY,41.11,-104.78,5,8,,,2026-09-02,https://www.compute-atlas.com/facilities/lunavi-cheyenne-wy,4,https://www.lunavi.com/data-centers/cheyenne
maguire-hayden-harrington-de,Harrington Data Center Proposal (Maguire Hayden),Maguire Hayden,data_center,cancelled,,confirmed,Harrington,Kent,DE,38.9237244,-75.5777033,,24,,,2026-10-01,https://www.compute-atlas.com/facilities/maguire-hayden-harrington-de,3,https://spotlightdelaware.org/2026/08/19/harrington-denies-data-center-proposal-despite-a-1-million-offer/
mainstream-technologies-little-rock-data-center-ar,Mainstream Technologies Little Rock Data Center,Mainstream Technologies,data_center,operational,,reported,Little Rock,Pulaski,AR,34.7445,-92.274234,,,,,2026-09-29,https://www.compute-atlas.com/facilities/mainstream-technologies-little-rock-data-center-ar,2,https://www.mainstream-tech.com/data-center-services/
managedway-tym1-troy-mi,ManagedWay TYM1 (319 Executive Drive),ManagedWay Company,data_center,operational,,confirmed,Troy,Oakland,MI,42.537158,-83.099861,,,,,2026-09-14,https://www.compute-atlas.com/facilities/managedway-tym1-troy-mi,2,https://managedway.com/colocation-facilities
managedway-tym2-troy-mi,ManagedWay TYM2 (600 Executive Drive),ManagedWay Company,data_center,operational,,confirmed,Troy,Oakland,MI,42.540615,-83.098459,,,,,2026-09-14,https://www.compute-atlas.com/facilities/managedway-tym2-troy-mi,2,https://managedway.com/colocation-facilities
manse-technology-campus-pahrump-nv,Manse Technology Campus,Manse Technology Campus LLC,data_center,proposed,likely,reported,Pahrump,Nye,NV,36.1925194,-115.9758446,,,,2026-07,2026-09-21,https://www.compute-atlas.com/facilities/manse-technology-campus-pahrump-nv,5,https://mansetechcampus.com/about
mapletree-5150-mccrimmon-morrisville-nc,Mapletree 5150 McCrimmon Data Center,Mapletree Redwood Data Centre Trust,data_center,operational,,reported,Morrisville,Wake County,NC,35.8505281,-78.8291431,,,,,2026-09-24,https://www.compute-atlas.com/facilities/mapletree-5150-mccrimmon-morrisville-nc,3,https://baxtel.com/data-center/mapletree-5150-mccrimmon
mapletree-riverwood-pewaukee-wi,N15W24250 Riverwood Drive Data Centre (Pewaukee),Mapletree Redwood Data Centre Trust,data_center,operational,,reported,Pewaukee,Waukesha,WI,43.052836,-88.2304946,,,,,2026-09-13,https://www.compute-atlas.com/facilities/mapletree-riverwood-pewaukee-wi,3,https://baxtel.com/data-center/mapletree-n15-w24250-riverwood
mara-findlay-oh,MARA Findlay Data Center,MARA Holdings,crypto_mining,under_construction,,confirmed,Findlay,Hancock,OH,41.0442,-83.6499,30,150,,,2026-08-03,https://www.compute-atlas.com/facilities/mara-findlay-oh,3,https://ir.mara.com/news-events/press-releases/detail/1375/mara-adds-372-megawatts-of-capacity-in-ohio-with-152-megawatts-operational-and-220-megawatts-in-development
mara-flared-gas-fleet-tx-nd,MARA Flared/Stranded-Gas Mining Fleet (TX + ND),MARA Holdings,crypto_mining,operational,,reported,Midland/Odessa area (representative),,TX,31.87,-102.37,25,,,,2026-07-10,https://www.compute-atlas.com/facilities/mara-flared-gas-fleet-tx-nd,2,https://ir.mara.com/news-events/press-releases/detail/1394/mara-announces-bitcoin-production-and-mining-operation-updates-for-april-2025
mara-granbury-hood-tx,MARA Granbury Facility,MARA Holdings,crypto_mining,operational,,confirmed,Granbury,Hood,TX,32.4427,-97.7871,300,,,,2026-07-17,https://www.compute-atlas.com/facilities/mara-granbury-hood-tx,3,https://www.sec.gov/Archives/edgar/data/1507605/000150760526000007/mara-20251231.htm
mara-hannibal-monroe-oh,MARA Hannibal Data Center,MARA Holdings,crypto_mining,operational,,confirmed,Hannibal,Monroe,OH,39.6675,-80.8721,,,,,2026-07-17,https://www.compute-atlas.com/facilities/mara-hannibal-monroe-oh,2,https://www.sec.gov/Archives/edgar/data/1507605/000150760526000007/mara-20251231.htm
mara-hopedale-harrison-oh,MARA Hopedale Data Center,MARA Holdings,crypto_mining,operational,,confirmed,Hopedale,Harrison,OH,40.3253,-80.9012,,,,,2026-07-17,https://www.compute-atlas.com/facilities/mara-hopedale-harrison-oh,2,https://www.sec.gov/Archives/edgar/data/1507605/000150760526000007/mara-20251231.htm
mara-kearney-buffalo-ne,MARA Kearney Facility,MARA Holdings,crypto_mining,operational,,confirmed,Kearney,Buffalo,NE,40.728341,-99.045806,100,,,,2026-08-08,https://www.compute-atlas.com/facilities/mara-kearney-buffalo-ne,3,https://www.sec.gov/Archives/edgar/data/1507605/000150760526000007/mara-20251231.htm
mara-site-mat-1177-matagorda-tx,Site MAT 1177,MARA Holdings,data_center,proposed,,confirmed,,Matagorda,TX,28.95,-95.97,,1000,,,2026-07-26,https://www.compute-atlas.com/facilities/mara-site-mat-1177-matagorda-tx,2,https://www.stocktitan.net/news/MARA/mara-signs-agreement-with-hif-to-acquire-strategic-powered-land-site-nqvuby8e4d46.html
marathon-digital-garden-city-tx,Marathon Digital Garden City Facility,MARA Holdings,crypto_mining,operational,,confirmed,Garden City,Glasscock,TX,31.8724,-101.4849,200,,,,2026-07-10,https://www.compute-atlas.com/facilities/marathon-digital-garden-city-tx,3,https://ir.applieddigital.com/news-events/press-releases/detail/89/applied-digital-announces-agreement-to-sell-garden-city
mark-iv-victory-district-gas-generation-fernley-nv,Victory Logistics District On-Site Gas Generation,Mark IV Capital,power_generation,proposed,,reported,Fernley,Lyon,NV,39.623925,-119.201518,,1800,,2026-01-14,2026-09-24,https://www.compute-atlas.com/facilities/mark-iv-victory-district-gas-generation-fernley-nv,1,https://citizenportal.ai/articles/7805588/nevada/lyon-county/fernley/mark-iv-capital-outlines-large-gas-fired-power-plan-for-fernley-logistics-district
markley-boston-summer-street-ma,Markley Group Boston (One Summer Street / BOSIX),Markley Group,data_center,operational,,confirmed,Boston,Suffolk,MA,42.3545151,-71.0595422,30,,,,2026-09-15,https://www.compute-atlas.com/facilities/markley-boston-summer-street-ma,4,https://www.datacentermap.com/usa/massachusetts/boston/one-summer-st/
markley-lowell-ma,Markley Group One Lowell Data Center,Markley Group,data_center,operational,mixed_use,confirmed,Lowell,Middlesex,MA,42.6334,-71.3162,,,,2015-01,2026-07-06,https://www.compute-atlas.com/facilities/markley-lowell-ma,4,https://www.boston.com/news/local-news/2026/05/07/lowell-residents-file-massachusetts-first-lawsuit-against-a-data-center/
martin-data-center-santa-clara-ca,Martin Data Center,"Martin Avenue Properties, LLC",data_center,permitted,,reported,Santa Clara,Santa Clara,CA,37.3663437,-121.945885,,,,,2026-09-14,https://www.compute-atlas.com/facilities/martin-data-center-santa-clara-ca,2,https://www.energy.ca.gov/powerplant/backup-generating-system/martin-backup-generating-facility-mbgf
mason-columbia-road-data-center-mi,Mason / Vevay Township Data Center (unnamed developer),Undisclosed developer (represented by Dykema Gossett PLLC),data_center,proposed,,reported,Mason,Ingham,MI,42.582234294066,-84.479676261494,,,,,2026-09-09,https://www.compute-atlas.com/facilities/mason-columbia-road-data-center-mi,2,https://www.wilx.com/2026/06/03/data-center-developer-requests-mason-utilities-promises-1b-investment/
mason-county-hyperscale-campus-maysville-ky,Mason County Data Center Campus,Undisclosed (Fortune 100 end user; rezoning sought through Mason County officials),data_center,proposed,,reported,Maysville,Mason,KY,38.6856147,-83.8517119,,1200,,,2026-09-15,https://www.compute-atlas.com/facilities/mason-county-hyperscale-campus-maysville-ky,7,https://www.weku.org/the-commonwealth/2026-05-26/mason-county-gives-final-approval-on-rezoning-properties-for-data-center-construction
mawson-bellefonte-pa,Big Digital Energy Bellefonte Facility,Big Digital Energy,crypto_mining,operational,,confirmed,Bellefonte,Centre,PA,40.9145,-77.7791,,,,,2026-08-05,https://www.compute-atlas.com/facilities/mawson-bellefonte-pa,2,https://www.globenewswire.com/news-release/2025/11/07/3183921/0/en/Mawson-Infrastructure-Group-Inc-Announces-Lease-Extension-For-Its-Bellefonte-PA-Facility.html
mawson-midland-pa,Big Digital Energy Midland Facility,Big Digital Energy,crypto_mining,operational,,confirmed,Midland,Beaver,PA,40.6532,-80.3968,120,,,2023,2026-08-05,https://www.compute-atlas.com/facilities/mawson-midland-pa,3,https://www.mawsoninc.com/mawson-infrastructure-group-inc-expands-midland-facility-to-120-mw/
mca-technology-solutions-chattanooga-tn,MCA Technology Solutions Data Center (6048 Century Oaks Drive),MCA Technology Solutions (Mike Collins & Associates),data_center,operational,,reported,Chattanooga,Hamilton,TN,35.0759,-85.184553,,,,,2026-09-21,https://www.compute-atlas.com/facilities/mca-technology-solutions-chattanooga-tn,1,https://web.archive.org/web/20260824174431/https://www.timesfreepress.com/news/2026/aug/23/where-are-data-centers-in-chattanooga-region/
mcd7-limerick-township-montgomery-county-pa,Limerick Township Data Center Campus (MCD 7),MCD 7 LLC,data_center,proposed,,reported,Limerick Township,Montgomery,PA,40.2447,-75.573,,750,,2026-01,2026-09-10,https://www.compute-atlas.com/facilities/mcd7-limerick-township-montgomery-county-pa,2,https://www.suburbanrealtorsalliance.com/news/2026/01/16/montgomery-county/limerick-gets-first-look-at-1.4m-square-foot-data-center-proposal/
mcni-concord-township-hancock-county-ia,MCNI Concord Township Data Center (rezoning denied),MCNI,data_center,proposed,,reported,Garner,Hancock,IA,43.09806,-93.60417,,,,,2026-09-10,https://www.compute-atlas.com/facilities/mcni-concord-township-hancock-county-ia,1,https://kiow.com/2026/09/10/rezoning-change-in-hancock-county-denied/
md-squared-power-pikeville-pike-ky,Kentucky Enterprise Industrial Park Data Center,MD Squared Power LLC,data_center,proposed,,reported,Pikeville,Pike,KY,37.4792672,-82.5187629,,,,,2026-09-13,https://www.compute-atlas.com/facilities/md-squared-power-pikeville-pike-ky,1,https://www.wymt.com/2026/06/05/pikeville-signs-agreement-explore-data-center-development/
mdc-sdg1-san-diego-ca,MDC SDG1,MDC Data Centers,data_center,operational,,confirmed,San Diego,San Diego,CA,32.59374,-117.08525,,,,,2026-09-12,https://www.compute-atlas.com/facilities/mdc-sdg1-san-diego-ca,1,https://www.mdcdatacenters.com/data-centers/our-locations/san-diego/
mdc-sdg2-san-diego-ca,MDC SDG2,MDC Data Centers,data_center,operational,,confirmed,San Diego,San Diego,CA,32.75,-117.123,,,,,2026-09-12,https://www.compute-atlas.com/facilities/mdc-sdg2-san-diego-ca,1,https://www.mdcdatacenters.com/data-centers/our-locations/san-diego/
menlo-digital-chicago-exchange-il,Menlo Digital Chicago Exchange (601 West Polk),Menlo Digital (Menlo Equities),data_center,operational,,reported,Chicago,Cook,IL,41.8716062,-87.6430697,8,,,,2026-09-25,https://www.compute-atlas.com/facilities/menlo-digital-chicago-exchange-il,2,https://www.menloequities.com/properties/601-polk-west-polk-street/
menlo-digital-jamestown-drive-petersburg-va,Menlo Digital Richmond Virginia Data Center (Jamestown Drive),Menlo Digital,data_center,permitted,,confirmed,Petersburg,,VA,37.199,-77.363,,104,,,2026-09-09,https://www.compute-atlas.com/facilities/menlo-digital-jamestown-drive-petersburg-va,2,http://web.archive.org/web/20260721131420/https://richmondbizsense.com/2026/07/21/documents-reveal-details-on-data-center-projects-in-petersburgs-pipeline/
menlo-digital-md-sv1-ross-drive-sunnyvale-ca,Menlo Digital MD-SV1 (888–894 Ross Drive),Menlo Equities / Menlo Digital (Sunnyvale Technology Partners LLC),data_center,proposed,,confirmed,Sunnyvale,Santa Clara,CA,37.4009443,-122.0324832,,49,,2026-02,2026-09-21,https://www.compute-atlas.com/facilities/menlo-digital-md-sv1-ross-drive-sunnyvale-ca,3,https://docs.cpuc.ca.gov/PublishedDocs/Published/G000/M602/K365/602365009.pdf
menlo-equities-300-holger-way-san-jose-ca,300 Holger Way Data Center (Menlo Equities conversion),Menlo Equities (Holger Technology Partners LLC),data_center,permitted,,confirmed,San Jose,Santa Clara,CA,37.4183407,-121.9466942,,,,2026-07,2026-09-21,https://www.compute-atlas.com/facilities/menlo-equities-300-holger-way-san-jose-ca,2,https://ceqanet.lci.ca.gov/2026070652
menlo-equities-great-oaks-parkway-san-jose-ca,"5601 Great Oaks Parkway Data Center (Menlo Equities, Charlotte Drive)",Menlo Equities,data_center,proposed,,confirmed,San Jose,Santa Clara,CA,37.2503404,-121.7944434,,100,,2026-08,2026-09-21,https://www.compute-atlas.com/facilities/menlo-equities-great-oaks-parkway-san-jose-ca,3,http://web.archive.org/web/20260813091228/https://www.sanjoseca.gov/your-government/departments-offices/planning-building-code-enforcement/planning-division/data-center-and-other-large-energy-use-projects
menomonie-data-center-wi,Menomonie Data Center Campus,Undisclosed (Balloonist LLC),data_center,proposed,likely,reported,Menomonie,Dunn,WI,44.8769,-91.9193,,,,2025-07,2026-07-23,https://www.compute-atlas.com/facilities/menomonie-data-center-wi,9,https://wtmj.com/news/2025/12/23/a-look-back-at-wisconsins-year-of-the-data-center/
merkle-standard-memphis-tn,Merkle Standard Memphis (4545 South Mendenhall Road),Merkle Standard,crypto_mining,operational,,confirmed,Memphis,Shelby,TN,35.0246295,-89.8803757,,,,2024-09,2026-09-14,https://www.compute-atlas.com/facilities/merkle-standard-memphis-tn,2,https://www.psrmemphis.org/bitcoin-mines-coming-to-memphis-and-tennessee/
merkle-standard-usk-wa,Merkle Standard Usk Facility,Merkle Standard (Allrise Capital),crypto_mining,operational,,reported,Usk,Pend Oreille,WA,48.3079,-117.2848,100,,,,2026-09-21,https://www.compute-atlas.com/facilities/merkle-standard-usk-wa,1,https://www.cascadepbs.org/news/2022/11/tiny-eastern-wa-town-could-become-bitcoin-mining-hub/
mesh-capital-cabin-field-road-data-center-campbell-va,Cabin Field Road Data Center,Mesh Capital LLC,data_center,proposed,,reported,,Campbell,VA,37.3407675,-78.9909489,,,,,2026-08-26,https://www.compute-atlas.com/facilities/mesh-capital-cabin-field-road-data-center-campbell-va,2,https://www.wdbj7.com/2025/11/03/data-center-could-still-be-coming-campbell-county-despite-denial-vote-supervisors/
meta-aiken-county-sc,Meta Aiken Data Center,Meta,data_center,under_construction,confirmed,confirmed,Graniteville,Aiken,SC,33.5629,-81.8287,,200,,2024-08,2026-09-10,https://www.compute-atlas.com/facilities/meta-aiken-county-sc,4,https://www.datacenterdynamics.com/en/news/meta-plans-800m-data-center-campus-in-aiken-county-south-carolina/
meta-altoona-ia,Meta Altoona Data Center Campus,Meta,data_center,operational,confirmed,confirmed,Altoona,Polk,IA,41.6459,-93.4696,350,,,2013,2026-09-14,https://www.compute-atlas.com/facilities/meta-altoona-ia,8,https://www.datacenterfrontier.com/cloud/article/11427725/meta-adds-more-data-centers-in-iowa-pushing-campus-to-5-million-sf
meta-anthem-tulsa-ok,Meta Project Anthem — Tulsa,Meta,data_center,under_construction,confirmed,confirmed,Tulsa,Tulsa,OK,36.14,-95.88,,,,2024,2026-08-06,https://www.compute-atlas.com/facilities/meta-anthem-tulsa-ok,7,https://about.fb.com/news/2026/04/breaking-ground-new-ai-optimized-data-center-tulsa-oklahoma/
meta-beaver-dam-wi,Meta Beaver Dam Data Center Campus,Meta,data_center,under_construction,confirmed,confirmed,Beaver Dam,Dodge,WI,43.457,-88.837,,220,,2025-11,2026-09-13,https://www.compute-atlas.com/facilities/meta-beaver-dam-wi,10,https://datacenters.atmeta.com/2025/11/hello-beaver-dam/
meta-cheyenne-wy,Meta Cheyenne Data Center,Meta,data_center,under_construction,confirmed,confirmed,Cheyenne,Laramie,WY,41.099,-104.769,,109,,2024-07,2026-08-19,https://www.compute-atlas.com/facilities/meta-cheyenne-wy,5,https://www.datacenterdynamics.com/en/news/meta-officially-announces-data-center-in-cheyenne-wyoming/
meta-davenport-ia,Meta Davenport Data Center,Meta,data_center,proposed,,confirmed,Davenport,Scott,IA,41.5236,-90.5776,,,,2024-05-21,2026-08-14,https://www.compute-atlas.com/facilities/meta-davenport-ia,2,https://www.thegazette.com/news/meta-behind-plans-for-latest-iowa-data-center/article_ddf57b2e-9b35-50b7-8af7-1370978063fa.html
meta-dekalb-data-center-il,Meta DeKalb Data Center,Meta,data_center,operational,likely,confirmed,DeKalb,DeKalb,IL,41.909,-88.792,,,,2020,2026-09-12,https://www.compute-atlas.com/facilities/meta-dekalb-data-center-il,4,https://datacenters.atmeta.com/asset/dekalb-data-center-info-sheet/
meta-eagle-mountain-ut,Meta Eagle Mountain Data Center Campus,Meta,data_center,operational,mixed_use,confirmed,Eagle Mountain,Utah,UT,40.3138,-111.9697,,,,2018,2026-07-25,https://www.compute-atlas.com/facilities/meta-eagle-mountain-ut,6,https://baxtel.com/data-center/meta-eagle-mountain-utah-campus
meta-el-paso-tx,Meta El Paso AI Data Center Campus,Meta,data_center,under_construction,confirmed,confirmed,El Paso,El Paso,TX,31.81,-106.55,,1000,,2025-10,2026-09-08,https://www.compute-atlas.com/facilities/meta-el-paso-tx,4,https://about.fb.com/news/2025/10/metas-new-ai-optimized-data-center-el-paso/
meta-forest-city-nc,Meta Forest City Data Center,Meta,data_center,operational,likely,confirmed,Forest City,Rutherford,NC,35.317,-81.826,,,,2010,2026-09-14,https://www.compute-atlas.com/facilities/meta-forest-city-nc,7,https://datacenters.atmeta.com/asset/forest-city-data-center-info-sheet/
meta-fort-worth-tx,Meta Fort Worth Data Center,Meta,data_center,operational,likely,reported,Fort Worth,Tarrant,TX,32.9844048,-97.2617581,,,,2015,2026-09-21,https://www.compute-atlas.com/facilities/meta-fort-worth-tx,5,https://baxtel.com/data-center/facebook-fort-worth
meta-gallatin-tn,Meta Gallatin Data Center Campus,Meta,data_center,operational,confirmed,confirmed,Gallatin,Sumner,TN,36.3884,-86.4369,300,300,,2022,2026-09-21,https://www.compute-atlas.com/facilities/meta-gallatin-tn,8,https://www.datacenterdynamics.com/en/news/meta-brings-data-centers-in-tents-to-gallatin-tennessee/
meta-huntsville-al,Meta Huntsville Data Center Campus,Meta,data_center,operational,confirmed,confirmed,Huntsville,Madison,AL,34.726,-86.647,487,,,2018,2026-09-28,https://www.compute-atlas.com/facilities/meta-huntsville-al,5,https://www.datacenterdynamics.com/en/news/metas-huntsville-alabama-data-center-expansion-next-to-be-stopped-amid-ai-pivot/
meta-hyperion-richland-parish-la,Meta Hyperion,Meta,data_center,under_construction,confirmed,reported,Delhi vicinity,Richland,LA,32.4442,-91.4906,,2000,,2025-01,2026-09-15,https://www.compute-atlas.com/facilities/meta-hyperion-richland-parish-la,9,https://www.reuters.com/technology/meta-build-ai-data-center-louisiana-2025-01-24/
meta-jeffersonville-in,Meta Jeffersonville Data Center,Meta,data_center,under_construction,confirmed,confirmed,Jeffersonville,Clark,IN,38.33,-85.715,,407,,2024-01,2026-08-05,https://www.compute-atlas.com/facilities/meta-jeffersonville-in,5,https://datacenters.atmeta.com/2024/01/hello-jeffersonville/
meta-kansas-city-northland-mo,Meta Kansas City Northland,Meta,data_center,operational,mixed_use,confirmed,Kansas City,Clay,MO,39.247,-94.705,,750,,2022-03,2026-09-10,https://www.compute-atlas.com/facilities/meta-kansas-city-northland-mo,6,https://about.fb.com/news/2025/08/metas-kansas-city-data-center/
meta-kuna-id,Meta Kuna Data Center,Meta,data_center,under_construction,confirmed,confirmed,Kuna,Ada,ID,43.491,-116.418,,,,2022-09,2026-08-08,https://www.compute-atlas.com/facilities/meta-kuna-id,5,https://www.datacenterdynamics.com/en/news/meta-resumes-construction-of-texas-and-idaho-data-centers-with-new-ai-design/
meta-lebanon-in,Meta Lebanon (Project Domino),Meta,data_center,under_construction,confirmed,confirmed,Lebanon,Boone,IN,40.07,-86.45,,1000,,2026-02,2026-08-05,https://www.compute-atlas.com/facilities/meta-lebanon-in,4,https://about.fb.com/news/2026/02/metas-new-data-center-lebanon-indiana-marks-milestone-ai-investment/
meta-los-lunas-ai-nm,Meta Los Lunas AI Expansion,Meta,data_center,under_construction,confirmed,confirmed,Los Lunas,Valencia,NM,34.8083,-106.7296,,,,2024-12,2026-09-15,https://www.compute-atlas.com/facilities/meta-los-lunas-ai-nm,6,https://www.datacenterdynamics.com/en/news/meta-planning-expansion-of-los-lunas-data-center-campus-in-new-mexico/
meta-mesa-az,Meta Mesa Data Center,Meta,data_center,operational,confirmed,confirmed,Mesa,Maricopa,AZ,33.3375358,-111.6355386,50,,,2021,2026-08-31,https://www.compute-atlas.com/facilities/meta-mesa-az,6,https://datacenters.atmeta.com/2025/01/mesa-we-are-online/
meta-middleton-township-oh,Meta Bowling Green (Project Accordion),Meta,data_center,under_construction,confirmed,confirmed,Bowling Green,Wood,OH,41.432,-83.701,,,,2025-04,2026-07-06,https://www.compute-atlas.com/facilities/meta-middleton-township-oh,4,https://www.datacenterdynamics.com/en/news/meta-to-develop-data-center-campus-outside-toledo-ohio/
meta-montgomery-al,Meta Montgomery Data Center,Meta,data_center,under_construction,confirmed,confirmed,Montgomery,Montgomery,AL,32.185,-86.273,,,,2024-05,2026-09-09,https://www.compute-atlas.com/facilities/meta-montgomery-al,3,https://governor.alabama.gov/newsroom/2024/05/governor-ivey-announces-meta-plans-to-build-800-million-next-generation-data-center-in-montgomery/
meta-prineville-or,Meta Prineville Data Center Campus,Meta,data_center,operational,mixed_use,confirmed,Prineville,Crook,OR,44.3042,-120.8515,400,,,2010,2026-09-14,https://www.compute-atlas.com/facilities/meta-prineville-or,7,https://en.wikipedia.org/wiki/Meta_Platforms#Data_centers
meta-project-klondike-piqua-oh,Project Klondike,Meta,data_center,permitted,,confirmed,Piqua,Miami,OH,40.103974,-84.259053,,,,,2026-08-27,https://www.compute-atlas.com/facilities/meta-project-klondike-piqua-oh,4,https://hntrbrk.com/meta-data-centers/
meta-prometheus-new-albany-oh,Meta Prometheus,Meta,data_center,under_construction,confirmed,reported,New Albany,Licking,OH,40.092,-82.836,,1000,,2025-11,2026-08-08,https://www.compute-atlas.com/facilities/meta-prometheus-new-albany-oh,5,https://spectrumnews1.com/oh/columbus/news/2025/11/13/meta-gigawatt-data-center-new-albany-
meta-rosemount-mn,Meta Rosemount Data Center,Meta,data_center,under_construction,confirmed,confirmed,Rosemount,Dakota,MN,44.74,-93.115,,75,,2024-03,2026-08-24,https://www.compute-atlas.com/facilities/meta-rosemount-mn,7,https://datacenters.atmeta.com/2024/03/hello-rosemount/
meta-sarpy-springfield-ne,Meta Sarpy Campus (Springfield expansion),Meta,data_center,under_construction,mixed_use,confirmed,Springfield,Sarpy,NE,41.052,-96.148,,,,2022-07,2026-09-14,https://www.compute-atlas.com/facilities/meta-sarpy-springfield-ne,6,https://www.datacenterdynamics.com/en/news/meta-to-expand-sarpy-data-center-in-nebraska/
meta-stanton-springs-newton-ga,Meta Newton Data Center (Stanton Springs),Meta Platforms,data_center,operational,likely,reported,Social Circle,Newton,GA,33.6551,-83.7182,,,,2021-03-14,2026-08-28,https://www.compute-atlas.com/facilities/meta-stanton-springs-newton-ga,1,https://datacenters.atmeta.com/2021/03/hello-georgia/
meta-temple-tx,Meta Temple Data Center,Meta,data_center,operational,confirmed,confirmed,Temple,Bell,TX,31.1399225,-97.3812992,152,,,2022-03,2026-08-26,https://www.compute-atlas.com/facilities/meta-temple-tx,2,https://www.kwtx.com/2026/07/22/meta-goes-live-temple-with-12-billion-ai-data-center/
metered-mining-hammond-wi,Metered Mining Hammond Bitcoin Mining Facility,Metered Mining,crypto_mining,permitted,,confirmed,Hammond,St. Croix,WI,44.9639,-92.4467,,6,,,2026-09-10,https://www.compute-atlas.com/facilities/metered-mining-hammond-wi,3,https://www.hudsonstarobserver.com/metered-mining-proposing-a-data-center-in-hammond-gets-its-conditional-use-permit-after-all/article_9c703e0b-1eb8-4e48-91d3-f422f5cdeef1.html
metlife-north-greenbush-ny,"MetLife Information Systems Computer Center, North Greenbush","MetLife Services and Solutions, LLC",data_center,operational,,confirmed,North Greenbush,Rensselaer,NY,42.6841786,-73.696422,,,,,2026-09-14,https://www.compute-atlas.com/facilities/metlife-north-greenbush-ny,3,https://baxtel.com/data-center/metlife-troy-ny
metro-edge-imd1-chicago-il,Metro Edge IMD1,Metro Edge Development Partners,data_center,permitted,,reported,Chicago,Cook,IL,41.8639696,-87.6749686,,53,,2022-09-22,2026-09-25,https://www.compute-atlas.com/facilities/metro-edge-imd1-chicago-il,3,https://medp.io/news/metro-edge-development-partners-secures-land-in-chicago-for-21mw-data-center
metrobloks-liberty-mo,Metrobloks Liberty Campus,Metrobloks,data_center,proposed,likely,reported,Liberty,Clay,MO,39.2459,-94.4191,,150,,2026,2026-07-26,https://www.compute-atlas.com/facilities/metrobloks-liberty-mo,2,https://www.metrobloks.com/press-release/metrobloks-announces-data-center-investment-in-liberty-missouri
metrobloks-martindale-brightwood-indianapolis-in,Metrobloks Martindale-Brightwood Data Center,Metrobloks,data_center,permitted,,confirmed,Indianapolis,Marion,IN,39.7975,-86.1197,,75,,,2026-09-13,https://www.compute-atlas.com/facilities/metrobloks-martindale-brightwood-indianapolis-in,6,https://www.datacenterdynamics.com/en/news/metrobloks-pitches-500m-data-center-in-indianapolis-indiana/
metrobloks-mia-a1-miami-fl,Metrobloks MIA-A1 (MB01),Metrobloks,data_center,proposed,confirmed,confirmed,Miami,Miami-Dade,FL,25.79,-80.41,,15.2,,2025-04,2026-09-21,https://www.compute-atlas.com/facilities/metrobloks-mia-a1-miami-fl,4,https://www.metrobloks.com/press-release/metrobloks-acquires-land-in-miami-fl-to-build-15-2mw-ai-ready-data-center
metrobloks-southfield-mi,Metrobloks Southfield Data Center,Metrobloks,data_center,permitted,,confirmed,Southfield,Oakland,MI,42.474,-83.293,,100,,,2026-09-21,https://www.compute-atlas.com/facilities/metrobloks-southfield-mi,4,https://www.cityofsouthfield.com/news/city-southfield-statement-regarding-proposed-data-center
mghpcc-holyoke-ma,Massachusetts Green High Performance Computing Center,MGHPCC consortium (BU/Harvard/MIT/Northeastern/UMass/Yale),data_center,operational,,confirmed,Holyoke,Hampden,MA,42.20285,-72.60693,15,,,,2026-09-21,https://www.compute-atlas.com/facilities/mghpcc-holyoke-ma,6,https://en.wikipedia.org/wiki/Massachusetts_Green_High_Performance_Computing_Center
microsoft-alluvion-west-des-moines-ia,Microsoft Project Alluvion Data Center,Microsoft,data_center,operational,,reported,West Des Moines,Polk,IA,41.5143718,-93.7083034,,,,,2026-09-16,https://www.compute-atlas.com/facilities/microsoft-alluvion-west-des-moines-ia,3,https://wdmchamber.org/economic-development/microsoft-data-centers/
microsoft-alviso-san-jose-ca,Microsoft Alviso Data Center Campus,Microsoft,data_center,under_construction,,confirmed,San Jose (Alviso),Santa Clara,CA,37.428,-121.977,,48,,2026-06-10,2026-09-29,https://www.compute-atlas.com/facilities/microsoft-alviso-san-jose-ca,9,https://www.datacenterdynamics.com/en/news/microsoft-breaks-ground-on-alviso-data-center-campus-in-san-jose-california/
microsoft-becker-mn,Microsoft Becker Data Center,Microsoft,data_center,proposed,,reported,Becker,Sherburne,MN,45.3931821,-93.8768904,,,,,2026-08-24,https://www.compute-atlas.com/facilities/microsoft-becker-mn,2,https://www.mprnews.org/story/2024/02/21/xcel-energy-sells-land-in-becker-to-microsoft-for-data-center
microsoft-boydton-bn-campus-mecklenburg-va,Microsoft Boydton Campus (BN / Azure East US),Microsoft,data_center,operational,,reported,Boydton,Mecklenburg,VA,36.65969,-78.36487,,,,2010-08,2026-07-25,https://www.compute-atlas.com/facilities/microsoft-boydton-bn-campus-mecklenburg-va,7,https://local.microsoft.com/wp-content/uploads/2021/11/Boydton-datacenter-fact-sheet.pdf
microsoft-bristow-mnz03-va,Microsoft Bristow Data Center Campus (MNZ03),Microsoft,data_center,operational,mixed_use,reported,Bristow,Prince William,VA,38.728,-77.56,,,,2021,2026-07-17,https://www.compute-atlas.com/facilities/microsoft-bristow-mnz03-va,4,https://www.datacentermap.com/usa/virginia/bristow/microsoft-8008-devlin-rd/
microsoft-cheyenne-expansion-wy,Microsoft Cheyenne Mega-Campus Expansion,Microsoft,data_center,permitted,confirmed,reported,Cheyenne,Laramie,WY,41.09,-104.79,,,,2026-04,2026-09-21,https://www.compute-atlas.com/facilities/microsoft-cheyenne-expansion-wy,5,https://news.microsoft.com/source/2026/04/14/microsoft-announces-intent-to-expand-datacenter-operations-in-cheyenne-accelerating-innovation-and-economic-growth/
microsoft-columbia-quincy-wa,Microsoft Columbia Data Center (Quincy),Microsoft,data_center,operational,,reported,Quincy,Grant,WA,47.2333,-119.8667,,,,,2026-09-05,https://www.compute-atlas.com/facilities/microsoft-columbia-quincy-wa,3,https://en.wikipedia.org/wiki/Columbia_Data_Center
microsoft-conover-catawba-county-nc,Microsoft Conover Data Center,Microsoft,data_center,under_construction,,confirmed,Conover,Catawba,NC,35.7065,-81.2184,,,,2022-11,2026-08-15,https://www.compute-atlas.com/facilities/microsoft-conover-catawba-county-nc,3,https://www.datacenterfrontier.com/cloud/article/21437740/microsoft-plans-1-billion-campus-in-north-carolina-cloud-cluster
microsoft-dorr-township-mi,Microsoft Dorr Township Data Center,Microsoft,data_center,proposed,,confirmed,Dorr Township,Allegan,MI,42.64,-85.652,,,,,2026-09-09,https://www.compute-atlas.com/facilities/microsoft-dorr-township-mi,3,https://wwmt.com/news/local/microsoft-land-farmland-purchase-allegan-kent-dorr-township-gaines-charter-technology-acres
microsoft-douglasville-ga,Microsoft Douglasville Data Center Campus,Microsoft,data_center,under_construction,confirmed,confirmed,Douglasville,Douglas,GA,33.7547,-84.7427,,,,2024-01,2026-07-06,https://www.compute-atlas.com/facilities/microsoft-douglasville-ga,7,https://www.datacenterdynamics.com/en/news/microsoft-to-launch-new-cloud-region-in-atlanta-georgia-in-2027/
microsoft-east-point-ben-hill-road-ga,Microsoft East Point Data Center (Ben Hill Road),Microsoft,data_center,operational,,reported,East Point,Fulton,GA,33.6465885,-84.5173738,,,,,2026-09-23,https://www.compute-atlas.com/facilities/microsoft-east-point-ben-hill-road-ga,2,https://baxtel.com/data-center/microsoft-east-point
microsoft-east-wenatchee-wa,Microsoft East Wenatchee Data Center,Microsoft,data_center,operational,likely,reported,East Wenatchee,Douglas,WA,47.407837,-120.207723,,180,,2022,2026-07-24,https://www.compute-atlas.com/facilities/microsoft-east-wenatchee-wa,3,https://www.wenatcheeworld.com/business/new-douglas-county-microsoft-data-center-launches-with-party-tour/article_95ce41dc-7267-11ed-ab98-af7c94439b63.html
microsoft-el-mirage-az,Microsoft El Mirage Data Center Campus,Microsoft,data_center,operational,likely,confirmed,El Mirage,Maricopa,AZ,33.5695,-112.3204,,,,2024-10,2026-08-08,https://www.compute-atlas.com/facilities/microsoft-el-mirage-az,4,https://azbex.com/planning-development/microsoft-data-center-new-spec-industrial-planned-in-el-mirage/
microsoft-elk-grove-village-il,Microsoft Elk Grove Data Center,Microsoft,data_center,under_construction,,confirmed,Elk Grove Village,Cook,IL,42.005,-87.96,,,,2021,2026-09-12,https://www.compute-atlas.com/facilities/microsoft-elk-grove-village-il,3,https://www.datacenterdynamics.com/en/news/microsoft-begins-construction-elk-grove-chicago/
microsoft-fairwater-fayetteville-ga,Microsoft Fairwater Atlanta (Azure AI Superfactory),Microsoft,data_center,operational,confirmed,confirmed,Fayetteville,Fayette,GA,33.4487,-84.4549,,1500,,2025,2026-07-26,https://www.compute-atlas.com/facilities/microsoft-fairwater-fayetteville-ga,7,https://news.microsoft.com/source/features/ai/from-wisconsin-to-atlanta-microsoft-connects-datacenters-to-build-its-first-ai-superfactory/
microsoft-fernley-nv,Microsoft Victory Logistics District Campus,Microsoft,data_center,proposed,likely,reported,Fernley,Lyon,NV,39.6082,-119.2169,,,,2025-04,2026-07-26,https://www.compute-atlas.com/facilities/microsoft-fernley-nv,4,https://www.nevadaappeal.com/news/2025/apr/17/microsoft-buy-300-acres-in-fernley-lyon-county-victory-logistics-district/
microsoft-firecracker-rome-ga,"Microsoft Data Center Campus – Rome, GA",Microsoft,data_center,permitted,likely,reported,Rome,Floyd,GA,34.27,-85.16,,,,2023,2026-07-25,https://www.compute-atlas.com/facilities/microsoft-firecracker-rome-ga,6,https://www.datacenterdynamics.com/en/news/microsoft-to-develop-350-acre-data-center-campus-in-rome-georgia/
microsoft-gaines-township-mi,Microsoft Gaines Township Data Center,Microsoft,data_center,proposed,,confirmed,Gaines Township,Kent,MI,42.802,-85.571,,,,,2026-09-09,https://www.compute-atlas.com/facilities/microsoft-gaines-township-mi,3,https://wwmt.com/news/local/data-center-microsoft-rezoning-approval-new-data-center-gaines-township-kent-county-electricity-artificial-intelligence-patterson-avenue
microsoft-ginger-east-ia,Microsoft Project Ginger East Data Center,Microsoft,data_center,under_construction,,reported,West Des Moines,Polk,IA,41.5193146,-93.7362003,,,,,2026-09-16,https://www.compute-atlas.com/facilities/microsoft-ginger-east-ia,4,https://baxtel.com/data-center/microsoft-project-ginger-east
microsoft-ginger-west-ia,Microsoft Project Ginger West Data Center,Microsoft,data_center,under_construction,likely,reported,West Des Moines,Polk,IA,41.551,-93.782,,,,2021,2026-09-16,https://www.compute-atlas.com/facilities/microsoft-ginger-west-ia,7,https://local.microsoft.com/blog/ginger-west-datacenter-construction-update/
microsoft-goodyear-az,Microsoft Goodyear Data Center Campus,Microsoft,data_center,operational,likely,confirmed,Goodyear,Maricopa,AZ,33.4353,-112.39,,,,2018-01,2026-08-08,https://www.compute-atlas.com/facilities/microsoft-goodyear-az,4,https://www.datacenterdynamics.com/en/news/microsoft-purchases-100-acres-next-to-existing-data-center-campus-in-goodyear-arizona/
microsoft-granger-in,Microsoft Granger Data Center,Microsoft,data_center,under_construction,mixed_use,reported,Granger,St. Joseph,IN,41.73,-86.13,,1000,,2024,2026-05-30,https://www.compute-atlas.com/facilities/microsoft-granger-in,6,https://www.datacenterdynamics.com/en/news/microsoft-buys-900-acre-st-joe-farm-indiana-for-data-center-build/
microsoft-heath-oh,Microsoft Heath Data Center,Microsoft,data_center,under_construction,mixed_use,confirmed,Heath,Licking,OH,40.015,-82.46,,,,2024-10,2026-07-06,https://www.compute-atlas.com/facilities/microsoft-heath-oh,4,https://local.microsoft.com/blog/heath-datacenter-construction-updates/
microsoft-hebron-oh,Microsoft Hebron Data Center,Microsoft,data_center,under_construction,mixed_use,confirmed,Hebron,Licking,OH,40.01,-82.5,,,,2024-10,2026-07-06,https://www.compute-atlas.com/facilities/microsoft-hebron-oh,5,https://local.microsoft.com/blog/hebron-datacenter-construction-update/
microsoft-hickory-catawba-county-nc,Microsoft Hickory Data Center,Microsoft,data_center,under_construction,,confirmed,Hickory,Catawba,NC,35.7333,-81.3443,,,,2022-11,2026-08-15,https://www.compute-atlas.com/facilities/microsoft-hickory-catawba-county-nc,3,https://www.datacenterfrontier.com/cloud/article/21437740/microsoft-plans-1-billion-campus-in-north-carolina-cloud-cluster
microsoft-hoffman-estates-il,Microsoft Hoffman Estates Data Center,Microsoft,data_center,operational,,confirmed,Hoffman Estates,Cook,IL,42.0769632,-88.1338875,,,,2021-03,2026-09-12,https://www.compute-atlas.com/facilities/microsoft-hoffman-estates-il,3,https://dceo.illinois.gov/content/dam/soi/en/web/dceo/aboutdceo/reportsrequiredbystatute/2025-data-centers-annual-report.pdf
microsoft-irving-tx,Microsoft Irving Data Centers,Microsoft,data_center,proposed,,reported,Irving,Dallas,TX,32.8295183,-96.9442177,,,,,2026-08-26,https://www.compute-atlas.com/facilities/microsoft-irving-tx,2,https://baxtel.com/data-center/microsoft-irving-tx
microsoft-kenosha-wi,Microsoft Kenosha Data Center Campus,Microsoft,data_center,proposed,likely,confirmed,Kenosha,Kenosha,WI,42.537,-87.89,,,,2025-01,2026-09-13,https://www.compute-atlas.com/facilities/microsoft-kenosha-wi,7,https://www.datacenterdynamics.com/en/news/microsoft-acquires-240-acres-in-kenosha-wisconsin-for-data-center-development/
microsoft-laporte-in,Microsoft La Porte Data Center,Microsoft,data_center,under_construction,mixed_use,confirmed,La Porte,La Porte,IN,41.595,-86.735,,,,2024-06,2026-07-24,https://www.compute-atlas.com/facilities/microsoft-laporte-in,3,https://cityoflaporte.com/news/gov-holcomb-announces-plans-for-new-1b-microsoft-data-center-in-northwest-indiana
microsoft-lowell-township-mi,Microsoft Lowell Township Data Center,Microsoft,data_center,proposed,,reported,Lowell Township,Kent,MI,42.93,-85.352,,,,,2026-09-09,https://www.compute-atlas.com/facilities/microsoft-lowell-township-mi,1,https://www.michiganpublic.org/politics-government/2026-05-20/why-one-michigan-township-just-rejected-data-centers-while-another-stays-open-to-them
microsoft-maiden-catawba-county-nc,Microsoft Maiden Data Center,Microsoft,data_center,under_construction,,confirmed,Maiden,Catawba,NC,35.5845,-81.2255,,,,2022-11,2026-08-15,https://www.compute-atlas.com/facilities/microsoft-maiden-catawba-county-nc,3,https://www.datacenterfrontier.com/cloud/article/21437740/microsoft-plans-1-billion-campus-in-north-carolina-cloud-cluster
microsoft-malaga-wa,Microsoft Malaga Campus,Microsoft,data_center,under_construction,confirmed,confirmed,Malaga,Chelan,WA,47.23,-120.2,,288,,2023-03,2026-09-05,https://www.compute-atlas.com/facilities/microsoft-malaga-wa,9,https://www.datacenterdynamics.com/en/news/microsoft-plans-three-data-centers-in-malaga-washington/
microsoft-mount-pleasant-wi,Microsoft Mount Pleasant Data Center Campus,Microsoft,data_center,operational,confirmed,reported,Mount Pleasant,Racine,WI,42.7209,-87.9023,,1000,,2025-01,2026-09-14,https://www.compute-atlas.com/facilities/microsoft-mount-pleasant-wi,10,https://news.microsoft.com/source/2024/05/08/microsoft-announces-3-3-billion-investment-in-wisconsin-to-spur-artificial-intelligence-innovation-and-economic-growth/
microsoft-mountain-west-des-moines-ia,Microsoft Project Mountain Data Center,Microsoft,data_center,operational,,reported,West Des Moines,Dallas,IA,41.5385054,-93.8253005,,,,,2026-09-16,https://www.compute-atlas.com/facilities/microsoft-mountain-west-des-moines-ia,3,https://wdmchamber.org/economic-development/microsoft-data-centers/
microsoft-mwh-quincy-wa,Microsoft MWH Data Center,Microsoft Corporation,data_center,operational,,confirmed,Quincy,Grant,WA,47.237888,-119.8875891,,,,2018-06-06,2026-09-21,https://www.compute-atlas.com/facilities/microsoft-mwh-quincy-wa,3,https://ecology.wa.gov/Asset-Collections/Doc-Assets/Air-quality/Data-Centers/Microsoft-MWH-formerly-Oxford-data-center/20220937MicrosoftMWH22AQE035
microsoft-northlake-il,Microsoft Northlake Data Center,Microsoft,data_center,operational,,confirmed,Northlake,Cook,IL,41.9231062,-87.9182633,158,,,,2026-09-21,https://www.compute-atlas.com/facilities/microsoft-northlake-il,2,https://dceo.illinois.gov/content/dam/soi/en/web/dceo/aboutdceo/reportsrequiredbystatute/2025-data-centers-annual-report.pdf
microsoft-orchard-parkway-san-jose-ca,Microsoft San Jose Data Center Campus (SJ04),Microsoft,data_center,proposed,,confirmed,San Jose,Santa Clara,CA,37.3796338,-121.9307551,,97.8,,,2026-09-21,https://www.compute-atlas.com/facilities/microsoft-orchard-parkway-san-jose-ca,5,https://ceqanet.lci.ca.gov/2023020229
microsoft-osmium-west-des-moines-ia,Microsoft Project Osmium Data Center,Microsoft,data_center,under_construction,,confirmed,West Des Moines,Warren,IA,41.500537,-93.7755662,,,,,2026-09-16,https://www.compute-atlas.com/facilities/microsoft-osmium-west-des-moines-ia,4,https://gowestdesmoines.com/portfolio-works/microsoft-osmium-data-center/
microsoft-palmetto-fulton-ga,Microsoft Palmetto Data Center,Microsoft,data_center,under_construction,,reported,Palmetto,Fulton,GA,33.5178907,-84.6696549,,,,,2026-09-23,https://www.compute-atlas.com/facilities/microsoft-palmetto-fulton-ga,2,https://local.microsoft.com/blog/palmetto-datacenter-construction-update/
microsoft-panhandle-road-mecklenburg-va,Microsoft Panhandle Road Campus (AVC17 expansion),Microsoft,data_center,proposed,,reported,Boydton,Mecklenburg,VA,36.6674,-78.3897,,,,2026-06-04,2026-09-09,https://www.compute-atlas.com/facilities/microsoft-panhandle-road-mecklenburg-va,1,http://web.archive.org/web/20260819033426/https://www.datacenterdynamics.com/en/news/microsoft-files-to-expand-data-center-campus-in-mecklenburg-county-virginia/
microsoft-pecos-tx,Microsoft Pecos Data Center Campus,Microsoft,data_center,proposed,confirmed,confirmed,Pecos,Reeves,TX,31.42,-103.49,,2000,,2026-06,2026-09-10,https://www.compute-atlas.com/facilities/microsoft-pecos-tx,2,https://blogs.microsoft.com/blog/2026/06/22/powering-the-next-wave-of-ai-expanding-capacity-with-our-new-datacenter-in-pecos/
microsoft-person-county-roxboro-nc,Microsoft Person County Mega Park,Microsoft,data_center,permitted,likely,confirmed,Roxboro,Person,NC,36.396,-78.9828,,,,2026,2026-07-26,https://www.compute-atlas.com/facilities/microsoft-person-county-roxboro-nc,3,https://businessnc.com/microsoft-buys-person-county-mega-park-for-27-million/
microsoft-project-nova-caledonia-wi,Project Nova Data Center Campus (Caledonia),Microsoft,data_center,cancelled,,confirmed,Caledonia,Racine,WI,42.8210813,-87.8501324,,,,2025-09,2026-09-13,https://www.compute-atlas.com/facilities/microsoft-project-nova-caledonia-wi,5,https://www.wpr.org/news/caledonia-rezoning-microsoft-data-center-wisconsin
microsoft-ruthenium-west-des-moines-ia,Microsoft Project Ruthenium Data Center,Microsoft,data_center,proposed,,confirmed,West Des Moines,Madison,IA,41.4999095,-93.8098423,,,,,2026-08-08,https://www.compute-atlas.com/facilities/microsoft-ruthenium-west-des-moines-ia,3,https://gowestdesmoines.com/portfolio-works/microsoft-ruthenium-data-center/
microsoft-san-antonio-expansion-tx,Microsoft San Antonio SAT89/SAT90 Data Centers,Microsoft,data_center,under_construction,likely,reported,Castroville,Medina,TX,29.35,-98.88,,,,2025-05,2026-07-06,https://www.compute-atlas.com/facilities/microsoft-san-antonio-expansion-tx,4,https://www.datacenterdynamics.com/en/news/microsoft-files-for-data-center-campus-outside-san-antonio/
microsoft-silver-springs-lyon-county-nv,Microsoft Silver Springs Data Center Campus,Microsoft,data_center,proposed,likely,reported,Silver Springs,Lyon,NV,39.373597,-119.2267443,,,,,2026-08-29,https://www.compute-atlas.com/facilities/microsoft-silver-springs-lyon-county-nv,3,https://citizenportal.ai/articles/7417886/nevada/lyon-county/planning-commission-recommends-approval-of-two-microsoft-substations-in-silver-springs-amid-neighbor-concerns
microsoft-skipwith-road-campus-mecklenburg-va,Microsoft Skipwith Road Campus (LYH03),Microsoft,data_center,permitted,,confirmed,Boydton,Mecklenburg,VA,36.6798,-78.4194,,,,2023,2026-07-25,https://www.compute-atlas.com/facilities/microsoft-skipwith-road-campus-mecklenburg-va,3,https://www.nao.usace.army.mil/Media/Public-Notices/Article/3357496/nao-2022-02394-vmrc-22-v2715-microsoft-data-center-mecklenburg-county-virginia/
microsoft-tunstall-road-hillcrest-mecklenburg-va,Microsoft Tunstall Road Campus (Hillcrest / AVC09),Microsoft,data_center,permitted,,confirmed,South Hill,Mecklenburg,VA,36.74254,-78.10265,,,,2021,2026-07-25,https://www.compute-atlas.com/facilities/microsoft-tunstall-road-hillcrest-mecklenburg-va,4,https://www.nao.usace.army.mil/Media/Public-Notices/Article/3090248/nao-2013-01922-hillcrest-data-center-mecklenburg-county/
microsoft-tyrone-ga,Microsoft Tyrone Campus (Project Rita),Microsoft,data_center,permitted,likely,confirmed,Tyrone,Fayette,GA,33.494,-84.588,,96,,2023-11,2026-07-07,https://www.compute-atlas.com/facilities/microsoft-tyrone-ga,6,https://www.datacenterdynamics.com/en/news/microsoft-confirms-plans-for-data-center-in-tyrone-georgia/
microsoft-van-meter-ia,Microsoft Van Meter Data Center (Vision Park),Microsoft,data_center,proposed,,reported,Van Meter,Dallas,IA,41.5332166,-93.9548406,,,,,2026-09-10,https://www.compute-atlas.com/facilities/microsoft-van-meter-ia,2,https://www.aol.com/microsofts-van-meter-data-center-120442101.html
midamerican-holliday-creek-solar-ia,Holliday Creek Solar,MidAmerican Energy,power_generation,operational,,confirmed,,Webster County,IA,42.5671497,-94.101957,100,,,,2026-09-16,https://www.compute-atlas.com/facilities/midamerican-holliday-creek-solar-ia,2,https://www.midamericanenergy.com/newsroom/2022-holliday-creek
midamerican-knoxville-bess-ia,MidAmerican Energy Knoxville Battery Storage,MidAmerican Energy,power_generation,operational,,reported,Knoxville,Marion County,IA,41.315934,-93.0608256,1,,,,2026-09-16,https://www.compute-atlas.com/facilities/midamerican-knoxville-bess-ia,2,https://www.midamericanenergy.com/battery-storage
midcon-recovery-solutions-oklahoma-city-ok,MIDCON Recovery Solutions Data Center,MIDCON Recovery Solutions,data_center,operational,,reported,Oklahoma City,Oklahoma,OK,35.618,-97.567,,,,,2026-09-02,https://www.compute-atlas.com/facilities/midcon-recovery-solutions-oklahoma-city-ok,2,https://www.news9.com/oklahoma-city-news/where-are-data-centers-are-being-built-oklahoma-list
midwest-power-investors-rochelle-il,Steward Drive Data Center (Rochelle),Midwest Power Investors LLC (LFF Industrial),data_center,cancelled,,reported,Rochelle,Ogle,IL,41.8979132,-89.0482469,,150,,,2026-09-12,https://www.compute-atlas.com/facilities/midwest-power-investors-rochelle-il,1,https://www.rockfordnewsfirst.com/2026/04/28/rochelle-city-council-unanimously-rejects-data-center-proposal/
milligan-1-wind-saline-ne,Milligan I Wind Project,EDF Renewables,power_generation,operational,,confirmed,Milligan,Saline,NE,40.5011,-97.3903,300,,Omaha Public Power District,,2026-08-21,https://www.compute-atlas.com/facilities/milligan-1-wind-saline-ne,2,https://www.edf-re.com/press-release/edf-renewables-north-america-acquires-nebraska-wind-project/
miningstore-eldora-township-ia,MiningStore Eldora Township Site,MiningStore,crypto_mining,permitted,,reported,Eldora,Hardin,IA,42.3622,-93.0996,,5,,,2026-08-14,https://www.compute-atlas.com/facilities/miningstore-eldora-township-ia,2,https://www.thegazette.com/energy/hardin-county-approves-two-crypto-mining-sites/
miningstore-grundy-center-ia,MiningStore Grundy Center Facility,MiningStore,crypto_mining,cancelled,,confirmed,Grundy Center,Grundy,IA,42.37,-92.925,,,,2019,2026-08-05,https://www.compute-atlas.com/facilities/miningstore-grundy-center-ia,2,https://www.thegazette.com/news/grundy-county-bitcoin-mining-facility-destroyed-by-fire-sunday/article_444b579a-3015-547b-9415-e86bddd73150.html
miningstore-st-anthony-ia,MiningStore St. Anthony Site,MiningStore,crypto_mining,operational,,reported,St. Anthony,Marshall,IA,42.1355,-93.1988,,,,,2026-08-14,https://www.compute-atlas.com/facilities/miningstore-st-anthony-ia,1,https://www.thegazette.com/energy/hardin-county-approves-two-crypto-mining-sites/
miningstore-union-township-hardin-ia,MiningStore Union Township Site,MiningStore,crypto_mining,permitted,,reported,Union,Hardin,IA,42.2453,-93.0788,,5,,,2026-08-14,https://www.compute-atlas.com/facilities/miningstore-union-township-hardin-ia,2,https://www.thegazette.com/energy/hardin-county-approves-two-crypto-mining-sites/
mission-college-data-center-santa-clara-ca,Mission College Data Center,Oppidan,data_center,permitted,,confirmed,Santa Clara,Santa Clara,CA,37.3887231,-121.9668334,,,,,2026-09-14,https://www.compute-atlas.com/facilities/mission-college-data-center-santa-clara-ca,3,https://www.energy.ca.gov/powerplant/reciprocating-engine/mission-college-data-center
mlp-ventures-plymouth-township-conshohocken-pa,MLP Ventures Plymouth Township Data Center (former Cleveland-Cliffs Conshohocken plant),MLP Ventures,data_center,proposed,,reported,Conshohocken,Montgomery,PA,40.086,-75.312,,,,2025,2026-09-25,https://www.compute-atlas.com/facilities/mlp-ventures-plymouth-township-conshohocken-pa,5,"https://metrophiladelphia.com/stories/plymouth-township-data-center-proposal,145572"
mmm-acquisitions-bells-ferry-marietta-ga,Bells Ferry Road Data Center (MMM Acquisitions),MMM Acquisitions LLC (developer; end user undisclosed),data_center,permitted,,reported,Marietta,Cobb,GA,33.9916854,-84.5507217,,,,,2026-09-10,https://www.compute-atlas.com/facilities/mmm-acquisitions-bells-ferry-marietta-ga,1,https://www.wsbtv.com/news/local/cobb-county/marietta-city-council-approves-plan-31-acre-data-center/UIDXM4QEJ5EMDGAQMPLRENRRF4/
mn8-mammoth-solar-kanawha-county-wv,Mammoth Solar,MN8 Energy,power_generation,proposed,,reported,,Kanawha,WV,38.3428208,-81.5089835,,86,Google,,2026-09-22,https://www.compute-atlas.com/facilities/mn8-mammoth-solar-kanawha-county-wv,4,https://www.globenewswire.com/news-release/2026/09/02/3355060/0/en/mn8-energy-google-and-eos-energy-enterprises-bring-advanced-clean-energy-solutions-to-west-virginia.html
mon-power-davis-solar-tucker-county-wv,Davis Solar Site,Mon Power / Potomac Edison (FirstEnergy),power_generation,proposed,,reported,Davis,Tucker,WV,39.1287273,-79.4647632,,11.5,,,2026-09-22,https://www.compute-atlas.com/facilities/mon-power-davis-solar-tucker-county-wv,2,https://www.firstenergycorp.com/newsroom/news_articles/mon-power-potomac-edison-select-site-for-natural-gas-power-plant.html
mon-power-maidsville-energy-center-monongalia-county-wv,Maidsville Energy Center,Mon Power / Potomac Edison (FirstEnergy),power_generation,proposed,,confirmed,Maidsville,Monongalia,WV,39.6739,-79.9247,,1200,,,2026-09-22,https://www.compute-atlas.com/facilities/mon-power-maidsville-energy-center-monongalia-county-wv,3,https://www.dominionpost.com/2026/05/13/mon-power-potomac-edison-moving-forward-on-new-gas-fired-power-plant/
mon-power-valley-point-solar-preston-county-wv,Valley Point Solar Site,Mon Power / Potomac Edison (FirstEnergy),power_generation,proposed,,reported,Valley Point,Preston,WV,39.5800843,-79.6367166,,50,,,2026-09-22,https://www.compute-atlas.com/facilities/mon-power-valley-point-solar-preston-county-wv,2,https://www.firstenergycorp.com/newsroom/news_articles/mon-power-potomac-edison-select-site-for-natural-gas-power-plant.html
mon-power-wylie-ridge-solar-hancock-county-wv,Wylie Ridge Solar Site (Weirton),Mon Power / Potomac Edison (FirstEnergy),power_generation,proposed,,reported,Weirton,Hancock,WV,40.4002396,-80.5899788,,8.4,,,2026-09-22,https://www.compute-atlas.com/facilities/mon-power-wylie-ridge-solar-hancock-county-wv,2,https://www.firstenergycorp.com/newsroom/news_articles/mon-power-potomac-edison-select-site-for-natural-gas-power-plant.html
monarch-cloud-campus-generation-mason-county-wv,Monarch Cloud Campus On-Site Generation (864-engine natural gas microgrid),Monarch Cloud Campus LLC,power_generation,proposed,,confirmed,Point Pleasant,Mason,WV,38.8514,-82.1352,,2160,Nscale,,2026-09-21,https://www.compute-atlas.com/facilities/monarch-cloud-campus-generation-mason-county-wv,3,https://www.herald-dispatch.com/news/new-permits-eyed-for-mason-co-data-center-tied-project-after-eight-figure-wv-support/article_4cf595a0-abef-4dac-8117-4ef159ca8a81.html
monarch-data-center-yerington-nv,Monarch Data Center,Copia Power,data_center,permitted,likely,confirmed,Yerington,Lyon,NV,38.9855429,-119.162989,,1000,,2025-07,2026-09-11,https://www.compute-atlas.com/facilities/monarch-data-center-yerington-nv,4,https://www.kolotv.com/2026/08/07/lyon-county-commissioners-approve-monarch-data-center/
monarch-on-site-generation-yerington-nv,Monarch Data Center On-Site Generation,Copia Power,power_generation,proposed,,reported,Yerington,Lyon,NV,38.9855429,-119.162989,,500,Copia Power,2026-08,2026-08-29,https://www.compute-atlas.com/facilities/monarch-on-site-generation-yerington-nv,2,https://www.carsonnow.org/08/09/2026/massive-data-center-in-lyon-county-is-one-step-closer-to-being-built
monarch-rock-air-rockford-il,Rock Air Data Center Campus,Monarch Energy,data_center,proposed,,reported,Rockford,,IL,42.1514357,-89.101077,,1400,,2026-06,2026-09-12,https://www.compute-atlas.com/facilities/monarch-rock-air-rockford-il,2,https://www.rockfordnewsfirst.com/2026/07/01/incentive-deal-proposed-rockford-data-center-shows-possible-development-timeline/
montana-property-group-high-falls-road-spalding-ga,High Falls Road Data Center Campus (Montana Property Group),Montana Property Group LLC (developer; end user undisclosed),data_center,permitted,,reported,Griffin,Spalding,GA,33.2468,-84.2641,,,,,2026-09-23,https://www.compute-atlas.com/facilities/montana-property-group-high-falls-road-spalding-ga,2,https://www.griffindailynews.com/news/data-centers-could-bring-high-tax-revenue-to-spalding-county/article_fe0871d7-695d-5ea7-924f-d89b2aeb6b33.html
monticello-tech-park-frattalone-mn,Monticello Tech Park (Monticello Tech LLC / Frattalone),"Frattalone Companies (via Monticello Tech, LLC)",data_center,proposed,,reported,Monticello,Wright,MN,45.298583,-93.7994056,,,,,2026-08-24,https://www.compute-atlas.com/facilities/monticello-tech-park-frattalone-mn,1,https://www.hometownsource.com/monticello_times/two-data-center-proposals-on-the-table-in-monticello/article_502daa86-6ea3-4728-a1f5-88ac70cbc7f7.html
moonshot-solar-hancock-ms,Moonshot Solar,"Moonshot Solar, LLC",power_generation,operational,,reported,,Hancock,MS,30.437172,-89.5029,78.5,,,,2026-09-22,https://www.compute-atlas.com/facilities/moonshot-solar-hancock-ms,1,https://www.eia.gov/electricity/data/eia860m/xls/july_generator2026.xlsx
moreland-holding-moreland-ar,Moreland Holding Cryptomine,Moreland Holding LLC,crypto_mining,proposed,,reported,Moreland,Pope,AR,35.3675821,-92.9985046,,,,,2026-09-15,https://www.compute-atlas.com/facilities/moreland-holding-moreland-ar,3,https://katv.com/news/local/two-cryptomines-unsettle-quiet-moreland-community-locals-appeal-for-act-851-repeal-first-baptist-church-rick-smith-green-digital-jones-digital-llc-new-rays-cryptomining-bitcoin-arkansas-pope-county-russellville-block-ops-connie-hollis-chinese-company
morgan-valley-energy-center-ia,Morgan Valley Energy Center,Alliant Energy,power_generation,proposed,,confirmed,,Linn,IA,41.92,-91.83,,720,,,2026-08-21,https://www.compute-atlas.com/facilities/morgan-valley-energy-center-ia,4,https://www.kcrg.com/2026/06/27/rural-communities-push-back-alliant-energy-power-plant-proposal-near-linn-benton-county-line/
mountain-state-clean-energy-maidsville-monongalia-county-wv,Mountain State Clean Energy Center,Mountain State Clean Energy (Mountain State Energy Holdings; acquisition by AEP pending),power_generation,permitted,,confirmed,Maidsville,Monongalia,WV,39.707893,-79.95897,,1200,General large-load / data-center-driven demand growth across PJM (no single named customer),,2026-09-15,https://www.compute-atlas.com/facilities/mountain-state-clean-energy-maidsville-monongalia-county-wv,2,https://wvpublic.org/story/energy-environment/aep-to-buy-longview-power-plant/
mountain-state-renewables-solar-maidsville-monongalia-county-wv,Mountain State Renewables Solar Array (Longview site),Mountain State Renewables (Mountain State Energy Holdings; acquisition by AEP pending),power_generation,permitted,,reported,Maidsville,Monongalia,WV,39.707893,-79.95897,,50,,,2026-09-15,https://www.compute-atlas.com/facilities/mountain-state-renewables-solar-maidsville-monongalia-county-wv,2,https://wvpublic.org/story/energy-environment/aep-to-buy-longview-power-plant/
mowata-solar-acadia-parish-la,Mowata Solar,Lightsource bp,power_generation,proposed,,confirmed,,Acadia,LA,30.3918,-92.4044,,150,Meta,2026-07-23,2026-09-03,https://www.compute-atlas.com/facilities/mowata-solar-acadia-parish-la,2,https://lightsourcebp.com/us/news/lightsource-bp-and-meta-expand-partnership-with-new-power-purchase-agreement-for-mowata-solar-in-louisiana/
ms-solar-grid-data-new-orleans-east-la,MS Solar Grid Data (New Orleans East),MS Solar Grid Data,data_center,cancelled,,reported,New Orleans,Orleans,LA,30.0406363,-89.9786145,,,,,2026-08-26,https://www.compute-atlas.com/facilities/ms-solar-grid-data-new-orleans-east-la,1,https://www.wwno.org/economy/2026-01-29/new-orleans-city-council-bans-data-center-development-for-a-year-heres-why
msu-hpc2-portera-starkville-ms,Mississippi State University HPC2 — Malcolm A. Portera High Performance Computing Center,Mississippi State University (High Performance Computing Collaboratory),data_center,operational,,reported,Starkville,Oktibbeha,MS,33.4733639,-88.7907511,,,,,2026-09-14,https://www.compute-atlas.com/facilities/msu-hpc2-portera-starkville-ms,2,https://www.newsarchive.msstate.edu/newsroom/article/2019/12/msu-noaa-celebrate-orion-supercomputer
mudiita-ransom-township-lackawanna-pa,Mudiita Ransom Township Data Center Campus,Mudiita Land Venture LLC,data_center,cancelled,,reported,Ransom Township,Lackawanna,PA,41.4483,-75.7375,,750,,2026-07,2026-08-17,https://www.compute-atlas.com/facilities/mudiita-ransom-township-lackawanna-pa,2,https://baxtel.com/news/ransom-township-could-host-930-acre-data-centre-campus
muncy-data-center-lycoming-county-pa,Muncy Data Center,Danko Holdings II,data_center,permitted,,reported,Muncy,Lycoming,PA,41.23,-76.804,,,,2026-04,2026-09-25,https://www.compute-atlas.com/facilities/muncy-data-center-lycoming-county-pa,6,https://www.sungazette.com/news/top-news/2026/06/site-plan-offers-details-on-data-center-proposal/
murray-industries-pineville-bell-ky,Murray Industries Pineville Data Center,Murray Industries,data_center,proposed,,reported,Pineville,Bell,KY,36.7620301,-83.6949176,,360,,,2026-09-21,https://www.compute-atlas.com/facilities/murray-industries-pineville-bell-ky,5,https://www.wymt.com/2026/06/26/bell-county-residents-pack-courthouse-oppose-data-center-construction/
mwtn-data-center-of-the-rockies-casper-wy,Data Center of the Rockies,Mountain West Technologies,data_center,operational,,reported,Casper,Natrona,WY,42.8602,-106.3355,,,,,2026-09-14,https://www.compute-atlas.com/facilities/mwtn-data-center-of-the-rockies-casper-wy,2,https://www.mwtn.net/data-centers
natelli-appeal-digital-park-lusby-md,Appeal Digital Park,Natelli Holdings,data_center,proposed,,reported,Lusby,Calvert,MD,38.39,-76.435,,300,,,2026-09-10,https://www.compute-atlas.com/facilities/natelli-appeal-digital-park-lusby-md,4,https://www.choosecalvert.com/4058/Natelli-Communities
natelli-new-hill-nc,Natelli New Hill Digital Campus,Natelli Holdings,data_center,cancelled,likely,reported,New Hill,Wake,NC,35.6526,-79.0033,,300,,,2026-09-24,https://www.compute-atlas.com/facilities/natelli-new-hill-nc,4,https://www.blackridgeresearch.com/blog/latest-list-of-biggest-largest-upcoming-data-centers-north-carolina-united-states-us
natelli-vance-county-henderson-nc,Natelli Vance County Campus (proposed),Natelli Investments,data_center,proposed,,rumored,Henderson,Vance,NC,36.3085,-78.4709,,,,,2026-07-18,https://www.compute-atlas.com/facilities/natelli-vance-county-henderson-nc,2,https://www.datacenterdynamics.com/en/news/officials-in-north-carolina-county-give-ok-for-rezoning-potential-data-center-incoming/
nautilus-cryptomine-building-1-pa,Nautilus Cryptomine - Building 1,Talen Energy,crypto_mining,operational,,reported,Berwick (Salem Township),Luzerne,PA,41.0826255,-76.1514194,,,,,2026-07-22,https://www.compute-atlas.com/facilities/nautilus-cryptomine-building-1-pa,2,https://baxtel.com/data-center/talen-nautilus-cryptomine
nautilus-millinocket-me,Nautilus Data Technologies Data Center (Former Great Northern Paper Mill / One North),Nautilus Data Technologies,data_center,cancelled,,confirmed,Millinocket,Penobscot,ME,45.6501257,-68.7073294,,60,,,2026-09-21,https://www.compute-atlas.com/facilities/nautilus-millinocket-me,3,https://www.bangordailynews.com/2025/04/09/mainefocus/mainefocus-business/300m-data-center-former-millinocket-paper-mill-canceled/
nautilus-stockton-1-ca,Nautilus Stockton 1 Data Center,Nautilus Data Technologies,data_center,operational,,confirmed,Stockton,San Joaquin,CA,37.9633,-121.3681,6.5,,,,2026-09-21,https://www.compute-atlas.com/facilities/nautilus-stockton-1-ca,3,https://nautilusdt.com/stockton-data-center/
navy-dsrc-stennis-space-center-ms,Navy DoD Supercomputing Resource Center,U.S. Navy (DoD High Performance Computing Modernization Program),data_center,operational,,reported,Stennis Space Center,Hancock,MS,30.3776388,-89.5978312,,,,,2026-09-14,https://www.compute-atlas.com/facilities/navy-dsrc-stennis-space-center-ms,1,https://defensescoop.com/2023/04/27/navys-powerful-new-supercomputer-nautilus-is-officially-open-for-dod-use/
ncar-wyoming-supercomputing-center-cheyenne-wy,NCAR-Wyoming Supercomputing Center,University Corporation for Atmospheric Research (UCAR),data_center,operational,,confirmed,Cheyenne,Laramie,WY,41.1289,-104.8974,,,,2012,2026-09-02,https://www.compute-atlas.com/facilities/ncar-wyoming-supercomputing-center-cheyenne-wy,2,https://www.cisl.ucar.edu/ncar-wyoming-supercomputing-center
nccs-massena-reynolds-ny,North Country Collocation Services Massena Data Center (former Reynolds site),North Country Collocation Services (NCCS),data_center,proposed,likely,confirmed,Massena,St. Lawrence,NY,44.979,-74.73,,635,,,2026-09-09,https://www.compute-atlas.com/facilities/nccs-massena-reynolds-ny,2,https://www.northcountrypublicradio.org/news/story/53469/20260522/massena-town-planning-board-takes-no-action-at-data-center-meeting
ne-edge-millstone-ct,NE Edge Millstone Nuclear Data Center,NE Edge,data_center,cancelled,likely,confirmed,Waterford,New London,CT,41.3218,-72.1582,,300,,2023-01,2026-07-06,https://www.compute-atlas.com/facilities/ne-edge-millstone-ct,2,https://ctmirror.org/2024/01/19/millstone-power-plant-ct-data-center-nuclear/
nebius-bhm01-birmingham-al,Nebius Birmingham AI Factory (BHM01),Nebius Group,data_center,under_construction,confirmed,confirmed,Birmingham,Jefferson,AL,33.4556,-86.8131,,300,,2025-09-30,2026-09-28,https://www.compute-atlas.com/facilities/nebius-bhm01-birmingham-al,10,https://nebius.com/birminghamal
nebius-independence-mo,Nebius AI Factory (Independence),Nebius Group,data_center,under_construction,confirmed,confirmed,Independence,Jackson,MO,39.089,-94.342,,1200,,2026-03,2026-08-24,https://www.compute-atlas.com/facilities/nebius-independence-mo,4,https://nebius.com/newsroom/nebius-breaks-ground-on-gigawatt-scale-ai-factory-in-independence-missouri
nebius-vineland-nj,Nebius Vineland Data Center,Nebius Group,data_center,operational,confirmed,confirmed,Vineland,Cumberland,NJ,39.4862,-74.992,100,300,,2025,2026-09-21,https://www.compute-atlas.com/facilities/nebius-vineland-nj,11,https://nebius.com/newsroom/nebius-accelerates-us-expansion-adding-up-to-300-mw-capacity-at-new-data-center-in-new-jersey
nebraska-colocation-centers-lincoln-ne,Nebraska Colocation Centers — Lincoln (Sharp Building),Nebraska Colocation Centers,data_center,operational,,reported,Lincoln,Lancaster,NE,40.8120852,-96.7022622,,,,,2026-09-16,https://www.compute-atlas.com/facilities/nebraska-colocation-centers-lincoln-ne,2,https://strictly-business.com/cover-story/nebraska-colocation-centers-defining-moment-technology-lincoln-nebraska/
nemadji-trail-energy-center-superior-wi,Nemadji Trail Energy Center,"South Shore Energy, LLC (ALLETE) and Dairyland Power Cooperative",power_generation,permitted,,confirmed,Superior,Douglas,WI,46.6915618,-92.045028,,550,,,2026-09-13,https://www.compute-atlas.com/facilities/nemadji-trail-energy-center-superior-wi,3,https://psc.wi.gov/Pages/CommissionActions/CasePages/NemadjiTrailEnergyCenterProject.aspx
nestory-park-1215-michigan-street-san-francisco-ca,1215 Michigan Street Data Center (Nestory Park Capital proposal),Nestory Park Capital,data_center,proposed,,rumored,San Francisco,San Francisco,CA,37.7532109,-122.3853887,,,,2026-09,2026-09-21,https://www.compute-atlas.com/facilities/nestory-park-1215-michigan-street-san-francisco-ca,1,https://www.yahoo.com/news/us/articles/exclusive-major-f-waterfront-may-013424462.html
netl-computational-science-engineering-center-morgantown-wv,NETL Computational Science and Engineering Center,National Energy Technology Laboratory (U.S. Department of Energy),data_center,under_construction,,reported,Morgantown,Monongalia,WV,39.669344,-79.977168,,,,,2026-09-22,https://www.compute-atlas.com/facilities/netl-computational-science-engineering-center-morgantown-wv,2,https://netl.doe.gov/node/14819
netrality-210-north-tucker-st-louis-mo,Netrality 210 North Tucker (St. Louis),Netrality Data Centers,data_center,operational,,reported,St. Louis,St. Louis city,MO,38.6292617,-90.1971749,,,,,2026-09-21,https://www.compute-atlas.com/facilities/netrality-210-north-tucker-st-louis-mo,2,https://netrality.com/data-center/210-north-tucker-st-louis/
netrality-325-hudson-street-ny,325 Hudson Street,"Netrality Properties (JV with Jamestown, LP); H5 Data Centers operates colocation space in the building",data_center,operational,,confirmed,New York,New York,NY,40.7268,-74.008,,,,,2026-09-09,https://www.compute-atlas.com/facilities/netrality-325-hudson-street-ny,2,https://h5datacenters.com/H5-Expands-NYC.html
netrality-401-north-broad-philadelphia-pa,Netrality 401 North Broad,Netrality Data Centers,data_center,operational,,reported,Philadelphia,Philadelphia,PA,39.9601,-75.1619,,,,,2026-09-21,https://www.compute-atlas.com/facilities/netrality-401-north-broad-philadelphia-pa,1,https://netrality.com/data-center/401-north-broad-philadelphia/
netrality-717-south-wells-il,Netrality 717 South Wells,Netrality Data Centers,data_center,operational,,reported,Chicago,Cook,IL,41.8728811,-87.63344,,,,,2026-07-23,https://www.compute-atlas.com/facilities/netrality-717-south-wells-il,2,https://netrality.com/locations/
netsonic-green-bay-wi,Netsonic Green Bay Data Center,Netsonic (Dynamic Ventures LLC),data_center,operational,mixed_use,reported,Green Bay,Brown,WI,44.5155,-87.995,4,,,,2026-09-21,https://www.compute-atlas.com/facilities/netsonic-green-bay-wi,1,https://www.netsonic.net/datacenter.php
neural-nexus-memphis-tn,Neural Nexus Innovation District,Legacy Power Capital,data_center,proposed,confirmed,reported,Memphis,Shelby,TN,35.1428067,-90.0500147,,,,,2026-09-13,https://www.compute-atlas.com/facilities/neural-nexus-memphis-tn,2,https://memphischamber.com/blog/press-release/legacy-power-capital-announces-neural-nexus-innovation-district-in-downtown-memphis/
new-carlisle-chicago-trail-data-center-st-joseph-county-in,New Carlisle Chicago Trail Data Center (rezoning denied),Undisclosed,data_center,cancelled,,reported,New Carlisle,St. Joseph,IN,41.7003,-86.5089,,,,,2026-09-01,https://www.compute-atlas.com/facilities/new-carlisle-chicago-trail-data-center-st-joseph-county-in,1,https://www.wvpe.org/wvpe-news/2025-12-10/council-denies-rezoning-for-data-center-near-new-carlisle
new-day-ports-technology-campus-piketon-oh,PORTS-Pike Technology Campus,SB Energy,data_center,under_construction,,confirmed,Piketon,Pike,OH,39.06,-83.02,,10000,,,2026-09-01,https://www.compute-atlas.com/facilities/new-day-ports-technology-campus-piketon-oh,12,https://constructionreviewonline.com/67-2b-ports-technology-campus-gains-fast-41-status-advancing-ohio-ai-megaproject/
new-era-energy-digital-lea-county-data-center-nm,Lea County Data Center,"New Era Energy & Digital, Inc.",data_center,proposed,confirmed,reported,Lovington,Lea,NM,32.7,-103.3,,7000,,,2026-09-15,https://www.compute-atlas.com/facilities/new-era-energy-digital-lea-county-data-center-nm,6,https://www.datacenterdynamics.com/en/news/new-era-plans-7gw-ai-data-center-in-lea-county-new-mexico-powered-by-gas-and-nuclear/
new-era-technology-appleton-wi,New Era Technology Appleton Data Center,New Era Technology,data_center,operational,,reported,Appleton,Outagamie,WI,44.2998488,-88.370814,,,,,2026-09-13,https://www.compute-atlas.com/facilities/new-era-technology-appleton-wi,3,https://www.godatacenters.com/data-centers/wisconsin/appleton/3069b211-42d8-4380-8f43-77c22a7c2397
newberry-bitcoin-mine-luce-county-mi,Newberry Bitcoin Mine (Cloverland Electric service territory),Undisclosed,crypto_mining,operational,,reported,Newberry,Luce,MI,46.3559523,-85.5098868,,,,,2026-09-21,https://www.compute-atlas.com/facilities/newberry-bitcoin-mine-luce-county-mi,3,https://bridgemi.com/business-watch/crypto-mines-noisy-nuisance-some-should-michigan-regulate-them/
newfold-digital-provo-ut,Newfold Digital Utah County Data Center,Newfold Digital,data_center,operational,,reported,Provo,Utah,UT,40.23373,-111.65871,3,,,,2026-08-15,https://www.compute-atlas.com/facilities/newfold-digital-provo-ut,2,https://d36oiwf74r1rap.cloudfront.net/wp-content/uploads/2026/04/Data-Center-Growth-FS-Apr2026.pdf
newrays-one-bono-ar,NewRays One Bitcoin Mine,NewRays One LLC,crypto_mining,operational,,confirmed,Bono,Faulkner,AR,35.256,-92.476,,,,,2026-08-05,https://www.compute-atlas.com/facilities/newrays-one-bono-ar,3,https://katv.com/news/local/newrays-one-crypto-mine-in-bono-facing-federal-lawsuit-amid-investigation-by-attorney-general-metahash-global-greenland-usa-yizheng-ethan-wang-arkansas-cryptomining-bitcoin-green-digital-jones-digital-moreland-holding-faulkner-county-chinese-ownership
newrays-two-paris-tn,Newrays Two LLC Mining Site (Paris),Newrays Two LLC,crypto_mining,operational,,rumored,Paris,Henry,TN,36.3270316,-88.3200731,,,,,2026-09-14,https://www.compute-atlas.com/facilities/newrays-two-paris-tn,1,https://www.openstreetmap.org/way/1459680304
nextera-bellefonte-solar-hollywood-al,Bellefonte Solar Energy Center,NextEra Energy Resources,power_generation,proposed,,reported,Hollywood,Jackson,AL,34.6887766,-85.9635901,,150,Google,2019-01,2026-09-15,https://www.compute-atlas.com/facilities/nextera-bellefonte-solar-hollywood-al,2,https://www.waff.com/2019/01/18/largest-solar-farm-alabama-be-constructed-jackson-county-feed-google-data-center/
nextera-big-cypress-solar-crittenden-county-ar,Big Cypress Solar,NextEra Energy Resources,power_generation,operational,,confirmed,,Crittenden,AR,35.3276782,-90.3158835,180,,,,2026-09-29,https://www.compute-atlas.com/facilities/nextera-big-cypress-solar-crittenden-county-ar,2,https://www.gem.wiki/Big_Cypress_Solar
nextera-chicot-solar-lake-village-ar,Chicot Solar Energy Center,NextEra Energy Resources,power_generation,operational,,confirmed,Lake Village,Chicot,AR,33.4765647,-91.3576725,100,,Entergy Arkansas (20-year PPA),,2026-09-29,https://www.compute-atlas.com/facilities/nextera-chicot-solar-lake-village-ar,3,https://www.entergy.com/news/second-entergy-arkansas-solar-project-begins-operation
nextera-forgeview-solar-mississippi-county-ar,Forgeview Solar,NextEra Energy Resources,power_generation,operational,,confirmed,,Mississippi,AR,35.9459,-89.869,200,,Entergy Arkansas,,2026-09-29,https://www.compute-atlas.com/facilities/nextera-forgeview-solar-mississippi-county-ar,3,https://www.nexteraenergyresources.com/forgeview-solar/project-overview.html
nextera-greer-solar-washington-ms,Greer Solar,"NextEra Energy Resources (Greer Solar, LLC)",power_generation,under_construction,,confirmed,,Washington,MS,33.1155,-90.8308,,170,,,2026-09-22,https://www.compute-atlas.com/facilities/nextera-greer-solar-washington-ms,6,https://www.nexteraenergyresources.com/greer-solar-project/project-overview.html
nextera-high-spring-solar-muskogee-county-ok,High Spring Solar,NextEra Energy Resources,power_generation,proposed,,confirmed,,Muskogee,OK,35.62,-95.38,,400,Google,,2026-08-19,https://www.compute-atlas.com/facilities/nextera-high-spring-solar-muskogee-county-ok,2,https://www.nexteraenergyresources.com/high-spring-solar/project-overview.html
nextera-little-ashdown-solar-little-river-county-ar,Little Ashdown Solar,NextEra Energy Resources,power_generation,proposed,,reported,,Little River,AR,33.6968793,-94.2065398,,200,,,2026-09-29,https://www.compute-atlas.com/facilities/nextera-little-ashdown-solar-little-river-county-ar,2,https://www.project.nexteraenergyresources.com/little-ashdown-solar
nextera-paducah-generation-mccracken-ky,NextEra Paducah Site Dedicated Generation,NextEra Energy,power_generation,proposed,,confirmed,Kevil,McCracken,KY,37.11389,-88.81028,,2000,Brookfield (Paducah Site AI Data Center Campus),,2026-09-22,https://www.compute-atlas.com/facilities/nextera-paducah-generation-mccracken-ky,5,https://www.energy.gov/articles/energy-department-announces-partnership-expand-reliable-affordable-energy-access-and-power
nextera-rush-springs-solar-stephens-county-ok,Rush Springs Solar,NextEra Energy Resources,power_generation,proposed,,confirmed,,Stephens,OK,34.49,-97.85,,200,Google,,2026-08-19,https://www.compute-atlas.com/facilities/nextera-rush-springs-solar-stephens-county-ok,2,https://www.nexteraenergyresources.com/rush-springs-solar.html
nextera-stuttgart-solar-arkansas-county-ar,Stuttgart Solar Energy Center,NextEra Energy Resources,power_generation,operational,,confirmed,Stuttgart,Arkansas,AR,34.4393869,-91.441733,81,,Entergy Arkansas (20-year PPA),,2026-09-29,https://www.compute-atlas.com/facilities/nextera-stuttgart-solar-arkansas-county-ar,3,https://www.solarpowerworldonline.com/2018/05/entergy-nextera-energy-resources-arkansas-solar-project/
nextera-wildwood-solar-tallahatchie-ms,Wildwood Solar,NextEra Energy Resources (Wildwood Solar LLC),power_generation,operational,,reported,Webb,Tallahatchie,MS,33.9348,-90.3386,100,,,,2026-09-14,https://www.compute-atlas.com/facilities/nextera-wildwood-solar-tallahatchie-ms,4,https://www.tallahatchienews.ms/solar-electric-generating-facility-site-prep-ongoing
nextnrg-nassau-county-data-center-energy-campus-fl,NextNRG Nassau County Data Center & Energy Campus,NextNRG,data_center,proposed,,reported,,Nassau,FL,30.55,-81.68,,200,,,2026-09-10,https://www.compute-atlas.com/facilities/nextnrg-nassau-county-data-center-energy-campus-fl,2,https://www.datacenterdynamics.com/en/news/nextnrg-secures-lease-for-energy-and-data-center-campus-in-nassau-county-florida/
nexus-hubbard-campus-hill-county-tx,Nexus Hubbard Data Center & Power Campus,Nexus Data Centers,data_center,under_construction,likely,reported,Hubbard,Hill,TX,31.824001,-96.776243,,612,,,2026-08-25,https://www.compute-atlas.com/facilities/nexus-hubbard-campus-hill-county-tx,7,https://www.datacenterdynamics.com/en/news/600mw-natural-gas-powered-data-center-campus-proposed-in-hubbard-texas/
niagara-digital-campus-niagara-falls-ny,Niagara Digital Campus,Urbacon Data Centre Solutions,data_center,proposed,likely,reported,Niagara Falls,Niagara,NY,43.0885,-79.0603,,135,,,2026-09-09,https://www.compute-atlas.com/facilities/niagara-digital-campus-niagara-falls-ny,4,https://baxtel.com/data-center/urbacon-niagara-digital-campus
nine-mile-data-myton-duchesne-county-ut,Nine Mile Data Center (Uinta Basin Data Center Project),"Nine Mile Data, LLC",data_center,permitted,,reported,Myton,Duchesne,UT,40.193,-110.0568,,,,,2026-09-21,https://www.compute-atlas.com/facilities/nine-mile-data-myton-duchesne-county-ut,3,https://uintahbasindatacenter.com/infrastructure.html
nipsco-genco-schahfer-wheatfield-in,NIPSCO GenCo Schahfer Natural Gas Plants,NIPSCO Generation LLC (GenCo),power_generation,permitted,,reported,Wheatfield,Jasper,IN,41.1911,-87.0592,,2600,Amazon Web Services,2025-09,2026-09-01,https://www.compute-atlas.com/facilities/nipsco-genco-schahfer-wheatfield-in,3,https://www.wfyi.org/news/articles/nipsco-plans-large-natural-gas-plant-to-serve-data-centers-through-new-subsidiary
njfx-wall-township-nj,NJFX Cable Landing Station Campus,NJFX,data_center,operational,,confirmed,Wall Township,Monmouth,NJ,40.1615781,-74.0531626,12,10,,,2026-09-21,https://www.compute-atlas.com/facilities/njfx-wall-township-nj,3,https://njfx.net/ecosystem-of-carriers/campus-detail/
nlr-esif-hpc-data-center-golden-co,ESIF High-Performance Computing Data Center (Kestrel supercomputer),"National Laboratory of the Rockies (formerly NREL), U.S. Department of Energy",data_center,operational,,reported,Golden,Jefferson,CO,39.74024,-105.16718,,,,,2026-09-30,https://www.compute-atlas.com/facilities/nlr-esif-hpc-data-center-golden-co,3,https://www.energy.gov/cmei/articles/department-energys-newest-energy-research-dedicated-supercomputer-arrives-nrel
noaa-environmental-security-computing-center-fairmont-wv,NOAA Environmental Security Computing Center (NESCC),National Oceanic and Atmospheric Administration,data_center,operational,,reported,Fairmont,Marion,WV,39.484898,-80.1426539,,,,,2026-09-22,https://www.compute-atlas.com/facilities/noaa-environmental-security-computing-center-fairmont-wv,2,https://wvpress.org/breaking-news/noaas-100m-rhea-supercomputer-coming-to-fairmont-boosting-west-virginia-tech-growth/
noec-core-data-center-vinita-ok,CORE Data Center (Vinita),Northeast Oklahoma Electric Cooperative,data_center,operational,,reported,Vinita,Craig,OK,36.6408372,-95.156363,,,,2014,2026-09-14,https://www.compute-atlas.com/facilities/noec-core-data-center-vinita-ok,3,https://www.newson6.com/tulsa-oklahoma-news/where-are-data-centers-are-being-built-oklahoma-list
north-campbell-land-hopkinsville-50mw-christian-ky,North Campbell Land Co. Hopkinsville 50 MW Data Center,North Campbell Land Co. (Sphere 3D),data_center,proposed,,reported,Hopkinsville,Christian,KY,36.8657852,-87.489412,,50,,,2026-09-21,https://www.compute-atlas.com/facilities/north-campbell-land-hopkinsville-50mw-christian-ky,3,https://hoptownchronicle.org/hopkinsville-weighs-limits-on-data-centers-as-crypto-mine-proposes-expansion/
north-campbell-land-hopkinsville-mine-christian-ky,North Campbell Land Co. Hopkinsville Bitcoin Mine,North Campbell Land Co. (Sphere 3D),crypto_mining,operational,,confirmed,Hopkinsville,Christian,KY,36.8703081,-87.4798424,15,,,,2026-09-21,https://www.compute-atlas.com/facilities/north-campbell-land-hopkinsville-mine-christian-ky,4,https://hoptownchronicle.org/hopkinsville-weighs-limits-on-data-centers-as-crypto-mine-proposes-expansion/
north-port-holdings-300-deep-park-north-port-fl,Deep Park Data Center (North Port 300),North Port Holdings 300 LLC (end operator undisclosed),data_center,proposed,,reported,North Port,Sarasota,FL,27.0677773,-82.0743791,,,,2026-07-20,2026-09-21,https://www.compute-atlas.com/facilities/north-port-holdings-300-deep-park-north-port-fl,4,https://www.mysuncoast.com/2026/08/29/north-port-releases-new-information-proposed-data-center-commission-considers-moratorium/
northern-data-maysville-jackson-ga,Northern Data Maysville Data Center,Northern Data Group,data_center,permitted,confirmed,reported,Maysville,Jackson,GA,34.2527233,-83.5613446,,120,,,2026-09-23,https://www.compute-atlas.com/facilities/northern-data-maysville-jackson-ga,2,https://wgtjradio.com/maysville-rezoning-controversy-just-got-more-controversial/
northern-data-pryor-ok,Northern Data North American Operational Center (Pryor) — cancelled,Northern Data AG,crypto_mining,cancelled,,confirmed,Pryor,Mayes,OK,36.29167,-95.31806,,,,2022,2026-08-05,https://www.compute-atlas.com/facilities/northern-data-pryor-ok,3,https://nondoc.com/2022/03/09/northern-data-selects-oklahoma-for-north-american-headquarters/
northmark-valara-spartanburg-sc,NorthMark Strategies Spartanburg High-Performance Computing Center,Valara Holdings (NorthMark Strategies),data_center,under_construction,,reported,Spartanburg,Spartanburg,SC,34.923066,-81.851905,,450,,,2026-09-13,https://www.compute-atlas.com/facilities/northmark-valara-spartanburg-sc,4,https://spectrumlocalnews.com/sc/south-carolina/news/2026/04/23/south-carolina-news-data-center-power-generation-scdes
northpoint-fairfield-data-center-solano-ca,NorthPoint Fairfield Data Center (Vanden Road Industrial Campus),NorthPoint Development,data_center,proposed,,reported,Fairfield,Solano,CA,38.2898329,-121.9607882,,150,,,2026-09-12,https://www.compute-atlas.com/facilities/northpoint-fairfield-data-center-solano-ca,1,https://www.vallejosun.com/developers-planning-data-center-for-fairfield-industrial-park/
northstar-newport-solar-jackson-county-ar,Newport Solar Project,NorthStar Clean Energy,power_generation,operational,,confirmed,Newport,Jackson,AR,35.6794424,-91.1831841,180,,General Motors,,2026-09-29,https://www.compute-atlas.com/facilities/northstar-newport-solar-jackson-county-ar,2,https://www.arkansasonline.com/news/2024/aug/15/180-mw-solar-project-comes-to-newport/
nova-energy-cryptomine-frenchcreek-venango-county-pa,Nova Energy Natural Gas-Powered Cryptomine (Frenchcreek Township),Nova Energy LLC,crypto_mining,operational,,reported,,Venango,PA,41.44,-79.82,,,,2024-08,2026-08-02,https://www.compute-atlas.com/facilities/nova-energy-cryptomine-frenchcreek-venango-county-pa,4,https://www.explorevenango.com/local/2025/03/12/crypto-mining-facility-tied-to-gas-well-quietly-sets-up-in-venango-county-604919/
nova-innova-data-center-albuquerque-nm,Innova Data Center (Mesa del Sol),"NOVA Corporation (Diné Development Corporation, Navajo Nation); operated by Innava Data Solutions",data_center,operational,,reported,Albuquerque,Bernalillo,NM,35,-106.63,8,,,,2026-09-15,https://www.compute-atlas.com/facilities/nova-innova-data-center-albuquerque-nm,1,https://www.datacenterknowledge.com/archives/2015/06/29/navajo-owned-data-center-offers-way-to-diversify-tribes-revenue-base-beyond-casinos
novva-apex-industrial-park-north-las-vegas-nv,Novva Apex Industrial Park Data Center,Novva Data Centers,data_center,proposed,,reported,North Las Vegas,Clark,NV,36.3291,-114.9278,,,,2025-08,2026-08-14,https://www.compute-atlas.com/facilities/novva-apex-industrial-park-north-las-vegas-nv,2,https://baxtel.com/news/novva-data-centers-acquires-205-acres-of-land-in-las-vegas
novva-colorado-springs-co,Novva Colorado Springs Data Center,Novva Data Centers,data_center,operational,,confirmed,Colorado Springs,El Paso,CO,39.0130116,-104.8164434,40,,,2021-08-31,2026-08-26,https://www.compute-atlas.com/facilities/novva-colorado-springs-co,2,https://www.novva.com/media-center/novva-data-centers-acquires-colorado-springs-campus/
novva-las-vegas-nicco-way-nv,Novva Las Vegas Data Center,Novva Data Centers,data_center,operational,,confirmed,North Las Vegas,Clark,NV,36.266299,-115.0478715,100,,,2022-09-13,2026-09-11,https://www.compute-atlas.com/facilities/novva-las-vegas-nicco-way-nv,3,https://www.novva.com/data-center-facilities/las-vegas/
novva-mesa-az,Novva Mesa Data Center Campus,Novva Data Centers,data_center,under_construction,likely,confirmed,Mesa,Maricopa,AZ,33.3717,-111.6747,,300,,2024-08,2026-09-23,https://www.compute-atlas.com/facilities/novva-mesa-az,5,https://www.novva.com/media-center/novva-data-centers-announces-new-campus-in-mesa/
novva-san-francisco-400-paul-avenue-ca,Novva San Francisco (400 Paul Avenue),Novva Data Centers,data_center,operational,,confirmed,San Francisco,San Francisco,CA,37.72315,-122.398467,9,36,,,2026-09-21,https://www.compute-atlas.com/facilities/novva-san-francisco-400-paul-avenue-ca,3,https://www.novva.com/data-center-facilities/san-francisco-ca/
novva-tahoe-reno-storey-county-nv,Novva Tahoe Reno Data Center,Novva Data Centers,data_center,operational,likely,confirmed,McCarran,Storey,NV,39.53,-119.44,,60,,2025-07-08,2026-09-24,https://www.compute-atlas.com/facilities/novva-tahoe-reno-storey-county-nv,5,https://www.prnewswire.com/news-releases/novva-data-centers-announces-the-launch-of-tahoe-reno-data-center-302500299.html
novva-west-jordan-power-ut,Novva West Jordan On-Site Generation,"Novva SLC Common, LLC (Novva Data Centers)",power_generation,permitted,,confirmed,West Jordan,Salt Lake,UT,40.57389,-112.04576,,200,,,2026-09-04,https://www.compute-atlas.com/facilities/novva-west-jordan-power-ut,3,https://daqpermitting.utah.gov/DocViewer?IntDocID=151396&contentType=application%2Fpdf
novva-west-jordan-ut,Novva West Jordan Campus,Novva Data Centers,data_center,operational,,confirmed,West Jordan,Salt Lake,UT,40.57389,-112.04576,200,175,,,2026-09-21,https://www.compute-atlas.com/facilities/novva-west-jordan-ut,4,https://www.novva.com/data-center-facilities/utah/
nppd-princeton-road-station-lancaster-ne,Princeton Road Station,Nebraska Public Power District,power_generation,under_construction,,confirmed,,Lancaster,NE,40.570394,-96.78647,,1411,,2025,2026-09-04,https://www.compute-atlas.com/facilities/nppd-princeton-road-station-lancaster-ne,2,https://docs.nppd.com/PrincetonRoadStation.pdf
nppd-sheldon-station-lancaster-ne,Sheldon Station,Nebraska Public Power District,power_generation,operational,,confirmed,Hallam,Lancaster,NE,40.559264,-96.783911,228,,,,2026-09-16,https://www.compute-atlas.com/facilities/nppd-sheldon-station-lancaster-ne,2,https://www.gem.wiki/Sheldon_Station
nscale-monarch-mason-county-wv,Monarch Compute Campus,Nscale,data_center,under_construction,confirmed,confirmed,Point Pleasant,Mason,WV,38.87,-82.1,,2000,,2026-03,2026-09-15,https://www.compute-atlas.com/facilities/nscale-monarch-mason-county-wv,8,https://www.nscale.com/press-releases/nscale-west-virginia-ai-factory
ntt-ashburn-va1-data-center-va,NTT Ashburn VA1 Data Center,NTT Global Data Centers,data_center,operational,,reported,Ashburn,Loudoun,VA,39.0227436,-77.4548911,12.6,,,,2026-09-21,https://www.compute-atlas.com/facilities/ntt-ashburn-va1-data-center-va,3,https://services.global.ntt/en-us/services-and-products/global-data-centers/global-locations/americas/ashburn-va-1-data-center
ntt-ashburn-va2-data-center-va,NTT Ashburn VA2 Data Center,NTT Global Data Centers,data_center,operational,,reported,Ashburn,Loudoun,VA,39.0250127,-77.4576402,14,,,,2026-09-21,https://www.compute-atlas.com/facilities/ntt-ashburn-va2-data-center-va,4,https://services.global.ntt/en-us/services-and-products/global-data-centers/global-locations/americas/ashburn-va-2-data-center
ntt-ashburn-va5-data-center-va,NTT Ashburn VA5 Data Center,NTT Global Data Centers,data_center,operational,,reported,Ashburn,Loudoun,VA,39.0183033,-77.472611,32,,,,2026-09-21,https://www.compute-atlas.com/facilities/ntt-ashburn-va5-data-center-va,3,https://services.global.ntt/en-us/services-and-products/global-data-centers/global-locations/americas/ashburn-va-5-data-center
ntt-ashburn-va7-data-center-va,NTT Ashburn VA7 Data Center,NTT Global Data Centers,data_center,under_construction,,reported,Ashburn,Loudoun,VA,39.0160142,-77.471954,,,,,2026-09-21,https://www.compute-atlas.com/facilities/ntt-ashburn-va7-data-center-va,3,https://services.global.ntt/en-us/services-and-products/global-data-centers/global-locations/americas/ashburn-va7-data-center
ntt-ashburn-va8-data-center-va,NTT Ashburn VA8 Data Center,NTT Global Data Centers,data_center,operational,,reported,Ashburn,Loudoun,VA,39.0201893,-77.475509,,,,,2026-07-26,https://www.compute-atlas.com/facilities/ntt-ashburn-va8-data-center-va,3,https://services.global.ntt/en-us/services-and-products/global-data-centers/global-locations/americas/ashburn-data-centers
ntt-chicago-ch1-data-center-il,NTT Chicago CH1 Data Center,NTT Global Data Centers,data_center,operational,,reported,Itasca,DuPage,IL,41.9879619,-88.0072217,36,,,,2026-09-21,https://www.compute-atlas.com/facilities/ntt-chicago-ch1-data-center-il,3,https://services.global.ntt/en-us/services-and-products/global-data-centers/global-locations/americas/chicago-ch1-data-center
ntt-chicago-ch2-data-center-il,NTT Chicago CH2 Data Center,NTT Global Data Centers,data_center,operational,mixed_use,reported,Itasca,DuPage,IL,41.9890149,-88.0072131,36,,,,2026-09-21,https://www.compute-atlas.com/facilities/ntt-chicago-ch2-data-center-il,3,https://services.global.ntt/en-us/services-and-products/global-data-centers/global-locations/americas/chicago-ch2-data-center
ntt-data-quincy-data-center-wa,NTT Data Quincy Data Center,NTT DATA,data_center,operational,,reported,Quincy,Grant,WA,47.2435798,-119.8657481,,,,,2026-08-08,https://www.compute-atlas.com/facilities/ntt-data-quincy-data-center-wa,3,https://baxtel.com/data-center/ntt-data-quincy
ntt-global-data-centers-dallas-tx1-tx,NTT Global Data Centers Dallas TX1,NTT Global Data Centers,data_center,operational,,reported,Garland,Dallas,TX,32.9810371,-96.6563775,,,,,2026-07-22,https://www.compute-atlas.com/facilities/ntt-global-data-centers-dallas-tx1-tx,2,https://www.ragingwire.com/wholesale/wholesale-data-center-dallas-texas-tx1
ntt-global-mesa-az,NTT Global Data Centers Mesa — Pacific Proving Technology Park,NTT Global Data Centers,data_center,proposed,likely,reported,Mesa,Maricopa,AZ,33.3025,-111.62,,360,,2023-11,2026-08-08,https://www.compute-atlas.com/facilities/ntt-global-mesa-az,3,https://www.datacenterdynamics.com/en/news/ntt-acquires-173-acre-planned-data-center-park-in-mesa-arizona-for-300m/
ntt-hillsboro-hi1-data-center-or,NTT Hillsboro HI1 Data Center,NTT Global Data Centers,data_center,operational,,reported,Hillsboro,Washington,OR,45.5496803,-122.9373872,36,,,,2026-07-23,https://www.compute-atlas.com/facilities/ntt-hillsboro-hi1-data-center-or,3,https://services.global.ntt/en-us/newsroom/ntt-ltd-to-expand-us-data-center-footprint-to-hillsboro-oregon
ntt-phoenix-ph1-data-center-az,NTT Phoenix PH1 Data Center,NTT Global Data Centers,data_center,operational,,reported,Mesa,Maricopa,AZ,33.3536663,-111.6124114,36,,,,2026-09-21,https://www.compute-atlas.com/facilities/ntt-phoenix-ph1-data-center-az,2,https://services.global.ntt/en-us/services-and-products/global-data-centers/global-locations/americas/phoenix-ph1-data-center
ntt-sacramento-ca1-data-center-ca,NTT Sacramento CA1 Data Center,NTT Global Data Centers,data_center,operational,,reported,Sacramento,Sacramento,CA,38.6504319,-121.4891868,12.6,,,,2026-09-21,https://www.compute-atlas.com/facilities/ntt-sacramento-ca1-data-center-ca,3,https://services.global.ntt/en-us/services-and-products/global-data-centers/global-locations/americas/sacramento-ca-1-data-center
ntt-sacramento-ca2-data-center-ca,NTT Sacramento CA2 Data Center,NTT Global Data Centers,data_center,operational,,reported,Sacramento,Sacramento,CA,38.6504002,-121.4919461,,,,,2026-07-23,https://www.compute-atlas.com/facilities/ntt-sacramento-ca2-data-center-ca,3,https://services.global.ntt/en-us/services-and-products/global-data-centers/global-locations/americas/sacramento-data-centers
ntt-sacramento-ca3-data-center-ca,NTT Sacramento CA3 Data Center,NTT Global Data Centers,data_center,operational,,reported,Sacramento,Sacramento,CA,38.6442393,-121.4987627,,,,,2026-07-23,https://www.compute-atlas.com/facilities/ntt-sacramento-ca3-data-center-ca,3,https://services.global.ntt/en-us/services-and-products/global-data-centers/global-locations/americas/sacramento-data-centers
ntt-silicon-valley-sv1-data-center-ca,NTT Silicon Valley SV1 Data Center,NTT Global Data Centers,data_center,operational,,reported,Santa Clara,Santa Clara,CA,37.3690532,-121.9553378,16,,,,2026-09-21,https://www.compute-atlas.com/facilities/ntt-silicon-valley-sv1-data-center-ca,3,https://services.global.ntt/en-us/services-and-products/global-data-centers/global-locations/americas/silicon-valley-sv1-data-center
nuvu-county-drive-petersburg-va,NuVu County Drive Data Center Campus,NuVu Real Estate,data_center,permitted,,confirmed,Petersburg,,VA,37.193,-77.376,,300,,2026-01,2026-09-09,https://www.compute-atlas.com/facilities/nuvu-county-drive-petersburg-va,2,http://web.archive.org/web/20260721131420/https://richmondbizsense.com/2026/07/21/documents-reveal-details-on-data-center-projects-in-petersburgs-pipeline/
nydig-dfm-kraken-richland-mt,NYDIG DFM Kraken Central Site,NYDIG DFM,crypto_mining,permitted,,reported,Sidney vicinity (unincorporated),Richland,MT,47.873,-103.924,,,,2025,2026-08-05,https://www.compute-atlas.com/facilities/nydig-dfm-kraken-richland-mt,4,https://deq.mt.gov/files/Air/AirQuality/Documents/ARMpermits/5262-05.pdf
nygc-buena-vista-ai-factory-ione-ca,Buena Vista AI Factory,NewYork GreenCloud,data_center,proposed,,reported,Ione,Amador,CA,38.2782244,-120.9115886,,,,,2026-09-21,https://www.compute-atlas.com/facilities/nygc-buena-vista-ai-factory-ione-ca,3,https://mymotherlode.com/news/local/11078052/biomass-fueled-data-center-project-planned-in-amador-county.html
nyse-mahwah-data-center-nj,NYSE Data Center (Mahwah),New York Stock Exchange,data_center,operational,,confirmed,Mahwah,Bergen,NJ,41.078373,-74.15293,2.2,,,,2026-09-21,https://www.compute-atlas.com/facilities/nyse-mahwah-data-center-nj,3,https://inflect.com/building/1700-macarthur-boulevard-mahwah/new-york-stock-exchange/datacenter/euronextnj1
oakland-university-computing-auburn-hills-mi,Oakland University Campus Computing Facility,Fairmount Properties (with Oakland University),data_center,proposed,,confirmed,Auburn Hills,Oakland,MI,42.675,-83.215,,26,,,2026-09-21,https://www.compute-atlas.com/facilities/oakland-university-computing-auburn-hills-mi,3,http://oakland.edu/data-infrastructure/
oakley-brown-farm-road-cartersville-ga,Oakley Real Estate Partners Brown Farm Road Data Center,Oakley Real Estate Partners,data_center,proposed,,confirmed,Cartersville,Bartow,GA,34.1181,-84.8698,,,,,2026-09-30,https://www.compute-atlas.com/facilities/oakley-brown-farm-road-cartersville-ga,5,https://www.daily-tribune.com/news/bcpc-recommends-denial-of-brown-farm-data-center/article_54fd01af-4dd1-556e-9365-80b4b6ac8cc2.html
ocosa-321-south-boston-tulsa-ok,OCOSA Communications Tulsa Data Center (321 S Boston),OCOSA Communications,data_center,operational,,reported,Tulsa,Tulsa,OK,36.1535,-95.9905,,,,,2026-09-02,https://www.compute-atlas.com/facilities/ocosa-321-south-boston-tulsa-ok,2,https://baxtel.com/data-center/tulsa
odessa-partners-dafter-township-mi,Dafter Township Bitcoin Mine,Odessa Partners,crypto_mining,operational,,reported,Dafter,Chippewa,MI,46.3600203,-84.4272645,,,,,2026-09-09,https://www.compute-atlas.com/facilities/odessa-partners-dafter-township-mi,1,https://www.greatlakesnow.org/2025/10/a-bitcoin-mine-came-to-michigans-upper-peninsula-and-dafter-township-isnt-happy/
og-industries-beacon-falls-ct,Beacon Falls Data Center Campus (1 Lopus Road),O&G Industries,data_center,proposed,,reported,Beacon Falls,New Haven,CT,41.442318,-73.064334,,100,,,2026-09-30,https://www.compute-atlas.com/facilities/og-industries-beacon-falls-ct,2,https://agencycre.com/properties/one-of-the-northeasts-most-significant-planned-ai-digital-infrastructure-developments-beacon-falls-data-center/
okee-one-irsc-okeechobee-fl,Okee-One Data Center Campus,Indian River State College,data_center,cancelled,likely,confirmed,Okeechobee,Okeechobee,FL,27.24667,-80.83028,,,,,2026-09-10,https://www.compute-atlas.com/facilities/okee-one-irsc-okeechobee-fl,2,https://www.wlrn.org/government-politics/2026-04-29/scrapped-data-center-in-okeechobee-county-mirrors-rising-opposition-to-data-centers-in-south-florida
oklahoma-ai-ventures-black-bear-noble-county-ok,Black Bear AI Data Center Campus,Oklahoma AI Ventures LLC (Jericho Energy Ventures / Comstock Holding Companies JV),data_center,proposed,confirmed,reported,Perry,Noble,OK,36.2892,-97.2836,,,,2025-04,2026-09-02,https://www.compute-atlas.com/facilities/oklahoma-ai-ventures-black-bear-noble-county-ok,3,https://www.jerichoenergyventures.com/aidatacenter
oklo-aurora-pike-county-oh,Oklo Aurora Powerhouse,Oklo,power_generation,proposed,,confirmed,Piketon,Pike,OH,39.018,-82.996,,1200,Meta,2026-01-09,2026-07-11,https://www.compute-atlas.com/facilities/oklo-aurora-pike-county-oh,11,https://oklo.com/newsroom/news-details/2026/Oklo-Meta-Announce-Agreement-in-Support-of-1-2-GW-Nuclear-Energy-Development-in-Southern-Ohio/default.aspx
omega-systems-stamford-ct,"Omega Systems Stamford Data Center (26 Fahey Street, formerly Amnet/Cloudpath CT1)",Omega Systems,data_center,operational,,confirmed,Stamford,Fairfield,CT,41.091473,-73.517633,,,,,2026-09-30,https://www.compute-atlas.com/facilities/omega-systems-stamford-ct,2,https://omegasystemscorp.com/company/amnet-systems-has-a-new-home/
one-data-center-america-ontario-ca,One Data Center America (Ontario Campus),"One Data Center America, LLC",data_center,operational,,confirmed,Ontario,San Bernardino,CA,34.0633,-117.6509,,,,,2026-09-12,https://www.compute-atlas.com/facilities/one-data-center-america-ontario-ca,1,https://onedatacenteramerica.com
one-nuclear-project-cayman-ascension-parish-la,Project Cayman (ONE Nuclear gas-fired plant & battery storage),ONE Nuclear Energy,power_generation,proposed,,reported,Donaldsonville,Ascension,LA,30.1,-90.9942,,2880,,2026-09-02,2026-09-03,https://www.compute-atlas.com/facilities/one-nuclear-project-cayman-ascension-parish-la,2,https://americanpress.com/2026/09/02/one-nuclear-plans-gas-fired-data-center-near-musks-starbase-louisiana/
openai-project-camellia-effingham-ga,Project Camellia (OpenAI Effingham County Campus),OpenAI,data_center,proposed,confirmed,confirmed,Rincon,Effingham,GA,32.296,-81.2354,,3200,,2026-07-22,2026-09-23,https://www.compute-atlas.com/facilities/openai-project-camellia-effingham-ga,6,https://www.effinghamcounty.org/902/Project-Camellia-OpenAI-Data-Center
oppd-cass-county-station-cass-ne,Cass County Station,Omaha Public Power District,power_generation,operational,,confirmed,,Cass,NE,40.947913,-95.96403,345,1000,,,2026-09-04,https://www.compute-atlas.com/facilities/oppd-cass-county-station-cass-ne,3,https://www.oppdcommunityconnect.com/cass-county-station
oppd-pierce-county-energy-center-ne,Pierce County Energy Center,NextEra Energy Resources,power_generation,under_construction,,confirmed,,Pierce,NE,42.2,-97.55,,420,Google,,2026-08-14,https://www.compute-atlas.com/facilities/oppd-pierce-county-energy-center-ne,3,https://oppdthewire.com/oppd-google-join-forces-with-nextera-on-solar-and-battery-project/
oppd-standing-bear-lake-station-douglas-ne,Standing Bear Lake Station,Omaha Public Power District,power_generation,operational,,reported,Omaha,Douglas,NE,41.3129,-96.118,150,,,,2026-08-21,https://www.compute-atlas.com/facilities/oppd-standing-bear-lake-station-douglas-ne,1,https://www.oppdcommunityconnect.com/standing-bear-lake-station
oppd-turtle-creek-station-sarpy-ne,Turtle Creek Station,Omaha Public Power District,power_generation,operational,,confirmed,,Sarpy,NE,41.056,-96.191,450,675,,,2026-08-14,https://www.compute-atlas.com/facilities/oppd-turtle-creek-station-sarpy-ne,3,https://www.oppdcommunityconnect.com/turtle-creek-station
oppidan-apple-valley-technology-park-mn,Apple Valley Technology Park (Oppidan/Rockport),Oppidan Investment Company,data_center,cancelled,,confirmed,Apple Valley,Dakota,MN,44.7546223,-93.1731744,,,,,2026-08-24,https://www.compute-atlas.com/facilities/oppidan-apple-valley-technology-park-mn,3,https://www.hometownsource.com/sun_thisweek/community/apple_valley/apple-valley-continues-to-deny-data-center-use/article_4c1fcb85-2200-4737-8209-31a6b789b138.html
oppidan-beaver-dam-edge-wi,Oppidan Beaver Dam Edge Data Center,Oppidan Investment Company,data_center,permitted,,reported,Beaver Dam,Dodge,WI,43.4578,-88.8373,,,,2026-02,2026-09-13,https://www.compute-atlas.com/facilities/oppidan-beaver-dam-edge-wi,2,https://dailydodge.com/beaver-dam-common-council-approves-second-data-center/
oppidan-cedar-rapids-ia,Oppidan Cedar Rapids Data Center,Oppidan,data_center,permitted,,confirmed,Cedar Rapids,Linn,IA,41.9439273,-91.6736877,,10,,2026-07-08,2026-09-16,https://www.compute-atlas.com/facilities/oppidan-cedar-rapids-ia,3,https://www.kcrg.com/2026/07/08/cedar-rapids-confirms-third-data-center-planned-southwest-side/
oppidan-clop-aiken-graniteville-sc,"Clop Aiken Data Center (Sage Mill, Graniteville)",Oppidan Investment Company (Clop Aiken SC LLC),data_center,permitted,,reported,Graniteville,Aiken,SC,33.5637483,-81.8078887,,15,,2025-06,2026-09-22,https://www.compute-atlas.com/facilities/oppidan-clop-aiken-graniteville-sc,2,https://wgac.com/2025/06/10/aiken-county-gives-green-light-to-32m-data-center-project-in-graniteville/
oppidan-des-moines-ia,Oppidan Des Moines Data Center,Oppidan,data_center,operational,,confirmed,Des Moines,Polk,IA,41.5868,-93.625,5,,,,2026-09-16,https://www.compute-atlas.com/facilities/oppidan-des-moines-ia,3,https://www.weitz.com/projects/oppidan-data-center/
oppidan-paradise-post-road-clark-county-nv,Oppidan Post Road Data Center (Paradise),Oppidan Investment Company,data_center,permitted,,reported,Paradise,Clark,NV,36.07533,-115.20061,,5,,,2026-09-24,https://www.compute-atlas.com/facilities/oppidan-paradise-post-road-clark-county-nv,1,https://nevbex.com/2025/03/10/oppidan-paradise-data-center-approval/
oppidan-rockpoint-865-embedded-way-san-jose-ca,865 Embedded Way Data Center (Oppidan / Rockpoint),Oppidan (with Rockpoint Group),data_center,proposed,,confirmed,San Jose,Santa Clara,CA,37.2673552,-121.7935875,,18,,2026-08,2026-09-21,https://www.compute-atlas.com/facilities/oppidan-rockpoint-865-embedded-way-san-jose-ca,4,http://web.archive.org/web/20260813091228/https://www.sanjoseca.gov/your-government/departments-offices/planning-building-code-enforcement/planning-division/data-center-and-other-large-energy-use-projects
oracle-elk-grove-village-il,Oracle Elk Grove Village Data Center,Oracle,data_center,proposed,,reported,Elk Grove Village,Cook,IL,42.0035588,-88.0037711,,,,2025,2026-09-12,https://www.compute-atlas.com/facilities/oracle-elk-grove-village-il,3,https://dceo.illinois.gov/content/dam/soi/en/web/dceo/aboutdceo/reportsrequiredbystatute/2025-data-centers-annual-report.pdf
oracle-hillsboro-or,Oracle Hillsboro Data Center,Oracle,data_center,operational,,reported,Hillsboro,Washington,OR,45.5437211,-122.8944315,7,,,,2026-09-05,https://www.compute-atlas.com/facilities/oracle-hillsboro-or,2,https://dcpulse.com/project/oracle-3295-ne-83rd-ave-hillsboro-oregon-data-center
oracle-salt-lake-city-ut,Oracle Salt Lake City,Oracle,data_center,operational,,reported,Salt Lake City,Salt Lake,UT,40.736391,-112.005741,,,,,2026-08-15,https://www.compute-atlas.com/facilities/oracle-salt-lake-city-ut,3,https://d36oiwf74r1rap.cloudfront.net/wp-content/uploads/2026/04/Data-Center-Growth-FS-Apr2026.pdf
oracle-west-jordan-ut,Oracle West Jordan Data Center (Project Sequoia),Oracle,data_center,operational,,confirmed,West Jordan,Salt Lake,UT,40.60613,-111.93952,,,,,2026-08-15,https://www.compute-atlas.com/facilities/oracle-west-jordan-ut,6,https://www.computerworld.com/article/1554289/work-resumes-on-oracle-s-massive-utah-data-center.html
orbitcom-coeurdalene-id,OrbitCom Coeur d'Alene Data Center,OrbitCom,data_center,operational,,reported,Coeur d'Alene,Kootenai,ID,47.70069,-116.79227,,,,,2026-09-12,https://www.compute-atlas.com/facilities/orbitcom-coeurdalene-id,1,https://cloudandcolocation.com/datacenters/orbitcom-coeur-dalene-data-center/
oregon-industrial-park-data-center-lucas-oh,Oregon Industrial Park Data Center Campus,Capacity LLC (Vantage Data Centers named as prospective developer),data_center,proposed,likely,reported,Oregon,Lucas,OH,41.649,-83.4614,,500,,,2026-09-21,https://www.compute-atlas.com/facilities/oregon-industrial-park-data-center-lucas-oh,2,https://oregonohio.org/oregon-industrial-park-information-on-data-centers/
orient-energy-center-ia,Orient Energy Center,MidAmerican Energy,power_generation,proposed,,confirmed,Orient,Adair,IA,41.2003,-94.4241,,465,,,2026-08-21,https://www.compute-atlas.com/facilities/orient-energy-center-ia,2,https://www.midamericanenergy.com/newsroom/2025-generation-projects
origis-covington-solar-ms,Covington Solar,"Origis Energy USA, Inc",power_generation,permitted,,reported,,Covington,MS,31.4395,-89.4846,,96,,,2026-09-22,https://www.compute-atlas.com/facilities/origis-covington-solar-ms,1,https://www.eia.gov/electricity/data/eia860m/xls/july_generator2026.xlsx
origis-golden-triangle-i-lowndes-ms,Golden Triangle I Solar + Storage,Origis Energy,power_generation,operational,,confirmed,,Lowndes,MS,33.4189,-88.6189,200,,Tennessee Valley Authority,,2026-09-14,https://www.compute-atlas.com/facilities/origis-golden-triangle-i-lowndes-ms,2,https://origisenergy.com/project/golden-triangle-i-solar-storage/
origis-golden-triangle-ii-lowndes-ms,Golden Triangle II Solar + Storage,Origis Energy,power_generation,operational,,confirmed,,Lowndes,MS,33.4155,-88.6223,150,,Tennessee Valley Authority,,2026-09-14,https://www.compute-atlas.com/facilities/origis-golden-triangle-ii-lowndes-ms,2,https://origisenergy.com/project/golden-triangle-ii-solar-storage/
origis-optimist-solar-clay-ms,Optimist Solar + Storage,Origis Energy,power_generation,operational,,reported,,Clay,MS,33.6435,-88.594,200,,Tennessee Valley Authority,,2026-09-14,https://www.compute-atlas.com/facilities/origis-optimist-solar-clay-ms,2,https://origisenergy.com/project/optimist-solar-storage/
origis-walker-springs-i-solar-clarke-al,Walker Springs I Solar,Origis Energy,power_generation,operational,,reported,,Clarke,AL,31.540717,-87.791108,80,,Alabama Power,,2026-09-22,https://www.compute-atlas.com/facilities/origis-walker-springs-i-solar-clarke-al,1,https://origisenergy.com/project/walker-springs-i-solar/
origis-walker-springs-ii-solar-clarke-al,Walker Springs II Solar,Origis Energy,power_generation,operational,,reported,,Clarke,AL,31.540717,-87.791108,80,,Alabama Power,,2026-09-22,https://www.compute-atlas.com/facilities/origis-walker-springs-ii-solar-clarke-al,1,https://origisenergy.com/project/walker-springs-ii-solar/
ormat-salt-wells-churchill-county-nv,Salt Wells Geothermal Power Plant,Ormat Technologies,power_generation,operational,,reported,,Churchill,NV,39.2948739,-118.5724319,,,Switch,2026-01-05,2026-09-11,https://www.compute-atlas.com/facilities/ormat-salt-wells-churchill-county-nv,2,https://www.switch.com/ormat-technologies-signs-20-year-ppa-with-switch-for-13mw-of-carbon-free-geothermal-capacity-to-power-data-centers/
ornl-oak-ridge-leadership-computing-facility-tn,Oak Ridge Leadership Computing Facility (Frontier supercomputer),Oak Ridge National Laboratory (UT-Battelle for the U.S. Department of Energy),data_center,operational,mixed_use,confirmed,Oak Ridge,Roane,TN,35.92951,-84.31057,,,,,2026-09-21,https://www.compute-atlas.com/facilities/ornl-oak-ridge-leadership-computing-facility-tn,3,https://www.olcf.ornl.gov/frontier/
orsted-eleven-mile-solar-center-pinal-az,Eleven Mile Solar Center,Ørsted,power_generation,operational,,confirmed,Coolidge,Pinal County,AZ,32.8599359,-111.5933508,300,,Meta,2023-12,2026-09-23,https://www.compute-atlas.com/facilities/orsted-eleven-mile-solar-center-pinal-az,3,https://us.orsted.com/news-archive/2023/12/meta-teams-up-with-srp-and-orsted-to-support-data-center-with-clean-energy-from-new-solar-and-battery-project
otava-ann-arbor-mi,Otava Ann Arbor Data Center,Otava,data_center,operational,,reported,Ann Arbor,Washtenaw,MI,42.2813722,-83.7484616,,,,,2026-09-14,https://www.compute-atlas.com/facilities/otava-ann-arbor-mi,2,https://www.otava.com/data-center-michigan/
otava-metro-detroit-westland-mi,Otava Metro Detroit Data Center,Otava,data_center,operational,,confirmed,Westland,Wayne,MI,42.331172,-83.419408,1.2,,,,2026-09-14,https://www.compute-atlas.com/facilities/otava-metro-detroit-westland-mi,2,https://www.otava.com/data-center-michigan/
otava-mid-michigan-flint-township-mi,Otava Mid-Michigan Data Center (5225 Exchange Drive),Otava,data_center,operational,,confirmed,Flint Township,Genesee,MI,42.9687373,-83.7796697,1.5,,,,2026-09-21,https://www.compute-atlas.com/facilities/otava-mid-michigan-flint-township-mi,4,https://www.otava.com/data-center-michigan/
outrigger-washington-daviess-county-in,Outrigger Industrial Washington Data Center,Outrigger Industrial,data_center,cancelled,,reported,Washington,Daviess,IN,38.65,-87.05,,,,2026-03,2026-08-05,https://www.compute-atlas.com/facilities/outrigger-washington-daviess-county-in,4,https://www.ipm.org/news/2026-03-24/new-data-center-proposed-near-washington-ind
overwatch-resilience-gsp-greer-sc,Resilience GSP,Overwatch Capital,data_center,under_construction,,reported,Greer,Greenville,SC,34.9413008,-82.2967764,,,,,2026-09-22,https://www.compute-atlas.com/facilities/overwatch-resilience-gsp-greer-sc,2,https://baxtel.com/data-center/resilience-gsp
oxbow-solar-pointe-coupee-la,Oxbow Solar (Ventress),JERA Nex,power_generation,operational,,confirmed,Ventress,Pointe Coupee,LA,30.667878,-91.391706,300,,,,2026-09-15,https://www.compute-atlas.com/facilities/oxbow-solar-pointe-coupee-la,3,https://lightsourcebp.com/project/oxbow-solar/
ozarksgo-fayetteville-data-center-ar,OzarksGo Fayetteville Data Center,"OzarksGo, LLC",data_center,operational,,confirmed,Fayetteville,Washington,AR,36.077952,-94.212464,,,,,2026-09-29,https://www.compute-atlas.com/facilities/ozarksgo-fayetteville-data-center-ar,2,https://www.ozarksgo.net/colocation
pa-data-center-partners-granville-township-mifflin-pa,Granville Township Data Center Campus (Loop Road),PA Data Center Partners,data_center,proposed,,reported,Lewistown,Mifflin,PA,40.5656,-77.6176,,,,,2026-09-25,https://www.compute-atlas.com/facilities/pa-data-center-partners-granville-township-mifflin-pa,1,https://www.yahoo.com/news/us/articles/plans-filed-mifflin-county-data-011151924.html
panama-energy-center-lancaster-ne,Panama Energy Center,NextEra Energy Resources,power_generation,under_construction,,confirmed,Hallam,Lancaster,NE,40.53778,-96.787246,,304,,,2026-09-16,https://www.compute-atlas.com/facilities/panama-energy-center-lancaster-ne,3,https://www.nexteraenergyresources.com/panama-energy-center/project-overview.html
panattoni-burgin-mercer-county-ky,Panattoni Burgin Data Center Campus,Panattoni,data_center,proposed,,reported,Burgin,Mercer,KY,37.75444,-84.76333,,,,,2026-09-10,https://www.compute-atlas.com/facilities/panattoni-burgin-mercer-county-ky,1,https://www.wkms.org/2026-08-17/hyperscale-data-centers-provoke-bipartisan-outrage-across-kentucky
panther-creek-hpc-ai-campus-nesquehoning-pa,Panther Creek HPC/AI Data Center Campus,Bitfarms Ltd.,data_center,under_construction,confirmed,confirmed,Nesquehoning,Carbon,PA,40.8564,-75.8283,,350,,2025-08-05,2026-09-21,https://www.compute-atlas.com/facilities/panther-creek-hpc-ai-campus-nesquehoning-pa,6,https://investor.bitfarms.com/news-releases/news-release-details/bitfarms-announces-partnership-t5-data-centers-advance-hpcai
parkway-gravel-st-georges-de,St. Georges Business Park & Lighthouse Farms,Parkway Gravel Inc.,data_center,proposed,,rumored,St. Georges,New Castle,DE,39.5593065,-75.6542782,,300,,,2026-10-01,https://www.compute-atlas.com/facilities/parkway-gravel-st-georges-de,4,https://spotlightdelaware.org/2025/12/16/two-new-castle-county-industrial-projects-may-become-data-centers/
pathone-hull-ia,PathOne Sioux County Data Center (Hull),PathOne Data Centers,data_center,proposed,,reported,Hull,Sioux,IA,43.1888,-96.1333,,25,,,2026-08-14,https://www.compute-atlas.com/facilities/pathone-hull-ia,1,https://www.ktiv.com/2026/08/12/residents-seek-more-details-potential-sioux-county-data-center/
pathone-ida-county-galva-ia,PathOne Ida County Data Center (Galva site),PathOne Data Centers,data_center,proposed,,reported,Galva,Ida County,IA,42.5069289,-95.4172221,,,,2026-08-11,2026-09-16,https://www.compute-atlas.com/facilities/pathone-ida-county-galva-ia,3,https://www.ktiv.com/2026/08/11/ida-county-data-center-proposal-path-one-presents-plans-urges-strong-county-rules/
patmos-fairfield-al,Patmos Fairfield Colocation Data Center,Patmos,data_center,proposed,mixed_use,confirmed,Fairfield,Jefferson,AL,33.4916836,-86.9150283,,45,,,2026-09-28,https://www.compute-atlas.com/facilities/patmos-fairfield-al,3,https://www.wbrc.com/2026/08/13/hundreds-pack-fairfield-town-hall-over-proposed-data-center-inside-former-walmart/
patmos-kansas-city-mo,Patmos KC Star Building Campus,Patmos Hosting,data_center,operational,likely,reported,Kansas City,Jackson,MO,39.0997,-94.5786,,35,,,2026-08-24,https://www.compute-atlas.com/facilities/patmos-kansas-city-mo,3,https://www.blackridgeresearch.com/blog/latest-list-new-ai-proposed-upcoming-data-center-projects-missouri-usa
pattern-big-island-solar-wilson-ar,Big Island Solar,Pattern Energy,power_generation,proposed,,confirmed,Wilson,Mississippi,AR,35.569201,-90.0445018,,440,,,2026-09-29,https://www.compute-atlas.com/facilities/pattern-big-island-solar-wilson-ar,4,https://patternenergy.com/projects/big-island-solar/
pch-wi-holdings-wisconsin-rapids-wood-county-wi,Wisconsin Rapids Data Center,PCH WI Holdings LLC,data_center,proposed,likely,reported,Wisconsin Rapids,Wood,WI,44.39,-89.82,,,,,2026-07-09,https://www.compute-atlas.com/facilities/pch-wi-holdings-wisconsin-rapids-wood-county-wi,1,https://wausaupilotandreview.com/2026/05/17/who-is-the-developer-of-the-proposed-wisconsin-rapids-data-center/
peace-communications-cha1-chattanooga-tn,Peace Communications CHA1 (Chattanooga),Peace Communications,data_center,operational,,reported,Chattanooga,Hamilton,TN,35.03746,-85.293181,,,,,2026-09-14,https://www.compute-atlas.com/facilities/peace-communications-cha1-chattanooga-tn,1,https://www.peeringdb.com/api/fac?id=14177
peace-communications-knx1-knoxville-tn,Peace Communications KNX1 (Knoxville),Peace Communications,data_center,operational,,reported,Knoxville,Knox,TN,35.965586,-83.921438,,,,,2026-09-14,https://www.compute-atlas.com/facilities/peace-communications-knx1-knoxville-tn,1,https://www.peeringdb.com/api/fac?id=234
peace-communications-nsh2-nashville-tn,"Peace Communications NSH2 (Nashville, 1661 Murfreesboro Pike)",Peace Communications (formerly Nexus Group),data_center,operational,,reported,Nashville,Davidson,TN,36.104717,-86.669783,,,,,2026-09-21,https://www.compute-atlas.com/facilities/peace-communications-nsh2-nashville-tn,1,https://www.peeringdb.com/api/fac/5483
peak-mining-texas-1-corpus-christi-tx,Peak Mining Texas 1 (Saxet Energy Park),Peak Mining,crypto_mining,operational,,confirmed,Corpus Christi,Nueces,TX,27.8487,-97.4263,100,300,,2023-12-11,2026-08-05,https://www.compute-atlas.com/facilities/peak-mining-texas-1-corpus-christi-tx,4,https://www.prnewswire.co.uk/news-releases/peak-mining-a-northern-data-group-company-announces-purchase-of-300mw-mining-data-center-site-302011494.html
peak-mining-texas-2-corpus-christi-tx,Peak Mining Texas 2,Peak Mining,crypto_mining,under_construction,,reported,Corpus Christi,Nueces,TX,27.852,-97.421,,300,,2024-05-24,2026-08-05,https://www.compute-atlas.com/facilities/peak-mining-texas-2-corpus-christi-tx,3,https://www.prnewswire.co.uk/news-releases/northern-data-groups-peak-mining-announces-purchase-of-a-second-300mw-data-center-location-in-corpus-christi-texas-302155098.html
pearl-river-solar-park-scott-ms,Pearl River Solar Park,"Pearl River Solar Park, LLC",power_generation,operational,,reported,,Scott,MS,32.550998,-89.73014,175,,,,2026-09-22,https://www.compute-atlas.com/facilities/pearl-river-solar-park-scott-ms,1,https://www.eia.gov/electricity/data/eia860m/xls/july_generator2026.xlsx
pennhurst-data-center-east-vincent-chester-county-pa,Pennhurst Data Center Campus,Penn Hurst Holdings,data_center,proposed,,reported,Spring City,Chester,PA,40.193717,-75.560162,,,,,2026-07-23,https://www.compute-atlas.com/facilities/pennhurst-data-center-east-vincent-chester-county-pa,4,https://philadelphia.today/2026/03/pennhurst-data-center-plan/
pennsylvania-glacial-till-caughbaugh-road-tobyhanna-monroe-pa,Caughbaugh Road Data Center (Pennsylvania Glacial Till site),Pennsylvania Glacial Till LLC,data_center,proposed,,reported,,Monroe,PA,41.1345,-75.6185,,,,,2026-09-25,https://www.compute-atlas.com/facilities/pennsylvania-glacial-till-caughbaugh-road-tobyhanna-monroe-pa,2,https://fox56.com/news/local/tobyhanna-township-approves-second-data-center-zoning-overlay
penzance-1500-gateway-fredericksburg-va,1500 Gateway Data Center (denied),1500 Gateway LLC (Penzance),data_center,cancelled,,confirmed,Fredericksburg,,VA,38.301,-77.509,,,,,2026-09-21,https://www.compute-atlas.com/facilities/penzance-1500-gateway-fredericksburg-va,1,https://www.potomaclocal.com/2026/08/26/no-byte-tonight-fred-council-unplugs-23m-i-95-data-center-7-0-after-midnight-hearing/
penzance-bedington-berkeley-county-wv,Bedington Campus,Penzance Management,data_center,proposed,likely,confirmed,,Berkeley,WV,39.554,-77.882,,600,,2026-02,2026-09-15,https://www.compute-atlas.com/facilities/penzance-bedington-berkeley-county-wv,6,https://governor.wv.gov/article/governor-morrisey-announces-4-billion-private-investment-west-virginias-first-high-impact
penzance-chantilly-premier-fairfax-va,Chantilly Premier,Penzance,data_center,under_construction,,reported,Chantilly,Fairfax,VA,38.8943,-77.4311,,,,2024-01,2026-09-09,https://www.compute-atlas.com/facilities/penzance-chantilly-premier-fairfax-va,1,https://www.ffxnow.com/2025/10/10/developer-breaks-ground-on-100m-data-center-building-in-chantilly/
percheron-data-center-or,Percheron Data Center,Rowan Green Data (DBA Rowan Digital Infrastructure),data_center,under_construction,,reported,Boardman area (Tower Road),Morrow,OR,45.7113177,-119.8262349,,300,,,2026-09-10,https://www.compute-atlas.com/facilities/percheron-data-center-or,4,https://baxtel.com/data-center/rowan-percheron
perry-nuclear-lake-county-oh,Perry Nuclear Power Plant,Vistra,power_generation,operational,,confirmed,North Perry,Lake,OH,41.80083,-81.14333,1268,1481,Meta,2026-01-09,2026-08-04,https://www.compute-atlas.com/facilities/perry-nuclear-lake-county-oh,4,https://www.prnewswire.com/news-releases/vistra-and-meta-announce-agreements-to-support-nuclear-plants-in-pjm-and-add-new-nuclear-generation-to-the-grid-302656941.html
petawatt-zeroc-massena-ny,ZeroC / Petawatt Holdings Data Center Site (417 County Route 42),"ZeroC Data Centers LLC (majority-owned by Petawatt Holdings, Inc.)",data_center,proposed,,reported,Massena,St. Lawrence,NY,44.953,-74.86,,200,,2025-01,2026-09-21,https://www.compute-atlas.com/facilities/petawatt-zeroc-massena-ny,5,https://www.massena.us/AgendaCenter/ViewFile/Minutes/_02202025-1061
peterson-project-sisson-stafford-va,Project Sisson,Peterson Companies,data_center,proposed,,reported,,Stafford,VA,38.287,-77.39,,,,,2026-08-27,https://www.compute-atlas.com/facilities/peterson-project-sisson-stafford-va,1,https://baxtel.com/data-center/peterson-project-sisson
philcade-data-center-tulsa-ok,Philcade Data Center,Kanbar Properties,data_center,operational,,reported,Tulsa,Tulsa,OK,36.1516,-95.9903,,,,,2026-09-02,https://www.compute-atlas.com/facilities/philcade-data-center-tulsa-ok,1,https://www.newson6.com/tulsa-oklahoma-news/where-are-data-centers-are-being-built-oklahoma-list
phoenixnap-phx02-phoenix-az,phoenixNAP PHX02,phoenixNAP,data_center,under_construction,,reported,Phoenix,Maricopa,AZ,33.4165398,-112.0116833,,50,,,2026-09-10,https://www.compute-atlas.com/facilities/phoenixnap-phx02-phoenix-az,1,https://azbex.com/planning-development/new-data-center-planned-in-south-phoenix/
pittock-block-portland-or,Pittock Block (PTOR1),1547 Critical Systems Realty,data_center,operational,,reported,Portland,Multnomah,OR,45.5215436,-122.680704,8,,,,2026-09-05,https://www.compute-atlas.com/facilities/pittock-block-portland-or,1,https://1547realty.com/data-centers/portland/
plainsmen-project-thunderbird-enid-ok,Project Thunderbird (Enid),"Plainsmen Holdings, LLC",data_center,proposed,,reported,Enid,Garfield,OK,36.3967623,-97.8791341,,,,2026-09-08,2026-09-14,https://www.compute-atlas.com/facilities/plainsmen-project-thunderbird-enid-ok,2,https://www.enidnews.com/news/local_news/enid-natives-announce-local-data-center-power-generation-project/article_0465bc43-e183-4d3a-b602-9afd55ff300e.html
plan-c-crypto-fayetteville-cumberland-county-nc,Plan C Crypto Fayetteville (Dedication Drive),Plan C Crypto,crypto_mining,operational,,reported,Fayetteville,Cumberland,NC,35.085,-78.97722,,,,2022-02,2026-08-29,https://www.compute-atlas.com/facilities/plan-c-crypto-fayetteville-cumberland-county-nc,2,https://bizfayetteville.com/technology/2022/9/13/plan-c-crypto-thrives-during-first-month-in-fayetteville-ceo-looks-forward-to-continued-growth-in-the-community/1192
platte-wind-keith-ne,Platte Wind,NextEra Energy Resources,power_generation,proposed,,confirmed,Ogallala,Keith,NE,41.1248328,-101.7189583,,800,,,2026-09-16,https://www.compute-atlas.com/facilities/platte-wind-keith-ne,2,https://www.nexteraenergyresources.com/platte-wind/project-overview.html
platteview-solar-saunders-ne,Platteview Solar,AES Corporation,power_generation,operational,,reported,Yutan,Saunders,NE,41.228,-96.3936,81,,Omaha Public Power District,,2026-08-21,https://www.compute-atlas.com/facilities/platteview-solar-saunders-ne,1,https://oppdthewire.com/oppds-first-utility-scale-solar-project-platteview-solar-is-a-major-milestone/
pleasants-power-station-willow-island-wv,Pleasants Power Station,Omnis Pleasants LLC,power_generation,operational,,confirmed,Willow Island,Pleasants,WV,39.367358,-81.295733,1278,,Digi Power X Inc. (non-binding letter of intent only),,2026-09-15,https://www.compute-atlas.com/facilities/pleasants-power-station-willow-island-wv,3,https://www.herald-dispatch.com/news/omnis-pleasants-reports-600-creditors-70-in-wv-amid-uncertain-coal-plant-future/article_5b21adc9-1c75-433a-be51-5ed26f74a819.html
plum-creek-wind-wayne-ne,Plum Creek Wind Farm,Ørsted,power_generation,operational,,confirmed,,Wayne,NE,42.1441,-97.1375,230,,,,2026-09-16,https://www.compute-atlas.com/facilities/plum-creek-wind-wayne-ne,2,https://www.gem.wiki/Plum_Creek_(%C3%98rsted)_wind_farm
pnk-great-stream-commons-gregg-township-union-pa,PNK Great Stream Commons Data Center Campus (Allenwood),PNK Group,data_center,proposed,,reported,Allenwood,Union,PA,41.1161,-76.9011,,300,,,2026-09-25,https://www.compute-atlas.com/facilities/pnk-great-stream-commons-gregg-township-union-pa,1,https://www.wkok.com/gregg-township-to-decide-data-center-proposal/
pnnl-ai-data-center-richland-wa,PNNL AI Data Center,Battelle Memorial Institute (Pacific Northwest National Laboratory),data_center,proposed,confirmed,reported,Richland,Benton,WA,46.348,-119.279,,2,,,2026-09-10,https://www.compute-atlas.com/facilities/pnnl-ai-data-center-richland-wa,3,https://www.spokesman.com/stories/2026/apr/26/ai-data-center-with-a-different-mission-being-cons/
point-beach-nuclear-plant-two-rivers-wi,Point Beach Nuclear Plant,NextEra Energy Resources,power_generation,operational,,confirmed,Two Rivers,Manitowoc,WI,44.28111,-87.53667,1182,,,,2026-09-13,https://www.compute-atlas.com/facilities/point-beach-nuclear-plant-two-rivers-wi,3,https://www.wpr.org/energy/we-energies-buy-power-from-point-beach-nuclear-plant
pointone-lower-moncure-road-lee-county-nc,PointOne Lower Moncure Road Data Center (Lee County),PointOne,data_center,proposed,likely,reported,Sanford,Lee,NC,35.48778,-79.17833,,90,,2026-06,2026-09-10,https://www.compute-atlas.com/facilities/pointone-lower-moncure-road-lee-county-nc,2,https://sandhills.news/2026/06/08/lee-county-pointone-data-center/
pointone-remington-technology-park-fauquier-va,Remington Technology Park,PointOne Holdings Inc.,data_center,permitted,,reported,Remington,Fauquier,VA,38.53,-77.8,,600,,,2026-08-16,https://www.compute-atlas.com/facilities/pointone-remington-technology-park-fauquier-va,3,https://www.fauquiernow.com/news/data-center-database-where-projects-stand-across-fauquier-county/article_18be50e8-49f6-11ef-95cf-3b45407fea55.html
polaris-technologies-muskogee-ok,"Polaris Technologies Muskogee Bitcoin Mining Facility (""Project Bifrost"")","Polaris Technologies, Inc.",crypto_mining,operational,,confirmed,Muskogee,Muskogee,OK,35.7479,-95.3697,200,400,,2024,2026-09-21,https://www.compute-atlas.com/facilities/polaris-technologies-muskogee-ok,7,https://okcfox.com/news/local/oklahoma-bets-on-bitcoin-boom-muskogee-locals-worry-about-noise-from-crypto-mining-port-of-muskogee-bitcoin-bill-of-rights-ok-law-polaris-technologies-inc-brian-hill-oge-electricity-power-data-artifitial-intelligence-ai-stitt
pontoon-bridge-road-massena-ny,Pontoon Bridge Road Data Center (proposed),American Data Center Partners LLC,data_center,proposed,,reported,Massena,St. Lawrence,NY,44.9593245,-74.912909,,,,,2026-09-14,https://www.compute-atlas.com/facilities/pontoon-bridge-road-massena-ny,3,https://watertownpost.com/massena-faces-massive-data-center-power-requests-in-nyiso-queue/
poolside-project-horizon-pecos-county-tx,Poolside Project Horizon AI Campus,Poolside AI,data_center,proposed,confirmed,reported,,Pecos,TX,30.8938,-102.8796,,2000,,,2026-09-10,https://www.compute-atlas.com/facilities/poolside-project-horizon-pecos-county-tx,6,https://poolside.ai/blog/announcing-project-horizon
posey-county-boberg-road-data-center-in,Posey County Boberg Road Data Center,Undisclosed,data_center,cancelled,,reported,,Posey,IN,38.033661,-87.7368008,,,,,2026-09-13,https://www.compute-atlas.com/facilities/posey-county-boberg-road-data-center-in,1,https://www.14news.com/2026/08/04/posey-co-commissioners-vote-no-proposed-data-center-near-boberg-hoenert-rd/
potentia-oklahoma-campus-02-inola-ok,Potentia Oklahoma Campus 02 (Inola),"Potentia, Inc.",data_center,proposed,likely,reported,Inola,Rogers,OK,36.1487,-95.5097,,2000,,2026-05,2026-09-10,https://www.compute-atlas.com/facilities/potentia-oklahoma-campus-02-inola-ok,3,https://www.joecrivelli.com/p/the-data-center-coming-to-inola-oklahoma
powerconnex-i-new-albany-oh,PowerConneX I New Albany Energy Center,EdgeConneX,power_generation,under_construction,,reported,New Albany,Licking,OH,40.064,-82.756,,120,EdgeConneX,,2026-08-05,https://www.compute-atlas.com/facilities/powerconnex-i-new-albany-oh,1,https://www.farmanddairy.com/news/ohio-power-siting-board-approves-sixth-natural-gas-power-plant-in-new-albany/919826.html
powerconnex-ii-new-albany-oh,PowerConneX II New Albany Energy Center,EdgeConneX,power_generation,under_construction,,reported,New Albany,Licking,OH,40.062,-82.754,,216,EdgeConneX,,2026-08-05,https://www.compute-atlas.com/facilities/powerconnex-ii-new-albany-oh,1,https://www.farmanddairy.com/news/ohio-power-siting-board-approves-sixth-natural-gas-power-plant-in-new-albany/919826.html
powerhouse-95-spotsylvania-va,PowerHouse 95,PowerHouse Data Centers,data_center,under_construction,likely,reported,Spotsylvania,Spotsylvania,VA,38.17,-77.66,,800,,2024,2026-08-26,https://www.compute-atlas.com/facilities/powerhouse-95-spotsylvania-va,9,https://www.powerhousedata.com/news/powerhouse-breaks-ground-on-800mw-data-center-campus-in-spotsylvania-county-virginia
powerhouse-abx-1-va,PowerHouse ABX-1,PowerHouse Data Centers,data_center,operational,,reported,Ashburn,Loudoun,VA,39.0195992,-77.4504568,60,,,,2026-09-21,https://www.compute-atlas.com/facilities/powerhouse-abx-1-va,3,https://www.powerhousedata.com/data-center/powerhouse-abx-1
powerhouse-charlotte-nc,PowerHouse Charlotte Campus,PowerHouse Data Centers,data_center,under_construction,likely,confirmed,Charlotte,Mecklenburg,NC,35.2271,-80.8431,,300,,,2026-09-10,https://www.compute-atlas.com/facilities/powerhouse-charlotte-nc,3,https://www.datacenterdynamics.com/en/news/powerhouse-acquires-120-acres-in-charlotte-north-carolina-for-300mw-campus/
powerhouse-chirisa-chester-va,Chirisa Technology Park — Richmond (Chester),PowerHouse Data Centers,data_center,under_construction,likely,confirmed,Chester,Chesterfield,VA,37.3554,-77.4416,,120,,,2026-07-08,https://www.compute-atlas.com/facilities/powerhouse-chirisa-chester-va,3,https://www.prnewswire.com/news-releases/blue-owl-chirisa-technology-parks-and-powerhouse-data-centers-announce-first-phase-of-5-billion-joint-venture-development-partnership-302233967.html
powerhouse-circle-t-westlake-tx,PowerHouse Circle T Data Center Campus,PowerHouse Data Centers,data_center,proposed,,confirmed,Westlake,,TX,32.9972,-97.2083,,300,,2026-08-07,2026-09-08,https://www.compute-atlas.com/facilities/powerhouse-circle-t-westlake-tx,2,https://westlaketx.portal.civicclerk.com/event/194/files/agenda/5473
powerhouse-ctp-02-va,PowerHouse CTP-02,PowerHouse Data Centers,data_center,under_construction,confirmed,reported,Chester,Chesterfield,VA,37.360586,-77.3256869,,50,,,2026-07-23,https://www.compute-atlas.com/facilities/powerhouse-ctp-02-va,3,https://www.bisnow.com/national/news/data-center/coreweave-data-center-in-virginia-lands-600m-loan-127230
powerhouse-hobart-lake-county-in,PowerHouse Hobart,PowerHouse Data Centers,data_center,proposed,,reported,Hobart,Lake,IN,41.5322592,-87.2550353,,450,,,2026-09-13,https://www.compute-atlas.com/facilities/powerhouse-hobart-lake-county-in,2,https://www.powerhousedata.com/data-center/powerhouse-hobart
powerhouse-louisville-ky,PowerHouse Data Centers – Louisville (Camp Ground Road),PowerHouse Data Centers,data_center,under_construction,likely,reported,Louisville,Jefferson,KY,38.1953,-85.8485,,402,,2025-01,2026-09-22,https://www.compute-atlas.com/facilities/powerhouse-louisville-ky,7,https://www.datacenterdynamics.com/en/news/planning-commission-recommends-approval-for-16m-sq-ft-planned-data-center-in-louisville-kentucky/
powerhouse-pax-carlisle-pa,PAX — Pennsylvania Digital I,PowerHouse Data Centers,data_center,under_construction,confirmed,confirmed,Carlisle,Cumberland,PA,40.2015,-77.1889,,1350,,2025-07,2026-08-02,https://www.compute-atlas.com/facilities/powerhouse-pax-carlisle-pa,7,https://www.globenewswire.com/news-release/2025/07/15/3115977/0/en/pennsylvania-data-center-partners-and-powerhouse-data-centers-launch-joint-venture-to-build-next-gen-1-35-gw-hyperscale-data-center-campus-in-carlisle-pennsylvania.html
powerhouse-poe-carrollton-industrial-campus-carroll-county-ky,Carrollton Industrial Campus,PowerHouse Data Centers / Poe Companies,data_center,proposed,,confirmed,Carrollton,Carroll,KY,38.68,-85.16583,,800,,,2026-09-15,https://www.compute-atlas.com/facilities/powerhouse-poe-carrollton-industrial-campus-carroll-county-ky,4,https://finance.yahoo.com/technology/articles/louisville-based-developer-plans-9-144212137.html
powerhouse-provident-grand-prairie-tx,PowerHouse Grand Prairie Campus,PowerHouse Data Centers,data_center,under_construction,confirmed,confirmed,Grand Prairie,Ellis,TX,32.62,-97.02,,1800,,,2026-07-08,https://www.compute-atlas.com/facilities/powerhouse-provident-grand-prairie-tx,3,https://www.datacenterdynamics.com/en/news/powerhouse-and-provident-to-develop-18gw-campus-in-dfw-texas/
powerhouse-reno-storey-county-nv,PowerHouse Reno Campus,PowerHouse Data Centers,data_center,under_construction,likely,reported,McCarran,Storey,NV,39.5602824,-119.4990959,,65,,2024-10,2026-08-29,https://www.compute-atlas.com/facilities/powerhouse-reno-storey-county-nv,1,https://www.powerhousedata.com/news/powerhouse-breaks-ground-on-reno-data-center
powerhouse-uhland-caldwell-county-tx,PowerHouse Caldwell County Data Center,PowerHouse Data Centers,data_center,proposed,likely,reported,Uhland,Caldwell,TX,29.87,-97.85,,4000,,,2026-08-16,https://www.compute-atlas.com/facilities/powerhouse-uhland-caldwell-county-tx,4,https://www.datacenterdynamics.com/en/news/powerhouse-looking-to-build-500-acre-data-center-near-austin-texas/
powersouth-lowman-simple-cycle-leroy-al,Charles R. Lowman Energy Center Simple-Cycle Combustion Turbine,PowerSouth Energy Cooperative,power_generation,proposed,,reported,Leroy,Washington,AL,31.4873179,-87.9141603,,454,,,2026-09-28,https://www.compute-atlas.com/facilities/powersouth-lowman-simple-cycle-leroy-al,1,https://adem.alabama.gov/sites/default/files/2026-04/04-26powersouth.html
powertransitions-project-yardbird-ks,Project Yardbird,PowerTransitions,data_center,proposed,,reported,Kansas City,Wyandotte,KS,39.147,-94.635,,200,,,2026-07-17,https://www.compute-atlas.com/facilities/powertransitions-project-yardbird-ks,2,https://www.kcur.org/housing-development-section/2026-01-29/wyandotte-county-data-centers-would-require-a-lot-of-power-will-that-raise-your-energy-bill
prado-ai-jackson-metro-ms,Prado AI / PraCon Global AI Industrial Campus,PraCon Global Investment Group,data_center,proposed,confirmed,rumored,Ridgeland,Madison,MS,32.4282,-90.132,,,,2026-03,2026-09-09,https://www.compute-atlas.com/facilities/prado-ai-jackson-metro-ms,1,https://web.archive.org/web/20260819033622/https://mississippitoday.org/2026/06/01/mississippi-ddata-center-plans/
prairie-breeze-wind-antelope-ne,Prairie Breeze Wind Energy Center,Invenergy,power_generation,operational,,confirmed,,Antelope,NE,41.9517,-98.1165,311,,,,2026-09-16,https://www.compute-atlas.com/facilities/prairie-breeze-wind-antelope-ne,2,https://www.gem.wiki/Prairie_Breeze_wind_farm
prairie-ronde-solar-st-landry-la,Prairie Ronde Solar,Lightsource bp,power_generation,operational,,confirmed,,St. Landry,LA,30.61,-92.17,135,,,,2026-09-15,https://www.compute-atlas.com/facilities/prairie-ronde-solar-st-landry-la,2,https://lightsourcebp.com/us/news/prairie-ronde-solar-goes-online/
premier-project-arrowhead-irwin-ga,Project Arrowhead (Premier Data Center Development Irwin County Campus),"Premier Data Center Development, LLC",data_center,proposed,,reported,Mystic,Irwin,GA,31.6224192,-83.3351929,,1250,,2026-04,2026-09-23,https://www.compute-atlas.com/facilities/premier-project-arrowhead-irwin-ga,1,https://baxtel.com/news/plans-filed-for-1-2gw-data-center-campus-in-irwin-county-georgia
prime-1231-comstock-santa-clara-ca,Prime Data Centers 1231 Comstock Street,Prime Data Centers (1231 Comstock Property LLC),data_center,permitted,,confirmed,Santa Clara,Santa Clara,CA,37.375002,-121.9548775,,,,2024,2026-09-21,https://www.compute-atlas.com/facilities/prime-1231-comstock-santa-clara-ca,2,https://www.svvoice.com/another-data-center-coming-to-santa-clara/
prime-avondale-az,Avondale Campus,Prime Data Centers,data_center,under_construction,,confirmed,Avondale,Maricopa,AZ,33.44,-112.35,,240,,2026-05,2026-09-10,https://www.compute-atlas.com/facilities/prime-avondale-az,2,https://primedatacenters.com/news/prime-data-centers-breaks-ground-on-three-buildings-at-its-240mw-phoenix-campus-advancing-3billion-dollar-investment-in-avondale/
prime-dfw01-01-tx,Prime DFW01-01,Prime Data Centers,data_center,operational,likely,reported,Dallas,Dallas,TX,32.8379581,-96.8784007,8,,,,2026-07-24,https://www.compute-atlas.com/facilities/prime-dfw01-01-tx,5,https://primedatacenters.com/locations/dallas/
prime-lax01-vernon-ca,Prime Data Centers LAX01,Prime Data Centers,data_center,operational,confirmed,reported,Vernon,Los Angeles,CA,34.0014335,-118.2303092,33,,,,2026-09-21,https://www.compute-atlas.com/facilities/prime-lax01-vernon-ca,5,https://primedatacenters.com/news/prime-opens-los-angeles-data-center/
prime-ord-elk-grove-village-il,Prime ORD Chicago Campus,Prime Data Centers,data_center,under_construction,,confirmed,Elk Grove Village,Cook,IL,42.0224688,-87.9621839,,175,,2022-11-15,2026-09-10,https://www.compute-atlas.com/facilities/prime-ord-elk-grove-village-il,2,https://www.prnewswire.com/news-releases/prime-data-centers-breaks-ground-on-1b-chicago-data-center-campus-in-elk-grove-village-301681170.html
prime-santa-clara-silicon-valley-campus-ca,Prime Santa Clara (Silicon Valley campus),Prime Data Centers,data_center,operational,,reported,Santa Clara,Santa Clara,CA,37.3666621,-121.9628653,,,,,2026-07-23,https://www.compute-atlas.com/facilities/prime-santa-clara-silicon-valley-campus-ca,2,https://primedatacenters.com/locations/silicon-valley/
prime-smf02-sacramento-ca,Prime Data Centers SMF02,Prime Data Centers,data_center,under_construction,likely,confirmed,Sacramento,Sacramento,CA,38.671,-121.399,,18,,2026-05,2026-09-29,https://www.compute-atlas.com/facilities/prime-smf02-sacramento-ca,3,https://primedatacenters.com/news/prime-data-centers-breaks-ground-on-second-sacramento-data-center-expanding-regional-campus-footprint/
prime-storage-powers-ferry-place-marietta-ga,1155 Powers Ferry Place Data Center (Prime Storage conversion),Prime Storage (Prime Group Holdings) — end user undisclosed,data_center,permitted,,reported,Marietta,Cobb,GA,33.926145,-84.4857377,,18,,,2026-09-10,https://www.compute-atlas.com/facilities/prime-storage-powers-ferry-place-marietta-ga,2,https://www.atlantanewsfirst.com/2026/08/13/marietta-city-council-approves-zoning-second-data-center-heated-meeting/
primeblock-murphy-cherokee-county-nc,PrimeBlock Murphy Bitcoin Mine (Harshaw Road),PrimeBlock,crypto_mining,operational,,confirmed,Murphy,Cherokee,NC,35.0756,-84.0235,,,,,2026-08-15,https://www.compute-atlas.com/facilities/primeblock-murphy-cherokee-county-nc,2,https://www.wunc.org/politics/2024-01-19/murphy-noise-cryptomining-north-carolina-western-regulations
primergy-prairie-mist-solar-ashley-county-ar,Prairie Mist Solar,Primergy Solar,power_generation,operational,,confirmed,,Ashley,AR,33.2535103,-91.6683179,100,,Amazon,,2026-09-29,https://www.compute-atlas.com/facilities/primergy-prairie-mist-solar-ashley-county-ar,2,https://pv-magazine-usa.com/2024/12/19/amazon-solar-farm-goes-live-in-arkansas/
prince-william-digital-gateway-va,Prince William Digital Gateway,QTS / Compass Datacenters,data_center,cancelled,likely,confirmed,Gainesville,Prince William,VA,38.8,-77.68,,,,2021,2026-09-10,https://www.compute-atlas.com/facilities/prince-william-digital-gateway-va,4,https://wtop.com/prince-william-county/2026/07/digital-gateway-data-center-project-dies-after-final-developer-withdraws-appeal/
priseda-prosperity-drive-silver-spring-md,12401 Prosperity Drive Data Center,Sansone Group / Priseda,data_center,operational,,confirmed,Silver Spring,Montgomery,MD,39.058994201626,-76.965681665201,,35.2,,,2026-09-21,https://www.compute-atlas.com/facilities/priseda-prosperity-drive-silver-spring-md,2,https://www.pdcproperty-silverspring.com/
prism-on3-nutley-data-center-nj,ON3 Data Center (275 Kingsland Street),Prism Capital Partners,data_center,proposed,,confirmed,Nutley,Essex,NJ,40.8300104,-74.1535977,,,,2025-07-09,2026-09-14,https://www.compute-atlas.com/facilities/prism-on3-nutley-data-center-nj,3,https://prismpartners.net/news/press-release/prism-capital-partners-secures-three-key-redevelopment-plan-approvals-for-on3-solidifying-campus-live-work-play-future/
project-altair-newberry-county-sc,Project Altair (Mid-Carolina Commerce Park II),Undisclosed developer (Project Altair),data_center,cancelled,,reported,Prosperity,Newberry,SC,34.2098669,-81.5338576,,,,,2026-09-10,https://www.compute-atlas.com/facilities/project-altair-newberry-county-sc,3,https://www.newberrycounty.gov/news/newberry-county-governments-statement-data-centers
project-boulder-colleton-county-sc,Project Boulder,Eagle Rock Partners,data_center,proposed,likely,reported,,Colleton,SC,32.7,-80.62,,1000,,,2026-09-10,https://www.compute-atlas.com/facilities/project-boulder-colleton-county-sc,5,https://scdailygazette.com/2025/12/19/gigawatt-data-center-proposal-draws-opposition-from-sc-lowcountry-residents-politicians/
project-cannoli-van-buren-township-wayne-county-mi,Project Cannoli,Google,data_center,proposed,likely,confirmed,Van Buren Township,Wayne,MI,42.23,-83.44,,1000,,,2026-09-21,https://www.compute-atlas.com/facilities/project-cannoli-van-buren-township-wayne-county-mi,8,https://planetdetroit.org/2026/06/whitmer-data-center-backlash-2026-election/
project-cardinal-yorkville-il,Project Cardinal Data Center Campus,Pioneer Development LLC,data_center,permitted,likely,confirmed,Yorkville,Kendall,IL,41.7,-88.461,,1800,,,2026-08-03,https://www.compute-atlas.com/facilities/project-cardinal-yorkville-il,6,https://www.yorkville.il.us/906/Project-Cardinal-Data-Center-Campus-Anne
project-delta-walnut-cove-nc,Project Delta Data Center – Stokes County,Undisclosed (rezoning applicant: Engineered Land Solutions),data_center,proposed,likely,reported,Walnut Cove,Stokes,NC,36.282,-80.1494,,,,2025-11,2026-07-06,https://www.compute-atlas.com/facilities/project-delta-walnut-cove-nc,4,https://www.northcarolinahealthnews.org/2026/03/25/nc-communities-push-back-ai-data-centers-project-delta-lawsuit/
project-gravity-archbald-lackawanna-county-pa,Project Gravity,Archbald 25 Developer LLC,data_center,proposed,likely,reported,Archbald,Lackawanna,PA,41.5,-75.55,,,,,2026-07-26,https://www.compute-atlas.com/facilities/project-gravity-archbald-lackawanna-county-pa,4,https://www.wvia.org/news/local/2026-01-08/no-tenant-yet-archbald-data-center-developer-answers-questions-about-project-applications-at-dep-meeting
project-hazelnut-hazle-township-pa,Project Hazelnut,NorthPoint Development (NP Hazleton Holdings 1 LLC),data_center,proposed,mixed_use,reported,Hazle Township,Luzerne,PA,40.985,-75.955,,,,2024,2026-09-12,https://www.compute-atlas.com/facilities/project-hazelnut-hazle-township-pa,7,https://www.datacenterdynamics.com/en/news/northpoint-proposes-15-building-1280-acre-data-center-campus-in-pennsylvania/
project-oak-walt-sanders-road-coweta-ga,Project Oak Data Center (Walt Sanders Road),Undisclosed developer,data_center,cancelled,,reported,Newnan,Coweta,GA,33.4330945,-84.7301816,,,,,2026-09-10,https://www.compute-atlas.com/facilities/project-oak-walt-sanders-road-coweta-ga,2,https://www.times-herald.com/news/project-oak-data-center-denied-by-commissioners/article_76db6b0a-615b-48e6-aacd-5042bdd0f401.html
project-river-data-center-bradley-county-tn,Project River Data Center,Wright Brothers Construction,data_center,proposed,likely,reported,Cleveland,Bradley,TN,35.3314339,-84.8686025,,,,2026-08,2026-09-09,https://www.compute-atlas.com/facilities/project-river-data-center-bradley-county-tn,3,https://projectriver.energy/
project-river-energy-campus-bradley-county-tn,Project River Energy Campus,Wright Brothers Construction,power_generation,proposed,,confirmed,Cleveland,Bradley,TN,35.3314339,-84.8686025,,1500,undetermined,2026-08,2026-09-09,https://www.compute-atlas.com/facilities/project-river-energy-campus-bradley-county-tn,3,https://projectriver.energy/
project-ruby-upatoi-muscogee-ga,Project Ruby (Upatoi Data Center Campus),Undisclosed end user (site pursued by Choose Columbus / Development Authority of Columbus),data_center,proposed,,reported,Columbus,Muscogee,GA,32.5487503,-84.7399283,,600,,,2026-09-10,https://www.compute-atlas.com/facilities/project-ruby-upatoi-muscogee-ga,1,https://www.aol.com/articles/columbus-council-votes-rules-allow-144112000.html
project-shirley-eagle-creek-township-lake-county-in,Project Shirley,Sentinel Data Centers,data_center,proposed,likely,reported,Eagle Creek Township,Lake,IN,41.31,-87.3,,500,,,2026-07-09,https://www.compute-atlas.com/facilities/project-shirley-eagle-creek-township-lake-county-in,1,https://www.latitudemedia.com/news/in-indiana-an-anatomy-of-data-center-opposition/
project-tango-loxahatchee-fl,Project Tango AI Data Center Campus,PBA Holdings (end tenant undisclosed),data_center,cancelled,confirmed,reported,Loxahatchee,Palm Beach,FL,26.6284,-80.39,,,,2025-12,2026-09-21,https://www.compute-atlas.com/facilities/project-tango-loxahatchee-fl,3,https://www.datacenterdynamics.com/en/news/37-million-sq-ft-data-center-campus-gets-initial-ok-from-officials-in-florida/
project-turbo-llc-project-azalea-thomson-ga,Project Azalea (Thomson Data Center Campus),"Project Turbo, LLC (developer; end user undisclosed)",data_center,permitted,,reported,Thomson,McDuffie,GA,33.4663248,-82.5026089,,400,,,2026-09-23,https://www.compute-atlas.com/facilities/project-turbo-llc-project-azalea-thomson-ga,1,https://baxtel.com/news/200-acre-project-azalea-data-center-approved-near-augusta-georgia
project-turbo-okelly-road-gainesville-ga,Project Turbo (Gainesville Data Center),"Project Turbo, LLC (developer; end user undisclosed)",data_center,proposed,,reported,Gainesville,Hall,GA,34.2246468,-83.783998,,,,,2026-09-10,https://www.compute-atlas.com/facilities/project-turbo-okelly-road-gainesville-ga,1,https://www.yahoo.com/news/articles/119-acre-data-center-proposed-152324626.html
project-west-lagrange-troup-ga,Project West (Troup County Data Center Campus),Undisclosed data center developer (landowner Joshua Harrelson),data_center,proposed,,reported,LaGrange,Troup,GA,33.039291,-85.0313269,,600,,,2026-09-10,https://www.compute-atlas.com/facilities/project-west-lagrange-troup-ga,1,https://www.ajc.com/news/business/massive-97-billion-data-center-proposed-in-troup-county/V7BUTU4FJ5GHRJDIN2XFJ4AWXM/
prologis-326-charcot-avenue-san-jose-ca,Prologis 326 Charcot Avenue Data Center (North San José),Prologis,data_center,proposed,,reported,San Jose,Santa Clara,CA,37.381800835839,-121.915780681274,,99,,,2026-09-29,https://www.compute-atlas.com/facilities/prologis-326-charcot-avenue-san-jose-ca,1,https://www.pressdemocrat.com/2026/09/25/tech-san-jose-data-pge-ai-property-economy-build-real-estate-prologis/
prologis-allen-township-northampton-pa,Prologis Allen Township Data Center (2500 Liberty Drive),Prologis,data_center,permitted,,reported,Allen Township,Northampton,PA,40.7017264,-75.4801064,,,,,2026-09-12,https://www.compute-atlas.com/facilities/prologis-allen-township-northampton-pa,1,https://www.lehighvalleypublicmedia.org/northampton-county/allen-township-warehouse-could-become-lehigh-valleys-first-hyperscale-data-center
prologis-mila-trenton-oh,Prologis Project Mila,Prologis,data_center,permitted,likely,confirmed,Trenton,Butler,OH,39.48,-84.4638,,250,,2025-10,2026-09-21,https://www.compute-atlas.com/facilities/prologis-mila-trenton-oh,6,https://www.datacenterdynamics.com/en/news/prologis-details-plans-for-data-center-campus-outside-cincinnati-ohio/
prologis-project-sail-coweta-ga,Project Sail – Prologis Data Center Campus,Prologis,data_center,permitted,likely,confirmed,Newnan,Coweta,GA,33.3807,-84.7974,,900,,2026-04,2026-07-06,https://www.compute-atlas.com/facilities/prologis-project-sail-coweta-ga,3,https://www.ajc.com/business/2026/04/coweta-votes-to-turn-this-800-acre-forest-into-17b-data-center-campus/
prologis-project-steel-yorkville-il,Project Steel Data Center Campus,Prologis,data_center,permitted,,confirmed,Yorkville,Kendall,IL,41.699,-88.484,,,,2025-06,2026-09-12,https://www.compute-atlas.com/facilities/prologis-project-steel-yorkville-il,2,https://www.yorkville.il.us/905/Project-Steel-Data-Center-Campus-Annex-A
prologis-rue-ferrari-san-jose-ca,Prologis 5853 Rue Ferrari,Prologis,data_center,permitted,,confirmed,San Jose,Santa Clara,CA,37.247993,-121.778138,,49,,2025-12,2026-09-21,https://www.compute-atlas.com/facilities/prologis-rue-ferrari-san-jose-ca,4,https://ceqanet.lci.ca.gov/2022010266/2
prologis-shelbyville-in,Prologis Shelbyville Data Center Campus,Prologis,data_center,permitted,,reported,Shelbyville,Shelby,IN,39.5214,-85.7769,,,,,2026-09-01,https://www.compute-atlas.com/facilities/prologis-shelbyville-in,1,https://www.shelbyville.in.gov/m/newsflash/Home/Detail/364
prologis-silver-creek-valley-san-jose-ca,Prologis Silver Creek Valley Road Data Center,Prologis,data_center,proposed,likely,reported,San Jose,Santa Clara,CA,37.25,-121.79,,99,,2026-07,2026-09-29,https://www.compute-atlas.com/facilities/prologis-silver-creek-valley-san-jose-ca,4,https://www.datacenterdynamics.com/en/news/prologis-files-to-build-99mw-data-center-in-san-jose-california/
prologis-stem-park-zanker-road-san-jose-ca,Prologis STEM Park,Prologis,data_center,proposed,likely,reported,San Jose,Santa Clara,CA,37.423,-121.943,,396,,2025-11,2026-07-26,https://www.compute-atlas.com/facilities/prologis-stem-park-zanker-road-san-jose-ca,5,https://www.datacenterdynamics.com/en/news/400mw-prologis-data-center-campus-chosen-as-preferred-project-on-city-owned-land-in-san-jose-california/
prologis-washington-township-mi,Washington Township Technical Campus,Prologis,data_center,cancelled,,reported,Washington,Macomb,MI,42.80333473861,-82.980045064045,,,,,2026-09-09,https://www.compute-atlas.com/facilities/prologis-washington-township-mi,2,https://planetdetroit.org/2026/05/washington-township-data-center-withdrawn/
prometheus-hyperscale-casper-wy,Prometheus Hyperscale Falls Ranch Data Center Campus,Prometheus Hyperscale,data_center,proposed,confirmed,reported,Glenrock,Converse,WY,42.87,-106.15,,1500,,2025-10,2026-09-14,https://www.compute-atlas.com/facilities/prometheus-hyperscale-casper-wy,10,https://cowboystatedaily.com/2025/10/09/casper-lands-massive-1-5-gigawatt-data-center-project-on-nearby-ranch/
prometheus-hyperscale-evanston-wy,Prometheus Hyperscale Atlas Industrial Park Data Center Campus,Prometheus Hyperscale,data_center,permitted,confirmed,confirmed,Evanston,Uinta,WY,41.27,-110.81,,1250,,2026-05,2026-09-14,https://www.compute-atlas.com/facilities/prometheus-hyperscale-evanston-wy,8,https://www.prnewswire.com/news-releases/prometheus-hyperscale-secures-unanimous-conditional-use-permit-approval-from-uinta-county-commissioners-302803665.html
prometheus-hyperscale-fort-morgan-co,Prometheus Hyperscale Fort Morgan,Prometheus Hyperscale,data_center,proposed,,reported,Fort Morgan,Morgan,CO,40.2502582,-103.799951,,,,,2026-08-26,https://www.compute-atlas.com/facilities/prometheus-hyperscale-fort-morgan-co,2,https://www.datacenterdynamics.com/en/news/wyoming-hyperscale-becomes-prometheus-hyperscale-reveals-pipeline-of-four-additional-sites/
prometheus-hyperscale-kaufman-county-tx,Prometheus Hyperscale Kaufman County Campus,Prometheus Hyperscale,data_center,proposed,,reported,,Kaufman,TX,32.65,-96.36,,200,,2026-05-22,2026-09-21,https://www.compute-atlas.com/facilities/prometheus-hyperscale-kaufman-county-tx,1,https://www.greenvillechronicle.com/s/4925/Prometheus-Hyperscale-Plans-200MW-AI-Data-Center-Campus-in-Kaufman-County.php
prometheus-hyperscale-pueblo-co,Prometheus Hyperscale Pueblo,Prometheus Hyperscale,data_center,proposed,,reported,Pueblo,Pueblo,CO,38.263995,-104.6141867,,,,,2026-08-26,https://www.compute-atlas.com/facilities/prometheus-hyperscale-pueblo-co,2,https://www.datacenterdynamics.com/en/news/wyoming-hyperscale-becomes-prometheus-hyperscale-reveals-pipeline-of-four-additional-sites/
pronghorn-antelope-cedar-city-ut,Antelope Data Center (Project Antelope),Pronghorn Development LLC,data_center,permitted,,reported,Cedar City,Iron,UT,37.6775,-113.0619,,1500,,,2026-09-04,https://www.compute-atlas.com/facilities/pronghorn-antelope-cedar-city-ut,4,https://www.stgeorgeutah.com/news/planning-commission-approves-conditional-use-permit-for-proposed-iron-county-data-center/article_0a818ae9-8496-4e3e-87e0-53a09ee256c5.html
prospect-rd-misty-hollow-forward-township-butler-pa,Misty Hollow Energy and Data Campus,Prospect RD LLC,data_center,proposed,,reported,Prospect,Butler,PA,40.8079,-80.0558,,,,2026-09,2026-09-25,https://www.compute-atlas.com/facilities/prospect-rd-misty-hollow-forward-township-butler-pa,1,https://www.butlereagle.com/20260918/massive-data-center-proposed-in-forward-township/
provident-chesterton-porter-county-in,Provident Chesterton Data Center Campus (former Brassie Golf Club),Provident Realty Advisors,data_center,cancelled,,reported,Chesterton,Porter,IN,41.6006171,-87.0910251,,,,2024-05,2026-09-13,https://www.compute-atlas.com/facilities/provident-chesterton-porter-county-in,1,https://baxtel.com/data-center/provident-chesterton-in
province-group-bristol-innovation-park-elkhart-county-in,Bristol Innovation Park,The Province Group,data_center,cancelled,,reported,Bristol,Elkhart,IN,41.7203,-85.8175,,,,,2026-09-13,https://www.compute-atlas.com/facilities/province-group-bristol-innovation-park-elkhart-county-in,4,https://www.wvpe.org/wvpe-news/2024-09-10/undisclosed-tech-firm-plans-1-billion-data-center-for-bristol
province-group-merrillville-technology-park-in,Merrillville Technology Park,The Province Group,data_center,proposed,,reported,Merrillville,Lake,IN,41.46,-87.29,,,,,2026-09-01,https://www.compute-atlas.com/facilities/province-group-merrillville-technology-park-in,1,https://www.govtech.com/artificial-intelligence/2b-in-data-center-projects-planned-for-merrillville-ind
provnet-chf1-chelmsford-ma,Prov.net CHF1 (Boston North),Prov.net,data_center,operational,,reported,Chelmsford,Middlesex,MA,42.597085,-71.331383,,,,,2026-09-15,https://www.compute-atlas.com/facilities/provnet-chf1-chelmsford-ma,1,https://www.peeringdb.com/fac/3347
prsm-group-cumberland-county-nc,PRSM Group Cumberland County AI Data Center (undisclosed industrial park),PRSM Group,data_center,proposed,confirmed,reported,,Cumberland,NC,35.0462,-78.8394,,225,,,2026-09-10,https://www.compute-atlas.com/facilities/prsm-group-cumberland-county-nc,1,https://www.cityviewnc.com/stories/data-center-proposal-emerges-as-county-holds-hearing-on-moratorium/
prsm-preble-county-oh,PRSM Preble County Data Center Campus,PRSM Group,data_center,cancelled,,reported,Monroe Township,Preble,OH,39.8283325,-84.6873978,,,,,2026-08-27,https://www.compute-atlas.com/facilities/prsm-preble-county-oh,2,https://dayton247now.com/news/local/commissions-in-preble-county-reject-farmland-rezoning-for-data-center-development-plan
ptolemy-data-systems-sheridan-wy,Ptolemy Data Systems Sheridan Data Center,Ptolemy Data Systems,data_center,operational,,reported,Sheridan,Sheridan,WY,44.8284,-106.9711,,,,,2026-09-14,https://www.compute-atlas.com/facilities/ptolemy-data-systems-sheridan-wy,2,https://www.cityofdouglas.org/AgendaCenter/ViewFile/Item/1542?fileID=1449
puente-hills-mall-data-center-city-of-industry-ca,Puente Hills Mall Redevelopment Data Center,"Puente Hills Land Venture, LLC",data_center,proposed,,confirmed,City of Industry,Los Angeles,CA,33.9926096,-117.9278263,,10,,2026-01,2026-09-21,https://www.compute-atlas.com/facilities/puente-hills-mall-data-center-city-of-industry-ca,2,https://investigatela.org/2026/03/02/city-of-industry-discussed-data-center-sites-months-before-zoning-vote/
qlevr-charlestown-clark-county-in,QLEVR Charlestown Data Center,QLEVR LLC,data_center,proposed,,reported,Charlestown,Clark,IN,38.4517,-85.67,,3,,,2026-09-01,https://www.compute-atlas.com/facilities/qlevr-charlestown-clark-county-in,1,https://www.newsandtribune.com/news/data-center-proposed-for-charlestowns-shadow-lake-park/article_b0967582-6664-4499-a2b4-44dfcfa4702a.html
qts-ashburn-1-va,QTS Ashburn 1,QTS Data Centers,data_center,operational,,reported,Sterling,Loudoun,VA,38.9995277,-77.4501109,55,,,,2026-09-21,https://www.compute-atlas.com/facilities/qts-ashburn-1-va,3,https://q.com/data-centers/ashburn-1/
qts-ashburn-2-ashburn-lockridge-va,QTS Ashburn 2 (Ashburn-Lockridge),QTS Data Centers,data_center,operational,,reported,Sterling,Loudoun,VA,38.9959297,-77.4562445,,,,,2026-09-21,https://www.compute-atlas.com/facilities/qts-ashburn-2-ashburn-lockridge-va,3,https://q.com/data-centers/ashburn-2/
qts-atlanta-1-atlanta-metro-dc1-ga,QTS Atlanta 1 (Atlanta-Metro DC1),QTS Data Centers,data_center,operational,,reported,Atlanta,Fulton,GA,33.7776897,-84.4211544,,278,,,2026-08-16,https://www.compute-atlas.com/facilities/qts-atlanta-1-atlanta-metro-dc1-ga,3,https://q.com/data-centers/atlanta/
qts-aurora-co,QTS Aurora-Denver Data Center Campus (DEN1),QTS Data Centers,data_center,under_construction,likely,reported,Aurora,Arapahoe,CO,39.7113,-104.7241,,177,,2022-05,2026-09-30,https://www.compute-atlas.com/facilities/qts-aurora-co,3,https://www.datacenterdynamics.com/en/news/qts-plans-15m-sq-ft-expansion-at-henrico-virginia-campus-and-denver-build-out/
qts-blue-hole-blakely-ga,QTS Project Blue Hole,QTS Data Centers,data_center,permitted,likely,confirmed,Blakely,Early,GA,31.3763,-84.9346,,1000,,,2026-09-23,https://www.compute-atlas.com/facilities/qts-blue-hole-blakely-ga,4,https://www.datacenterdynamics.com/en/news/qts-targets-two-data-center-campuses-in-georgia/
qts-cedar-rapids-ia,QTS Cedar Rapids Data Center Campus,QTS Data Centers,data_center,under_construction,likely,confirmed,Cedar Rapids,Linn,IA,41.932,-91.718,,1050,,2025-02,2026-09-16,https://www.compute-atlas.com/facilities/qts-cedar-rapids-ia,5,https://cedar-rapids.org/news_detail_T6_R2180.php
qts-chicago-1-il,QTS Chicago 1,QTS Data Centers,data_center,operational,,confirmed,Chicago,Cook,IL,41.8422152,-87.6689701,,,,,2026-09-21,https://www.compute-atlas.com/facilities/qts-chicago-1-il,2,https://q.com/data-centers/chicago/
qts-clinton-clinton-county-ia,QTS Clinton Data Center Campus,QTS Data Centers,data_center,proposed,likely,reported,Clinton,Clinton,IA,41.88,-90.24,,,,,2026-09-21,https://www.compute-atlas.com/facilities/qts-clinton-clinton-county-ia,3,https://q.com/data-centers/clinton/
qts-colorado-springs-co,QTS Colorado Springs Data Center,QTS Data Centers,data_center,operational,,reported,Colorado Springs,El Paso,CO,38.9220674,-104.8426568,14,,,,2026-08-26,https://www.compute-atlas.com/facilities/qts-colorado-springs-co,1,https://q.com/data-centers/colorado-springs/
qts-dane-county-deforest-wi,QTS Dane County Hyperscale Campus (DeForest),QTS Data Centers,data_center,cancelled,likely,confirmed,DeForest,Dane,WI,43.2428,-89.3401,,,,2025-10-30,2026-07-25,https://www.compute-atlas.com/facilities/qts-dane-county-deforest-wi,8,https://qtsdatacenters.com/news/qts-advances-plans-for-state-of-the-art-data-center-campus-and-announces-50-million-community-commitment-for-dane-county/
qts-eagle-mountain-ii-fairfield-ut,QTS Eagle Mountain II,QTS Data Centers,data_center,under_construction,,reported,Fairfield,Utah,UT,40.26217,-112.093,,650,,,2026-08-15,https://www.compute-atlas.com/facilities/qts-eagle-mountain-ii-fairfield-ut,3,https://d36oiwf74r1rap.cloudfront.net/wp-content/uploads/2026/04/Data-Center-Growth-FS-Apr2026.pdf
qts-eagle-mountain-ut,QTS Eagle Mountain Data Center Campus,QTS Data Centers,data_center,under_construction,confirmed,reported,Eagle Mountain,Utah,UT,40.3155,-111.9847,,200,,2023,2026-08-16,https://www.compute-atlas.com/facilities/qts-eagle-mountain-ut,7,https://eaglemountain.gov/qts-begins-construction-on-new-datacenter-campus-in-eagle-mountain/
qts-east-windsor-nj,QTS East Windsor,QTS Data Centers,data_center,operational,,confirmed,East Windsor,Mercer,NJ,40.279249,-74.547551,70,70,,,2026-09-21,https://www.compute-atlas.com/facilities/qts-east-windsor-nj,3,https://q.com/data-centers/east-windsor/
qts-eisenhower-augusta-ga,QTS Project Eisenhower,QTS Data Centers,data_center,under_construction,likely,confirmed,Augusta,Richmond,GA,33.4735,-82.0105,,,,,2026-09-23,https://www.compute-atlas.com/facilities/qts-eisenhower-augusta-ga,5,https://www.wrdw.com/2025/12/26/flying-under-radar-new-data-center-will-twice-big-augusta-mall/
qts-hillsboro-1-or,QTS Hillsboro 1,QTS Data Centers,data_center,operational,,reported,Hillsboro,Washington,OR,45.5588149,-122.9277661,20,,,,2026-09-21,https://www.compute-atlas.com/facilities/qts-hillsboro-1-or,3,https://q.com/data-centers/hillsboro-1/
qts-hillsboro-2-or,QTS Hillsboro 2,QTS Data Centers,data_center,operational,,reported,Hillsboro,Washington,OR,45.55888,-122.92961,,180,,,2026-08-15,https://www.compute-atlas.com/facilities/qts-hillsboro-2-or,1,http://q.com/data-centers/hillsboro-2/
qts-hillsboro-3-or,QTS Hillsboro 3,QTS Data Centers,data_center,permitted,,reported,Hillsboro,Washington,OR,45.5719248,-122.918438,,,,,2026-09-21,https://www.compute-atlas.com/facilities/qts-hillsboro-3-or,5,https://q.com/data-centers/hillsboro-3/
qts-irving-1-tx,QTS Irving 1,QTS Data Centers,data_center,operational,,reported,Irving,Dallas,TX,32.8972479,-96.9826475,,165,,,2026-09-21,https://www.compute-atlas.com/facilities/qts-irving-1-tx,2,https://q.com/data-centers/irving/
qts-jersey-city-nj,QTS Jersey City (JCY1),QTS Data Centers,data_center,operational,,reported,Jersey City,Hudson,NJ,40.716892,-74.03382,,,,,2026-09-21,https://www.compute-atlas.com/facilities/qts-jersey-city-nj,2,https://www.peeringdb.com/fac/579
qts-kearneysville-berkeley-jefferson-wv,Berkeley/Jefferson County Data Center Campus (QTS Kearneysville),QTS Data Centers,data_center,proposed,,confirmed,Kearneysville,Berkeley,WV,39.3729,-77.8636,,,,,2026-09-10,https://www.compute-atlas.com/facilities/qts-kearneysville-berkeley-jefferson-wv,2,https://observerwv.com/plan-for-data-center-complex-near-kearneysville-approved/
qts-lancium-hall-county-tx,QTS–Lancium Hall County Data Center Campus,QTS Data Centers / Lancium,data_center,proposed,,confirmed,Turkey,Hall,TX,34.394,-100.8954,,,,2026-07-14,2026-09-08,https://www.compute-atlas.com/facilities/qts-lancium-hall-county-tx,1,https://q.com/news/qts-and-lancium-announce-data-center-campus-in-hall-county-texas/
qts-marvel-bessemer-al,QTS Bessemer (Project Marvel),QTS Data Centers,data_center,proposed,likely,reported,Bessemer,Jefferson,AL,33.44,-86.97,,1200,,2025,2026-09-09,https://www.compute-atlas.com/facilities/qts-marvel-bessemer-al,8,https://www.wbrc.com/2026/07/02/qts-confirms-plans-proposed-data-center-campus-bessemer/
qts-mia1-sweetwater-fl,QTS Miami (MIA1),QTS Data Centers,data_center,operational,,confirmed,Sweetwater,Miami-Dade,FL,25.7915329,-80.3795596,2,,,,2026-09-21,https://www.compute-atlas.com/facilities/qts-mia1-sweetwater-fl,5,https://q.com/data-centers/miami/
qts-new-albany-1-franklin-county-oh,QTS New Albany 1,QTS Data Centers,data_center,under_construction,,confirmed,New Albany,Licking,OH,40.06378,-82.75793,,144,,,2026-07-18,https://www.compute-atlas.com/facilities/qts-new-albany-1-franklin-county-oh,4,https://www.datacenterdynamics.com/en/news/qts-plans-four-building-data-center-campus-in-new-albany-ohio/
qts-new-albany-2-franklin-county-oh,QTS New Albany 2,QTS Data Centers,data_center,under_construction,,confirmed,New Albany,Licking,OH,40.05491,-82.75685,,78,,,2026-07-18,https://www.compute-atlas.com/facilities/qts-new-albany-2-franklin-county-oh,3,https://www.datacenterdynamics.com/en/news/qts-plans-four-building-data-center-campus-in-new-albany-ohio/
qts-new-albany-3-franklin-county-oh,QTS New Albany III,QTS Data Centers,data_center,under_construction,,reported,New Albany,Franklin,OH,40.06965,-82.77165,,,,2023-12,2026-07-25,https://www.compute-atlas.com/facilities/qts-new-albany-3-franklin-county-oh,3,https://gis.franklincountyohio.gov/hosting/rest/services/ParcelFeatures/Parcel_Features/FeatureServer/0/query?where=UPPER(OWNERNME1)+LIKE+'%25QTS%25'&outFields=*&returnCentroid=true&outSR=4326&f=json
qts-new-albany-4-licking-county-oh,QTS New Albany IV,QTS Data Centers,data_center,permitted,,reported,New Albany,Licking,OH,40.11064,-82.74301,,,,2023-12,2026-07-25,https://www.compute-atlas.com/facilities/qts-new-albany-4-licking-county-oh,2,https://gis.lickingcounty.gov/server/rest/services/Auditor/Parcels/FeatureServer/0/query?where=UPPER(OwnerName)+LIKE+'%25QTS+NEW+ALBANY+IV%25'&outFields=*&returnCentroid=true&outSR=4326&f=json
qts-overland-park-ks,QTS Overland Park Data Center (OVP1),QTS Data Centers,data_center,operational,,reported,Overland Park,Johnson,KS,38.896635385342,-94.673564928144,,,,,2026-09-13,https://www.compute-atlas.com/facilities/qts-overland-park-ks,2,https://baxtel.com/data-center/qts-overland-park
qts-phoenix-2-az,QTS Phoenix 2,QTS Data Centers,data_center,operational,,reported,Phoenix,Maricopa,AZ,33.4644344,-111.994808,,210,,,2026-09-21,https://www.compute-atlas.com/facilities/qts-phoenix-2-az,1,https://q.com/data-centers/phoenix-2/
qts-phoenix-4-tolleson-az,QTS Phoenix 4,QTS Data Centers,data_center,under_construction,,reported,Tolleson,Maricopa,AZ,33.420593,-112.311771,,,,,2026-09-21,https://www.compute-atlas.com/facilities/qts-phoenix-4-tolleson-az,1,https://q.com/data-centers/phoenix-4/
qts-piscataway-1-nj,QTS Piscataway 1,QTS Data Centers,data_center,operational,,reported,Piscataway,Middlesex,NJ,40.5569431,-74.4839173,65,,,,2026-09-14,https://www.compute-atlas.com/facilities/qts-piscataway-1-nj,3,https://q.com/data-centers/piscataway/
qts-richmond-1-dc1-ric1-white-oak-technology-park-va,"QTS Richmond 1 DC1 (RIC1, White Oak Technology Park)",QTS Data Centers,data_center,operational,,reported,Sandston,Henrico,VA,37.4892338,-77.2474761,,,,,2026-07-23,https://www.compute-atlas.com/facilities/qts-richmond-1-dc1-ric1-white-oak-technology-park-va,3,https://q.com/data-centers/richmond-1/
qts-sacramento-ca,QTS Sacramento,QTS Data Centers,data_center,operational,,reported,Sacramento,Sacramento,CA,38.6463763,-121.4862686,4,,,,2026-09-21,https://www.compute-atlas.com/facilities/qts-sacramento-ca,3,https://q.com/data-centers/sacramento/
qts-salem-township-luzerne-pa,QTS Salem Township Data Center Campus (Salem 2),QTS Data Centers,data_center,proposed,,reported,Salem Township,Luzerne,PA,41.1078249,-76.1791155,,,,,2026-09-21,https://www.compute-atlas.com/facilities/qts-salem-township-luzerne-pa,1,https://www.timesleader.com/news/1752841/developers-tout-impacts-of-3-data-center-campuses-zoning-meeting-set-for-wednesday-on-4-3-glenbrook-group-project
qts-santa-clara-1-ca,QTS Santa Clara 1,QTS Data Centers,data_center,operational,,reported,Santa Clara,Santa Clara,CA,37.3939862,-121.9783207,7.5,,,,2026-08-16,https://www.compute-atlas.com/facilities/qts-santa-clara-1-ca,3,https://q.com/data-centers/santa-clara/
qts-van-wert-oh,QTS Van Wert Data Center Campus,QTS Data Centers,data_center,proposed,,confirmed,Van Wert,Van Wert,OH,40.8696461,-84.5829261,,,,2026-05-29,2026-09-09,https://www.compute-atlas.com/facilities/qts-van-wert-oh,1,https://q.com/news/city-of-van-wert-and-qts-announce-data-center-campus-in-northwest-ohio/
qts-white-oak-technology-park-ii-henrico-va,QTS White Oak Technology Park II (RIC5),QTS Data Centers,data_center,permitted,likely,confirmed,Sandston,Henrico,VA,37.49,-77.27,,,,2024-03,2026-09-21,https://www.compute-atlas.com/facilities/qts-white-oak-technology-park-ii-henrico-va,5,https://www.datacenterdynamics.com/en/news/henrico-county-approves-622-acre-rezoning-request-for-data-centers-in-virginia/
qts-york-county-sc,QTS York County Data Center Campus,QTS Data Centers,data_center,under_construction,,confirmed,,York,SC,35.0046528,-81.1001847,,,,2023-09-19,2026-09-22,https://www.compute-atlas.com/facilities/qts-york-county-sc,5,https://www.sccommerce.com/news/qts-data-centers-establishing-first-south-carolina-operations-york-county
quail-ranch-solar-storage-bernalillo-county-nm,Quail Ranch Solar and Storage,Clēnera,power_generation,operational,,confirmed,Rio Rancho,,NM,35.2328,-106.663,100,,,,2026-09-15,https://www.compute-atlas.com/facilities/quail-ranch-solar-storage-bernalillo-county-nm,2,https://www.energy-storage.news/new-mexico-regulator-approves-state-utility-plan-to-add-310mw-of-battery-storage-by-summer-2026/
quantica-bsdi-billings-mt,Big Sky Digital Infrastructure Campus,Quantica Infrastructure,data_center,proposed,confirmed,reported,Billings,Yellowstone,MT,45.823,-108.7,,1000,,2025-08,2026-07-06,https://www.compute-atlas.com/facilities/quantica-bsdi-billings-mt,2,https://www.datacenterdynamics.com/en/news/encap-backed-quantica-details-plans-for-1gw-campus-in-montana/
quantum-frederick-campus-md,Quantum Frederick,TPG Real Estate Partners / Catellus Development Corporation,data_center,under_construction,,confirmed,Frederick,Frederick,MD,39.347656,-77.493847,,,,,2026-09-13,https://www.compute-atlas.com/facilities/quantum-frederick-campus-md,3,https://www.catellus.com/updates/statement-from-tpg-real-estate-and-catellus-development-corporation-on-the-quantum-frederick-project
quantum-park-data-center-ashburn-loudoun-va,Quantum Park Data Center Expansion,Quantum Park LLC,data_center,proposed,,confirmed,Ashburn,Loudoun,VA,39.011,-77.464,,,,,2026-09-09,https://www.compute-atlas.com/facilities/quantum-park-data-center-ashburn-loudoun-va,2,https://www.loudountimes.com/news/politics_and_government/levels_of_government/county/planning-commission-sends-quantum-park-data-center-project-to-supervisors/article_2529879e-8cdc-4a1f-a376-28d748b851bd.html
quartz-solar-cross-county-ar,Quartz Solar,RWE,power_generation,operational,,reported,,Cross,AR,35.2085,-90.7912,135,,,,2026-09-22,https://www.compute-atlas.com/facilities/quartz-solar-cross-county-ar,2,https://www.gem.wiki/Quartz_Solar
quest-roseville-habc-ca,Quest Roseville HABC,Quest Technology Management,data_center,operational,,confirmed,Roseville,Placer,CA,38.78829,-121.313874,,,,,2026-09-12,https://www.compute-atlas.com/facilities/quest-roseville-habc-ca,1,https://datacentercatalog.com/usa/quest-roseville-habc
quiet-data-centers-enfield-halifax-county-nc,Project Q — Quiet Data Centers Enfield (Halifax County),Quiet Data Centers Halifax Inc.,data_center,proposed,likely,reported,Enfield,Halifax,NC,36.18,-77.66889,,88,,2025-11,2026-09-10,https://www.compute-atlas.com/facilities/quiet-data-centers-enfield-halifax-county-nc,2,https://www.rrdailyherald.com/news/local/data-center-proposal-draws-questions-concerns-at-public-hearing/article_adb332bd-e1fd-52f6-b8af-32e9a86d475e.html
qumulusai-denton-tx,QumulusAI Denton Modular Data Center,"QumulusAI, Inc.",data_center,proposed,,reported,Denton,Denton,TX,33.2148,-97.1331,,20,,2026-01-01,2026-09-21,https://www.compute-atlas.com/facilities/qumulusai-denton-tx,1,https://baxtel.com/data-center/qumulusai-denton-tx
qx-net-lexington-fayette-ky,QX.Net Lexington Data Center,QX.Net,data_center,operational,,reported,Lexington,Fayette,KY,38.047912,-84.499563,,,,,2026-09-22,https://www.compute-atlas.com/facilities/qx-net-lexington-fayette-ky,1,https://www.peeringdb.com/api/fac?state=KY
rack59-oklahoma-city-ok,RACK59 Data Center,RACK59,data_center,operational,mixed_use,confirmed,Oklahoma City,Oklahoma,OK,35.4676,-97.5164,175,,,,2026-09-21,https://www.compute-atlas.com/facilities/rack59-oklahoma-city-ok,2,https://rack59.com/
racksquared-columbus-oh,Racksquared Data Center (Columbus),"Racksquared Data Centers, LLC",data_center,operational,,reported,Columbus,Franklin,OH,39.966878,-82.992615,,,,,2026-09-09,https://www.compute-atlas.com/facilities/racksquared-columbus-oh,1,https://www.peeringdb.com/api/fac?state=OH&limit=200
radius-dc-raleigh-1-wake-county-nc,Radius DC Raleigh I,Undisclosed (annexation petitioner: Radius DC Raleigh I),data_center,proposed,,reported,Raleigh,Wake,NC,35.7289,-78.5776,,,,,2026-08-15,https://www.compute-atlas.com/facilities/radius-dc-raleigh-1-wake-county-nc,2,https://cityofraleigh0drupal.blob.core.usgovcloudapi.net/drupal-prod/COR22/AX-009-26.pdf
radiusdc-miami-i-sweetwater-fl,RadiusDC Miami I,RadiusDC,data_center,operational,,confirmed,Sweetwater,Miami-Dade,FL,25.7871,-80.3839,3.2,9.2,,,2026-08-02,https://www.compute-atlas.com/facilities/radiusdc-miami-i-sweetwater-fl,5,https://www.prnewswire.com/news-releases/radiusdc-announces-acquisition-of-network-centric-data-center-in-miami-302220596.html
radiusdc-nashville-i-tn,RadiusDC Nashville I,RadiusDC,data_center,under_construction,,confirmed,Nashville,Davidson,TN,36.27987,-86.7837,,12,,,2026-09-21,https://www.compute-atlas.com/facilities/radiusdc-nashville-i-tn,5,https://www.radius-dc.com/newsroom-and-events/radiusdc-breaks-ground-on-largest-data-center-in-nashville
radiusdc-plainfield-hendricks-county-in,RadiusDC Plainfield Campus (Indy I / Indy II),RadiusDC,data_center,proposed,,reported,Plainfield,Hendricks,IN,39.7416036,-86.35343,,24,,,2026-09-13,https://www.compute-atlas.com/facilities/radiusdc-plainfield-hendricks-county-in,2,https://www.radius-dc.com/location/indianapolis
raeden-detroit-carrier-hotel-mi,Raeden Detroit Carrier Hotel (615 W Lafayette),Raeden,data_center,operational,,confirmed,Detroit,Wayne,MI,42.32854,-83.053799,0.4,,,2022-11,2026-09-14,https://www.compute-atlas.com/facilities/raeden-detroit-carrier-hotel-mi,3,https://www.bedrockdetroit.com/press-releases/bedrock-and-raeden-partner-to-bring-first-carrier-hotel-to-downtown-detroit/
raeden-gibraltar-mclouth-mi,Gibraltar Data Center (former McLouth Steel site),Raeden (with Cal Realty / Ferragon Corp.),data_center,proposed,,reported,Gibraltar,Wayne,MI,42.106282080203,-83.196799127817,,100,,,2026-09-21,https://www.compute-atlas.com/facilities/raeden-gibraltar-mclouth-mi,2,https://planetdetroit.org/2026/08/gibraltar-faces-data-center-lawsuit/
raeden-grand-crossing-south-city-of-industry-ca,Grand Crossing South - Building 10,Raeden,data_center,proposed,likely,reported,City of Industry,Los Angeles,CA,34.0051077,-117.8333142,,,,,2026-08-02,https://www.compute-atlas.com/facilities/raeden-grand-crossing-south-city-of-industry-ca,5,https://investigatela.org/2026/03/02/city-of-industry-discussed-data-center-sites-months-before-zoning-vote/
raeden-one-campus-martius-detroit-mi,Raeden One Campus Martius (1050 Woodward),Raeden,data_center,operational,,reported,Detroit,Wayne,MI,42.332695679242,-83.047534477833,,3,,,2026-09-14,https://www.compute-atlas.com/facilities/raeden-one-campus-martius-detroit-mi,2,https://raeden.com/data-centers/detroit/
raeden-taurus-colorado-springs-co,Raeden Project Taurus,Raeden,data_center,permitted,likely,confirmed,Colorado Springs,El Paso,CO,38.8339,-104.8214,,50,,,2026-08-26,https://www.compute-atlas.com/facilities/raeden-taurus-colorado-springs-co,5,https://www.datacenterdynamics.com/en/news/50mw-data-center-could-be-built-in-colorado-springs/
ranalli-lysander-ny,Ranalli Lysander Data Center,Ranalli,data_center,proposed,likely,rumored,Lysander,Onondaga,NY,43.17,-76.39,,300,,,2026-09-21,https://www.compute-atlas.com/facilities/ranalli-lysander-ny,6,https://cleanview.co/public/data-centers/new-york/2042/ranalli-lysander-data-center
range-act-gillette-campbell-county-wy,Range (ACT) Gillette Data Center,Advanced Communications Technology (Range),data_center,operational,,reported,Gillette,Campbell,WY,44.2437,-105.4846,,,,,2026-09-14,https://www.compute-atlas.com/facilities/range-act-gillette-campbell-county-wy,2,https://inflect.com/datacenters/north-america/usa/wyoming
range-act-wheatland-platte-county-wy,Range (ACT) Wheatland Data Center,Advanced Communications Technology (Range),data_center,operational,,reported,Wheatland,Platte,WY,42.0452,-104.9579,,,,,2026-09-14,https://www.compute-atlas.com/facilities/range-act-wheatland-platte-county-wy,2,https://inflect.com/datacenters/north-america/usa/wyoming
rattlesnake-creek-wind-dixon-ne,Rattlesnake Creek Wind Project,Enel Green Power,power_generation,operational,,confirmed,,Dixon,NE,42.35,-96.8,320,,Meta (Facebook),2017,2026-08-14,https://www.compute-atlas.com/facilities/rattlesnake-creek-wind-dixon-ne,3,https://www.enelgreenpower.com/our-projects/operating/rattlesnake-creek-wind-project
rb-inyokern-data-center-ca,RB Inyokern Data Center,"R&L Capital, Inc.",data_center,proposed,likely,reported,Inyokern,Kern,CA,35.631817,-117.807864,,99,,2026-05-08,2026-09-29,https://www.compute-atlas.com/facilities/rb-inyokern-data-center-ca,8,https://www.energy.ca.gov/powerplant/backup-generating-system/rb-inyokern-data-center
rck-crossroads-technology-campus-spotsylvania-va,Crossroads Technology Campus,RCK Digital Crossroads LLC,data_center,proposed,,reported,,Spotsylvania,VA,38.2445,-77.4334,,,,,2026-07-26,https://www.compute-atlas.com/facilities/rck-crossroads-technology-campus-spotsylvania-va,2,https://www.spotsylvania.va.us/3206/SUP26-0003-Crossroads-Technology-Campus
rcm-hill-project-aquila-hill-county-tx,Project Aquila,"RCM Hill, LLC",data_center,proposed,likely,confirmed,,Hill,TX,32.03,-97.13,,1235,,,2026-07-24,https://www.compute-atlas.com/facilities/rcm-hill-project-aquila-hill-county-tx,2,https://www.kwtx.com/2026/05/28/illegal-under-texas-law-data-center-developer-files-lawsuit-against-hill-county-moratorium/
red-ace-data-center-culpeper-va,Red Ace Data Center,Red Ace Capital Management,data_center,permitted,,confirmed,Culpeper,Culpeper,VA,38.474,-77.997,,,,,2026-07-26,https://www.compute-atlas.com/facilities/red-ace-data-center-culpeper-va,1,https://www.datacenterdynamics.com/en/news/data-center-campus-in-virginias-culpeper-county-gets-approval/
red-post-maverick-project-wise-va,Maverick Project (Wise Innovation Hub power supply),Red Post Energy Group,power_generation,proposed,,reported,,Wise,VA,36.99,-82.53,,600,Wise Innovation Hub,2025-12,2026-09-14,https://www.compute-atlas.com/facilities/red-post-maverick-project-wise-va,4,https://www.datacenterdynamics.com/en/news/red-post-energy-to-develop-natural-gas-power-solution-for-planned-data-center-in-wise-county-virginia/
red-wolf-dcd-properties-project-red-wolf-ks,Project Red Wolf,Red Wolf DCD Properties LLC,data_center,proposed,,reported,Kansas City,Wyandotte,KS,39.132358,-94.88035,,600,,,2026-07-26,https://www.compute-atlas.com/facilities/red-wolf-dcd-properties-project-red-wolf-ks,4,https://www.datacenterdynamics.com/en/news/600mw-data-center-campus-proposed-outside-kansas-city-kansas/
redivider-homestead-speedway-fl,Redivider Homestead Bitcoin Mining Facility,Redivider Blockchain (joint venture with Esperanza Opportunity Fund),crypto_mining,proposed,,reported,Homestead,Miami-Dade,FL,25.451752,-80.40943,,10,,,2026-09-13,https://www.compute-atlas.com/facilities/redivider-homestead-speedway-fl,3,https://www.einnews.com/pr_news/556618857/redivider-blockchain-and-esperanza-opportunity-fund-announce-partnership-bringing-bitcoin-mining-to-homestead-florida
regence-salt-lake-city-ut,Regence BlueCross BlueShield Salt Lake City Data Center,Regence BlueCross BlueShield,data_center,operational,,reported,Cottonwood Heights,Salt Lake,UT,40.633117,-111.809456,2,,,,2026-08-15,https://www.compute-atlas.com/facilities/regence-salt-lake-city-ut,3,https://d36oiwf74r1rap.cloudfront.net/wp-content/uploads/2026/04/Data-Center-Growth-FS-Apr2026.pdf
related-digital-8080-lake-shore-chicago-il,Related Digital South Works Campus (8080 S DuSable Lake Shore Drive),Related Digital,data_center,proposed,,reported,Chicago,Cook,IL,41.7466434,-87.5379905,,1000,,2025-03,2026-09-25,https://www.compute-atlas.com/facilities/related-digital-8080-lake-shore-chicago-il,3,https://www.related.com/press-releases/2025-03-27/related-companies-accelerates-push-data-centers-capitalization-related
related-digital-cheyenne-wy,Related Digital Cheyenne Data Center Campus,Related Digital,data_center,under_construction,confirmed,confirmed,Cheyenne,Laramie,WY,41.13,-104.735,,302,,2025-10-07,2026-09-14,https://www.compute-atlas.com/facilities/related-digital-cheyenne-wy,3,https://www.related-digital.com/news/related-digital-breaks-ground-on-302-mw-data-center-campus-in-cheyenne-wyoming
rellis-data-research-center-bryan-brazos-county-tx,RELLIS Data and Research Center,"ThisWay Global, Inc.",data_center,under_construction,,reported,Bryan,Brazos,TX,30.6013,-96.3589,,,,,2026-08-25,https://www.compute-atlas.com/facilities/rellis-data-research-center-bryan-brazos-county-tx,1,https://www.kbtx.com/2026/08/18/brazos-county-commissioners-approve-new-owner-rellis-data-center-heres-what-it-means-your-wallet/
renaissance-park-upper-merion-king-of-prussia-pa,Renaissance Park and Innovation Data Center Campus,MLP Ventures,data_center,proposed,mixed_use,confirmed,King of Prussia,Montgomery,PA,40.092,-75.347,,,,2026-05,2026-08-17,https://www.compute-atlas.com/facilities/renaissance-park-upper-merion-king-of-prussia-pa,2,https://6abc.com/post/proposed-king-prussia-data-center-campus-faces-renewed-scrutiny-review-continues/19560357/
renew-riverside-bristol-ct,ReNew Riverside Micro Cloud Technology Center (234 Riverside Avenue),ReNew Developers,data_center,proposed,,confirmed,Bristol,Hartford,CT,41.670002,-72.934109,,,,2022,2026-09-30,https://www.compute-atlas.com/facilities/renew-riverside-bristol-ct,5,http://www.bristolct.gov/m/newsflash/Home/Detail/1683
renew-riverside-fuel-cell-bristol-ct,ReNew Riverside Fuel Cell Facility (234 Riverside Avenue),Bloom Energy,power_generation,permitted,,confirmed,Bristol,Hartford,CT,41.670002,-72.934109,,4,ReNew Developers,,2026-09-30,https://www.compute-atlas.com/facilities/renew-riverside-fuel-cell-bristol-ct,2,https://portal.ct.gov/-/media/csc/4_csc_calendarofevents/meetingmaterials/2022/20221208/pe1540-sr--draft_rev2_s.pdf?rev=75458ee8e14249e1a1a03b6e9a70cc96&hash=607BF2906B65A65CFFB6458607F564DD
revolve-labs-glencoe-mn,Revolve Labs Glencoe,Revolve Labs,crypto_mining,operational,,reported,Glencoe,McLeod,MN,44.7691,-94.1497,,20,,,2026-08-24,https://www.compute-atlas.com/facilities/revolve-labs-glencoe-mn,4,https://baxtel.com/data-center/revolve-labs-minnesota-mining
revolve-labs-moose-lake-mn,Revolve Labs Moose Lake (withdrawn),Revolve Labs,crypto_mining,cancelled,,reported,Moose Lake,Carlton,MN,46.4543725,-92.761976,,,,,2026-08-08,https://www.compute-atlas.com/facilities/revolve-labs-moose-lake-mn,1,https://www.pinejournal.com/news/local/crypto-mining-company-withdraws-moose-lake-proposal
revolve-labs-windom-mn,Revolve Labs Windom (withdrawn),Revolve Labs,crypto_mining,cancelled,,reported,Windom,Cottonwood,MN,43.8663464,-95.1169366,,,,,2026-08-08,https://www.compute-atlas.com/facilities/revolve-labs-windom-mn,1,https://theenergymag.com/news/2024-09-25/revolve-bitcoin-mining-windom
riot-calvert-city-marshall-ky,Riot Platforms Calvert City Facility,Riot Platforms,crypto_mining,operational,,confirmed,Calvert City,Marshall,KY,37.0334,-88.35,25,,,,2026-07-17,https://www.compute-atlas.com/facilities/riot-calvert-city-marshall-ky,2,https://www.sec.gov/Archives/edgar/data/1167419/000110465926022322/riot-20251231x10k.htm
riot-paducah-mccracken-ky,Riot Platforms Paducah Facility,Riot Platforms,crypto_mining,operational,,confirmed,Paducah,McCracken,KY,37.089242,-88.703071,35,100,,,2026-09-15,https://www.compute-atlas.com/facilities/riot-paducah-mccracken-ky,5,https://www.sec.gov/Archives/edgar/data/1167419/000110465926022322/riot-20251231x10k.htm
riot-platforms-corsicana-tx,Riot Platforms Corsicana Facility,Riot Platforms,crypto_mining,operational,likely,reported,Corsicana,Navarro,TX,32.09,-96.47,400,1000,,2025-01,2026-07-06,https://www.compute-atlas.com/facilities/riot-platforms-corsicana-tx,6,https://www.riotplatforms.com/riot-platforms-launches-formal-evaluation-of-potential-ai-hpc-uses-for-remaining-600-mw-of-power-capacity-at-corsicana-facility/
riot-platforms-rockdale-tx,Riot Platforms Whinstone Facility,Riot Platforms,crypto_mining,operational,,confirmed,Rockdale,Milam,TX,30.6549,-97.0025,450,750,,,2026-09-21,https://www.compute-atlas.com/facilities/riot-platforms-rockdale-tx,4,https://www.riotplatforms.com/riot-to-acquire-whinstone-creating-a-us-based-industry-leader-in-bitcoin-mining/
ritter-communications-data-technology-center-jonesboro-ar,Ritter Communications Data Technology Center,Ritter Communications,data_center,operational,,confirmed,Jonesboro,Craighead,AR,35.81538,-90.6893576,0.75,,,2019-04-30,2026-09-15,https://www.compute-atlas.com/facilities/ritter-communications-data-technology-center-jonesboro-ar,3,https://www.rittercommunications.com/newsroom/data-technology-center-opens
river-run-energy-center-mercer-county-nd,River Run Energy Center,Basin Electric Power Cooperative / NextEra Energy Resources,power_generation,proposed,,confirmed,Stanton,Mercer,ND,47.32111,-101.381548,,1450,,,2026-09-13,https://www.compute-atlas.com/facilities/river-run-energy-center-mercer-county-nd,2,https://www.basinelectric.com/news-center/news-releases/Basin-Electric-Power-Cooperative-and-NextEra-Energy-Resources-announce-collaboration-to-bring-responsible-growth-jobs-and-economic-benefits-to-North-Dakota-through-development-of-the-River-Run-Energy-Center
riverhawk-energy-center-ia,Riverhawk Energy Center,Alliant Energy,power_generation,proposed,,reported,,Cerro Gordo,IA,43.1536,-93.201,,1200,,,2026-08-21,https://www.compute-atlas.com/facilities/riverhawk-energy-center-ia,1,https://www.alliantenergy.com/our-energy/natural-gas/riverhawk
riverview-innovation-tech-campus-tonawanda-ny,Riverview Innovation & Technology Campus,Riverview Innovation & Technology Campus,data_center,proposed,likely,reported,Tonawanda,Erie,NY,43.037,-78.887,,300,,,2026-09-21,https://www.compute-atlas.com/facilities/riverview-innovation-tech-campus-tonawanda-ny,7,https://www.wkbw.com/news/local-news/northtowns/developer-proposed-2b-ai-data-center-on-river-road-not-on-hold-process-temporarily-delayed
rochester-colo-pittsford-ny,Rochester Colo,Rochester Colo (James Salviski),data_center,operational,,confirmed,Pittsford,Monroe,NY,43.090959,-77.515298,,,,,2026-09-13,https://www.compute-atlas.com/facilities/rochester-colo-pittsford-ny,2,https://rochestercolo.com/contact/
rocking-r-solar-caddo-parish-la,Rocking R Solar,D. E. Shaw Renewable Investments (DESRI),power_generation,under_construction,,reported,Hosston,Caddo,LA,32.8876386,-93.8785127,,72.5,,,2026-09-15,https://www.compute-atlas.com/facilities/rocking-r-solar-caddo-parish-la,3,https://www.aep.com/news/stories/view/9916/
rocklocker-kalkaska-go-mi,Kalkaska Go,Rocklocker LLC,data_center,cancelled,,confirmed,,Kalkaska,MI,44.7254528,-85.2916494,,,,,2026-09-13,https://www.compute-atlas.com/facilities/rocklocker-kalkaska-go-mi,4,https://www.traverseticker.com/news/developer-pulls-plug-on-kalkaska-data-center/
rokeby-energy-center-lancaster-ne,Rokeby Energy Center,NextEra Energy Resources,power_generation,proposed,,confirmed,,Lancaster,NE,40.7128546,-96.7351763,,226,,,2026-09-16,https://www.compute-atlas.com/facilities/rokeby-energy-center-lancaster-ne,2,https://www.nexteraenergyresources.com/rokeby-energy-center/community-benefits.html
roller-network-reno-nv,Roller Network Reno Data Center,Roller Network LLC,data_center,operational,,reported,Reno,Washoe,NV,39.469161,-119.770958,,,,,2026-09-24,https://www.compute-atlas.com/facilities/roller-network-reno-nv,3,https://www.peeringdb.com/api/fac?state=NV&limit=200
roswell-information-park-chaves-county-nm,Roswell Information Park,Roswell Information Park LLC (developer Sustany LLC),data_center,proposed,,reported,Roswell,Chaves,NM,33.3943,-104.523,,,,2025-09-24,2026-09-21,https://www.compute-atlas.com/facilities/roswell-information-park-chaves-county-nm,2,https://www.prnewswire.com/news-releases/desert-mountain-energy-to-support-carbon-capture-at-roswell-data-centre-ceo-appointed-to-advisory-board-302565391.html
roundhouse-cascade-locks-or,Roundhouse Cascade Locks Data Center,Roundhouse Digital Infrastructure,data_center,cancelled,,reported,Cascade Locks,Hood River,OR,45.6678863,-121.8963113,,30,,,2026-09-05,https://www.compute-atlas.com/facilities/roundhouse-cascade-locks-or,1,https://baxtel.com/data-center/roundhouse-cascade-locks-or
route-66-solar-storage-cibola-county-nm,Route 66 Solar and Energy Storage,NextEra Energy Resources,power_generation,operational,,reported,,Cibola,NM,35.15,-107.85,49.5,,,,2026-09-15,https://www.compute-atlas.com/facilities/route-66-solar-storage-cibola-county-nm,1,https://www.energy-storage.news/new-mexico-regulator-approves-state-utility-plan-to-add-310mw-of-battery-storage-by-summer-2026/
rowan-bauxite-ii-frederick-md,Rowan Digital Infrastructure Bauxite II,Rowan Digital Infrastructure,data_center,permitted,,confirmed,Frederick,Frederick,MD,39.34,-77.515,,,,,2026-09-10,https://www.compute-atlas.com/facilities/rowan-bauxite-ii-frederick-md,2,https://www.yahoo.com/news/planning-commission-approves-two-more-045900384.html
rowan-bauxite-iii-frederick-md,Rowan Digital Infrastructure Bauxite III,Rowan Digital Infrastructure,data_center,permitted,,confirmed,Frederick,Frederick,MD,39.338,-77.506,,,,,2026-09-10,https://www.compute-atlas.com/facilities/rowan-bauxite-iii-frederick-md,2,https://www.yahoo.com/news/planning-commission-approves-two-more-045900384.html
rowan-digital-frederick-md,Rowan Digital Infrastructure Frederick Campus (Bauxite I),Rowan Digital Infrastructure,data_center,under_construction,mixed_use,confirmed,Adamstown,Frederick,MD,39.265,-77.394,,300,,2024,2026-08-26,https://www.compute-atlas.com/facilities/rowan-digital-frederick-md,5,https://www.datacenterdynamics.com/en/news/rowan-secures-12bn-for-maryland-data-center-campus-build-out/
rowan-temple-tx,Rowan Project Temple,Rowan Digital Infrastructure,data_center,under_construction,confirmed,confirmed,Temple,Bell,TX,31.0982,-97.3428,,300,,2026,2026-09-08,https://www.compute-atlas.com/facilities/rowan-temple-tx,6,https://rowan.digital/news/rowan-powers-texas-growth-as-construction-begins-on-300-mw-temple-data-center/
rsa-dexter-avenue-montgomery-al,RSA Dexter Avenue Datacenter,The Retirement Systems of Alabama,data_center,operational,,confirmed,Montgomery,Montgomery,AL,32.37803,-86.303007,2,,,,2026-09-15,https://www.compute-atlas.com/facilities/rsa-dexter-avenue-montgomery-al,2,https://www.rsa-al.gov/real-estate/office-building-portfolio/rsa-datacenter/
rubix-ashland-works-russell-greenup-ky,Rubix Ashland Works Data Center Campus,Rubix Data Centers (Submer Group),data_center,proposed,,reported,Russell,Greenup,KY,38.5173028,-82.6976631,,2000,,,2026-09-15,https://www.compute-atlas.com/facilities/rubix-ashland-works-russell-greenup-ky,4,https://www.route-fifty.com/artificial-intelligence/2026/07/developer-proposes-hyperscale-data-center-former-eastern-kentucky-steel-mill/414960/
rwe-maryland-blue-crab-solar-storage-dorchester-md,Maryland Blue Crab Solar & Storage,"RWE Clean Energy (Maryland Blue Crab Solar & Storage, LLC)",power_generation,proposed,,confirmed,,Dorchester,MD,38.578,-75.945,,100,,,2026-09-10,https://www.compute-atlas.com/facilities/rwe-maryland-blue-crab-solar-storage-dorchester-md,2,https://dnr.maryland.gov/pprp/pages/projects-under-review.aspx
ryan-companies-florence-tech-park-az,Florence Tech Park,"Ryan Companies US, Inc.",data_center,permitted,,reported,Florence,Pinal County,AZ,33.1477,-111.4733,,,,,2026-09-23,https://www.compute-atlas.com/facilities/ryan-companies-florence-tech-park-az,1,https://pinalpost.com/florence-approves-data-centers-on-1619-acres-as-dobson-farms-becomes-major-tech-park/
ryan-companies-project-swan-lakeland-fl,Project Swan,Ryan Companies (end operator TBD),data_center,cancelled,,reported,Lakeland,Polk,FL,28.0305,-82.0054,,,,,2026-09-10,https://www.compute-atlas.com/facilities/ryan-companies-project-swan-lakeland-fl,7,https://www.lkldnow.com/hyperscale-data-center-proposed-for-lakeland/
ryan-companies-southwest-crossing-data-park-eloy-az,Southwest Crossing Data Park,"Ryan Companies US, Inc.",data_center,proposed,,reported,Eloy,Pinal County,AZ,32.7783292,-111.6023,,400,,,2026-09-23,https://www.compute-atlas.com/facilities/ryan-companies-southwest-crossing-data-park-eloy-az,1,https://azbex.com/planning-development/ryan-companies-2msf-industrial-plan-pivots-to-687m-data-center/
ryan-stuart-summit-point-jefferson-county-wv,Summit Point Data Center Site (Ryan Stuart Development),Ryan Stuart Development,data_center,proposed,,reported,Summit Point,Jefferson,WV,39.2495466,-77.9586082,,,,2026-04-30,2026-09-15,https://www.compute-atlas.com/facilities/ryan-stuart-summit-point-jefferson-county-wv,2,https://observerwv.news/posts/data-center-in-summit-point-politics-not-as-usual
rye-arkabutla-lake-hydro-desoto-ms,Arkabutla Lake Hydroelectric Project,Rye Development,power_generation,proposed,,reported,,DeSoto,MS,34.757926,-90.12569,,5,,,2026-09-22,https://www.compute-atlas.com/facilities/rye-arkabutla-lake-hydro-desoto-ms,1,https://www.eia.gov/electricity/data/eia860m/xls/july_generator2026.xlsx
rye-enid-lake-hydro-panola-ms,Enid Lake Hydroelectric Project,Rye Development,power_generation,proposed,,reported,,Panola,MS,34.158065,-89.90553,,5,,,2026-09-22,https://www.compute-atlas.com/facilities/rye-enid-lake-hydro-panola-ms,1,https://www.eia.gov/electricity/data/eia860m/xls/july_generator2026.xlsx
rye-grenada-lake-hydro-grenada-ms,Grenada Lake Hydroelectric Project,Rye Development,power_generation,proposed,,reported,,Grenada,MS,33.808842,-89.77246,,10,,,2026-09-22,https://www.compute-atlas.com/facilities/rye-grenada-lake-hydro-grenada-ms,1,https://www.eia.gov/electricity/data/eia860m/xls/july_generator2026.xlsx
rye-sardis-lake-hydro-panola-ms,Sardis Lake Hydroelectric Project,Rye Development,power_generation,proposed,,reported,,Panola,MS,34.399125,-89.77246,,15,,,2026-09-22,https://www.compute-atlas.com/facilities/rye-sardis-lake-hydro-panola-ms,1,https://www.eia.gov/electricity/data/eia860m/xls/july_generator2026.xlsx
saadia-holding-athens-dover-township-oh,Saadia Holding Athens–Dover Township Data Center,Saadia Holding LLC,data_center,proposed,,reported,The Plains,Athens,OH,39.3700911,-82.1323674,,,,2026-07,2026-09-09,https://www.compute-atlas.com/facilities/saadia-holding-athens-dover-township-oh,2,https://athensindependent.com/possible-athens-data-center/
sabey-butte-mt,Sabey Data Centers Butte Campus (Montana Connections),Sabey Data Centers,data_center,cancelled,,confirmed,Butte,Silver Bow,MT,45.9965283,-112.6981966,,50,,,2026-09-13,https://www.compute-atlas.com/facilities/sabey-butte-mt,2,https://baxtel.com/data-center/sabey-butte-montana
sabey-decatur-technology-park-marion-county-in,Sabey Decatur Technology Park,Sabey Data Centers,data_center,permitted,likely,confirmed,Decatur Township,Marion,IN,39.7,-86.28,,250,,,2026-08-05,https://www.compute-atlas.com/facilities/sabey-decatur-technology-park-marion-county-in,3,https://www.datacenterdynamics.com/en/news/sabey-targets-indianapolis-for-250mw-data-center-campus/
sabey-intergate-ashburn-building-a-va,Sabey Intergate.Ashburn (Building A),Sabey Data Centers,data_center,under_construction,likely,reported,Ashburn,Loudoun,VA,39.0144996,-77.4799874,,54,,,2026-07-24,https://www.compute-atlas.com/facilities/sabey-intergate-ashburn-building-a-va,4,https://www.businesswire.com/news/home/20250624907578/en/Sabey-Data-Centers-Breaks-Ground-on-Final-Phase-of-Ashburn-Campus-Expansion
sabey-intergate-columbia-building-a-wa,Sabey Intergate.Columbia Building A,Sabey Data Centers,data_center,operational,,reported,East Wenatchee,Douglas,WA,47.4086205,-120.1893981,,,,,2026-07-23,https://www.compute-atlas.com/facilities/sabey-intergate-columbia-building-a-wa,3,https://baxtel.com/data-center/sabey-intergate-columbia
sabey-intergate-columbia-building-b-wa,Sabey Intergate.Columbia Building B,Sabey Data Centers,data_center,operational,,confirmed,East Wenatchee,Douglas,WA,47.407164,-120.1875239,,,,,2026-09-17,https://www.compute-atlas.com/facilities/sabey-intergate-columbia-building-b-wa,3,https://sabeydatacenters.com/locations/east-wenatchee-data-center
sabey-intergate-columbia-building-d-wa,Sabey Intergate.Columbia Building D,Sabey Data Centers,data_center,under_construction,,reported,East Wenatchee,Douglas,WA,47.4075849,-120.1915785,,,,,2026-09-17,https://www.compute-atlas.com/facilities/sabey-intergate-columbia-building-d-wa,2,https://sabeydatacenters.com/locations/east-wenatchee-data-center
sabey-intergate-east-building-1-wa,Sabey Intergate.East Building 1,Sabey Data Centers,data_center,operational,,reported,Tukwila,King,WA,47.4948597,-122.2881943,,,,,2026-07-23,https://www.compute-atlas.com/facilities/sabey-intergate-east-building-1-wa,3,https://www.datacentermap.com/usa/washington/seattle/sabey-intergate-east/
sabey-intergate-east-building-3-wa,Sabey Intergate.East Building 3,Sabey Data Centers,data_center,operational,,reported,Tukwila,King,WA,47.4934798,-122.2904647,,,,,2026-09-17,https://www.compute-atlas.com/facilities/sabey-intergate-east-building-3-wa,2,https://www.openstreetmap.org/way/293211686
sabey-intergate-east-building-5-sdc-east-5-wa,Sabey Intergate.East Building 5 (SDC East 5),Sabey Data Centers,data_center,operational,,reported,Tukwila,King,WA,47.491986,-122.2896655,,,,,2026-07-23,https://www.compute-atlas.com/facilities/sabey-intergate-east-building-5-sdc-east-5-wa,3,https://www.datacenters.com/sabey-sdc-east-5
sabey-intergate-manhattan-ny,"SDC Manhattan (Intergate.Manhattan), 375 Pearl Street",Sabey Data Centers,data_center,operational,,confirmed,New York,New York,NY,40.7106,-74.0013,18,,,,2026-09-09,https://www.compute-atlas.com/facilities/sabey-intergate-manhattan-ny,1,https://sabeydatacenters.com/locations/new-york-data-center
sabey-intergate-quincy-campus-wa,Sabey Intergate.Quincy Campus,Sabey Data Centers,data_center,operational,,reported,Quincy,Grant,WA,47.247,-119.83,70,,,,2026-09-05,https://www.compute-atlas.com/facilities/sabey-intergate-quincy-campus-wa,3,https://baxtel.com/data-center/sabey-intergate-quincy-building-b
sabey-intergate-west-building-a-wa,Sabey Intergate.West Building A,Sabey Data Centers,data_center,operational,,reported,Tukwila,King,WA,47.4921833,-122.2933176,,,,,2026-07-23,https://www.compute-atlas.com/facilities/sabey-intergate-west-building-a-wa,3,https://www.datacentermap.com/usa/washington/seattle/sabey-intergate-west/
sabey-intergate-west-building-b-wa,Sabey Intergate.West Building B,Sabey Data Centers,data_center,operational,,reported,Tukwila,King,WA,47.4930744,-122.2936837,,,,,2026-09-17,https://www.compute-atlas.com/facilities/sabey-intergate-west-building-b-wa,2,https://www.openstreetmap.org/way/337126741
sabey-intergate-west-building-c-wa,Sabey Intergate.West Building C,Sabey Data Centers,data_center,operational,,reported,Tukwila,King,WA,47.494123,-122.2943972,,,,,2026-07-23,https://www.compute-atlas.com/facilities/sabey-intergate-west-building-c-wa,3,https://www.datacentermap.com/usa/washington/seattle/sabey-intergate-west/
sabey-umatilla-or,SDC Umatilla Campus,Sabey Data Centers,data_center,under_construction,likely,reported,Umatilla,Umatilla,OR,45.919,-119.339,,150,,2023-09,2026-09-05,https://www.compute-atlas.com/facilities/sabey-umatilla-or,8,https://www.datacenterdynamics.com/en/news/sabey-data-centers-purchases-60-acres-in-umatilla-oregon-for-100mw-facility/
sabre-solar-holmes-ms,Sabre Solar,"Sabre Solar, LLC",power_generation,under_construction,,confirmed,,Holmes,MS,33.26009,-90.2557,,300,,,2026-09-22,https://www.compute-atlas.com/facilities/sabre-solar-holmes-ms,3,https://www.psc.ms.gov/sites/default/files/2026-09/10-2026-UTILITY-DOCKET.pdf
safe-harbor-hydroelectric-lancaster-county-pa,Safe Harbor Hydroelectric Station,Brookfield Renewable,power_generation,operational,,reported,Conestoga Township,Lancaster,PA,39.9331,-76.3856,,,Google,,2026-08-31,https://www.compute-atlas.com/facilities/safe-harbor-hydroelectric-lancaster-county-pa,2,https://www.witf.org/2025/07/16/google-to-buy-3b-worth-of-electricity-for-data-centers-from-holtwood-safe-harbor-hydroelectric-plants/
sagebrush-hallam-hyperscale-campus-lancaster-ne,Sagebrush Hallam Hyperscale Campus (proposed),Sagebrush Infrastructure Partners,data_center,proposed,likely,reported,Hallam,Lancaster,NE,40.545,-96.7992,,1700,,2026-08,2026-09-16,https://www.compute-atlas.com/facilities/sagebrush-hallam-hyperscale-campus-lancaster-ne,2,https://www.1011now.com/2026/08/27/data-center-developers-eyeing-land-near-hallam/
sahuarita-holdings-project-gravel-pima-county-az,Project Gravel,"Sahuarita Holdings, LLC",data_center,proposed,,reported,,Pima County,AZ,31.9357724,-110.9997989,,,,,2026-09-23,https://www.compute-atlas.com/facilities/sahuarita-holdings-project-gravel-pima-county-az,1,https://tucson.com/news/local/government-politics/article_88b66e8c-6502-49de-832e-7cba5f958a77.html
salcido-broadway-grant-county-wa,Salcido Broadway Data Center,"Salcido Enterprises, LLC",crypto_mining,operational,,reported,,Grant,WA,47.2,-119.45,2,,,,2026-09-05,https://www.compute-atlas.com/facilities/salcido-broadway-grant-county-wa,1,https://www.salcidoenterprises.tech/data-centers
salcido-cashmere-cashmere-wa,Salcido Cashmere Data Center,"Salcido Enterprises, LLC",crypto_mining,operational,,reported,Cashmere,Chelan,WA,47.5262,-120.4692,,,,2014,2026-09-21,https://www.compute-atlas.com/facilities/salcido-cashmere-cashmere-wa,2,https://www.salcidoenterprises.tech/data-centers
salcido-columbia-wenatchee-wa,Salcido Columbia Data Center,"Salcido Enterprises, LLC",crypto_mining,operational,mixed_use,reported,Wenatchee,Chelan,WA,47.4235,-120.3103,,,,,2026-08-05,https://www.compute-atlas.com/facilities/salcido-columbia-wenatchee-wa,2,https://www.geekwire.com/2018/power-struggle-bitcoin-mining-boom-transforming-apple-country-one-megawatt-time/
salcido-eller-douglas-county-wa,Salcido ELLER Data Center,"Salcido Enterprises, LLC",crypto_mining,operational,,reported,,Douglas,WA,47.74,-119.69,4,,,,2026-09-05,https://www.compute-atlas.com/facilities/salcido-eller-douglas-county-wa,1,https://www.salcidoenterprises.tech/data-centers
salcido-entiat-chelan-county-wa,Salcido Entiat Data Center,"Salcido Enterprises, LLC",crypto_mining,operational,,reported,Entiat,Chelan,WA,47.6743,-120.2093,2,,,,2026-09-05,https://www.compute-atlas.com/facilities/salcido-entiat-chelan-county-wa,2,https://www.salcidoenterprises.tech/data-centers
salcido-fortress-quincy-wa,Salcido Fortress Data Center,"Salcido Enterprises, LLC",crypto_mining,operational,mixed_use,reported,Quincy,Grant,WA,47.234,-119.8528,4.6,,,2023,2026-09-21,https://www.compute-atlas.com/facilities/salcido-fortress-quincy-wa,2,https://baxtel.com/data-center/salcido-fortress
salcido-horizon-quincy-wa,Salcido Horizon Data Center,"Salcido Enterprises, LLC",crypto_mining,operational,mixed_use,reported,Quincy,Grant,WA,47.236,-119.85,4,,,2019,2026-08-05,https://www.compute-atlas.com/facilities/salcido-horizon-quincy-wa,2,https://baxtel.com/data-center/salcido-horizon
salcido-pangborn-east-wenatchee-wa,Salcido Pangborn Data Center,"Salcido Enterprises, LLC",crypto_mining,operational,mixed_use,reported,East Wenatchee,Douglas,WA,47.3985,-120.2075,10,,,2018,2026-08-05,https://www.compute-atlas.com/facilities/salcido-pangborn-east-wenatchee-wa,4,https://www.geekwire.com/2018/power-struggle-bitcoin-mining-boom-transforming-apple-country-one-megawatt-time/
salcido-wheeler-moses-lake-wa,Salcido Wheeler Data Center,"Salcido Enterprises, LLC",crypto_mining,operational,mixed_use,reported,Moses Lake,Grant,WA,47.125,-119.285,4.8,,,2024,2026-08-05,https://www.compute-atlas.com/facilities/salcido-wheeler-moses-lake-wa,2,https://baxtel.com/data-center/salcido-wheeler
salix-data-center-site-ia,Salix Data Center Site (Midwest Capital Group),Midwest Capital Group (MidAmerican Energy),data_center,proposed,,confirmed,Salix,Woodbury,IA,42.3208,-96.2872,,,,2026-06-11,2026-08-14,https://www.compute-atlas.com/facilities/salix-data-center-site-ia,3,https://www.ktiv.com/2026/08/03/google-considering-data-center-salix-iowa-according-midamerican-energy/
salt-creek-solar-lancaster-ne,Salt Creek Solar,Ranger Power,power_generation,permitted,,reported,,Lancaster,NE,40.8326,-96.5052,,250,,,2026-09-16,https://www.compute-atlas.com/facilities/salt-creek-solar-lancaster-ne,3,https://saltcreeksolar.com/
samx-data-centers-remington-fauquier-va,SAMX Data Centers,SAMX Data LLC,data_center,proposed,,reported,Remington,Fauquier,VA,38.53,-77.8,,,,,2026-07-17,https://www.compute-atlas.com/facilities/samx-data-centers-remington-fauquier-va,1,https://www.fauquiernow.com/news/data-center-database-where-projects-stand-across-fauquier-county/article_18be50e8-49f6-11ef-95cf-3b45407fea55.html
san-juan-solar-storage-kirtland-nm,San Juan Solar and Storage (Phase One),DESRI (D. E. Shaw Renewable Investments),power_generation,operational,,confirmed,Kirtland,San Juan,NM,36.7353,-108.3287,200,,,,2026-09-15,https://www.compute-atlas.com/facilities/san-juan-solar-storage-kirtland-nm,2,https://www.solarpowerworldonline.com/2023/10/new-mexico-celebrates-groundbreaking-of-solar-storage-project/
sandia-725e-hpc-data-center-albuquerque-nm,Sandia National Laboratories 725E High-Performance Computing Data Center,Sandia National Laboratories (U.S. Department of Energy / NNSA),data_center,operational,,reported,Albuquerque,Bernalillo,NM,35.05,-106.54,,,,,2026-09-15,https://www.compute-atlas.com/facilities/sandia-725e-hpc-data-center-albuquerque-nm,1,https://www.sandia.gov/labnews/2020/06/19/leedv4-gold/
sandow-lakes-energy-station-lee-county-tx,Sandow Lakes Energy Station,"Sandow Lakes Energy Company, LLC",power_generation,under_construction,,reported,,Lee,TX,30.3031353,-96.9588587,,1200,,2024-02-12,2026-08-26,https://www.compute-atlas.com/facilities/sandow-lakes-energy-station-lee-county-tx,1,https://www.prnewswire.com/news-releases/sandow-lakes-energy-company-llc-announces-agreement-to-construct-a-1200-net-megawatt-combined-cycle-power-plant-at-sandow-lakes-ranch-in-the-texas-triangle-302059619.html
sangha-renewables-ector-county-tx,Sangha Renewables Ector County Bitcoin Mining Facility,Sangha Renewables,crypto_mining,operational,,reported,Odessa,Ector,TX,31.8633,-102.3656,19.9,,,2025-12-12,2026-09-08,https://www.compute-atlas.com/facilities/sangha-renewables-ector-county-tx,2,https://bitcoinmagazine.com/news/sangha-energizes-20-bitcoin-mining
sangha-systems-hennepin-il,Sangha Systems Hennepin (82 River North),Sangha Systems,crypto_mining,operational,,confirmed,Hennepin,Putnam,IL,41.2489,-89.339,,82,,2019,2026-08-03,https://www.compute-atlas.com/facilities/sangha-systems-hennepin-il,4,https://www.gem.wiki/82_River_North
sansone-wixom-road-mi,Wixom Road Data Center Campus,Wixom Industrial One / Sansone Group,data_center,proposed,,reported,Wixom,Oakland,MI,42.518432572023,-83.537488801805,,,,,2026-09-09,https://www.compute-atlas.com/facilities/sansone-wixom-road-mi,2,https://www.yahoo.com/news/us/articles/michigan-officials-keep-data-center-083400338.html
sansone-york-township-washtenaw-mi,York Township Data Center (Platt Road / former Toyota land),Sansone Group,data_center,cancelled,,reported,York Township,Washtenaw,MI,42.1276226,-83.7163675,,,,,2026-09-14,https://www.compute-atlas.com/facilities/sansone-york-township-washtenaw-mi,3,https://www.wemu.org/wemu-news/2026-04-30/land-purchase-for-planned-data-center-in-york-township-falls-through
santee-cooper-pinopolis-bess-berkeley-county-sc,Pinopolis Reliability Project (Jefferies Generating Station Battery Storage),Santee Cooper,power_generation,permitted,,confirmed,Moncks Corner,Berkeley,SC,33.1960027,-80.0131374,,300,,,2026-09-22,https://www.compute-atlas.com/facilities/santee-cooper-pinopolis-bess-berkeley-county-sc,4,https://newsroom.santeecooper.com/news/Santee-Cooper-Board-Approves-Key-Projects-To-Meet-Future-Electric-Demands/
santee-cooper-rainey-expansion-anderson-county-sc,Rainey Generating Station Expansion (Santee Cooper),Santee Cooper,power_generation,permitted,,confirmed,,Anderson,SC,34.5258335,-82.652962,,250,,,2026-09-22,https://www.compute-atlas.com/facilities/santee-cooper-rainey-expansion-anderson-county-sc,3,https://newsroom.santeecooper.com/news/Santee-Cooper-Board-Approves-Key-Projects-To-Meet-Future-Electric-Demands/
santee-cooper-winyah-cts-georgetown-county-sc,Winyah Generating Station Combustion Turbines (Santee Cooper),Santee Cooper,power_generation,permitted,,confirmed,,Georgetown,SC,33.4392245,-79.3343041,,100,,,2026-09-22,https://www.compute-atlas.com/facilities/santee-cooper-winyah-cts-georgetown-county-sc,3,https://newsroom.santeecooper.com/news/Santee-Cooper-Board-Approves-Key-Projects-To-Meet-Future-Electric-Demands/
sarcobatus-solar-scottys-junction-nye-county-nv,Sarcobatus Solar Project (off-grid bitcoin mining),Tesla Solar LLC,crypto_mining,permitted,,reported,Scotty's Junction,Nye,NV,37.298826,-117.052767,,,,,2026-09-24,https://www.compute-atlas.com/facilities/sarcobatus-solar-scottys-junction-nye-county-nv,1,https://basinandrangewatch.substack.com/p/new-threat-to-the-desert-unlocked
saxum-forest-avenue-jackson-ms,Saxum Forest Avenue Data Center Site (Northwest Jackson),Saxum Investment Company (end user undisclosed),data_center,proposed,,reported,Jackson,Hinds,MS,32.3705052,-90.1998927,,,,2026-05,2026-09-14,https://www.compute-atlas.com/facilities/saxum-forest-avenue-jackson-ms,2,https://www.wlbt.com/2026/05/20/company-seeking-rezone-forest-avenue-property-jackson-data-center/
scalematrix-san-diego-ca,ScaleMatrix San Diego,ScaleMatrix,data_center,operational,likely,reported,San Diego,San Diego,CA,32.8377287,-117.132639,5,20,,,2026-09-21,https://www.compute-atlas.com/facilities/scalematrix-san-diego-ca,5,https://www.scalematrix.com/san-diego-data-center.html
scannell-monticello-tech-park-mn,Scannell Properties Monticello Tech Park,Scannell Properties LLC,data_center,proposed,,reported,Monticello,Wright,MN,45.2914854,-93.8499172,,,,,2026-08-24,https://www.compute-atlas.com/facilities/scannell-monticello-tech-park-mn,1,https://www.hometownsource.com/monticello_times/two-data-center-proposals-on-the-table-in-monticello/article_502daa86-6ea3-4728-a1f5-88ac70cbc7f7.html
scipio-technologies-huntsville-al,Scipio Technologies Huntsville Data Center,Scipio Technologies,data_center,operational,,confirmed,Huntsville,Madison,AL,34.699841,-86.593493,,,,,2026-09-15,https://www.compute-atlas.com/facilities/scipio-technologies-huntsville-al,2,https://www.peeringdb.com/api/fac/14178
scott-data-center-omaha-ne,Scott Data Center,Scott Data,data_center,operational,mixed_use,reported,Omaha,Douglas,NE,41.2406,-96.0093,,,,,2026-08-14,https://www.compute-atlas.com/facilities/scott-data-center-omaha-ne,1,https://www.scottdatacenter.com/data-center/
security-land-woodlawn-baltimore-county-md,1500 Woodlawn Drive Data Center Campus,Security Land and Development LP,data_center,proposed,,reported,Woodlawn,Baltimore,MD,39.3196,-76.7448,,150,,2025-12,2026-09-10,https://www.compute-atlas.com/facilities/security-land-woodlawn-baltimore-county-md,2,https://natureforward.org/woodlawn-data-center-baltimore-md-maryland-data-center-series-pt-2/
segra-charlotte-international-airport-drive-nc,Segra Charlotte Data Center (International Airport Drive),Segra,data_center,operational,,reported,Charlotte,Mecklenburg,NC,35.22722,-80.84306,,,,,2026-08-29,https://www.compute-atlas.com/facilities/segra-charlotte-international-airport-drive-nc,1,https://baxtel.com/data-centers/segra
segra-raleigh-garner-station-data-center-nc,Segra Raleigh Data Center (Garner Station Boulevard),Segra,data_center,operational,,reported,Raleigh,Wake,NC,35.85417,-78.76194,,,,,2026-08-29,https://www.compute-atlas.com/facilities/segra-raleigh-garner-station-data-center-nc,2,https://baxtel.com/data-centers/segra
segra-winston-salem-data-center-nc,Segra Winston-Salem Data Center,Segra,data_center,operational,,reported,Winston-Salem,Forsyth,NC,36.10278,-80.26083,8,,,,2026-09-21,https://www.compute-atlas.com/facilities/segra-winston-salem-data-center-nc,2,https://baxtel.com/data-center/segra-winston-salem
seguro-project-bella-casa-grande-az,Project Bella (Cazador del Sol / Atrapa Soles),Seguro Energy Partners,power_generation,permitted,,confirmed,Casa Grande,Pinal,AZ,32.836,-111.877,,480,,,2026-09-10,https://www.compute-atlas.com/facilities/seguro-project-bella-casa-grande-az,3,https://pinalpost.com/pinal-county-board-approves-project-bella-natural-gas-and-battery-storage-facility-south-of-casa-grande/
seminoe-generating-station-carbon-county-wy,Seminoe Generating Station,Power Company of Wyoming,power_generation,proposed,,reported,,Carbon,WY,41.65,-107.2,,2000,,,2026-09-02,https://www.compute-atlas.com/facilities/seminoe-generating-station-carbon-county-wy,2,https://cowboystatedaily.com/2026/01/08/seminoe-plant-aims-to-cut-water-use-and-emissions-in-carbon-county/
senawave-salt-lake-city-ut,Senawave Salt Lake City,Senawave,data_center,operational,,reported,West Valley City,Salt Lake,UT,40.71216,-111.964329,,,,,2026-08-15,https://www.compute-atlas.com/facilities/senawave-salt-lake-city-ut,3,https://d36oiwf74r1rap.cloudfront.net/wp-content/uploads/2026/04/Data-Center-Growth-FS-Apr2026.pdf
sentinel-east-whiteland-chester-county-pa,Sentinel East Whiteland Data Center,Sentinel Data Centers,data_center,under_construction,likely,reported,East Whiteland Township,Chester,PA,40.041,-75.545,,300,,,2026-09-21,https://www.compute-atlas.com/facilities/sentinel-east-whiteland-chester-county-pa,5,https://cleanview.co/news/data-centers/sentinel-data-centers-announces-300-mw-sentinel-east-whiteland-data-center-in-pa-20260417
sentinel-grove-technology-park-fort-pierce-fl,Sentinel Grove Technology Park (Project Jarvis),"Undisclosed developer (marketed as 'Sentinel Grove Technology Park', county code-named 'Project Jarvis')",data_center,cancelled,,confirmed,Fort Pierce,St. Lucie,FL,27.4552,-80.559,,,,,2026-09-10,https://www.compute-atlas.com/facilities/sentinel-grove-technology-park-fort-pierce-fl,4,https://www.wptv.com/wptv-investigates/scrapped-developer-of-st-lucie-county-data-center-project-may-withdraw-plan-amid-new-ai-legislation
sentinel-jay-me,"Sentinel Data Centers Androscoggin Mill Campus, Jay",Sentinel Data Centers,data_center,cancelled,likely,reported,Jay,Franklin,ME,44.5024,-70.2175,,82,,2025-01,2026-06,https://www.compute-atlas.com/facilities/sentinel-jay-me,5,https://themainemonitor.org/jay-backs-data-center-plan/
sentinel-princeton-nurseries-south-brunswick-nj,Sentinel Princeton Nurseries DC-1 (4405 Route 1),"Sentinel Data Centers (applicant: WRV Nurseries South Brunswick Owner, LLC)",data_center,under_construction,,reported,South Brunswick,Middlesex,NJ,40.363,-74.602,,,,2025-03,2026-09-21,https://www.compute-atlas.com/facilities/sentinel-princeton-nurseries-south-brunswick-nj,4,https://patch.com/new-jersey/southbrunswick/massive-data-center-proposed-route-1-south-brunswick
sentinum-bni-montana-richland-mt,Sentinum BNI Montana Bitcoin Mining Facility,Sentinum (Hyperscale Data),crypto_mining,operational,,confirmed,Sidney,Richland,MT,47.716735,-104.155973,10,125,,2023-02,2026-08-05,https://www.compute-atlas.com/facilities/sentinum-bni-montana-richland-mt,5,https://www.businesswire.com/news/home/20240508846020/en/Ault-Alliance%E2%80%99s-Subsidiary-Sentinum-Completes-Initial-Bitcoin-Mining-Installation-at-Montana-Location
sequitor-edge-kearney-ne,Sequitor Edge Kearney Data Center,Sequitor Edge,data_center,permitted,,confirmed,Kearney,Buffalo,NE,40.6994,-99.0817,,,,2025-09-19,2026-08-21,https://www.compute-atlas.com/facilities/sequitor-edge-kearney-ne,2,https://sequitoredge.com/press/approved-site-for-next-generation-data-center-in-kearney-nebraska/
sequitor-edge-rapid-city-sd,Sequitor Edge Rapid City,Sequitor Edge,data_center,proposed,,confirmed,Rapid City,Pennington,SD,44.0222987,-103.1914102,,,,,2026-09-13,https://www.compute-atlas.com/facilities/sequitor-edge-rapid-city-sd,2,https://baxtel.com/data-center/sequitor-edge-rapid-city-south-dakota
sequoia-data-center-2600-de-la-cruz-santa-clara-ca,Sequoia Data Center (2600 De La Cruz Boulevard),"Tishman Speyer (site acquired from CyrusOne, July 2026)",data_center,permitted,,reported,Santa Clara,Santa Clara,CA,37.379478,-121.939528,,,,2019-08,2026-09-21,https://www.compute-atlas.com/facilities/sequoia-data-center-2600-de-la-cruz-santa-clara-ca,2,https://www.energy.ca.gov/powerplant/backup-generating-system/sequoia-data-center
serverfarm-ch1-chicago-il,Serverfarm CH1,Serverfarm,data_center,operational,,confirmed,Chicago,Cook,IL,41.8717114,-87.6392312,21.5,,,,2026-09-25,https://www.compute-atlas.com/facilities/serverfarm-ch1-chicago-il,2,https://www.serverfarmllc.com/chicago-data-center/
serverfarm-clarksville-ar,Serverfarm ARK Clarksville Data Center Campus,Serverfarm,data_center,under_construction,,confirmed,Clarksville,Johnson,AR,35.4673307,-93.4405664,,432,,2025-11,2026-09-15,https://www.compute-atlas.com/facilities/serverfarm-clarksville-ar,5,https://www.arkansasonline.com/news/2026/aug/12/clarksvilles-data-center-plan-includes-40-natural/
serverfarm-clarksville-power-plant-ar,Serverfarm Clarksville Campus On-Site Gas Turbine Plant,Serverfarm,power_generation,proposed,,reported,Clarksville,Johnson,AR,35.4673307,-93.4405664,,660,Serverfarm,,2026-09-15,https://www.compute-atlas.com/facilities/serverfarm-clarksville-power-plant-ar,2,https://www.arkansasonline.com/news/2026/aug/12/clarksvilles-data-center-plan-includes-40-natural/
serverfarm-covington-hazelbrand-ga,Serverfarm Covington Data Center (Hazelbrand Road),Serverfarm,data_center,under_construction,,confirmed,Covington,Newton,GA,33.5968,-83.8602,,,,2026-06,2026-07-28,https://www.compute-atlas.com/facilities/serverfarm-covington-hazelbrand-ga,6,https://www.ajc.com/business/2026/07/georgia-agency-orders-data-centers-pop-up-power-plant-to-halt-construction/
serverfarm-lax1-el-segundo-ca,Serverfarm LAX1,Serverfarm,data_center,operational,likely,reported,El Segundo,Los Angeles,CA,33.9217807,-118.3864589,17.3,,,,2026-08-02,https://www.compute-atlas.com/facilities/serverfarm-lax1-el-segundo-ca,5,https://www.serverfarmllc.com/los-angeles-data-center/
serverfarm-titan-moses-lake-wa,TiTAN (Serverfarm Moses Lake),Serverfarm LLC,data_center,operational,,confirmed,Moses Lake,Grant,WA,47.1554,-119.25,22,,,,2026-08-22,https://www.compute-atlas.com/facilities/serverfarm-titan-moses-lake-wa,1,https://www.serverfarmllc.com/moses-lake-data-center/
servistar-westfield-ma,Servistar Realties Westfield Data Center Campus,Servistar Realties,data_center,proposed,,reported,Westfield,Hampden,MA,42.157077,-72.741619,,42,,,2026-07-26,https://www.compute-atlas.com/facilities/servistar-westfield-ma,6,https://baxtel.com/data-center/westfield-data-center-campus
servpac-mtp2-mililani-hi,Servpac MTP Building 2,Servpac,data_center,proposed,mixed_use,confirmed,Mililani,Honolulu,HI,21.448,-158.017,,,,2026-01,2026-07-06,https://www.compute-atlas.com/facilities/servpac-mtp2-mililani-hi,1,https://www.datacenterdynamics.com/en/news/hawaii-based-cloud-provider-servpac-expands-data-center/
shady-spring-data-center-campus-raleigh-county-wv,Shady Spring Data Center Campus (Greenbrier Land Company rezoning),Undisclosed end user (rezoning sought by Greenbrier Land Company),data_center,proposed,,reported,Shady Spring,Raleigh,WV,37.7020095,-81.0855214,,,,,2026-09-22,https://www.compute-atlas.com/facilities/shady-spring-data-center-campus-raleigh-county-wv,2,https://www.wvva.com/2024/01/09/residents-say-they-are-filled-with-relief-after-raleigh-county-commission-officially-tables-shady-spring-rezoning/
sharpless-wellington-road-bristow-va,Wellington Road Data Center Campus (Sharpless),Sharpless Enterprises LLC,data_center,permitted,,reported,Bristow,Prince William,VA,38.746,-77.523,,,,2023-11,2026-09-09,https://www.compute-atlas.com/facilities/sharpless-wellington-road-bristow-va,1,https://www.insidenova.com/news/business/army-corps-of-engineers-greenlights-bristow-data-center-complex/article_49d8ed9a-dd87-11ee-9f08-d383b6399e7e.html
shelbourne-white-clay-newark-de,White Clay Corporate Center Data Center Redevelopment,Shelbourne,data_center,proposed,,reported,Newark,New Castle,DE,39.6828358,-75.7515682,,,,,2026-09-12,https://www.compute-atlas.com/facilities/shelbourne-white-clay-newark-de,4,https://spotlightdelaware.org/2025/12/16/two-new-castle-county-industrial-projects-may-become-data-centers/
shenandoah-project-kestrel-kc-northland-mo,Project Kestrel,Shenandoah Computing LLC,data_center,permitted,,confirmed,Kansas City,Platte,MO,39.3470623,-94.7038818,,,,2025-08-26,2026-09-10,https://www.compute-atlas.com/facilities/shenandoah-project-kestrel-kc-northland-mo,4,https://www.kshb.com/news/local-news/tech-firm-eyes-development-for-6-data-centers-north-of-kansas-city-international-airport
sholes-wind-energy-center-wayne-ne,Sholes Wind Energy Center,NextEra Energy Resources,power_generation,operational,,reported,Wayne,Wayne,NE,42.2308,-97.0178,160,,Omaha Public Power District,,2026-08-21,https://www.compute-atlas.com/facilities/sholes-wind-energy-center-wayne-ne,1,https://newsroom.nexteraenergy.com/2018-07-27-NextEra-Energy-Resources-OPPD-break-ground-on-the-Sholes-Wind-Energy-Center-marking-more-than-200-million-investment-in-Nebraska?l=12
silicon-foundation-warwood-wheeling-ohio-county-wv,Silicon Foundation Warwood Data Center and Energy Campus (former Centre Foundry),Silicon Foundation Energy,data_center,proposed,,reported,Wheeling,Ohio,WV,40.1013314,-80.7029667,,100,,2026-06-22,2026-09-15,https://www.compute-atlas.com/facilities/silicon-foundation-warwood-wheeling-ohio-county-wv,3,https://wvpublic.org/story/energy-environment/states-sixth-data-center-announced-near-wheeling/
silicon-ranch-lambert-solar-georgetown-county-sc,Lambert Solar Project (Lambert I and II),Silicon Ranch Corporation,power_generation,operational,,confirmed,,Georgetown,SC,33.3260004,-79.5722883,200,,,,2026-09-22,https://www.compute-atlas.com/facilities/silicon-ranch-lambert-solar-georgetown-county-sc,2,https://www.santeecooper.com/community/generation-projects/
silicon-ranch-stockton-solar-baldwin-al,Stockton Solar Farm,Silicon Ranch Corporation,power_generation,permitted,,confirmed,Stockton,Baldwin,AL,30.9905875,-87.8606214,,260,Meta,,2026-09-28,https://www.compute-atlas.com/facilities/silicon-ranch-stockton-solar-baldwin-al,3,http://www.siliconranch.com/Stockton/
silver-fox-606-indiantown-fl,Silver Fox 606 AI Data Center Campus (withdrawn),Silver Fox 606 LLC,data_center,cancelled,,reported,Indiantown,Martin,FL,27.0400025,-80.517281,,,,,2026-09-14,https://www.compute-atlas.com/facilities/silver-fox-606-indiantown-fl,1,https://www.wptv.com/news/region-martin-county/indiantown/indiantown-data-center-plans-scrapped-as-village-sets-record-straight-on-undeveloped-land
simple-helix-huntsville-al,Simple Helix Data Center,"Simple Helix, LLC",data_center,operational,,confirmed,Huntsville,Madison,AL,34.744816340398,-86.691765682048,1.1,,,,2026-09-21,https://www.compute-atlas.com/facilities/simple-helix-huntsville-al,2,https://prnewswire.com/news-releases/simple-helix-announces-opening-of-new-tier-iii-data-center-in-huntsville-alabama-300488165.html
simple-mining-cascade-ia,Simple Mining Cascade (Dubuque County),Simple Mining,crypto_mining,proposed,,reported,Cascade,Dubuque,IA,42.2997,-91.0143,,,,2026-03,2026-08-08,https://www.compute-atlas.com/facilities/simple-mining-cascade-ia,2,https://www.telegraphherald.com/news/tri-state/article_cf05b214-4a5f-4120-9dcb-79073ce015a1.html
simple-mining-cedar-falls-ia,Simple Mining Cedar Falls (rezoning defeated),Simple Mining,crypto_mining,cancelled,,confirmed,Cedar Falls,Black Hawk,IA,42.5347,-92.4453,,,,2026-03,2026-08-08,https://www.compute-atlas.com/facilities/simple-mining-cedar-falls-ia,2,https://www.iowapublicradio.org/ipr-news/2026-03-26/cedar-falls-rezoning-proposal-cryptocurrency-mining-site
simple-mining-manchester-ia,Simple Mining Manchester,Simple Mining,crypto_mining,permitted,,confirmed,Manchester,Delaware,IA,42.4842,-91.4515,,,,2025-01,2026-08-08,https://www.compute-atlas.com/facilities/simple-mining-manchester-ia,2,https://www.radioiowa.com/2025/01/17/manchester-official-tries-to-calm-fears-over-incoming-crypto-mining-operation/
sioux-county-wind-sioux-ne,Sioux County Wind Farm,NextEra Energy Resources,power_generation,proposed,,reported,Harrison,Sioux,NE,42.6873162,-103.883042,,300,,,2026-09-16,https://www.compute-atlas.com/facilities/sioux-county-wind-sioux-ne,1,https://dwee.nebraska.gov/state-energy-information/energy-statistics/fuels/wind/wind-energy-generation-nebraska
site-layer-4-goshen-hole-platte-county-wy,Site Layer 4 Goshen Hole Data Center Campus,"Site Layer 4, LLC",data_center,permitted,,confirmed,Wheatland,Platte,WY,42.1,-104.71,,,,,2026-09-14,https://www.compute-atlas.com/facilities/site-layer-4-goshen-hole-platte-county-wy,2,https://cowboystatedaily.com/2026/07/13/ranchlands-near-wheatland-eyed-for-26-billion-transformational-data-center/
skybox-chicago-i-il,Skybox Chicago I,Skybox Datacenters,data_center,operational,,reported,Elk Grove Village,Cook,IL,41.9936612,-87.973521,30,,,,2026-07-23,https://www.compute-atlas.com/facilities/skybox-chicago-i-il,3,https://www.skyboxdatacenters.com/locations/skybox-chicago
skybox-houston-one-tx,Skybox Houston One,Skybox Datacenters,data_center,operational,mixed_use,reported,Katy,Harris,TX,29.802893,-95.7553386,26,,,,2026-09-21,https://www.compute-atlas.com/facilities/skybox-houston-one-tx,4,https://www.skyboxdatacenters.com/locations/skybox-houston
skybox-santa-clara-1200-memorex-drive-ca,Skybox Santa Clara (1200 Memorex Drive),Skybox Datacenters,data_center,under_construction,,reported,Santa Clara,Santa Clara,CA,37.36257104275,-121.949979903926,,60,,,2026-09-29,https://www.compute-atlas.com/facilities/skybox-santa-clara-1200-memorex-drive-ca,3,https://www.corgan.com/projects/skybox-santa-clara-data-center
slate-belt-holdings-upper-mount-bethel-northampton-pa,Slate Belt Holdings Data Center Campus (Upper Mount Bethel),Slate Belt Holdings LLC (Talen Energy / River Pointe Logistics joint venture),data_center,proposed,likely,reported,Upper Mount Bethel Township,Northampton,PA,40.9,-75.13,,,,,2026-08-31,https://www.compute-atlas.com/facilities/slate-belt-holdings-upper-mount-bethel-northampton-pa,1,https://www.bicmagazine.com/departments/AI-Infrastructure/talen-looks-to-develop-23-building-data-center-campus-in-pennsylvania/
smarttec-site-01-mead-ok,SmartTec Site 01 (Mead),SmartTec by Z1Power,data_center,proposed,,reported,Mead,Bryan,OK,34.0005295,-96.5110921,,0.114,,,2026-09-14,https://www.compute-atlas.com/facilities/smarttec-site-01-mead-ok,1,https://smarttec.dev/site
socrates-north-new-albany-oh,Socrates North Generation Facility,"Will-Power OH, LLC (Williams Companies)",power_generation,under_construction,,confirmed,New Albany,Licking,OH,40.07,-82.76,,200,Meta,,2026-08-05,https://www.compute-atlas.com/facilities/socrates-north-new-albany-oh,2,https://www.williams.com/expansion-project/socrates-power-solution-facilities/
socrates-south-new-albany-oh,Socrates South Generation Facility,"Will-Power OH, LLC (Williams Companies)",power_generation,under_construction,,confirmed,New Albany,Licking,OH,40.068,-82.762,,200,Meta,,2026-08-05,https://www.compute-atlas.com/facilities/socrates-south-new-albany-oh,2,https://www.williams.com/expansion-project/socrates-power-solution-facilities/
socrates-the-younger-new-albany-oh,Socrates the Younger (STY) Generation Facility,"Will-Power OH, LLC (Williams Companies)",power_generation,permitted,,confirmed,New Albany,Licking,OH,40.066,-82.764,,250,Meta,,2026-08-26,https://www.compute-atlas.com/facilities/socrates-the-younger-new-albany-oh,4,https://www.williams.com/expansion-project/socrates-power-solution-facilities/
solis-arx-progress-park-wythe-va,Solis Arx Progress Park Data Center Campus,Solis Arx,data_center,proposed,confirmed,reported,Max Meadows,Wythe,VA,36.958,-80.899,,,,2025-12-05,2026-09-21,https://www.compute-atlas.com/facilities/solis-arx-progress-park-wythe-va,5,https://cardinalnews.org/2025/12/05/data-center-campus-announced-for-wythe-county/
solon-township-data-center-kent-mi,"Solon Township Data Center (16-17 Mile Road, US-131)",Undisclosed technology company (site search via The Right Place),data_center,proposed,,rumored,Solon Township,Kent,MI,43.2612958,-85.6119334,,,,,2026-09-14,https://www.compute-atlas.com/facilities/solon-township-data-center-kent-mi,3,https://www.fox17online.com/news/local-news/rockford-cedar-springs-sparta/developers-eye-solon-township-farmland-for-potential-data-center
solstice-data-allen-park-mi,Allen Park Data Center,Solstice Data,data_center,cancelled,,reported,Allen Park,Wayne,MI,42.2830061,-83.1947008,,26,,,2026-09-14,https://www.compute-atlas.com/facilities/solstice-data-allen-park-mi,2,https://planetdetroit.org/2026/06/allen-park-planners-reject-data-center/
soluna-project-annie-paris-tx,Soluna Project Annie,Soluna Holdings,data_center,proposed,,reported,Paris,Lamar,TX,33.6609,-95.5555,,75,,,2026-08-03,https://www.compute-atlas.com/facilities/soluna-project-annie-paris-tx,3,https://www.solunacomputing.com/?post_type=news&p=15253
soluna-project-dorothy-silverton-tx,Soluna Project Dorothy,Soluna Holdings,crypto_mining,operational,,confirmed,Silverton,Briscoe,TX,34.391589,-101.318337,98,,,,2026-07-18,https://www.compute-atlas.com/facilities/soluna-project-dorothy-silverton-tx,1,https://www.sec.gov/Archives/edgar/data/64463/000162828026035538/slnh-20260331.htm
soluna-project-edith-wenatchee-wa,Project Edith (former Soluna Wenatchee site),"Soluna Computing, Inc.",crypto_mining,cancelled,,reported,Wenatchee,Chelan,WA,47.4234599,-120.310349,3.3,,,,2026-09-17,https://www.compute-atlas.com/facilities/soluna-project-edith-wenatchee-wa,1,https://www.sec.gov/Archives/edgar/data/64463/000149315224012303/form10-k.htm
soluna-project-ellen-rio-hondo-tx,Soluna Project Ellen,Soluna Holdings,data_center,proposed,,reported,Rio Hondo,Cameron,TX,26.2373,-97.5814,,100,,,2026-08-03,https://www.compute-atlas.com/facilities/soluna-project-ellen-rio-hondo-tx,3,https://www.solunacomputing.com/news/project-ellen-term-sheet/
soluna-project-fei-childress-tx,Soluna Project Fei,Soluna Holdings,data_center,proposed,,reported,Childress,Childress,TX,34.4262,-100.2013,,100,,,2026-08-03,https://www.compute-atlas.com/facilities/soluna-project-fei-childress-tx,2,https://www.solunacomputing.com/news/1gw/
soluna-project-grace-silverton-tx,Soluna Project Grace,Soluna Holdings,data_center,under_construction,confirmed,reported,Silverton,Briscoe,TX,34.4692,-101.3082,,2,,,2026-08-03,https://www.compute-atlas.com/facilities/soluna-project-grace-silverton-tx,3,https://www.solunacomputing.com/news/siemens-partnership/
soluna-project-kati-willacy-tx,Soluna Project Kati,Soluna Holdings,data_center,under_construction,likely,confirmed,Raymondville,Willacy,TX,26.4804,-97.7836,,166,,2025-09,2026-07-23,https://www.compute-atlas.com/facilities/soluna-project-kati-willacy-tx,2,https://www.businesswire.com/news/home/20250911683738/en/Soluna-Breaks-Ground-on-its-Largest-Site-to-Date-Project-Kati
soluna-project-sophie-murray-ky,Soluna Project Sophie,Soluna Holdings,crypto_mining,operational,,confirmed,Murray,Calloway,KY,36.61,-88.315,25,,,,2026-09-22,https://www.compute-atlas.com/facilities/soluna-project-sophie-murray-ky,2,https://www.sec.gov/Archives/edgar/data/64463/000162828026035538/slnh-20260331.htm
sos-limited-park-falls-wi,SOS Limited Park Falls Crypto Mine (Former Flambeau River Paper Mill),SOS Limited,crypto_mining,operational,,reported,Park Falls,Price,WI,45.9305,-90.438,,,,2022-01,2026-09-01,https://www.compute-atlas.com/facilities/sos-limited-park-falls-wi,1,https://wisconsinwatch.org/2023/01/crypto-mine-in-park-falls-wisconsin-creates-controversy-at-former-paper-mill/
south-front-networks-davenport-ia,South Front Networks IA-Davenport Interconnection Facility,South Front Networks,data_center,operational,,confirmed,Davenport,Scott,IA,41.5477099,-90.620859,,,,,2026-09-04,https://www.compute-atlas.com/facilities/south-front-networks-davenport-ia,2,https://southfront.io/pop
sovereign-gazelle-somerville-al,Sovereign Gazelle Bitcoin Mining Data Center,Sovereign Gazelle,crypto_mining,proposed,,reported,Somerville,Morgan,AL,34.457,-86.7603,,50,,2026,2026-09-15,https://www.compute-atlas.com/facilities/sovereign-gazelle-somerville-al,4,https://www.decaturdaily.com/news/morgan_county/bitcoin-mining-data-center-trying-to-build-near-somerville/article_59757f8f-a8cb-496c-b551-43f037e8c3b8.html
spalding-investments-high-falls-road-campus-ga,Spalding Investments Data Center Campus (High Falls Road),"Spalding Investments, LLC (developer; end user undisclosed)",data_center,permitted,,reported,Griffin,Spalding,GA,33.2468,-84.2641,,,,,2026-09-21,https://www.compute-atlas.com/facilities/spalding-investments-high-falls-road-campus-ga,1,https://www.griffindailynews.com/news/data-centers-could-bring-high-tax-revenue-to-spalding-county/article_fe0871d7-695d-5ea7-924f-d89b2aeb6b33.html
springfield-township-andersonville-road-data-center-mi,"Springfield Township Data Center Proposal (Andersonville Road & White Lake Road, 84 acres)",Undisclosed data center development group,data_center,cancelled,,reported,Springfield Township,Oakland,MI,42.7033707,-83.4491906,,,,,2026-09-21,https://www.compute-atlas.com/facilities/springfield-township-andersonville-road-data-center-mi,4,https://www.springfield-twp.us/departments/supervisor/data_centers/latest_updates.php
sr-jasper-solar-jasper-ms,SR Jasper Solar,"SR Jasper, LLC",power_generation,permitted,,reported,,Jasper,MS,32.048427,-88.94419,,150,,,2026-09-22,https://www.compute-atlas.com/facilities/sr-jasper-solar-jasper-ms,1,https://www.eia.gov/electricity/data/eia860m/xls/july_generator2026.xlsx
sr-magnolia-solar-monroe-ms,SR Magnolia Solar,"SR Magnolia, LLC",power_generation,under_construction,,reported,,Monroe,MS,33.856467,-88.67488,,160,,,2026-09-22,https://www.compute-atlas.com/facilities/sr-magnolia-solar-monroe-ms,1,https://www.eia.gov/electricity/data/eia860m/xls/july_generator2026.xlsx
sr-meridian-iii-solar-lauderdale-ms,Meridian III Solar,"SR Meridian III, LLC",power_generation,operational,,reported,,Lauderdale,MS,32.453955,-88.54948,52.5,,,,2026-09-22,https://www.compute-atlas.com/facilities/sr-meridian-iii-solar-lauderdale-ms,1,https://www.eia.gov/electricity/data/eia860m/xls/july_generator2026.xlsx
sr-mount-pleasant-solar-marshall-ms,SR Mount Pleasant Solar,"SR Mount Pleasant, LLC",power_generation,permitted,,reported,,Marshall,MS,34.951675,-89.58282,,50,,,2026-09-22,https://www.compute-atlas.com/facilities/sr-mount-pleasant-solar-marshall-ms,1,https://www.eia.gov/electricity/data/eia860m/xls/july_generator2026.xlsx
srp-marigold-energy-center-stanfield-az,Marigold Energy Center,Salt River Project,power_generation,proposed,,confirmed,Stanfield,Pinal,AZ,32.8834,-111.964,,1675,,2026-07-23,2026-09-23,https://www.compute-atlas.com/facilities/srp-marigold-energy-center-stanfield-az,3,https://www.kjzz.org/business/2026-07-23/proposed-srp-center-to-use-solar-battery-power-and-natural-gas-it-aims-to-keep-up-with-demand
srs-ai-data-center-savannah-river-site-sc,Savannah River Site AI Data Center (Amentum),Amentum,data_center,proposed,,reported,,Barnwell,SC,33.2122041,-81.6223727,,1000,,2026-07-20,2026-09-10,https://www.compute-atlas.com/facilities/srs-ai-data-center-savannah-river-site-sc,1,https://www.energy.gov/nnsa/articles/nnsa-selects-amentum-ai-data-center-and-energy-project-savannah-river-site
srs-energy-generation-savannah-river-site-sc,Savannah River Site Energy Generation Project (Amentum),Amentum,power_generation,proposed,,reported,,Barnwell,SC,33.2122041,-81.6223727,,2000,Savannah River Site AI Data Center (Amentum),2026-07-20,2026-09-10,https://www.compute-atlas.com/facilities/srs-energy-generation-savannah-river-site-sc,1,https://www.energy.gov/nnsa/articles/nnsa-selects-amentum-ai-data-center-and-energy-project-savannah-river-site
st-albans-data-center-vt,"Proposed St. Albans, VT Data Center (Unbuilt)",Unnamed developer,data_center,cancelled,,reported,St. Albans,Franklin,VT,44.8107911,-73.0833607,,,,,2026-09-12,https://www.compute-atlas.com/facilities/st-albans-data-center-vt,1,https://vtdigger.org/2026/02/24/vermont-plugs-into-the-data-center-conversation/
st-james-solar-vacherie-la,St. James Solar,"St. James Solar, LLC",power_generation,operational,,confirmed,Vacherie,St. James,LA,29.9734,-90.7335,20,,,,2026-09-15,https://www.compute-atlas.com/facilities/st-james-solar-vacherie-la,2,https://www.entergy.com/wp-content/uploads/15/Entergy-renewable-portfolio.pdf
stack-berry-hill-va,Berry Hill / Southern Virginia Megasite,STACK Infrastructure,data_center,proposed,,confirmed,Berry Hill,Pittsylvania,VA,36.68,-79.35,,,,2026-03,2026-08-26,https://www.compute-atlas.com/facilities/stack-berry-hill-va,6,https://www.datacenterdynamics.com/en/news/stack-commits-735bn-investment-into-data-center-campus-in-berry-hill-virginia/
stack-bossier-parish-la,Bossier Parish Campus (with Amazon),STACK Infrastructure,data_center,under_construction,mixed_use,confirmed,Benton,Bossier,LA,32.69,-93.74,,,,,2026-09-15,https://www.compute-atlas.com/facilities/stack-bossier-parish-la,2,https://www.ksla.com/2026/02/24/campuses-newly-announced-amazon-data-center-spanning-bossier-caddo-parishes-confirmed/
stack-caddo-parish-la,Caddo Parish Campus (with Amazon),STACK Infrastructure,data_center,under_construction,mixed_use,confirmed,Blanchard,Caddo,LA,32.58,-93.9,,,,,2026-09-15,https://www.compute-atlas.com/facilities/stack-caddo-parish-la,4,https://www.ksla.com/2026/02/24/campuses-newly-announced-amazon-data-center-spanning-bossier-caddo-parishes-confirmed/
stack-chi01-il,STACK CHI01,STACK Infrastructure,data_center,operational,,reported,Elk Grove Village,Cook,IL,42.006856,-87.9651767,40,,,,2026-09-12,https://www.compute-atlas.com/facilities/stack-chi01-il,4,https://www.stackinfra.com/locations/americas/chicago/
stack-dfw01-plano-tx,STACK DFW01 (Plano),STACK Infrastructure,data_center,operational,,reported,Plano,Collin,TX,33.0136764,-96.6925096,80,,,,2026-08-26,https://www.compute-atlas.com/facilities/stack-dfw01-plano-tx,1,https://www.stackinfra.com/locations/americas/dallas-fort-worth/
stack-dfw02-lancaster-tx,STACK DFW02 (Lancaster),STACK Infrastructure,data_center,under_construction,,reported,Lancaster,Dallas,TX,32.5920798,-96.7561083,,500,,,2026-08-26,https://www.compute-atlas.com/facilities/stack-dfw02-lancaster-tx,1,https://www.stackinfra.com/locations/americas/dallas-fort-worth/
stack-hillsboro-or,STACK Hillsboro Campus,STACK Infrastructure,data_center,proposed,likely,reported,Hillsboro,Washington,OR,45.5229,-122.9898,,75,,,2026-07-26,https://www.compute-atlas.com/facilities/stack-hillsboro-or,3,https://cleanview.co/data-centers/oregon
stack-infrastructure-goldendale-data-center-wa,STACK Infrastructure Goldendale Data Center,STACK Infrastructure,data_center,proposed,,reported,Goldendale,Klickitat,WA,45.8213,-120.8217,,958,,,2026-08-22,https://www.compute-atlas.com/facilities/stack-infrastructure-goldendale-data-center-wa,2,https://www.tricitiesbusinessnews.com/articles/yakamas-protest-clean-energy-project-on-sacred-site
stack-nal01-new-albany-oh,STACK Infrastructure NAL01 (New Albany),STACK Infrastructure,data_center,operational,likely,reported,New Albany,Franklin,OH,40.07,-82.8,60,,,,2026-08-05,https://www.compute-atlas.com/facilities/stack-nal01-new-albany-oh,1,https://www.stackinfra.com/locations/americas/new-albany/
stack-nova-loudoun-va,STACK NVA Loudoun 144MW Hyperscale Campus,STACK Infrastructure,data_center,permitted,likely,confirmed,Ashburn,Loudoun,VA,39.04,-77.49,,144,,2025-02,2026-09-21,https://www.compute-atlas.com/facilities/stack-nova-loudoun-va,2,https://www.stackinfra.com/about/news-press/press-releases/stack-infrastructure-expands-loudoun-county-footprint-with-144mw-hyperscale-campus/
stack-nva01a-va,STACK NVA01A,STACK Infrastructure,data_center,operational,,reported,Sterling,Loudoun,VA,39.0046933,-77.4417399,18,17,,,2026-08-16,https://www.compute-atlas.com/facilities/stack-nva01a-va,3,https://www.stackinfra.com/locations/americas/northern-virginia/nva01/
stack-phx01-avondale-az,STACK Infrastructure PHX01 Campus,STACK Infrastructure,data_center,operational,,reported,Avondale,Maricopa,AZ,33.418842,-112.357688,,225,,,2026-09-10,https://www.compute-atlas.com/facilities/stack-phx01-avondale-az,1,https://www.stackinfra.com/locations/americas/phoenix/
stack-phx02-phoenix-az,STACK Infrastructure PHX02 Campus,STACK Infrastructure,data_center,under_construction,,reported,Phoenix,Maricopa,AZ,33.456212,-111.995301,,250,,,2026-09-10,https://www.compute-atlas.com/facilities/stack-phx02-phoenix-az,2,https://www.stackinfra.com/locations/americas/phoenix/phx02/
stack-por01-or,STACK POR01,STACK Infrastructure,data_center,operational,,reported,Hillsboro,Washington,OR,45.5493273,-122.9278183,36,40,,,2026-09-05,https://www.compute-atlas.com/facilities/stack-por01-or,3,https://www.stackinfra.com/locations/americas/portland/por01/
stack-por02-or,STACK POR02,STACK Infrastructure,data_center,operational,,reported,Hillsboro,Washington,OR,45.5473758,-122.8973869,24,,,,2026-09-05,https://www.compute-atlas.com/facilities/stack-por02-or,3,https://www.stackinfra.com/locations/americas/portland/por02/
stack-por03-or,STACK POR03,STACK Infrastructure,data_center,operational,,reported,Hillsboro,Washington,OR,45.5541322,-122.9379069,72,200,,,2026-08-16,https://www.compute-atlas.com/facilities/stack-por03-or,3,https://www.stackinfra.com/locations/americas/portland/por03/
stack-stafford-technology-campus-va,Stafford Technology Campus,STACK Infrastructure,data_center,permitted,,confirmed,Falmouth,Stafford,VA,38.365,-77.485,,1100,,2025-01,2026-09-21,https://www.compute-atlas.com/facilities/stack-stafford-technology-campus-va,5,https://www.staffordcountyva.gov
stack-svy01-ca,STACK SVY01,STACK Infrastructure,data_center,operational,,reported,San Jose,Santa Clara,CA,37.4027449,-121.891051,,100,,,2026-07-23,https://www.compute-atlas.com/facilities/stack-svy01-ca,3,https://www.stackinfra.com/locations/americas/silicon-valley/svy01/
stack-svy02-ca,STACK SVY02,STACK Infrastructure,data_center,operational,,reported,Santa Clara,Santa Clara,CA,37.3619343,-121.9537306,48,,,,2026-07-23,https://www.compute-atlas.com/facilities/stack-svy02-ca,3,https://www.stackinfra.com/locations/americas/silicon-valley/svy02/
stack-svy03a-hayward-ca,STACK SVY03A,STACK Infrastructure,data_center,under_construction,,confirmed,Hayward,Alameda,CA,37.6281336,-122.1195048,,67.2,,,2026-09-29,https://www.compute-atlas.com/facilities/stack-svy03a-hayward-ca,6,https://ceqanet.lci.ca.gov/2025030999
stack-trade-zone-park-san-jose-ca,STACK Trade Zone Park (SVYDC 05 / SVYDC 06),STACK Infrastructure,data_center,permitted,,reported,San Jose,Santa Clara,CA,37.4028987,-121.8950398,,90,,,2026-09-21,https://www.compute-atlas.com/facilities/stack-trade-zone-park-san-jose-ca,4,https://www.energy.ca.gov/powerplant/tradezonepark
stak-energy-north-slope-ak,Stak Energy North Slope Data Center,Stak Energy,data_center,proposed,confirmed,reported,,North Slope,AK,69.84,-148.5,,3000,,2026-05,2026-09-28,https://www.compute-atlas.com/facilities/stak-energy-north-slope-ak,4,https://alaskapublic.org/news/economy/energy/2026-05-26/alaskas-north-slope-proposed-as-home-for-massive-ai-data-center
standard-power-coshocton-oh,Standard Power Coshocton,Standard Power,crypto_mining,operational,,confirmed,Coshocton,Coshocton,OH,40.2771782,-81.8649437,50,,,,2026-08-27,https://www.compute-atlas.com/facilities/standard-power-coshocton-oh,2,https://www.prnewswire.com/news-releases/energy-harbor-partners-with-standard-power-to-provide-carbon-free-nuclear-power-to-new-ohio-bitcoin-blockchain-mining-center-301331473.html
stantec-randee-howell-township-mi,Howell Township Hyperscale Data Center,Stantec Consulting Michigan / Randee LLC,data_center,cancelled,,reported,Howell,Livingston,MI,42.6317633,-83.9932682,,,,,2026-09-09,https://www.compute-atlas.com/facilities/stantec-randee-howell-township-mi,2,https://planetdetroit.org/2025/12/billion-dollar-data-center-paused/
star-light-energy-center-valencia-county-nm,Star Light Energy Center,NextEra Energy Resources,power_generation,proposed,,reported,Los Lunas,Valencia,NM,34.8062,-106.7334,,100,Meta,,2026-09-15,https://www.compute-atlas.com/facilities/star-light-energy-center-valencia-county-nm,1,https://www.energy-storage.news/new-mexico-utility-seeks-approval-of-hybrid-bess-offtake-contracts-to-power-meta-data-centres/
stargate-abilene-tx,Stargate Abilene,OpenAI / Oracle / Crusoe,data_center,operational,confirmed,reported,Abilene,Taylor,TX,32.4487,-99.7331,300,1200,,2025-01-21,2026-09-21,https://www.compute-atlas.com/facilities/stargate-abilene-tx,8,https://openai.com/index/announcing-the-stargate-project/
stargate-lordstown-oh,Stargate Lordstown Campus,OpenAI / SoftBank / Oracle,data_center,under_construction,confirmed,reported,Lordstown,Trumbull,OH,41.1745,-80.8534,,1500,,2025-09-23,2026-07-05,https://www.compute-atlas.com/facilities/stargate-lordstown-oh,7,https://openai.com/index/five-new-stargate-sites/
stargate-milam-county-tx,Stargate Milam County Campus,OpenAI / SoftBank (SB Energy),data_center,under_construction,confirmed,reported,,Milam,TX,30.852,-96.972,,1200,,2025-09-23,2026-07-06,https://www.compute-atlas.com/facilities/stargate-milam-county-tx,5,https://epoch.ai/publications/openai-stargate-where-the-us-sites-stand
stargate-port-washington-wi,Stargate Lighthouse Campus,Vantage Data Centers,data_center,under_construction,confirmed,reported,Port Washington,Ozaukee,WI,43.3882,-87.8753,,902,,2025,2026-09-13,https://www.compute-atlas.com/facilities/stargate-port-washington-wi,11,https://vantage-dc.com/news/openai-oracle-and-vantage-data-centers-announce-stargate-data-center-site-in-wisconsin/
stargate-project-jupiter-dona-ana-nm,Stargate Project Jupiter,OpenAI / Oracle / STACK Infrastructure,data_center,under_construction,confirmed,reported,Santa Teresa,Dona Ana,NM,31.8636,-106.6895,,1000,,2025-09-23,2026-09-03,https://www.compute-atlas.com/facilities/stargate-project-jupiter-dona-ana-nm,8,https://elpasomatters.org/2025/09/25/stargate-open-ai-oracle-project-jupiter-data-center-dona-ana-new-mexico-el-paso-texas/
stargate-saline-township-mi,Stargate The Barn Campus,OpenAI / Oracle / Related Digital,data_center,under_construction,confirmed,reported,Saline Township,Washtenaw,MI,42.174,-83.8063,,1400,,2025-10,2026-09-14,https://www.compute-atlas.com/facilities/stargate-saline-township-mi,8,https://www.datacenterdynamics.com/en/news/oracle-and-openai-start-construction-on-stargate-data-center-campus-in-saline-township-michigan/
starkville-industrial-park-road-crypto-mine-ms,Starkville Industrial Park Road Cryptocurrency Mining Facility,Undisclosed,crypto_mining,proposed,,reported,Starkville,Oktibbeha,MS,33.4385866,-88.8363381,,30,,2026-06-16,2026-09-22,https://www.compute-atlas.com/facilities/starkville-industrial-park-road-crypto-mine-ms,4,https://www.wtva.com/2026/07/15/proposed-cryptocurrency-mining-facility-under-review-starkville/
starwood-digital-project-washington-de,Project Washington (Starwood Digital Ventures),Starwood Digital Ventures,data_center,proposed,mixed_use,reported,Delaware City,New Castle,DE,39.578,-75.593,,1200,,2025-07,2026-07-06,https://www.compute-atlas.com/facilities/starwood-digital-project-washington-de,6,https://spotlightdelaware.org/2026/02/04/delaware-city-data-center-faces-major-setback-after-environmental-denial/
starwood-tamarack-west-columbia-mason-wv,Project Tamarack,Starwood Digital Ventures,data_center,proposed,,confirmed,West Columbia,Mason,WV,38.9831343,-82.0634753,,2160,,,2026-09-22,https://www.compute-atlas.com/facilities/starwood-tamarack-west-columbia-mason-wv,5,https://www.wdtv.com/2026/09/03/starwood-digital-ventures-announces-data-center-mason-county/
state-of-ohio-computer-center-columbus-oh,State of Ohio Computer Center (SOCC),State of Ohio,data_center,operational,,reported,Columbus,Franklin,OH,40.0057597,-83.0446845,,,,,2026-08-27,https://www.compute-atlas.com/facilities/state-of-ohio-computer-center-columbus-oh,1,https://www.osc.edu/about/visitOSC
steele-flats-energy-storage-jefferson-ne,Steele Flats Energy Storage,"Steele Flats Energy Storage, LLC",power_generation,under_construction,,reported,,Jefferson,NE,40.051306,-96.95178,,50,,,2026-09-04,https://www.compute-atlas.com/facilities/steele-flats-energy-storage-jefferson-ne,1,https://www.eia.gov/electricity/data/eia860m/xls/july_generator2026.xlsx
stem-practice-sycamore-view-memphis-tn,The STEM Practice Sycamore View AI Data Center,Golden Acquisitions / The STEM Practice,data_center,under_construction,confirmed,reported,Memphis,Shelby,TN,35.161633,-89.85969,,9,,,2026-09-21,https://www.compute-atlas.com/facilities/stem-practice-sycamore-view-memphis-tn,2,https://www.actionnews5.com/2026/01/14/another-ai-data-center-coming-memphis-sources-say/
stillwater-lovejoy-panhandle-road-clayton-ga,Lovejoy Data Center Campus (Stillwater Development),Stillwater Development,data_center,cancelled,,reported,Lovejoy,Clayton,GA,33.4516522,-84.343564,,1250,,,2026-09-10,https://www.compute-atlas.com/facilities/stillwater-lovejoy-panhandle-road-clayton-ga,1,https://www.atlantanewsfirst.com/2026/08/07/proposal-clayton-county-data-center-withdrawn/
stonebridge-fort-meade-fl,Florida Ecopark AI Data Center Campus,Stonebridge (via Florida Ecopark LLC; end tenant undisclosed),data_center,proposed,confirmed,reported,Fort Meade,Polk,FL,27.7525,-81.8024,,1200,,2026-03,2026-09-10,https://www.compute-atlas.com/facilities/stonebridge-fort-meade-fl,4,https://www.wusf.org/environment/2026-04-08/fort-meade-is-one-step-closer-to-building-floridas-first-hysperscale-ai-data-center
stonebridge-pacific-columbia-county-wi,Stonebridge Pacific AI Data Center (Columbia County),Stonebridge,data_center,cancelled,likely,reported,Pacific,Columbia,WI,43.55,-89.4,,,,2025-10,2026-08-04,https://www.compute-atlas.com/facilities/stonebridge-pacific-columbia-county-wi,2,https://wisconsinwatch.org/2026/08/wisconsin-10-billion-data-center-proposal-columbia-county-town-pacific-developer/
stonebridge-powder-mills-lawrence-county-pa,Powder Mills Data Center Campus,Stonebridge Associates,data_center,proposed,,reported,,Lawrence,PA,40.9915328,-80.4272333,,,,,2026-07-26,https://www.compute-atlas.com/facilities/stonebridge-powder-mills-lawrence-county-pa,4,https://www.datacenterdynamics.com/en/news/data-center-campus-proposed-at-former-dynamite-factory-site-in-lawrence-county-pennsylvania/
strata-hanging-rock-haverhill-data-center-oh,Hanging Rock / Haverhill Data Center,Strata Expense (backed by Supermicro + Ravel),data_center,under_construction,,confirmed,Hanging Rock,Lawrence,OH,38.567639,-82.781751,,,,,2026-09-09,https://www.compute-atlas.com/facilities/strata-hanging-rock-haverhill-data-center-oh,3,https://www.datacenterdynamics.com/en/news/data-center-project-in-lawrence-county-ohio-sparks-calls-for-moratorium-in-neighboring-city/
stratos-box-elder-ut,Stratos AI Data Center Campus,O'Leary Digital,data_center,proposed,confirmed,reported,Lucin,Box Elder,UT,41.5,-113.5,,9000,,2026-04,2026-07-23,https://www.compute-atlas.com/facilities/stratos-box-elder-ut,3,https://www.boxeldercountyut.gov/647/Stratos-Project-Fact-Sheet
stream-chicago-i-orda-elk-grove-village-il,Stream Chicago I (ORDA),Stream Data Centers,data_center,operational,,reported,Elk Grove Village,Cook,IL,42.0039,-87.9703,31,,,,2026-09-12,https://www.compute-atlas.com/facilities/stream-chicago-i-orda-elk-grove-village-il,2,https://www.streamdatacenters.com/locations/chicago-data-centers/
stream-chicago-ii-ordb-elk-grove-village-il,Stream Chicago II (ORDB),Stream Data Centers,data_center,operational,,reported,Elk Grove Village,Cook,IL,42.0039,-87.9703,,32,,,2026-09-25,https://www.compute-atlas.com/facilities/stream-chicago-ii-ordb-elk-grove-village-il,2,https://www.streamdatacenters.com/locations/chicago-data-centers/
stream-chicago-iii-ordc-elk-grove-village-il,Stream Chicago III (ORDC),Stream Data Centers,data_center,under_construction,,reported,Elk Grove Village,Cook,IL,42.0039,-87.9703,,40,,,2026-09-25,https://www.compute-atlas.com/facilities/stream-chicago-iii-ordc-elk-grove-village-il,2,https://www.streamdatacenters.com/locations/chicago-data-centers/
stream-data-centers-dfwa-dfw-vii-tx,Stream Data Centers DFWA (DFW VII),Stream Data Centers,data_center,operational,,reported,Garland,Dallas,TX,32.9836243,-96.6542632,43,,,,2026-07-22,https://www.compute-atlas.com/facilities/stream-data-centers-dfwa-dfw-vii-tx,2,https://www.streamdatacenters.com/locations/dallas-data-centers/
stream-data-centers-phxa-phoenix-i-vii-goodyear-campus-az,"Stream Data Centers PHXA (Phoenix I-VII, Goodyear Campus)",Stream Data Centers,data_center,operational,likely,reported,Goodyear,Maricopa,AZ,33.4194907,-112.3599883,,280,,,2026-08-31,https://www.compute-atlas.com/facilities/stream-data-centers-phxa-phoenix-i-vii-goodyear-campus-az,5,https://www.streamdatacenters.com/locations/phoenix/
stream-data-centers-project-liberty-marion-county-sc,"Project Liberty (Stream Data Centers, Marion County Industrial Park)","Stream Data Centers (site entity: Eagle Myra, LLC)",data_center,cancelled,,confirmed,Marion,Marion,SC,34.1782,-79.4006,,,,,2026-09-10,https://www.compute-atlas.com/facilities/stream-data-centers-project-liberty-marion-county-sc,3,https://www.postandcourier.com/pee-dee/news/marion-county-stream-data-center/article_fce64b6c-7e65-4d99-ba9a-4d1dc70d28e5.html
stream-stamp-alabama-ny,STREAM U.S. Data Centers at STAMP,Stream U.S. Data Centers LLC,data_center,proposed,likely,confirmed,Alabama,Genesee,NY,43.0837,-78.3936,,500,,,2026-09-21,https://www.compute-atlas.com/facilities/stream-stamp-alabama-ny,4,https://www.gcedc.com/news/article/current/2026/03/05/100160/public-hearing-set-for-stream-us-data-centers-project
summit-ridge-santaquin-ut,Summit Ridge Data Center,Data Center Power Company,data_center,under_construction,,confirmed,Santaquin,Utah,UT,39.97551,-111.78521,,,,,2026-08-15,https://www.compute-atlas.com/facilities/summit-ridge-santaquin-ut,3,https://www.ksl.com/article/51442989/some-santaquin-residents-raise-concerns-over-approval-of-future-data-center
sumrall-i-solar-lamar-ms,Sumrall I Solar Farm,"MS Solar 2, LLC",power_generation,operational,,reported,,Lamar,MS,31.403531,-89.49764,52,,,,2026-09-22,https://www.compute-atlas.com/facilities/sumrall-i-solar-lamar-ms,1,https://www.eia.gov/electricity/data/eia860m/xls/july_generator2026.xlsx
sumrall-ii-solar-lamar-ms,Sumrall II Solar Farm,Onward Energy,power_generation,operational,,reported,,Lamar,MS,31.397089,-89.48588,52,,,,2026-09-22,https://www.compute-atlas.com/facilities/sumrall-ii-solar-lamar-ms,1,https://www.eia.gov/electricity/data/eia860m/xls/july_generator2026.xlsx
suncap-stowe-township-allegheny-county-pa,Stowe Township Data Center (former railcar plant),SunCap Industries,data_center,proposed,,reported,Stowe Township,Allegheny,PA,40.469,-80.064,,,,2025-10,2026-08-17,https://www.compute-atlas.com/facilities/suncap-stowe-township-allegheny-county-pa,1,https://www.wpxi.com/news/local/stowe-township-community-expresses-concerns-over-data-center-proposal/F3UN7MXY3RD2DMMTPZDZR6VVXM/
sunflower-county-solar-station-ms,Sunflower County Solar Station,"Sunflower County Solar Project, LLC",power_generation,operational,,reported,,Sunflower,MS,33.757767,-90.53647,100,,,,2026-09-22,https://www.compute-atlas.com/facilities/sunflower-county-solar-station-ms,1,https://www.eia.gov/electricity/data/eia860m/xls/july_generator2026.xlsx
sunlight-road-solar-washington-parish-la,Sunlight Road Solar,D. E. Shaw Renewable Investments (DESRI),power_generation,operational,,confirmed,Franklinton,Washington,LA,30.781803,-90.217355,50,,,,2026-09-15,https://www.compute-atlas.com/facilities/sunlight-road-solar-washington-parish-la,3,https://www.entergy.com/news/entergy-louisiana-desri-announce-start-commercial-operations-at-sunlight-road-solar
sunzia-wind-central-nm,SunZia Wind,Pattern Energy,power_generation,operational,,reported,,Lincoln,NM,34.35,-105.6,3650,,,,2026-09-15,https://www.compute-atlas.com/facilities/sunzia-wind-central-nm,1,https://www.eia.gov/todayinenergy/detail.php?id=67766
supranet-madison-wi,SupraNet Madison Data Center,"SupraNet Communications, Inc.",data_center,operational,,confirmed,Madison,Dane,WI,43.075033,-89.525037,,,,,2026-09-13,https://www.compute-atlas.com/facilities/supranet-madison-wi,3,https://www.supranet.net/cloud-solutions/
surge-hancock-county-megasite-buck-creek-township-in,Hancock County MegaSite,Surge Development LLC,data_center,cancelled,,confirmed,,Hancock,IN,39.82722,-85.89833,,,,,2026-09-10,https://www.compute-atlas.com/facilities/surge-hancock-county-megasite-buck-creek-township-in,2,https://baxtel.com/data-center/surge-hancock-county-megasite
swarm-systems-marshalltown-ia,Swarm Systems Marshalltown Data Center,Swarm Systems,data_center,proposed,,reported,Marshalltown,Marshall County,IA,42.056,-92.897,,,,2026-08-26,2026-09-16,https://www.compute-atlas.com/facilities/swarm-systems-marshalltown-ia,2,https://www.timesrepublican.com/news/todays-news/2026/08/city-council-passes-second-and-third-readings-of-data-center-moratorium-hears-from-prospective-developer/
swift-willow-westover-al,Swift Willow Westover Data Center Campus,"Swift Willow Property, LLC",data_center,proposed,,reported,Westover,Shelby,AL,33.3596201,-86.5102435,,,,,2026-09-22,https://www.compute-atlas.com/facilities/swift-willow-westover-al,3,https://abc3340.com/news/abc-3340-news-iteam/how-did-westovers-proposed-data-center-get-here-records-show-the-timeline
switch-apex-industrial-park-north-las-vegas-nv,Switch Apex Industrial Park Land Position,Switch,data_center,proposed,likely,reported,North Las Vegas,Clark,NV,36.329138,-114.9277774,,,,,2026-09-10,https://www.compute-atlas.com/facilities/switch-apex-industrial-park-north-las-vegas-nv,2,https://www.reviewjournal.com/business/switch-buys-more-land-in-nlv-apex-park-for-95m-3731350/
switch-atlanta-the-keep-ga,Switch Atlanta: The KEEP,Switch,data_center,operational,likely,reported,Lithia Springs,Douglas,GA,33.7550251,-84.5872685,,,,,2026-07-24,https://www.compute-atlas.com/facilities/switch-atlanta-the-keep-ga,4,https://www.datacentermap.com/usa/georgia/atlanta/switch-the-keep-campus/
switch-big-beaver-pa,Big Beaver Campus,Switch,data_center,proposed,,confirmed,Big Beaver,Beaver,PA,40.75,-80.33,,,,2026-04-30,2026-07-26,https://www.compute-atlas.com/facilities/switch-big-beaver-pa,3,https://www.switch.com/switch-announces-new-data-center-campus-in-beaver-county-pennsylvania/
switch-citadel-storey-county-nv,Switch CITADEL Campus,Switch,data_center,operational,mixed_use,confirmed,McCarran,Storey,NV,39.6183,-119.3732,250,650,,2017,2026-09-24,https://www.compute-atlas.com/facilities/switch-citadel-storey-county-nv,8,https://www.switch.com/citadel/
switch-edge-1-nv,Switch Edge 1,Switch,data_center,operational,likely,reported,Las Vegas,Clark,NV,36.0591345,-115.213688,,,,,2026-07-24,https://www.compute-atlas.com/facilities/switch-edge-1-nv,4,https://baxtel.com/data-centers/switch
switch-keep-2-atlanta-north-cartersville-ga,Switch KEEP 2.0 Atlanta North Campus,Switch,data_center,permitted,,confirmed,Cartersville,Bartow,GA,34.1149,-84.7938,,,,2023-08,2026-09-30,https://www.compute-atlas.com/facilities/switch-keep-2-atlanta-north-cartersville-ga,8,https://apps.dca.ga.gov/DRI/InitialForm.aspx?driid=4061
switch-las-19-enterprise-nv,Switch LAS 19,Switch,data_center,permitted,,reported,Enterprise,Clark,NV,36.0571,-115.2125,,,,2026-06,2026-09-21,https://www.compute-atlas.com/facilities/switch-las-19-enterprise-nv,2,https://www.fox5vegas.com/2026/06/18/clark-county-approves-switch-data-center-project-southwest-valley-after-public-opposition/
switch-las-vegas-10-nv,Switch Las Vegas 10,Switch,data_center,operational,likely,reported,Las Vegas,Clark,NV,36.0555857,-115.2230608,,,,,2026-07-24,https://www.compute-atlas.com/facilities/switch-las-vegas-10-nv,4,https://baxtel.com/data-centers/switch
switch-las-vegas-11-nv,Switch Las Vegas 11,Switch,data_center,operational,likely,reported,Las Vegas,Clark,NV,36.0558853,-115.2141369,,,,,2026-07-24,https://www.compute-atlas.com/facilities/switch-las-vegas-11-nv,4,https://baxtel.com/data-centers/switch
switch-las-vegas-12-nv,Switch Las Vegas 12,Switch,data_center,operational,likely,reported,Las Vegas,Clark,NV,36.0617389,-115.2132922,,,,,2026-07-24,https://www.compute-atlas.com/facilities/switch-las-vegas-12-nv,5,https://www.datacentermap.com/usa/nevada/las-vegas/switch-las-vegas-12/
switch-las-vegas-14-nv,Switch Las Vegas 14,Switch,data_center,operational,,reported,Las Vegas,Clark,NV,36.0629139,-115.2213882,,,,,2026-08-29,https://www.compute-atlas.com/facilities/switch-las-vegas-14-nv,2,https://baxtel.com/data-center/switch-las-vegas-14
switch-las-vegas-15-nv,Switch Las Vegas 15,Switch,data_center,operational,,reported,Las Vegas,Clark,NV,36.063373,-115.220362,,,,,2026-09-24,https://www.compute-atlas.com/facilities/switch-las-vegas-15-nv,2,https://baxtel.com/data-center/switch-las-vegas-15
switch-las-vegas-5-nv,Switch Las Vegas 5,Switch,data_center,operational,likely,reported,Las Vegas,Clark,NV,36.1427635,-115.0766965,,,,,2026-07-24,https://www.compute-atlas.com/facilities/switch-las-vegas-5-nv,4,https://baxtel.com/data-centers/switch
switch-las-vegas-7-nv,Switch Las Vegas 7,Switch,data_center,operational,likely,reported,Enterprise,Clark,NV,36.0599191,-115.210197,,,,,2026-07-24,https://www.compute-atlas.com/facilities/switch-las-vegas-7-nv,4,https://baxtel.com/data-centers/switch
switch-las-vegas-9-nv,Switch Las Vegas 9,Switch,data_center,operational,likely,reported,Las Vegas,Clark,NV,36.0557074,-115.2196277,,,,,2026-07-24,https://www.compute-atlas.com/facilities/switch-las-vegas-9-nv,4,https://baxtel.com/data-centers/switch
switch-pyramid-campus-grand-rapids-mi,Switch Pyramid Campus,Switch,data_center,under_construction,mixed_use,confirmed,Gaines Township,Kent,MI,42.823,-85.64,225,320,,2022,2026-09-21,https://www.compute-atlas.com/facilities/switch-pyramid-campus-grand-rapids-mi,9,https://www.datacenterdynamics.com/en/news/switch-plans-second-expansion-of-pyramid-data-center-campus-in-grand-rapids-michigan/
switch-tahoe-reno-1-the-citadel-campus-nv,Switch Tahoe Reno 1 (The Citadel Campus),Switch,data_center,operational,likely,reported,McCarran,Storey,NV,39.5140681,-119.4755145,130,650,,,2026-08-16,https://www.compute-atlas.com/facilities/switch-tahoe-reno-1-the-citadel-campus-nv,5,https://www.datacentermap.com/usa/nevada/reno/switch-tahoe-reno/
switch-tahoe-reno-2-the-citadel-campus-nv,Switch Tahoe Reno 2 (The Citadel Campus),Switch,data_center,operational,likely,reported,McCarran,Storey,NV,39.5138706,-119.4848531,,,,,2026-07-24,https://www.compute-atlas.com/facilities/switch-tahoe-reno-2-the-citadel-campus-nv,5,https://baxtel.com/data-centers/switch
switch-tahoe-reno-3-the-citadel-campus-nv,Switch Tahoe Reno 3 (The Citadel Campus),Switch,data_center,operational,likely,reported,McCarran,Storey,NV,39.5115198,-119.4833058,,,,,2026-07-24,https://www.compute-atlas.com/facilities/switch-tahoe-reno-3-the-citadel-campus-nv,5,https://www.prnewswire.com/news-releases/switch-breaks-ground-on-second-and-third-tahoe-reno-data-centers-following-multi-megawatt-expansions-with-global-e-commerce-and-semiconductor-clients-301177069.html
switch-the-rock-round-rock-tx,Switch: The Rock (Round Rock),Switch,data_center,under_construction,likely,reported,Round Rock,Williamson,TX,30.4880189,-97.6725256,,185,,,2026-08-16,https://www.compute-atlas.com/facilities/switch-the-rock-round-rock-tx,5,https://www.datacenterdynamics.com/en/news/switch-granted-planning-permission-for-data-center-in-round-rock-texas/
synergy-south-russellville-al,Synergy South Russellville Bitcoin Mining Facility,Synergy South,crypto_mining,operational,,reported,Russellville,Franklin,AL,34.5041961,-87.7300015,,,,,2026-09-22,https://www.compute-atlas.com/facilities/synergy-south-russellville-al,1,https://www.waff.com/2026/09/01/somerville-homeowners-compare-russellville-bitcoin-mining-site-their-proposed-local-facility/
syringa-networks-west-valley-city-ut,Syringa Networks West Valley,Syringa Networks,data_center,operational,,reported,West Valley City,Salt Lake,UT,40.69679,-111.9867,,,,,2026-08-15,https://www.compute-atlas.com/facilities/syringa-networks-west-valley-city-ut,2,https://d36oiwf74r1rap.cloudfront.net/wp-content/uploads/2026/04/Data-Center-Growth-FS-Apr2026.pdf
t5-atlanta-i-ga,STACK ATL01 (formerly T5@Atlanta),STACK Infrastructure,data_center,operational,,reported,Alpharetta,Fulton,GA,34.0757915,-84.264267,20,,,,2026-08-08,https://www.compute-atlas.com/facilities/t5-atlanta-i-ga,5,https://baxtel.com/data-center/t5-atlanta-i
t5-atlanta-iv-palmetto-ga,T5 @ Atlanta IV,T5 Data Centers,data_center,proposed,likely,reported,Palmetto,Fulton,GA,33.548,-84.724,,300,,2024-08-28,2026-09-23,https://www.compute-atlas.com/facilities/t5-atlanta-iv-palmetto-ga,7,https://www.datacenterdynamics.com/en/news/t5-files-to-develop-data-center-campus-outside-atlanta-georgia/
t5-charlotte-nc,T5@Charlotte,T5 Data Centers,data_center,operational,,reported,Kings Mountain,Cleveland,NC,35.2504249,-81.395039,,,,,2026-07-26,https://www.compute-atlas.com/facilities/t5-charlotte-nc,2,https://www.datacentermap.com/usa/north-carolina/charlotte/t5-kingsmountain/
t5-chicago-ii-il,T5 Chicago II,T5 Data Centers,data_center,operational,,reported,Elk Grove Village,Cook,IL,42.0230424,-87.9755567,,,,,2026-09-12,https://www.compute-atlas.com/facilities/t5-chicago-ii-il,4,https://baxtel.com/data-center/t5-chicago-ii
t5-chicago-iii-northlake-il,T5 @ Chicago III (Northlake),T5 Data Centers,data_center,under_construction,,confirmed,Northlake,Cook,IL,41.9310571,-87.9145933,,36,,,2026-09-12,https://www.compute-atlas.com/facilities/t5-chicago-iii-northlake-il,2,https://www.illinoiscrdc.com/illinoisdatacenters
t5-chicago-iv-grayslake-il,T5 Chicago IV (CHI IV),T5 Data Centers,data_center,under_construction,confirmed,confirmed,Grayslake,Lake,IL,42.3442,-88.0417,,1200,,2026,2026-09-25,https://www.compute-atlas.com/facilities/t5-chicago-iv-grayslake-il,8,https://www.datacenterdynamics.com/en/news/t5-plans-five-gigawatt-scale-data-center-campuses-announces-chicago-campus/
t5-chicago-v-elk-grove-village-il,T5 @ Chicago V (CHI V),T5 Data Centers,data_center,permitted,,reported,Elk Grove Village,Cook,IL,42.0035588,-88.0037711,,36,,2025-03,2026-09-25,https://www.compute-atlas.com/facilities/t5-chicago-v-elk-grove-village-il,1,https://www.prnewswire.com/news-releases/t5-data-centers-expands-chicago-footprint-with-acquisition-of-fifth-data-center-chi-v-in-elk-grove-village-302411367.html
t5-cleveland-oh,T5@Cleveland,T5 Data Centers,data_center,operational,,reported,Cleveland,Cuyahoga,OH,41.4430567,-81.803445,,,,,2026-07-22,https://www.compute-atlas.com/facilities/t5-cleveland-oh,2,https://www.peeringdb.com/fac/9853
t5-colorado-springs-co,T5@Colorado Data Center Campus,T5 Data Centers,data_center,operational,,reported,Colorado Springs,El Paso,CO,38.795985,-104.794485,,,,,2026-09-30,https://www.compute-atlas.com/facilities/t5-colorado-springs-co,3,https://baxtel.com/data-center/t5-colorado
t5-minneapolis-1001-third-avenue-mn,T5@Minneapolis (1001 Third Avenue South),T5 Data Centers (asset owned by a Cloud Capital / Arcapita joint venture since January 2026),data_center,operational,confirmed,reported,Minneapolis,Hennepin,MN,44.9714683,-93.2702827,21,31,,,2026-09-18,https://www.compute-atlas.com/facilities/t5-minneapolis-1001-third-avenue-mn,5,https://www.peeringdb.com/api/fac?state=MN&country=US
t5-nampa-id,T5 Nampa,T5 Data Centers,data_center,permitted,,reported,Nampa,Canyon,ID,43.5407,-116.5635,,,,,2026-09-21,https://www.compute-atlas.com/facilities/t5-nampa-id,1,https://baxtel.com/data-center/t5-nampa-idaho
t5-silicon-valley-newark-ca,T5@Silicon Valley,T5 Data Centers,data_center,operational,,reported,Newark,Alameda,CA,37.5461,-122.0312,17,49.1,,2020-10,2026-08-02,https://www.compute-atlas.com/facilities/t5-silicon-valley-newark-ca,7,https://t5datacenters.com/resources/t5-data-centers-announces-new-enterprise-data-center-in-silicon-valley-ca/
ta-infrastructure-endicott-ak,Endicott Bitcoin Mining Pilot,TA Infrastructure,crypto_mining,proposed,,reported,,North Slope,AK,70.326677,-148.9432527,,1.4,,,2026-09-28,https://www.compute-atlas.com/facilities/ta-infrastructure-endicott-ak,3,https://alaskapublic.org/2024/11/20/arctic-bitcoin-hilcorp-tech-firm-aim-to-test-north-slope-data-center/
ta-realty-east-tanners-church-ellenwood-ga,TA Realty East Tanners Church Road Data Center,TA Realty,data_center,permitted,,reported,Ellenwood,Clayton,GA,33.6101096,-84.287978,,180,,,2026-09-10,https://www.compute-atlas.com/facilities/ta-realty-east-tanners-church-ellenwood-ga,1,https://www.govtech.com/policy/clayton-county-ga-agency-approves-tax-break-for-data-center
ta-realty-elk-grove-village-il,TA Realty Elk Grove Village Data Center,TA Realty,data_center,under_construction,,reported,Elk Grove Village,Cook,IL,42.0039,-87.9703,,250,,,2026-08-17,https://www.compute-atlas.com/facilities/ta-realty-elk-grove-village-il,1,https://www.journal-topics.com/articles/demolition-to-clear-way-for-47-acre-data-center-near-higgins-elmhurst/
tac-data-centers-wythe-county-va,TAC Data Centers Wythe County Campus,TAC Data Centers (The Ardent Companies),data_center,proposed,,reported,,Wythe,VA,36.93,-80.86,,1000,,2026-06-04,2026-09-10,https://www.compute-atlas.com/facilities/tac-data-centers-wythe-county-va,1,https://usdatacenterprojects.com/virginia/tac-data-centers-plans-gigawatt-scale-campus-in-wythe-county-virginia
takanock-goshen-elkhart-county-in,Takanock Goshen Data Center,Takanock,data_center,proposed,,rumored,Goshen,Elkhart,IN,41.5850394,-85.8344491,,1500,,,2026-09-14,https://www.compute-atlas.com/facilities/takanock-goshen-elkhart-county-in,2,https://www.cleanview.co/data-centers/indiana
takanock-project-baccara-maricopa-county-az,Project Baccara,"Takanock, LLC",data_center,permitted,likely,confirmed,,Maricopa,AZ,33.5685,-112.3703,,700,,,2026-09-23,https://www.compute-atlas.com/facilities/takanock-project-baccara-maricopa-county-az,10,https://www.abc15.com/news/region-southwest-valley/surprise/maricopa-county-supervisors-approve-controversial-surprise-area-data-center
takanock-project-tallmadge-strasburg-va,Project Tallmadge,"Takanock, LLC",data_center,proposed,,confirmed,Strasburg,Shenandoah,VA,38.9893,-78.3589,,180,,2025-03,2026-09-09,https://www.compute-atlas.com/facilities/takanock-project-tallmadge-strasburg-va,2,http://web.archive.org/web/20260819034219/https://www.datacenterdynamics.com/en/news/87-acre-project-tallmadge-to-be-built-in-strasburg-virginia/
talen-montour-ct-expansion-derry-township-montour-pa,Montour CT Project (Montour plant gas turbine expansion),Talen Energy,power_generation,proposed,,reported,Washingtonville,Montour,PA,41.0333,-76.6667,,1310,,,2026-08-31,https://www.compute-atlas.com/facilities/talen-montour-ct-expansion-derry-township-montour-pa,1,http://paenvironmentdaily.blogspot.com/2026/08/dep-invites-comments-on-air-permit-for.html
talen-montour-data-center-campus-montour-county-pa,Talen Energy Montour Data Center Campus,Talen Energy,data_center,proposed,likely,reported,Washingtonville,Montour,PA,41.05,-76.67,,,,,2026-08-31,https://www.compute-atlas.com/facilities/talen-montour-data-center-campus-montour-county-pa,2,https://www.northcentralpa.com/business/talen-energy-officials-address-community-concerns-about-rezoning/article_18cf27f5-6015-4978-a910-593e02b43c79.html
talen-susquehanna-aws-pa,Susquehanna Steam Electric Station,Talen Energy,power_generation,operational,,confirmed,Berwick,Luzerne,PA,41.08889,-76.14889,2514,,Amazon (AWS),,2026-07-11,https://www.compute-atlas.com/facilities/talen-susquehanna-aws-pa,14,https://ir.talenenergy.com/news-releases/news-release-details/talen-energy-statement-ferc-order-rejecting-susquehanna-isa
tallassee-mill-data-center-al,Tallassee 1852 Mill Data Center Proposal,Undisclosed private developers,data_center,cancelled,,reported,Tallassee,Elmore,AL,32.5333016,-85.8901615,,10,,,2026-09-15,https://www.compute-atlas.com/facilities/tallassee-mill-data-center-al,3,https://www.wsfa.com/2026/04/29/historic-tallassee-mill-could-become-data-center-residents-urge-caution/
tallgrass-cheyenne-power-hub-wy,Tallgrass Cheyenne Power Hub (BFC Power Project),Tallgrass Integrated Logistics Solutions,power_generation,permitted,,confirmed,Cheyenne,Laramie,WY,41.02,-104.83,,2700,"Google (Project Tembo, via Jupiter Star Holdings)",2026-01,2026-09-21,https://www.compute-atlas.com/facilities/tallgrass-cheyenne-power-hub-wy,6,https://www.powermag.com/wyoming-approves-data-center-campus-that-includes-2-7-gw-of-new-natural-gas-fired-generation/
tallgrass-project-jade-cheyenne-wy,Project Tembo,Google,data_center,under_construction,likely,reported,Cheyenne,Laramie,WY,41.12,-104.82,,2700,,2026-01,2026-09-02,https://www.compute-atlas.com/facilities/tallgrass-project-jade-cheyenne-wy,6,https://www.datacenterdynamics.com/en/news/crusoe-gets-go-ahead-for-18gw-data-center-campus-and-power-plant-in-cheyenne-wyoming/
taurus-digital-realty-project-bunkhouse-stilesboro-ga,Project Bunkhouse (Digital Realty Data Center Campus),Digital Realty,data_center,permitted,,confirmed,Stilesboro,Bartow,GA,34.096532,-84.911951,,1300,,,2026-09-30,https://www.compute-atlas.com/facilities/taurus-digital-realty-project-bunkhouse-stilesboro-ga,12,https://cms2.revize.com/revize/bartowcounty/CommissionerOffice/MINUTES.PUBLIC_MEETING_6-4-2025.pdf
tc-atlanta-development-winston-douglas-ga,Winston Data Center (Waldrop Farms),TC Atlanta Development,data_center,permitted,,confirmed,Winston,Douglas,GA,33.725108,-84.8249382,,,,,2026-09-23,https://www.compute-atlas.com/facilities/tc-atlanta-development-winston-douglas-ga,1,https://www.yahoo.com/news/douglas-county-commissioners-approve-data-210537294.html
tcdc-ector-county-tx,Texas Critical Data Centers (TCDC),Sharon AI + New Era Energy & Digital (joint venture),data_center,proposed,confirmed,reported,,Ector,TX,31.87,-102.54,,250,,,2026-07-24,https://www.compute-atlas.com/facilities/tcdc-ector-county-tx,3,https://www.datacenterdynamics.com/en/news/tcdc-signs-loi-to-acquire-an-additional-203-acres-for-offgrid-data-center-campus-in-ector-county-texas/
tecfusions-keystone-connect-upper-burrell-pa,TECfusions Keystone Connect,TECfusions,data_center,proposed,confirmed,confirmed,Upper Burrell Township,Westmoreland,PA,40.5817,-79.705,12,3000,,2025-01-14,2026-09-10,https://www.compute-atlas.com/facilities/tecfusions-keystone-connect-upper-burrell-pa,3,https://www.prnewswire.com/news-releases/tecfusions-unveils-massive-1400-acre-data-center-project-in-pennsylvania-revitalizing-former-industrial-plant-302350041.html
tech-vault-south-burlington-vt,Tech Vault Data Center,"Tech Vault, Inc.",data_center,operational,,confirmed,South Burlington,Chittenden,VT,44.4541938,-73.1417505,,,,,2026-09-21,https://www.compute-atlas.com/facilities/tech-vault-south-burlington-vt,3,https://www.techvault.net/vermont-data-center-facility/
telehouse-chelsea-manhattan-ny,Telehouse New York Chelsea (85 10th Avenue),Telehouse America (KDDI),data_center,operational,,confirmed,New York,New York,NY,40.743446,-74.00734,,,,,2026-09-21,https://www.compute-atlas.com/facilities/telehouse-chelsea-manhattan-ny,2,https://baxtel.com/data-center/telehouse-chelsea-center-85-10th-avenue
telehouse-staten-island-ny,Telehouse New York (Staten Island Teleport),Telehouse America (KDDI),data_center,operational,,confirmed,Staten Island,Richmond,NY,40.606205,-74.171125,,,,,2026-09-13,https://www.compute-atlas.com/facilities/telehouse-staten-island-ny,2,https://inflect.com/building/7-teleport-drive-staten-island/telehouse/datacenter/telehouse-new-york-teleport
telkite-aeris-ki-sawyer-marquette-mi,K.I. Sawyer Data Center (SAGE building / Greenfield Campus),Aeris Energy (with Telkite Enterprises),data_center,proposed,,rumored,K. I. Sawyer,Marquette,MI,46.3529764,-87.3915429,,,,,2026-09-14,https://www.compute-atlas.com/facilities/telkite-aeris-ki-sawyer-marquette-mi,3,https://www.myupnow.com/news/local/he-wants-to-bring-a-data-center-to-the-upper-peninsula-he-also-says-dont/article_ef82a784-75a0-4bbd-80e3-cec8ad62726d.html
tenaska-lindsay-hill-billingsley-al,Lindsay Hill Generating Station,Alabama Power,power_generation,operational,,confirmed,Billingsley,Autauga,AL,32.6525824,-86.738749,900,,,,2026-09-28,https://www.compute-atlas.com/facilities/tenaska-lindsay-hill-billingsley-al,3,https://www.power-eng.com/gas/renewable-energy-advocates-challenge-alabama-powers-request-to-buy-natural-gas-plant/
tenaska-nebraska-ai-campus-power-plant-proposed,Tenaska Southeast Nebraska Power Plant (proposed),Tenaska,power_generation,proposed,,confirmed,,Otoe,NE,40.474,-96.371,,1000,Google,2026-03,2026-09-16,https://www.compute-atlas.com/facilities/tenaska-nebraska-ai-campus-power-plant-proposed,5,https://flatwaterfreepress.org/google-proposes-nebraska-data-center-requiring-more-power-than-all-of-lincoln/
tenhats-fort-summit-knoxville-tn,The Fort (TenHats Knoxville Data Center),TenHats (formerly SH Data Technologies),data_center,operational,,confirmed,Knoxville,Knox,TN,35.9704933,-83.9184704,,,,,2026-09-13,https://www.compute-atlas.com/facilities/tenhats-fort-summit-knoxville-tn,2,https://www.teknovation.biz/sh-data-technologies-rebrands-as-tenhats/
tenkey-franklin-ky,TenKey LandCo Project Lionsgate – Franklin Data Center,TenKey LandCo I LLC,data_center,proposed,likely,reported,Franklin,Simpson,KY,36.703,-86.591,,,,2024,2026-07-24,https://www.compute-atlas.com/facilities/tenkey-franklin-ky,3,https://www.wkyufm.org/news/2026-04-14/second-lawsuit-filed-over-proposed-data-center-in-simpson-county
tennessee-south-data-center-smyrna-tn,Tennessee South Data Center (State of Tennessee),State of Tennessee — Strategic Technology Solutions,data_center,operational,,reported,Smyrna,Rutherford,TN,35.9934295,-86.4958261,,,,,2026-09-14,https://www.compute-atlas.com/facilities/tennessee-south-data-center-smyrna-tn,3,https://www.abecelectric.com/tennessee-south-data-center
tep-springerville-gas-conversion-az,Springerville Generating Station Coal-to-Gas Conversion,Tucson Electric Power,power_generation,permitted,,confirmed,Springerville,Apache,AZ,34.3184951,-109.1642337,,800,,,2026-09-10,https://www.compute-atlas.com/facilities/tep-springerville-gas-conversion-az,4,https://www.tep.com/sgs-repower/
teraplex-gallup-tradeport-mckinley-county-nm,Teraplex Gallup Tradeport Data Center,Teraplex Data Centers LLC,data_center,proposed,,reported,Gallup,McKinley,NM,35.5203,-108.8367,,,,,2026-09-15,https://www.compute-atlas.com/facilities/teraplex-gallup-tradeport-mckinley-county-nm,2,https://gallupsunweekly.com/2026/05/08/data-centerdilemma/
terawulf-hawesville-ky,Justified Data Campus,TeraWulf,data_center,under_construction,confirmed,confirmed,Hawesville,Hancock,KY,37.8999,-86.7569,,401,,2026,2026-09-22,https://www.compute-atlas.com/facilities/terawulf-hawesville-ky,14,https://investors.terawulf.com/news-events/press-releases/detail/142/terawulf-announces-anthropic-lease-at-justified-data-campus-and-sale-of-majority-interest-in-abernathy-joint-venture-to-fluidstack
terawulf-lake-mariner-ny,TeraWulf Lake Mariner,TeraWulf,crypto_mining,operational,mixed_use,confirmed,Barker,Niagara,NY,43.35055916999524,-78.61459634619537,205,750,,,2026-09-21,https://www.compute-atlas.com/facilities/terawulf-lake-mariner-ny,9,https://investors.terawulf.com/sec-filings/all-sec-filings/content/0001083301-26-000092/wulf-20260331.htm
terawulf-lansing-ny,"TeraWulf AI Data Center Campus, Lansing",TeraWulf,data_center,proposed,confirmed,confirmed,Lansing,Tompkins,NY,42.5453,-76.4968,,400,,2025-08,2026-09-21,https://www.compute-atlas.com/facilities/terawulf-lansing-ny,7,https://www.ithaca.com/news/regional_news/tompkins-county-legislature-urges-state-to-deny-water-permit-for-lansing-data-center/article_1d89f22d-fcd0-43b3-97e2-173e08a483ea.html
terawulf-morgantown-charles-county-md,TeraWulf Morgantown Generating Station AI Campus,TeraWulf,data_center,proposed,likely,confirmed,,Charles,MD,38.362,-77.129,,1000,,2026-02,2026-09-10,https://www.compute-atlas.com/facilities/terawulf-morgantown-charles-county-md,5,https://technical.ly/entrepreneurship/terawulf-maryland-power-plant-acquistion/
terawulf-muskie-eastpark-ky,TeraWulf Muskie Data Campus (EastPark),TeraWulf,data_center,proposed,confirmed,confirmed,Ashland,Greenup,KY,38.4042,-82.79,,1000,,2026-05-26,2026-09-15,https://www.compute-atlas.com/facilities/terawulf-muskie-eastpark-ky,8,https://www.wowktv.com/news/kentucky/boyd-county-ky/new-ai-data-center-coming-to-eastern-kentucky/
terra-data-center-alviso-san-jose-ca,Terra Data Center,Terra Ventures,data_center,proposed,,reported,San Jose,Santa Clara,CA,37.3807591,-121.9236758,,,,,2026-09-12,https://www.compute-atlas.com/facilities/terra-data-center-alviso-san-jose-ca,3,https://cleanview.co/data-centers/california/1566/terra-data-center
terra-energy-center-susitna-ak,Terra Energy Center (Susitna coal plant),Terra Energy Center Corp. (Flatlands Energy),power_generation,proposed,,confirmed,,Matanuska-Susitna Borough,AK,61.781977,-151.661459,,1250,,,2026-09-28,https://www.compute-atlas.com/facilities/terra-energy-center-susitna-ak,4,https://www.adn.com/business-economy/energy/2026/06/04/trump-administration-selects-proposed-coal-project-for-89-million-grant-in-susitna-river-watershed/
terra-hosting-vermillion-rise-newport-in,Terra Hosting Vermillion Rise Facility,Terra Hosting,crypto_mining,operational,mixed_use,confirmed,Newport,Vermillion,IN,39.885,-87.405,,,,,2026-08-05,https://www.compute-atlas.com/facilities/terra-hosting-vermillion-rise-newport-in,3,https://www.prnewswire.com/news-releases/terra-hosting-expands-to-indiana-repurposing-former-military-base-for-crypto-mining-and-data-center-operations-302708790.html
terra-nexus-camden-kershaw-county-sc,Terra Nexus Ventures Camden Data Center (771 Park Road),Terra Nexus Ventures,data_center,cancelled,,reported,Camden,Kershaw,SC,34.3084326,-80.5392422,,,,2025-09,2026-09-22,https://www.compute-atlas.com/facilities/terra-nexus-camden-kershaw-county-sc,3,https://www.wistv.com/2025/09/24/questions-concerns-raised-about-planned-kershaw-county-data-center/
terra-nexus-custer-avenue-fayetteville-cumberland-county-nc,Terra Nexus Custer Avenue Data Center (Fayetteville),Terra Nexus Ventures,data_center,proposed,likely,reported,Fayetteville,Cumberland,NC,35.085,-78.97722,,,,2025-10,2026-08-29,https://www.compute-atlas.com/facilities/terra-nexus-custer-avenue-fayetteville-cumberland-county-nc,2,https://www.cityviewnc.com/stories/how-to-learn-more-about-data-centers-in-fayetteville/
terra-nexus-rockingham-richmond-county-nc,Terra Nexus Rockingham Data Center (Old Cheraw Highway),"Terra Nexus Land Fund I, LLC",data_center,proposed,,reported,Rockingham,Richmond,NC,34.9151,-79.7948,,,,,2026-08-15,https://www.compute-atlas.com/facilities/terra-nexus-rockingham-richmond-county-nc,2,https://www.yourdailyjournal.com/news/265529/rockingham-council-to-hold-public-hearing-on-data-center-rezoning
terrapower-natrium-kemmerer-wy,TerraPower Natrium Kemmerer Unit 1,TerraPower,power_generation,under_construction,,reported,Kemmerer,Lincoln,WY,41.75,-110.6,,345,,,2026-08-19,https://www.compute-atlas.com/facilities/terrapower-natrium-kemmerer-wy,1,https://www.ans.org/news/2026-04-24/article-7975/terrapower-begins-construction-on-natrium-power-plant-in-kemmerer/
tesla-cortex-2-giga-texas-austin-tx,Tesla Cortex 2.0 AI Training Cluster (Giga Texas),Tesla,data_center,under_construction,confirmed,reported,Austin,Travis,TX,30.2223,-97.6171,,500,,,2026-09-21,https://www.compute-atlas.com/facilities/tesla-cortex-2-giga-texas-austin-tx,6,https://interestingengineering.com/innovation/tesla-supercomputer-cortex-2-texas
thad-hill-energy-center-clifton-bosque-tx,Thad Hill Energy Center,"Thad Hill Energy Center, LLC (Calpine)",power_generation,operational,,confirmed,Clifton,Bosque,TX,31.8594,-97.3586,,,CyrusOne,2000-07,2026-08-26,https://www.compute-atlas.com/facilities/thad-hill-energy-center-clifton-bosque-tx,2,https://www.gridinfo.com/plant/thad-hill-energy-center/55172
the-data-centers-star-campus-newark-de,"STAR Campus Data Center & Cogeneration Plant (The Data Centers, LLC)","The Data Centers, LLC",data_center,cancelled,,confirmed,Newark,New Castle,DE,39.6655592,-75.7541725,,,,,2026-10-01,https://www.compute-atlas.com/facilities/the-data-centers-star-campus-newark-de,5,https://www1.udel.edu/udaily/2015/jul/decision071014.html
thor-equities-augusta-township-mi,Thor Equities Augusta Township Data Center (Form8tion),Thor Equities,data_center,cancelled,likely,reported,Augusta Township,Washtenaw,MI,42.163,-83.72,,,,2024,2026-09-09,https://www.compute-atlas.com/facilities/thor-equities-augusta-township-mi,6,https://www.datacenterdynamics.com/en/news/local-officials-recommend-denial-of-thor-equities-data-center-in-michigan/
thor-equities-kingston-technology-hub-bartow-ga,Kingston Technology Hub (Thor Equities),Thor Equities,data_center,proposed,,reported,Kingston,Bartow,GA,34.2367172,-84.9450325,,150,,,2026-09-10,https://www.compute-atlas.com/facilities/thor-equities-kingston-technology-hub-bartow-ga,1,https://www.newslinelocal.com/2026/09/08/another-large-data-center-proposed-in-georgia/
thornberry-data-center-campus-caroline-va,Thornberry Data Center Campus,"Thornberry, LLC",data_center,proposed,,reported,Ruther Glen,Caroline,VA,37.885,-77.52,,,,,2026-07-23,https://www.compute-atlas.com/facilities/thornberry-data-center-campus-caroline-va,3,https://co.caroline.va.us/1036/Special-Exceptions-and-Rezonings
thornburg-business-park-data-center-spotsylvania-va,Thornburg Business Park,"LID, LLC (with IWG Thornburg, LLC and JR Bluestar Thornburg, LLC)",data_center,proposed,,reported,Thornburg,Spotsylvania,VA,38.127876,-77.52959,,,,,2026-07-26,https://www.compute-atlas.com/facilities/thornburg-business-park-data-center-spotsylvania-va,4,https://www.spotsylvania.va.us/DocumentCenter/View/35424/Impact-Statement---Thornburg-Business-Park-First-Submission-236905321
thornburg-industrial-park-data-center-spotsylvania-va,Thornburg Industrial Park Data Center Campus,South Roxbury Mill LLC / Grindstone VA LLC,data_center,proposed,,reported,Thornburg,Spotsylvania,VA,38.135,-77.5208,,,,,2026-09-21,https://www.compute-atlas.com/facilities/thornburg-industrial-park-data-center-spotsylvania-va,3,https://www.spotsylvania.va.us/DocumentCenter/View/35205/1st-Submission-Proffers-71525
thunderhead-wind-energy-center-antelope-ne,Thunderhead Wind Energy Center,WEC Energy Group,power_generation,operational,,reported,Neligh,Antelope,NE,42.1289,-98.0298,300,,,,2026-08-21,https://www.compute-atlas.com/facilities/thunderhead-wind-energy-center-antelope-ne,1,https://www.prnewswire.com/news-releases/wec-energy-group-to-acquire-80-ownership-in-thunderhead-wind-energy-center-300909971.html
tierpoint-allentown-tekpark-breinigsville-pa,TierPoint Allentown TekPark,TierPoint,data_center,operational,,reported,Breinigsville,Lehigh,PA,40.5384,-75.6288,,,,,2026-08-17,https://www.compute-atlas.com/facilities/tierpoint-allentown-tekpark-breinigsville-pa,1,https://www.tierpoint.com/data-centers/pennsylvania/tekpark-campus/
tierpoint-baltimore-bwi-md,TierPoint Baltimore - BWI,TierPoint,data_center,operational,,reported,Linthicum Heights,Anne Arundel,MD,39.213455,-76.682834,,,,,2026-07-23,https://www.compute-atlas.com/facilities/tierpoint-baltimore-bwi-md,3,https://www.tierpoint.com/data-centers/maryland/baltimore-bwi/
tierpoint-boston-andover-ma,TierPoint Boston - Andover,TierPoint,data_center,operational,,reported,Andover,Essex,MA,42.6857078,-71.2086024,,,,,2026-07-23,https://www.compute-atlas.com/facilities/tierpoint-boston-andover-ma,3,https://www.tierpoint.com/data-centers/massachusetts/boston-andover/
tierpoint-charlotte-center-park-nc,TierPoint Charlotte - Center Park,TierPoint,data_center,operational,,reported,Charlotte,Mecklenburg,NC,35.1731955,-80.928121,,,,,2026-07-23,https://www.compute-atlas.com/facilities/tierpoint-charlotte-center-park-nc,3,https://www.tierpoint.com/data-centers/north-carolina/charlotte-center-park/
tierpoint-charlotte-north-myers-nc,TierPoint Charlotte - North Myers,TierPoint,data_center,operational,,reported,Charlotte,Mecklenburg County,NC,35.221531,-80.8358072,,,,,2026-09-24,https://www.compute-atlas.com/facilities/tierpoint-charlotte-north-myers-nc,2,https://www.tierpoint.com/data-centers/north-carolina/
tierpoint-dallas-allen-tx,TierPoint Dallas-Allen,TierPoint,data_center,operational,,reported,Allen,Collin,TX,33.1379102,-96.657329,,,,,2026-07-23,https://www.compute-atlas.com/facilities/tierpoint-dallas-allen-tx,2,https://www.tierpoint.com/data-centers/texas/dallas-allen/
tierpoint-dallas-tx,TierPoint Dallas,TierPoint,data_center,operational,,reported,Dallas,Dallas,TX,32.8079818,-96.8573889,,,,,2026-07-23,https://www.compute-atlas.com/facilities/tierpoint-dallas-tx,2,https://www.tierpoint.com/data-centers/texas/dallas/
tierpoint-hawthorne-westchester-ny,TierPoint Hawthorne (11 & 17 Skyline Drive),TierPoint,data_center,operational,,confirmed,Hawthorne,Westchester,NY,41.088456,-73.815184,,,,,2026-07-23,https://www.compute-atlas.com/facilities/tierpoint-hawthorne-westchester-ny,4,https://www.tierpoint.com/data-centers/new-york/new-york-hawthorne/
tierpoint-jacksonville-fl,TierPoint Jacksonville Data Center,TierPoint,data_center,operational,,confirmed,Jacksonville,Duval,FL,30.220681,-81.585108,,,,,2026-09-14,https://www.compute-atlas.com/facilities/tierpoint-jacksonville-fl,3,https://www.tierpoint.com/data-centers/florida/jacksonville/
tierpoint-kansas-city-lenexa-ks,TierPoint Kansas City - Lenexa,TierPoint,data_center,operational,,reported,Lenexa,Johnson,KS,38.9406295,-94.7552326,,,,,2026-07-22,https://www.compute-atlas.com/facilities/tierpoint-kansas-city-lenexa-ks,2,https://www.tierpoint.com/data-centers/kansas/kansas-city-lenexa/
tierpoint-little-rock-ar,TierPoint Little Rock,TierPoint,data_center,operational,,reported,Little Rock,Pulaski,AR,34.7562396,-92.4447234,,,,,2026-07-23,https://www.compute-atlas.com/facilities/tierpoint-little-rock-ar,3,https://www.tierpoint.com/data-centers/arkansas/little-rock/
tierpoint-marlborough-ma,TierPoint Boston Data Center (Marlborough),TierPoint,data_center,operational,,confirmed,Marlborough,Middlesex,MA,42.31391,-71.58139,,,,,2026-09-15,https://www.compute-atlas.com/facilities/tierpoint-marlborough-ma,2,https://www.tierpoint.com/data-centers/massachusetts/
tierpoint-milwaukee-wi,TierPoint Milwaukee,TierPoint,data_center,operational,,reported,Milwaukee,Milwaukee,WI,43.0097937,-87.9610932,,,,,2026-07-23,https://www.compute-atlas.com/facilities/tierpoint-milwaukee-wi,3,https://www.tierpoint.com/data-centers/wisconsin/milwaukee/
tierpoint-nashville-tn,TierPoint Nashville,TierPoint,data_center,operational,,reported,Franklin,Williamson,TN,35.9245097,-86.8556872,,,,,2026-09-14,https://www.compute-atlas.com/facilities/tierpoint-nashville-tn,4,https://www.tierpoint.com/data-centers/tennessee/nashville/
tierpoint-newton-ia,TierPoint Newton Data Center,TierPoint,data_center,operational,,reported,Newton,Jasper,IA,41.6997,-93.0479,,,,,2026-08-14,https://www.compute-atlas.com/facilities/tierpoint-newton-ia,1,https://cloudandcolocation.com/datacenters/tierpoint-newton-data-center/
tierpoint-oklahoma-city-ok,TierPoint Oklahoma City (OKC / OKC2),TierPoint,data_center,operational,mixed_use,confirmed,Oklahoma City,Oklahoma,OK,35.4676,-97.5164,,,,,2026-08-19,https://www.compute-atlas.com/facilities/tierpoint-oklahoma-city-ok,2,https://www.tierpoint.com/data-centers/oklahoma/
tierpoint-omaha-bellevue-ne,TierPoint Omaha - Bellevue Data Center,TierPoint,data_center,operational,mixed_use,reported,Bellevue,Sarpy,NE,41.153,-95.925,5.5,,,,2026-08-16,https://www.compute-atlas.com/facilities/tierpoint-omaha-bellevue-ne,1,https://www.tierpoint.com/data-centers/nebraska/omaha-bellevue/
tierpoint-omaha-midlands-papillion-ne,TierPoint Omaha - Midlands Data Center,TierPoint,data_center,operational,mixed_use,reported,Papillion,Sarpy,NE,41.11,-96.046,,,,,2026-08-14,https://www.compute-atlas.com/facilities/tierpoint-omaha-midlands-papillion-ne,1,https://www.tierpoint.com/data-centers/nebraska/omaha-midlands/
tierpoint-raleigh-departure-drive-nc,TierPoint Raleigh (Departure Drive),TierPoint,data_center,operational,,reported,Raleigh,Wake County,NC,35.8543896,-78.595815,,,,,2026-09-24,https://www.compute-atlas.com/facilities/tierpoint-raleigh-departure-drive-nc,2,https://www.tierpoint.com/data-centers/north-carolina/
tierpoint-raleigh-rtp-durham-nc,TierPoint Raleigh - RTP,TierPoint,data_center,operational,,reported,Durham,Durham County,NC,35.9248595,-78.852029,,,,,2026-09-24,https://www.compute-atlas.com/facilities/tierpoint-raleigh-rtp-durham-nc,3,https://www.tierpoint.com/data-centers/north-carolina/
tierpoint-russell-street-baltimore-md,TierPoint Baltimore (Russell Street),TierPoint,data_center,operational,,confirmed,Baltimore,,MD,39.275776951529,-76.625636130534,,,,,2026-09-13,https://www.compute-atlas.com/facilities/tierpoint-russell-street-baltimore-md,2,https://www.tierpoint.com/data-centers/maryland/
tierpoint-sioux-falls-west-sd,TierPoint Sioux Falls - West,TierPoint,data_center,operational,,reported,Sioux Falls,Minnehaha,SD,43.6069708,-96.8091949,1,,,,2026-09-21,https://www.compute-atlas.com/facilities/tierpoint-sioux-falls-west-sd,2,https://www.tierpoint.com/data-centers/south-dakota/sioux-falls-west/
tierpoint-spokane-wa,TierPoint Spokane,TierPoint,data_center,operational,,reported,Liberty Lake,Spokane,WA,47.6719149,-117.0959323,,,,,2026-07-22,https://www.compute-atlas.com/facilities/tierpoint-spokane-wa,2,https://www.tierpoint.com/data-centers/washington/spokane/
tierpoint-st-louis-olive-mo,TierPoint St. Louis - Olive,TierPoint,data_center,operational,,reported,Saint Louis,St. Louis city,MO,38.6297601,-90.1964208,,,,,2026-07-23,https://www.compute-atlas.com/facilities/tierpoint-st-louis-olive-mo,2,https://www.tierpoint.com/data-centers/missouri/st-louis-olive/
tierpoint-tulsa-archer-ok,TierPoint Tulsa - Archer,TierPoint,data_center,operational,,reported,Tulsa,Tulsa,OK,36.1585898,-95.9886293,,,,,2026-07-23,https://www.compute-atlas.com/facilities/tierpoint-tulsa-archer-ok,2,https://www.tierpoint.com/data-centers/oklahoma/tulsa-archer/
tierpoint-tulsa-state-farm-ok,TierPoint Tulsa - State Farm,TierPoint,data_center,operational,mixed_use,confirmed,Tulsa,Tulsa,OK,36.154,-95.9928,,,,,2026-08-19,https://www.compute-atlas.com/facilities/tierpoint-tulsa-state-farm-ok,2,https://www.tierpoint.com/data-centers/oklahoma/
tierpoint-valley-forge-pa,TierPoint Valley Forge,TierPoint,data_center,operational,,reported,Norristown,Montgomery,PA,40.1218812,-75.4208776,,,,,2026-07-23,https://www.compute-atlas.com/facilities/tierpoint-valley-forge-pa,3,https://www.tierpoint.com/data-centers/pennsylvania/valley-forge/
tierpoint-waterbury-ct,TierPoint Waterbury,TierPoint,data_center,operational,,confirmed,Waterbury,,CT,41.554366,-73.0410751,,,,,2026-09-30,https://www.compute-atlas.com/facilities/tierpoint-waterbury-ct,4,https://www.tierpoint.com/data-centers/connecticut/waterbury/
tigerdc-project-spero-spartanburg-county-sc,"Project Spero (TigerDC), Tyger River Industrial Park",TigerDC,data_center,cancelled,,reported,,Spartanburg,SC,34.9109275,-82.092603,,,,,2026-09-10,https://www.compute-atlas.com/facilities/tigerdc-project-spero-spartanburg-county-sc,2,https://www.foxcarolina.com/2026/02/27/company-withdraws-ai-data-center-spartanburg-county-consideration/
tondu-stronach-township-manistee-mi,Stronach Township Data Center (Stronach Road),Tondu Corporation,data_center,proposed,,reported,Stronach,Manistee,MI,44.2119349,-86.171785,,,,2026-05,2026-09-14,https://www.compute-atlas.com/facilities/tondu-stronach-township-manistee-mi,3,https://upnorthlive.com/newsletter-daily/stronach-township-residents-voice-concerns-about-proposed-data-center-development-manistee-water-power-grid
town-of-janesville-data-center-rock-county-wi,Town of Janesville Data Center Inquiry (Polzin/Fenric Roads),Undisclosed (approached through a San Diego-based consulting firm),data_center,proposed,,reported,Janesville,Rock,WI,42.7158171,-89.1216592,,,,,2026-09-13,https://www.compute-atlas.com/facilities/town-of-janesville-data-center-rock-county-wi,4,https://spectrumnews1.com/wi/milwaukee/news/2026/05/13/town-of-janesville--data-center--rock-county--paul-terpstra--petition
townsite-solar-2-boulder-city-nv,Townsite Solar 2 Boulder City Data Center,Townsite Solar 2 LLC,data_center,permitted,likely,reported,Boulder City,Clark,NV,35.9787649,-114.8337574,,167,,2026-04,2026-09-24,https://www.compute-atlas.com/facilities/townsite-solar-2-boulder-city-nv,9,https://bcnv.org/1174/TS2-Data-Center-Proposal
toyota-tsusho-toyota-alabama-solar-huntsville-al,Toyota Alabama Solar Array,"Toyota Tsusho America, Inc.",power_generation,operational,,confirmed,Huntsville,Madison,AL,34.8299507,-86.638795,30,,,,2026-09-28,https://www.compute-atlas.com/facilities/toyota-tsusho-toyota-alabama-solar-huntsville-al,2,https://pressroom.toyota.com/renewable-energy-shines-at-toyota-alabama/
tpa-social-circle-technology-park-ga,Social Circle Technology Park,TPA Group (developer; end tenant undisclosed),data_center,proposed,likely,reported,Social Circle,Newton,GA,33.6562,-83.7182,,,,2025-01,2026-07-06,https://www.compute-atlas.com/facilities/tpa-social-circle-technology-park-ga,4,https://www.bisnow.com/atlanta/news/deal-sheet/this-weeks-atlanta-deal-sheet-tpa-group-jumping-into-atlantas-data-center-game-with-massive-newton-county-complex-127605
tpx-communications-las-vegas-nv,TPx Las Vegas Data Center,TPx Communications,data_center,operational,,reported,Las Vegas,Clark,NV,36.068452,-115.139451,,,,,2026-09-24,https://www.compute-atlas.com/facilities/tpx-communications-las-vegas-nv,2,https://www.leg.state.nv.us/App/InterimCommittee/REL/Document/33075
tract-altoona-ia,Tract Altoona Technology Park,Tract,data_center,permitted,,confirmed,Altoona,Polk,IA,41.6439,-93.4649,,1000,,2025-09-09,2026-08-14,https://www.compute-atlas.com/facilities/tract-altoona-ia,2,https://www.tract.com/news/tract-enters-the-des-moines-market-with-the-acquisition-of-453-acres-following-successful-collaboration-with-the-city-of-altoona-ia/
tract-buckeye-tech-corridor-az,Buckeye Tech Corridor,Tract,data_center,permitted,likely,reported,Buckeye,Maricopa,AZ,33.4136,-112.7203,,1800,,2025-02,2026-08-31,https://www.compute-atlas.com/facilities/tract-buckeye-tech-corridor-az,8,https://www.datacenterdynamics.com/en/news/tract-plans-1700-acre-data-center-campus-in-phoenix-arizona/
tract-caldwell-valley-uhland-tx,Tract Caldwell Valley Technology Park,Tract,data_center,proposed,likely,confirmed,Uhland,Caldwell,TX,29.9499,-97.7889,,2000,,2025-05,2026-07-25,https://www.compute-atlas.com/facilities/tract-caldwell-valley-uhland-tx,2,https://www.tract.com/news/tract-closes-acquisition-of-1515-acres-in-caldwell-county-texas-for-multi-gigawatt-data-center-technology-park/
tract-eagle-mountain-ut,Tract Eagle Mountain Data Center Park,Tract,data_center,proposed,,confirmed,Eagle Mountain,Utah,UT,40.30935,-112.01198,,400,,,2026-08-15,https://www.compute-atlas.com/facilities/tract-eagle-mountain-ut,5,https://eaglemountain.gov/wp-content/uploads/2024/10/Eagle-Mountain-Press-Release_1.17.2024-1.pdf
tract-farmington-technology-park-mn,Farmington Technology Park (Tract),Tract,data_center,proposed,,confirmed,Farmington,Dakota,MN,44.606,-93.152,,708,,2024-11,2026-09-18,https://www.compute-atlas.com/facilities/tract-farmington-technology-park-mn,7,https://www.cbsnews.com/minnesota/news/farmington-hyperscale-data-center-pushback/
tract-hanover-technology-park-va,Hanover Technology Park,Tract,data_center,under_construction,,confirmed,,Hanover,VA,37.81,-77.47,,2400,,,2026-09-10,https://www.compute-atlas.com/facilities/tract-hanover-technology-park-va,2,https://www.tract.com/project/hanover/
tract-mooresville-nc,Mooresville Campus,Tract,data_center,cancelled,,reported,Mooresville,Iredell,NC,35.58,-80.81,,,,2023,2026-07-25,https://www.compute-atlas.com/facilities/tract-mooresville-nc,3,https://www.datacenterfrontier.com/site-selection/article/55308975/scaling-up-tracts-master-planned-land-and-infrastructure-approach-to-data-center-development
tract-morris-technology-park-il,Morris Technology Park,Tract,data_center,permitted,,reported,Morris,Grundy,IL,41.36,-88.43,,1000,,,2026-09-12,https://www.compute-atlas.com/facilities/tract-morris-technology-park-il,3,https://www.datacenterfrontier.com/site-selection/article/55308975/scaling-up-tracts-master-planned-land-and-infrastructure-approach-to-data-center-development
tract-mountain-road-technology-park-hanover-va,Mountain Road Technology Park,Tract,data_center,cancelled,likely,confirmed,,Hanover,VA,37.693493,-77.53629,,900,,2025-10,2026-09-21,https://www.compute-atlas.com/facilities/tract-mountain-road-technology-park-hanover-va,9,https://richmondbizsense.com/2025/10/30/data-center-developer-tract-proposes-mountain-road-tech-park-in-western-hanover-county/
tract-norwalk-ia,Tract Norwalk Data Center Park (Project West),Tract,data_center,proposed,,confirmed,Norwalk,Warren,IA,41.460963,-93.6978644,,,,2026-03-05,2026-09-04,https://www.compute-atlas.com/facilities/tract-norwalk-ia,2,https://www.norwalk.iowa.gov/news_detail_T5_R273.php
tract-peru-shelf-storey-county-nv,Peru Shelf Technology Park,Tract,data_center,under_construction,,reported,,Storey,NV,39.545801,-119.497162,,810,,,2026-09-24,https://www.compute-atlas.com/facilities/tract-peru-shelf-storey-county-nv,3,https://www.tract.com/project/peru-shelf/
tract-project-range-buckeye-goodyear-az,Project Range,Tract,data_center,proposed,,reported,Buckeye,Maricopa,AZ,33.435,-112.512,,,,,2026-08-28,https://www.compute-atlas.com/facilities/tract-project-range-buckeye-goodyear-az,1,https://azbex.com/planning-development/massive-data-center-master-plan-proposed-in-west-valley/
tract-silver-springs-nv,Tract Silver Springs Data Center Park,Tract,data_center,proposed,likely,reported,Silver Springs,Lyon,NV,39.407,-119.229,,1600,,2025-09,2026-09-10,https://www.compute-atlas.com/facilities/tract-silver-springs-nv,5,https://www.tract.com/news/tract-expands-its-greater-reno-portfolio-closing-on-1060-acres-in-silver-springs-nevada-following-successful-rezoning-and-development-agreement-with-lyon-county/
tract-tuckahoe-technology-park-goochland-county-va,Tuckahoe Technology Park,Tract,data_center,proposed,likely,reported,,Goochland,VA,37.68,-77.68,,900,,,2026-08-26,https://www.compute-atlas.com/facilities/tract-tuckahoe-technology-park-goochland-county-va,4,https://virginiabusiness.com/tract-planning-872-acre-data-center-campus-in-goochland/
tract-virginia-highlands-storey-county-nv,Tract Virginia Highlands Technology Park,Tract,data_center,proposed,likely,reported,Lockwood,Storey,NV,39.5071009,-119.6464691,,2500,,,2026-09-24,https://www.compute-atlas.com/facilities/tract-virginia-highlands-storey-county-nv,2,https://www.tract.com/project/virginia-highlands/
trammell-crow-lewis-clark-ranch-west-richland-wa,Trammell Crow Lewis & Clark Ranch Data Center,Trammell Crow Company,data_center,proposed,,rumored,West Richland,Benton,WA,46.3046,-119.3667,,,,,2026-08-22,https://www.compute-atlas.com/facilities/trammell-crow-lewis-clark-ranch-west-richland-wa,1,https://www.tricitiesbusinessnews.com/articles/west-richland-data-center
treaty-oak-redfield-solar-grant-county-ar,Redfield Solar Project,Treaty Oak Clean Energy,power_generation,operational,,confirmed,,Grant,AR,34.3100971,-92.4013484,100,,Google,,2026-09-22,https://www.compute-atlas.com/facilities/treaty-oak-redfield-solar-grant-county-ar,5,https://www.treatyoakcleanenergy.com/news/treaty-oak-clean-energy-llc-announces-substantial-completion-redfield-may-28-2026
treetop-east-fishkill-ny,"Treetop East Fishkill Data Center (proposed, no application filed)",Treetop Development,data_center,proposed,likely,rumored,East Fishkill,Dutchess,NY,41.534,-73.801,,1000,,,2026-09-09,https://www.compute-atlas.com/facilities/treetop-east-fishkill-ny,2,https://cicbca.org/202605-east-fishkill-supervisor-pulls-plug-on-plan-to-build-big-data-center/
trex-peakdigital-orofino-id,Peak Digital Solutions – Orofino Facility,T-REX Acquisition Corp (Peak Digital Solutions LLC),crypto_mining,operational,,confirmed,Orofino,Clearwater,ID,46.4794,-116.254,,,,,2026-08-05,https://www.compute-atlas.com/facilities/trex-peakdigital-orofino-id,2,https://www.stocktitan.net/news/TRXA/t-rex-acquisition-corp-completes-asset-acquisition-of-peak-digital-43sgz8183y9d.html
triboro-industrial-park-jessup-olyphant-lackawanna-county-pa,Triboro Industrial Park / Triboro Commerce Park,Ercor Triboro LLC (Sansone Group),data_center,permitted,likely,reported,Jessup / Olyphant,Lackawanna,PA,41.45,-75.58,,,,,2026-07-26,https://www.compute-atlas.com/facilities/triboro-industrial-park-jessup-olyphant-lackawanna-county-pa,3,https://www.wvia.org/news/local/2026-04-22/ppl-electric-utilities-confirms-data-centers-spurred-transmission-project-in-lackawanna-county
tron-usa-ai-campus-titus-station-cumru-berks-pa,TRON USA AI Campus (former Titus Station),Titus Development Company / Go Energy Group,data_center,proposed,,reported,Reading,Berks,PA,40.2839,-75.9372,,200,,,2026-09-25,https://www.compute-atlas.com/facilities/tron-usa-ai-campus-titus-station-cumru-berks-pa,1,https://berksweekly.com/news/titus-station-redevelopment-project-in-berks-county-planned-as-ai-infrastructure-campus/
truss-energy-carpenter-wy,Truss Energy Carpenter Data Center,Truss Energy,data_center,proposed,,reported,Carpenter,Laramie,WY,41.0461861,-104.3627365,,,,2026-05,2026-09-02,https://www.compute-atlas.com/facilities/truss-energy-carpenter-wy,1,https://cowboystatedaily.com/2026/05/18/two-more-data-centers-possible-as-laramie-county-planners-ok-massive-man-camp/
tulsa-technology-exchange-tulsa-ok,Tulsa Technology Exchange,Facility Gateway Corporation,data_center,operational,,reported,Tulsa,Tulsa,OK,36.1512,-95.9903,,,,,2026-09-02,https://www.compute-atlas.com/facilities/tulsa-technology-exchange-tulsa-ok,1,https://www.newson6.com/tulsa-oklahoma-news/where-are-data-centers-are-being-built-oklahoma-list
tulsaconnect-dc1-tulsa-ok,TulsaConnect Tulsa Data Center (DC-1),TulsaConnect,data_center,operational,,reported,Tulsa,Tulsa,OK,36.1535,-95.9905,,,,,2026-09-02,https://www.compute-atlas.com/facilities/tulsaconnect-dc1-tulsa-ok,2,https://cloudandcolocation.com/state/oklahoma/
tulsaconnect-dc2-tulsa-ok,TulsaConnect Tulsa Data Center (DC-2),TulsaConnect,data_center,operational,,reported,Tulsa,Tulsa,OK,36.1523,-95.9932,,,,,2026-09-02,https://www.compute-atlas.com/facilities/tulsaconnect-dc2-tulsa-ok,2,https://cloudandcolocation.com/state/oklahoma/
tulsaconnect-downtown-dc5-tulsa-ok,TulsaConnect Downtown (DC-5),TulsaConnect,data_center,operational,mixed_use,reported,Tulsa,Tulsa,OK,36.154,-95.9928,,,,,2026-08-19,https://www.compute-atlas.com/facilities/tulsaconnect-downtown-dc5-tulsa-ok,2,https://www.tulsaconnect.com/data-centers-overview.php
tulsaconnect-east-dc3-tulsa-ok,TulsaConnect East (DC-3),TulsaConnect,data_center,operational,mixed_use,confirmed,Tulsa,Tulsa,OK,36.154,-95.9928,,,,,2026-08-19,https://www.compute-atlas.com/facilities/tulsaconnect-east-dc3-tulsa-ok,2,https://www.tulsaconnect.com/data-centers-overview.php
turin-hoefler-ilion-ny,"Turin Hoefler Avenue AI Data Center (former Remington Arms plant, Site C)",Turin Hoefler Avenue LLC,data_center,proposed,confirmed,confirmed,Ilion,Herkimer,NY,43.0119,-75.0357,,200,,,2026-09-21,https://www.compute-atlas.com/facilities/turin-hoefler-ilion-ny,2,https://www.wktv.com/news/focus-economy/250-000-square-foot-ai-data-center-planned-for-ilions-remington-site-c/article_ebf3d79e-aeb4-4033-8b0c-558a3749c42e.html
tva-clinch-river-bwrx-300-roane-tn,TVA Clinch River Nuclear Site (BWRX-300 SMR),Tennessee Valley Authority,power_generation,proposed,,confirmed,Oak Ridge,Roane,TN,35.89,-84.3825,,300,,,2026-09-21,https://www.compute-atlas.com/facilities/tva-clinch-river-bwrx-300-roane-tn,4,https://www.energy.gov/ne/articles/nrc-dockets-construction-permit-application-tva-small-modular-reactor
tva-new-caledonia-lowndes-ms,New Caledonia Combustion Turbine Plant,Tennessee Valley Authority,power_generation,under_construction,,confirmed,Caledonia,Lowndes,MS,33.649272,-88.3146,,500,,2025-10-23,2026-09-22,https://www.compute-atlas.com/facilities/tva-new-caledonia-lowndes-ms,2,https://cdispatch.com/news/800-million-tva-energy-plant-breaks-ground-outside-caledonia/
twisted-gun-solar-mingo-logan-county-wv,Twisted Gun Solar and BESS,"Twisted Gun Solar, LLC and Twisted Gun BESS, LLC (MN8 Energy Operating Co. LLC)",power_generation,permitted,,reported,,Mingo,WV,37.763836,-81.9809578,,140,,,2026-09-22,https://www.compute-atlas.com/facilities/twisted-gun-solar-mingo-logan-county-wv,3,https://www.wvva.com/2026/01/28/west-virginia-grants-permit-major-solar-project-southern-coal-country/
type-one-energy-project-infinity-bull-run-tn,Type One Energy Project Infinity (Infinity One · Infinity Two) at TVA Bull Run,Type One Energy,power_generation,permitted,,confirmed,Clinton,Anderson,TN,36.02111,-84.15611,,400,,,2026-09-21,https://www.compute-atlas.com/facilities/type-one-energy-project-infinity-bull-run-tn,3,https://www.tn.gov/environment/news/2026/8/31/first-license-commercial-fusion.html
uh-mhpcc-kihei-hi,Maui High Performance Computing Center,University of Hawaiʻi (for Air Force Research Laboratory),data_center,operational,,confirmed,Kihei,,HI,20.74929227073,-156.439610266824,,,,,2026-09-12,https://www.compute-atlas.com/facilities/uh-mhpcc-kihei-hi,3,https://afresearchlab.com/news/afrls-maui-site-lowers-barriers-to-high-performance-computing/
umich-lanl-research-computing-ypsilanti-township-mi,U-M / Los Alamos Research Computing Center,University of Michigan (with Los Alamos National Laboratory),data_center,proposed,confirmed,confirmed,Ypsilanti,Washtenaw,MI,42.202962873437,-83.557610942093,,,,,2026-09-09,https://www.compute-atlas.com/facilities/umich-lanl-research-computing-ypsilanti-township-mi,2,https://bridgemi.com/business-watch/u-m-affirms-ypsilanti-1-2b-computing-center-site-township-officials-vow-fight/
undisclosed-brighton-cr4-50th-ave-co,Brighton Data Center Complex (County Road 4 & 50th Avenue),Undisclosed developer (Dewberry-planned rezoning application),data_center,proposed,,reported,Brighton,Weld,CO,40.015,-104.7523,,,,,2026-09-30,https://www.compute-atlas.com/facilities/undisclosed-brighton-cr4-50th-ave-co,2,https://www.denver7.com/news/local-news/in-your-community/north-metro/brighton-residents-uncover-proposal-for-massive-data-center-campus-spurring-potential-moratorium
unisys-salt-lake-city-ut,Unisys Salt Lake City,Unisys,data_center,operational,,reported,Salt Lake City,Salt Lake,UT,40.75962,-111.8868,1,,,,2026-08-15,https://www.compute-atlas.com/facilities/unisys-salt-lake-city-ut,2,https://d36oiwf74r1rap.cloudfront.net/wp-content/uploads/2026/04/Data-Center-Growth-FS-Apr2026.pdf
university-of-alabama-hpc-tuscaloosa-al,University of Alabama High Performance Computing and Data Center,University of Alabama,data_center,under_construction,mixed_use,confirmed,Tuscaloosa,Tuscaloosa,AL,33.2120822,-87.5396735,,14.6,,2024-11,2026-09-28,https://www.compute-atlas.com/facilities/university-of-alabama-hpc-tuscaloosa-al,4,https://news.ua.edu/2024/11/stage-iv-approval-for-high-performance-computing-center/
upstream-wind-energy-center-antelope-ne,Upstream Wind Energy Center,Invenergy,power_generation,operational,,confirmed,Neligh,Antelope,NE,42.1395,-97.9495,202.5,,,,2026-09-04,https://www.compute-atlas.com/facilities/upstream-wind-energy-center-antelope-ne,2,https://www.gem.wiki/Upstream_Wind_Energy
us-signal-ia01-waukee-ia,US Signal IA01 Des Moines Data Center (Waukee),US Signal,data_center,operational,,confirmed,Waukee,Dallas,IA,41.6118485,-93.8845129,,,,,2026-09-04,https://www.compute-atlas.com/facilities/us-signal-ia01-waukee-ia,2,https://ussignal.com/data-centers/ia01-des-moines/
us-signal-mi01-kentwood-mi,US Signal MI01 Grand Rapids Data Center,US Signal,data_center,operational,,confirmed,Kentwood,Kent,MI,42.87690347654,-85.563698606365,3,,,,2026-09-21,https://www.compute-atlas.com/facilities/us-signal-mi01-kentwood-mi,2,https://ussignal.com/data-centers/mi01-grand-rapids/
us-signal-mi02-byron-center-mi,US Signal MI02 Grand Rapids Data Center,US Signal,data_center,operational,,confirmed,Byron Center,Kent,MI,42.826202163837,-85.67268596115,0.45,,,,2026-09-21,https://www.compute-atlas.com/facilities/us-signal-mi02-byron-center-mi,1,https://ussignal.com/data-centers/mi02-grand-rapids/
us-signal-mi03-van-buren-township-mi,US Signal MI03 Detroit Data Center,US Signal,data_center,operational,,confirmed,Belleville,Wayne,MI,42.2356076,-83.4450278,2,,,,2026-09-21,https://www.compute-atlas.com/facilities/us-signal-mi03-van-buren-township-mi,1,https://ussignal.com/data-centers/mi03-detroit/
us-signal-mi04-southfield-mi,US Signal MI04 Detroit Data Center,US Signal,data_center,operational,,confirmed,Southfield,Oakland,MI,42.4477475,-83.2562243,0.8,,,,2026-09-21,https://www.compute-atlas.com/facilities/us-signal-mi04-southfield-mi,1,https://ussignal.com/data-centers/mi04-detroit/
us-signal-mi05-auburn-hills-mi,US Signal MI05 Detroit Data Center,US Signal,data_center,operational,,confirmed,Auburn Hills,Oakland,MI,42.6529314,-83.2148612,,,,,2026-09-09,https://www.compute-atlas.com/facilities/us-signal-mi05-auburn-hills-mi,1,https://ussignal.com/data-centers/mi05-detroit/
us-signal-mn01-eden-prairie-mn,US Signal MN01 Minneapolis (Eden Prairie),US Signal (site registered by OneNeck IT Solutions LLC),data_center,operational,,confirmed,Eden Prairie,Hennepin,MN,44.877094,-93.407686,8.25,,,,2026-09-21,https://www.compute-atlas.com/facilities/us-signal-mn01-eden-prairie-mn,4,https://ussignal.com/data-centers/mn01-minneapolis/
us-signal-or01-bend-or,US Signal OR01 Bend,US Signal,data_center,operational,,reported,Bend,Deschutes,OR,44.086105,-121.2830411,2,,,,2026-09-21,https://www.compute-atlas.com/facilities/us-signal-or01-bend-or,1,https://ussignal.com/data-centers/or01-bend/
us-signal-wi01-madison-wi,US Signal WI01 Madison,US Signal,data_center,operational,,reported,Madison,Dane,WI,43.0732716,-89.3870807,0.15,,,,2026-08-18,https://www.compute-atlas.com/facilities/us-signal-wi01-madison-wi,1,https://ussignal.com/data-centers/wi01-madison/
us-signal-wi02-fitchburg-wi,US Signal WI02 Madison (Fitchburg),US Signal,data_center,operational,,reported,Fitchburg,Dane,WI,42.9947535,-89.42339,6,,,,2026-08-18,https://www.compute-atlas.com/facilities/us-signal-wi02-fitchburg-wi,2,https://ussignal.com/data-centers/wi02-madison/
valar-atomics-ward-250-orangeville-ut,Valar Atomics Ward 250 Test Reactor (Utah San Rafael Energy Lab),Valar Atomics,power_generation,operational,,confirmed,Orangeville,Emery,UT,39.2269,-111.0561,,5,NVIDIA,,2026-09-08,https://www.compute-atlas.com/facilities/valar-atomics-ward-250-orangeville-ut,3,https://energylab.utah.gov/nuclear-energy/valar-atomics/
valara-holdings-hpcc-generation-spartanburg-sc,Valara Holdings High Performance Compute Center — On-Site Gas Generation,"Valara Holdings, LLC",power_generation,proposed,,confirmed,Spartanburg,Spartanburg,SC,34.923,-81.8519,,457,"Valara Holdings High Performance Compute Center (co-located data center, same site)",,2026-09-21,https://www.compute-atlas.com/facilities/valara-holdings-hpcc-generation-spartanburg-sc,3,https://des.sc.gov/sites/des/files/Documents/BAQ/Valara/Application.pdf
valley-oak-shinn-street-fremont-ca,Valley Oak Partners Shinn Street Data Center,Valley Oak Partners,data_center,proposed,,reported,Fremont,Alameda,CA,37.567072,-121.983674,,90,,,2026-07-26,https://www.compute-atlas.com/facilities/valley-oak-shinn-street-fremont-ca,4,https://www.datacenterdynamics.com/en/news/valley-oak-proposes-90mw-data-center-in-fremont-california/
valorc3-oklahoma-city-ok,ValorC3 Oklahoma City Data Center,ValorC3 Data Centers,data_center,operational,,reported,Oklahoma City,Oklahoma,OK,35.4676,-97.5164,1.25,,,,2026-09-02,https://www.compute-atlas.com/facilities/valorc3-oklahoma-city-ok,2,https://www.news9.com/oklahoma-city-news/where-are-data-centers-are-being-built-oklahoma-list
valorc3-st-george-ut,ValorC3 Saint George Data Center,ValorC3,data_center,operational,,reported,St. George,Washington,UT,37.10988,-113.58321,4,,,,2026-08-15,https://www.compute-atlas.com/facilities/valorc3-st-george-ut,3,https://d36oiwf74r1rap.cloudfront.net/wp-content/uploads/2026/04/Data-Center-Growth-FS-Apr2026.pdf
vantage-ashburn-ii-va2-va,Vantage Ashburn II (VA2),Vantage Data Centers,data_center,operational,,reported,Sterling,Loudoun,VA,38.997949,-77.4302306,,96,,,2026-09-21,https://www.compute-atlas.com/facilities/vantage-ashburn-ii-va2-va,3,https://vantage-dc.com/data-center-locations/north-america/ashburn-ii-virginia/
vantage-co21-aurora-co,Vantage Data Centers CO21 Campus (Building 3),Vantage Data Centers,data_center,proposed,,reported,Aurora,Adams,CO,39.7837993,-104.7259922,,,,,2026-09-13,https://www.compute-atlas.com/facilities/vantage-co21-aurora-co,2,https://baxtel.com/data-center/vantage-colorado-co21
vantage-douglasville-campus-ga,Vantage Data Centers Douglasville Campus,Vantage Data Centers,data_center,proposed,,reported,Douglasville,Douglas,GA,33.7515,-84.7477,,,,2023-08,2026-08-28,https://www.compute-atlas.com/facilities/vantage-douglasville-campus-ga,2,https://www.bisnow.com/atlanta/news/data-center/two-more-players-planning-major-data-center-campuses-in-metro-atlanta-121440
vantage-frontier-shackelford-county-tx,Vantage Frontier Campus,Vantage Data Centers,data_center,under_construction,confirmed,reported,,Shackelford,TX,32.7272,-99.2987,,1400,,2025,2026-07-05,https://www.compute-atlas.com/facilities/vantage-frontier-shackelford-county-tx,5,https://vantage-dc.com/news/vantage-data-centers-unveils-plans-for-frontier-a-25b-mega-campus-in-texas-to-meet-unprecedented-ai-demand/
vantage-nv1-storey-county-nv,Vantage Data Centers NV1,Vantage Data Centers,data_center,under_construction,confirmed,confirmed,McCarran,Storey,NV,39.5311,-119.5904,,224,,2025-07,2026-09-10,https://www.compute-atlas.com/facilities/vantage-nv1-storey-county-nv,4,https://vantage-dc.com/news/vantage-data-centers-invests-3-billion-to-deliver-ai-campus-in-growing-nevada-market/
vantage-oh1-new-albany-licking-county-oh,Vantage Data Centers OH1,Vantage Data Centers,data_center,under_construction,likely,confirmed,Johnstown,Licking,OH,40.100989,-82.746359,,192,,,2026-09-10,https://www.compute-atlas.com/facilities/vantage-oh1-new-albany-licking-county-oh,4,https://vantage-dc.com/news/vantage-data-centers-breaks-ground-on-192mw-campus-enters-growing-ohio-data-center-market-with-over-2-billion-investment-in-hyperscale-digital-infrastructure/
vantage-oh2-millersport-fairfield-oh,Vantage Data Centers OH2 (Millersport Campus),Vantage Data Centers,data_center,under_construction,likely,confirmed,Millersport,Fairfield,OH,39.902,-82.5324,,696,,,2026-09-10,https://www.compute-atlas.com/facilities/vantage-oh2-millersport-fairfield-oh,2,https://vantagemillersportcampus.com/
vantage-phoenix-campus-goodyear-az-az,"Vantage Phoenix Campus (Goodyear, AZ)",Vantage Data Centers,data_center,operational,,reported,Goodyear,Maricopa,AZ,33.4463027,-112.3738867,,176,,,2026-08-31,https://www.compute-atlas.com/facilities/vantage-phoenix-campus-goodyear-az-az,2,https://vantage-dc.com/data-center-locations/north-america/phoenix-arizona/
vantage-pittsboro-in,Vantage Pittsboro Campus,Vantage Data Centers,data_center,permitted,,reported,Pittsboro,Hendricks,IN,39.8656,-86.4675,,400,,,2026-09-01,https://www.compute-atlas.com/facilities/vantage-pittsboro-in,2,https://www.insideindianabusiness.com/articles/data-center-developer-eyeing-618-acre-site-in-hendricks-county
vantage-quincy-wa11-wa,Vantage Quincy WA11,Vantage Data Centers,data_center,operational,,reported,Quincy,Grant,WA,47.2501646,-119.8144903,89,,,,2026-09-21,https://www.compute-atlas.com/facilities/vantage-quincy-wa11-wa,4,https://vantage-dc.com/data-center-locations/north-america/quincy-washington/
vantage-san-antonio-tx11-tx,Vantage San Antonio TX11,Vantage Data Centers,data_center,operational,,reported,San Antonio,Bexar,TX,29.4161404,-98.7892449,,,,,2026-07-22,https://www.compute-atlas.com/facilities/vantage-san-antonio-tx11-tx,2,https://baxtel.com/data-center/vantage-san-antonio-tx11
vantage-san-antonio-tx22-tx,Vantage San Antonio TX22,Vantage Data Centers,data_center,under_construction,,reported,San Antonio,Bexar,TX,29.4790852,-98.6977011,,,,,2026-07-23,https://www.compute-atlas.com/facilities/vantage-san-antonio-tx22-tx,2,https://www.datacenters.com/vantage-tx22-san-antonio
vantage-santa-clara-i-ca1-ca,Vantage Santa Clara I (CA1),Vantage Data Centers,data_center,operational,,confirmed,Santa Clara,Santa Clara,CA,37.3725693,-121.9736589,77,,,,2026-09-12,https://www.compute-atlas.com/facilities/vantage-santa-clara-i-ca1-ca,1,https://vantage-dc.com/data-center-locations/north-america/santa-clara-i-california/
vantage-santa-clara-ii-ca2-ca,Vantage Santa Clara II (CA2),Vantage Data Centers,data_center,operational,,reported,Santa Clara,Santa Clara,CA,37.3640012,-121.94689,75,,,,2026-09-21,https://www.compute-atlas.com/facilities/vantage-santa-clara-ii-ca2-ca,3,https://vantage-dc.com/data-center-locations/north-america/santa-clara-ii-california/
vantage-santa-clara-iii-ca3-ca,Vantage Santa Clara III (CA3),Vantage Data Centers,data_center,operational,,confirmed,Santa Clara,Santa Clara,CA,37.3712362,-121.9740103,64,,,,2026-09-14,https://www.compute-atlas.com/facilities/vantage-santa-clara-iii-ca3-ca,4,https://vantage-dc.com/data-center/santa-clara-iii-california/
vantage-stafford-va4-va,Vantage Data Centers VA4 Stafford Campus,Vantage Data Centers,data_center,under_construction,mixed_use,confirmed,,Stafford,VA,38.44,-77.44,,192,,2025-11,2026-07-06,https://www.compute-atlas.com/facilities/vantage-stafford-va4-va,2,https://vantage-dc.com/news/vantage-data-centers-invests-2b-in-fredericksburg-virginia-region-to-deliver-fourth-campus-in-the-commonwealth/
vantage-wa12-wa,Vantage WA12,Vantage Data Centers,data_center,operational,,reported,Quincy,Grant,WA,47.2539697,-119.8136985,,,,,2026-07-26,https://www.compute-atlas.com/facilities/vantage-wa12-wa,3,https://datacenterhawk.com/marketplace/providers/vantage-data-centers/2101-m-street-ne/wa12
vantage-wa13-quincy-wa,Vantage WA13,Vantage Data Centers,data_center,operational,,confirmed,Quincy,Grant,WA,47.247,-119.83,64,,,,2026-09-05,https://www.compute-atlas.com/facilities/vantage-wa13-quincy-wa,3,https://vantage-dc.com/news/vantage-data-centers-completes-development-of-89mw-1billion-quincy-washington-campus/
vantage-westlake-south-fulton-ga,Vantage Data Centers Westlake,Vantage Data Centers,data_center,proposed,,reported,South Fulton,Fulton,GA,33.6273,-84.5646,,,,,2026-08-28,https://www.compute-atlas.com/facilities/vantage-westlake-south-fulton-ga,1,https://insidetowers.com/vantage-data-centers-plans-two-new-sites-in-georgia/
vaultas-alexandria-mn,Vaultas Alexandria (ALX1),Vaultas,data_center,operational,,confirmed,Alexandria,Douglas,MN,45.8844516,-95.3762121,,,,,2026-09-18,https://www.compute-atlas.com/facilities/vaultas-alexandria-mn,3,https://vaultas.com/data-centers/alexandria-mn/
vaultas-st-cloud-mn,Vaultas St. Cloud,Vaultas,data_center,proposed,,reported,St. Cloud,Stearns,MN,45.5405392,-94.2023528,,0.6,,,2026-08-24,https://www.compute-atlas.com/facilities/vaultas-st-cloud-mn,1,https://www.stcloudlive.com/news/local/to-plug-in-or-not-to-plug-in-that-is-the-question-for-area-cities-about-data-centers-1
vc-summer-units-2-3-fairfield-county-sc,V.C. Summer Units 2 and 3 (restart),Santee Cooper,power_generation,proposed,,reported,Jenkinsville,Fairfield,SC,34.2955736,-81.3149669,,2200,,,2026-09-10,https://www.compute-atlas.com/facilities/vc-summer-units-2-3-fairfield-county-sc,2,https://www.ans.org/news/article-7493/santee-cooper-opts-to-reboot-summer-reactor-project/
vermaland-la-osa-eloy-az,La Osa Data Center Park,Vermaland LLC,data_center,cancelled,likely,reported,Eloy,Pinal,AZ,32.75,-111.55,,,,2025,2026-08-28,https://www.compute-atlas.com/facilities/vermaland-la-osa-eloy-az,7,https://www.datacenterdynamics.com/en/news/land-developer-vermaland-plans-33bn-data-center-in-arizona/
verrus-oakline-mill-creek-salem-or,Oakline at Mill Creek,Verrus,data_center,proposed,,confirmed,Salem,Marion,OR,44.88315,-122.96941,,,,,2026-09-21,https://www.compute-atlas.com/facilities/verrus-oakline-mill-creek-salem-or,2,https://apps.oregon.gov/oregon-newsroom/OR/GOV/Posts/Post/governor-kotek-directs-state-to-withdraw-land-for-proposed-salem-data-center-site
verrus-project-flex-lyon-township-oakland-county-mi,Project Flex,Verrus (Sidewalk Infrastructure Partners),data_center,proposed,likely,reported,Lyon Township,Oakland,MI,42.47,-83.53,,,,,2026-09-09,https://www.compute-atlas.com/facilities/verrus-project-flex-lyon-township-oakland-county-mi,5,https://www.crainsdetroit.com/technology/cdb-anthropic-projectflex-datacenter-20260414/
viking-energy-center-cedar-falls-ia,Viking Energy Center,Cedar Falls Utilities,power_generation,permitted,,reported,Cedar Falls,Black Hawk,IA,42.4905,-92.4805,,37,,,2026-08-21,https://www.compute-atlas.com/facilities/viking-energy-center-cedar-falls-ia,2,https://www.iowapublicradio.org/ipr-news/2026-06-17/cedar-falls-approves-new-gas-power-plant
vint-hill-corners-fauquier-va,Vint Hill Corners,Vint Hill Corners LLC,data_center,proposed,,reported,Vint Hill,Fauquier,VA,38.746,-77.664,,,,,2026-08-19,https://www.compute-atlas.com/facilities/vint-hill-corners-fauquier-va,4,https://www.fauquiernow.com/news/data-center-database-where-projects-stand-across-fauquier-county/article_18be50e8-49f6-11ef-95cf-3b45407fea55.html
virginia-technology-park-clear-brook-frederick-va,Virginia Technology Park,Equus Capital Partners,data_center,proposed,,reported,Clear Brook,Frederick,VA,39.2564912,-78.096111,,,,,2026-08-26,https://www.compute-atlas.com/facilities/virginia-technology-park-clear-brook-frederick-va,2,https://www.nvdaily.com/nvdaily/frederick-county-planners-vote-down-clear-brook-data-center-campus/article_8e6c14d9-ce6f-51fd-9c04-e46953e6b6e5.html
viridian-apecs-janesville-wi,APECS Data Center Campus (Former GM Assembly Plant),Viridian Acquisitions LLC,data_center,proposed,likely,confirmed,Janesville,Rock,WI,42.66331,-89.02056,,800,,2025-11,2026-08-18,https://www.compute-atlas.com/facilities/viridian-apecs-janesville-wi,3,https://www.wpr.org/news/janesville-data-center-abandoned-gm-site
vme-lockport-star-innovation-district-il,Star Innovation District Data Center (Lockport),VME Developers,data_center,cancelled,,reported,Lockport,Will,IL,41.5970347,-88.0552886,,,,,2026-09-25,https://www.compute-atlas.com/facilities/vme-lockport-star-innovation-district-il,2,https://www.cityoflockport.net/956/Data-Center-Information
volition-spanish-fork-ut,Volition Spanish Fork Data Center,Volition Industries,data_center,proposed,,reported,Spanish Fork,Utah,UT,40.115,-111.6461,,250,,,2026-09-08,https://www.compute-atlas.com/facilities/volition-spanish-fork-ut,4,https://www.heraldextra.com/news/2026/aug/20/data-center-discussion-spanish-fork-city-council-delays-vote-for-amendments-that-could-pave-way-for-data-center/
volt-edge-project-alpaca-union-county-sc,Project Alpaca (Midway Green Industrial Park),Volt Edge Energy,data_center,proposed,,reported,Union,Union,SC,34.708932747649,-81.662386821414,,49,,,2026-09-22,https://www.compute-atlas.com/facilities/volt-edge-project-alpaca-union-county-sc,4,https://www.foxcarolina.com/2026/05/05/union-county-data-center-tax-breaks-tabled-by-county-council/
voltagrid-covington-power-plant-ga,VoltaGrid Covington Power Plant (Hazelbrand Road),VoltaGrid,power_generation,under_construction,,confirmed,Covington,Newton,GA,33.5968,-83.8602,,90,Serverfarm,2026,2026-07-28,https://www.compute-atlas.com/facilities/voltagrid-covington-power-plant-ga,5,https://www.ajc.com/business/2026/07/georgia-agency-orders-data-centers-pop-up-power-plant-to-halt-construction/
voltagrid-quincy-gas-generation-wa,VoltaGrid Quincy On-Site Generation Project (withdrawn),VoltaGrid,power_generation,cancelled,,reported,Quincy,Grant,WA,47.2343673,-119.8535054,,,,,2026-09-17,https://www.compute-atlas.com/facilities/voltagrid-quincy-gas-generation-wa,1,https://www.kuow.org/climate/2026-07-30/controversial-central-wa-gas-power-plant-for-data-centers-canceled-amid-activist-backlash
voonami-orem-ut,Voonami Orem Data Center,Voonami,data_center,operational,,reported,Orem,Utah,UT,40.29816,-111.69443,2,,,,2026-08-15,https://www.compute-atlas.com/facilities/voonami-orem-ut,2,https://d36oiwf74r1rap.cloudfront.net/wp-content/uploads/2026/04/Data-Center-Growth-FS-Apr2026.pdf
w-holdings-energy-generation-technology-campus-maricopa-az,Energy Generation and Technology Campus,W Holdings,data_center,proposed,,confirmed,Maricopa,Pinal,AZ,32.945,-112.035,,,,2025-10-16,2026-08-28,https://www.compute-atlas.com/facilities/w-holdings-energy-generation-technology-campus-maricopa-az,2,https://inmaricopa.com/data-center-okd/
wagner-properties-wagner-road-petersburg-va,Wagner Road Data Center Campus,Wagner Properties,data_center,permitted,,reported,Petersburg,Petersburg,VA,37.2279,-77.4019,,,,2024,2026-09-09,https://www.compute-atlas.com/facilities/wagner-properties-wagner-road-petersburg-va,1,http://web.archive.org/web/20260721131420/https://richmondbizsense.com/2026/07/21/documents-reveal-details-on-data-center-projects-in-petersburgs-pipeline/
wahawk-power-waterloo-ia,Wahawk Power Data Center,"Wahawk Power, LLC",data_center,proposed,,reported,Waterloo,Black Hawk,IA,42.4429861,-92.4006906,,,,2025-12-15,2026-08-21,https://www.compute-atlas.com/facilities/wahawk-power-waterloo-ia,3,https://www.hottlerealestate.com/blog/wahawk-power-data-center-blog_2
walker-buddy-ellis-road-data-center-livingston-la,Buddy Ellis Road Data Center Site (Walker),"Undisclosed (tract rezoned at the request of Juban Land Holdings, LLC)",data_center,proposed,,reported,Walker,Livingston,LA,30.4541822,-90.8767224,,,,,2026-09-15,https://www.compute-atlas.com/facilities/walker-buddy-ellis-road-data-center-livingston-la,3,https://louisianavoice.com/2026/08/31/louisianavoice-learns-new-data-center-on-tap-for-livingston-parish-everything-was-done-in-secrecy-via-use-of-ndas/
wallace-jackson-data-center-campus-spalding-ga,Wallace Jackson Data Center Campus,"Wallace Jackson, LLC (developer; end user undisclosed)",data_center,permitted,,reported,Griffin,Spalding,GA,33.2468,-84.2641,,,,,2026-08-28,https://www.compute-atlas.com/facilities/wallace-jackson-data-center-campus-spalding-ga,2,https://www.ajc.com/business/2026/01/whats-37b-and-larger-than-3-malls-georgias-next-potential-data-center/
walmart-bentonville-data-center-ar,Walmart Bentonville Data Center,Walmart,data_center,operational,,reported,Bentonville,Benton,AR,36.364241,-94.182712,12.884,,,,2026-09-21,https://www.compute-atlas.com/facilities/walmart-bentonville-data-center-ar,2,https://adeq.state.ar.us/home/pdssql/p_facil_details.aspx?AFINDash=04-01474&AFIN=0401474
warrenton-group-halifax-road-petersburg-va,TWG Data Halifax Road Campus (former Collier Yard),Warrenton Group (TWG Data),data_center,permitted,,confirmed,Petersburg,,VA,37.177,-77.418,,,,,2026-09-09,https://www.compute-atlas.com/facilities/warrenton-group-halifax-road-petersburg-va,1,http://web.archive.org/web/20260721131420/https://richmondbizsense.com/2026/07/21/documents-reveal-details-on-data-center-projects-in-petersburgs-pipeline/
washington-state-data-center-olympia-wa,Washington State Data Center (1500 Jefferson Building),Washington Technology Solutions,data_center,operational,,reported,Olympia,Thurston,WA,47.0345059,-122.8945401,,,,,2026-09-17,https://www.compute-atlas.com/facilities/washington-state-data-center-olympia-wa,2,https://ecology.wa.gov/air-climate/air-quality/data-centers
watchtower-sterling-forest-warwick-ny,Sterling Forest Business Resiliency Services Center (former IBM/Kyndryl Sterling Forest data center),"Watchtower Bible and Tract Society of New York (acquired from Kyndryl, June 2026)",data_center,operational,,reported,Sterling Forest (Town of Warwick),Orange,NY,41.19592,-74.255576,8.75,,,,2026-09-21,https://www.compute-atlas.com/facilities/watchtower-sterling-forest-warwick-ny,2,https://rcbizjournal.com/2026/07/06/jehovahs-witnesses-buy-data-center-in-warwick-religious-order-continues-to-expand-footprint-in-hudson-valley/
wave-garden-macedonia-ar,Wave Garden Macedonia Cryptomine,"Wave Garden, LLC",crypto_mining,operational,,reported,Macedonia,Columbia,AR,33.1765201,-93.300169,,,,,2026-09-15,https://www.compute-atlas.com/facilities/wave-garden-macedonia-ar,3,https://www.magnoliareporter.com/news_and_business/local_news/article_24255728-f722-11ee-a1c0-4773f2844f56.html
we-energies-oak-creek-natural-gas-wi,We Energies Oak Creek Natural Gas Generating Units,We Energies (WEC Energy Group),power_generation,under_construction,,confirmed,Oak Creek,Milwaukee,WI,42.8858,-87.8347,,1100,"Data center load in We Energies' southeastern Wisconsin territory (Microsoft, Vantage/OpenAI/Oracle)",2024,2026-09-01,https://www.compute-atlas.com/facilities/we-energies-oak-creek-natural-gas-wi,2,https://www.wpr.org/news/public-service-commission-approves-we-energies-plan-wisconsin-natural-gas-plants
we-energies-paris-rice-wi,We Energies Paris Generating Station RICE Units,We Energies (WEC Energy Group),power_generation,under_construction,,confirmed,Paris,Kenosha,WI,42.6489,-88.0087,,128,"Data center load in We Energies' southeastern Wisconsin territory (Microsoft, Vantage/OpenAI/Oracle)",2024,2026-09-01,https://www.compute-atlas.com/facilities/we-energies-paris-rice-wi,2,https://www.wpr.org/news/public-service-commission-approves-we-energies-plan-wisconsin-natural-gas-plants
wells-draw-energy-duchesne-county-ut,Wells Draw Energy Natural Gas Power Plant,"Wells Draw Energy, LLC",power_generation,permitted,,reported,Myton,Duchesne,UT,40.193,-110.0568,,400,"Nine Mile Data, LLC",,2026-09-04,https://www.compute-atlas.com/facilities/wells-draw-energy-duchesne-county-ut,4,https://uintahbasindatacenter.com/infrastructure.html
wells-interconnection-milwaukee-wi,Wells Interconnection Data Center (Wells Building),Wells Interconnection,data_center,operational,,reported,Milwaukee,Milwaukee,WI,43.0389885,-87.9069379,,,,,2026-09-13,https://www.compute-atlas.com/facilities/wells-interconnection-milwaukee-wi,3,https://inflect.com/324-east-wisconsin-avenue-milwaukee/wells-interconnection/datacenter/324-e-wisconsin
westbank-180-park-avenue-san-jose-ca,"Westbank 180 Park Avenue Data Center (Park Habitat site, downtown San José)",Westbank / Urban Community,data_center,proposed,,confirmed,San Jose,Santa Clara,CA,37.3308869,-121.8906767,,,,2025-08,2026-09-21,https://www.compute-atlas.com/facilities/westbank-180-park-avenue-san-jose-ca,3,http://web.archive.org/web/20260813091228/https://www.sanjoseca.gov/your-government/departments-offices/planning-building-code-enforcement/planning-division/data-center-and-other-large-energy-use-projects
westbank-300-south-first-street-san-jose-ca,Westbank 300 South First Street Data Center (downtown San José),Westbank,data_center,proposed,,confirmed,San Jose,Santa Clara,CA,37.3314706,-121.8865883,,,,2024-10,2026-09-21,https://www.compute-atlas.com/facilities/westbank-300-south-first-street-san-jose-ca,3,http://web.archive.org/web/20260813091228/https://www.sanjoseca.gov/your-government/departments-offices/planning-building-code-enforcement/planning-division/data-center-and-other-large-energy-use-projects
westbank-323-terraine-street-san-jose-ca,Westbank 323 Terraine Street Data Center (downtown San José),Westbank,data_center,proposed,,confirmed,San Jose,Santa Clara,CA,37.3392085,-121.897492,,,,2025-04,2026-09-21,https://www.compute-atlas.com/facilities/westbank-323-terraine-street-san-jose-ca,3,http://web.archive.org/web/20260813091228/https://www.sanjoseca.gov/your-government/departments-offices/planning-building-code-enforcement/planning-division/data-center-and-other-large-energy-use-projects
westblock-shiprock-nm,WestBlock Capital Bitcoin Mine (Shiprock),WestBlock Capital,crypto_mining,cancelled,,reported,Shiprock,San Juan,NM,36.7867,-108.6866,7,15,,2018,2026-09-15,https://www.compute-atlas.com/facilities/westblock-shiprock-nm,3,https://futurism.com/navajo-bitcoin-mine-startup
westdulles-iron-horse-hanover-va,Iron Horse Data Center Campus,WestDulles Properties,data_center,proposed,,confirmed,,Hanover,VA,37.762,-77.44,,,,,2026-09-09,https://www.compute-atlas.com/facilities/westdulles-iron-horse-hanover-va,2,http://web.archive.org/web/20260724010609/https://richmondbizsense.com/2026/06/26/one-data-center-project-pulled-and-another-delayed-in-hanover-as-supervisors-reinstitute-equipment-tax/
western-hospitality-childersburg-al,Western Hospitality Childersburg Campus,Western Hospitality Partners,data_center,proposed,likely,reported,Childersburg,Talladega,AL,33.2781686,-86.3549774,,,,,2026-09-09,https://www.compute-atlas.com/facilities/western-hospitality-childersburg-al,1,https://baxtel.com/data-center/western-hospitality-childersburg-campus
western-hospitality-partners-commerce-parkway-oldham-ky,Western Hospitality Partners Commerce Parkway Data Center,Western Hospitality Partners,data_center,proposed,,reported,La Grange,Oldham,KY,38.3939431,-85.4092775,,,,,2026-09-15,https://www.compute-atlas.com/facilities/western-hospitality-partners-commerce-parkway-oldham-ky,4,https://www.yahoo.com/news/oldham-county-data-center-replace-160523680.html
western-hospitality-partners-pekin-il,Lutticken Farm Data Center (Pekin),Western Hospitality Partners,data_center,cancelled,,reported,Pekin,Tazewell,IL,40.5847113,-89.58595,,,,,2026-09-12,https://www.compute-atlas.com/facilities/western-hospitality-partners-pekin-il,1,https://www.nprillinois.org/illinois/2026-03-09/data-center-wont-be-built-in-pekin
western-hospitality-partners-project-lincoln-oldham-county-ky,Project Lincoln: OC Data Center,Western Hospitality Partners,data_center,cancelled,,confirmed,La Grange,Oldham,KY,38.39861,-85.375,,600,,,2026-09-10,https://www.compute-atlas.com/facilities/western-hospitality-partners-project-lincoln-oldham-county-ky,3,https://www.pmg-ky1.com/oldham_era/news/6-billion-oc-data-center-planned-on-highway-53/article_af7b318a-fb9e-58fb-9b6f-c86c63b14f4d.html
westin-building-digital-realty-seattle-sea10-wa,Westin Building (Digital Realty Seattle SEA10),Digital Realty,data_center,operational,,reported,Seattle,King,WA,47.6143555,-122.3388637,,,,,2026-07-23,https://www.compute-atlas.com/facilities/westin-building-digital-realty-seattle-sea10-wa,3,https://www.datacenterdynamics.com/en/news/digital-realty-acquire-majority-stake-westin-building-exchange-seattle/
wf-industrial-yaphank-ny,"Brookhaven Digital Infrastructure Facility (WF Industrial / Wildflower, Yaphank)",WF Industrial (Wildflower),data_center,proposed,likely,reported,Yaphank,Suffolk,NY,40.832188,-72.929969,,176.6,,,2026-09-21,https://www.compute-atlas.com/facilities/wf-industrial-yaphank-ny,3,https://www.longislandpress.com/2026/07/15/moratorium-data-centers-state/
white-cloud-acres-barnard-mo,White Cloud Acres,Scale Microgrids,data_center,proposed,,reported,Barnard,Nodaway,MO,40.2528,-94.9436,,600,,,2026-08-24,https://www.compute-atlas.com/facilities/white-cloud-acres-barnard-mo,2,https://nodaway.org/6270/proposed-4-billion-white-cloud-acres-ai-data-center-in-rural-barnard/
white-oak-technology-park-columbia-county-ga,White Oak Technology Park,Trammell Crow Company (CBRE subsidiary),data_center,permitted,mixed_use,confirmed,Appling,Columbia,GA,33.6,-82.28,,,,,2026-07-26,https://www.compute-atlas.com/facilities/white-oak-technology-park-columbia-county-ga,3,https://www.datacenterdynamics.com/en/news/plans-filed-for-8-million-sq-ft-data-center-and-technology-park-outside-augusta-georgia/
white-rose-project-kilo-south-elgin-il,Project Kilo Data Center (South Elgin),White Rose Partners,data_center,proposed,,reported,South Elgin,Kane,IL,42.0007,-88.2795,,,,,2026-09-12,https://www.compute-atlas.com/facilities/white-rose-project-kilo-south-elgin-il,1,https://www.shawlocal.com/kane-county-chronicle/2026/07/28/data-center-developer-launches-website-to-allay-south-elgins-fears/
whitefiber-nc1-madison-nc,WhiteFiber NC-1 AI Data Center Campus,WhiteFiber (Bit Digital),data_center,operational,confirmed,confirmed,Madison,Rockingham,NC,36.3801,-79.9692,24,200,,2025,2026-08-29,https://www.compute-atlas.com/facilities/whitefiber-nc1-madison-nc,5,https://www.datacenterdynamics.com/en/news/nscale-agrees-865m-deal-for-40mw-of-space-at-whitefiber-data-center-in-north-carolina/
wildcat-ridge-archbald-lackawanna-county-pa,Wildcat Ridge AI Data Center Campus,Cornell Realty Management,data_center,proposed,confirmed,reported,Archbald,Lackawanna,PA,41.51,-75.54,,1600,,,2026-07-26,https://www.compute-atlas.com/facilities/wildcat-ridge-archbald-lackawanna-county-pa,3,https://www.desmog.com/2026/03/11/data-centers-are-poised-to-engulf-a-pennsylvania-town/
wildflower-solar-desoto-ms,Wildflower Solar,Deriva Energy,power_generation,operational,,reported,,DeSoto,MS,34.962,-90.184,100,,,,2026-09-22,https://www.compute-atlas.com/facilities/wildflower-solar-desoto-ms,1,https://www.eia.gov/electricity/data/eia860m/xls/july_generator2026.xlsx
williams-aquila-eagle-mountain-ut,Williams Aquila Power Facility (Stadion parcel),The Williams Companies,power_generation,proposed,,reported,Eagle Mountain,Utah,UT,40.30935,-112.01198,,,,,2026-08-15,https://www.compute-atlas.com/facilities/williams-aquila-eagle-mountain-ut,2,https://www.utah.gov/pmn/files/1390537.pdf
willow-lakes-west-midway-fort-pierce-fl,Willow Lakes Data Center (West Midway Road),Willow Lakes LLC (end operator undisclosed),data_center,proposed,,reported,Fort Pierce,St. Lucie,FL,27.3742,-80.4104,,,,,2026-09-10,https://www.compute-atlas.com/facilities/willow-lakes-west-midway-fort-pierce-fl,2,https://www.wflx.com/2026/08/31/203-acre-data-center-proposed-western-st-lucie-county-near-interstate-95/
winchester-gateway-data-center-frederick-va,Winchester Gateway,Winchester Gateway LLC,data_center,proposed,,reported,Winchester,Frederick,VA,39.1442224,-78.1980384,,,,,2026-09-21,https://www.compute-atlas.com/facilities/winchester-gateway-data-center-frederick-va,2,https://www.nvdaily.com/nvdaily/panel-recommends-denial-of-winchester-gateway-data-center-proposal/article_228ead16-7a9b-5e08-bf16-54cd65670acc.html
windstream-wholesale-oklahoma-city-ok,Windstream Wholesale Oklahoma City Data Center,Windstream,data_center,operational,,reported,Oklahoma City,Oklahoma,OK,35.4791,-97.5142,,,,,2026-09-02,https://www.compute-atlas.com/facilities/windstream-wholesale-oklahoma-city-ok,2,https://www.newson6.com/tulsa-oklahoma-news/where-are-data-centers-are-being-built-oklahoma-list
windy-lane-energy-center-de-baca-county-nm,Windy Lane Energy Center,NextEra Energy Resources,power_generation,proposed,,reported,Fort Sumner,De Baca,NM,34.4717,-104.2458,,90,Meta,,2026-09-15,https://www.compute-atlas.com/facilities/windy-lane-energy-center-de-baca-county-nm,1,https://www.energy-storage.news/new-mexico-utility-seeks-approval-of-hybrid-bess-offtake-contracts-to-power-meta-data-centres/
wintersburg-313-tonopah-az,Wintersburg 313,313 Wintersburg LLC and Wintersburg Four LLC,data_center,proposed,,reported,Tonopah,Maricopa,AZ,33.472,-112.911,,,,,2026-08-28,https://www.compute-atlas.com/facilities/wintersburg-313-tonopah-az,1,https://www.maricopa.gov/AgendaCenter/ViewFile/Item/10316?fileID=100604
wiscasset-proposed-me,Wiscasset Data Center (Old Ferry Road Site),Unnamed developer (NDA with town),data_center,proposed,likely,reported,Wiscasset,Lincoln,ME,44.0015,-69.6553,,,,2025-09,2026-07-23,https://www.compute-atlas.com/facilities/wiscasset-proposed-me,3,https://www.centralmaine.com/2025/11/03/wiscasset-loses-arpa-funding-after-data-center-proposal-confusion/
wise-innovation-hub-wise-va,Wise Innovation Hub (OASIS),Wise Innovation Hub Venture LLC,data_center,proposed,likely,reported,,Wise,VA,36.99,-82.53,,600,,2025-12,2026-09-14,https://www.compute-atlas.com/facilities/wise-innovation-hub-wise-va,5,https://cardinalnews.org/2026/02/25/data-center-complex-with-gas-power-plant-planned-for-wise-county/
wyalusing-energy-center-bradford-pa,Wyalusing Energy Center,KDI Wyalusing Power LLC (Klondike Digital Infrastructure / New Fortress Energy),power_generation,permitted,,reported,Wyalusing,Bradford,PA,41.6966,-76.244,,248,,,2026-09-25,https://www.compute-atlas.com/facilities/wyalusing-energy-center-bradford-pa,1,https://www.northcentralpa.com/business/bradford-county-adopts-data-center-rules-wyalusing-hyperscale-projects-air-permit-issued/article_b09783c0-fc03-416b-b0a7-c6881f9616fd.html
wylie-capital-broadway-merrillville-in,Wylie Capital Broadway Data Center,Wylie Capital,data_center,proposed,,reported,Merrillville,Lake,IN,41.4828,-87.3328,,,,,2026-09-01,https://www.compute-atlas.com/facilities/wylie-capital-broadway-merrillville-in,1,https://www.govtech.com/artificial-intelligence/2b-in-data-center-projects-planned-for-merrillville-ind
xai-colossus-1-turbines-memphis-tn,CTC Property Gas Turbine Plant (Colossus 1),CTC Property LLC (xAI subsidiary),power_generation,operational,,confirmed,Memphis,Shelby,TN,35.0600392,-90.1520249,420,,xAI,,2026-09-21,https://www.compute-atlas.com/facilities/xai-colossus-1-turbines-memphis-tn,5,https://cdn.arstechnica.net/wp-content/uploads/2025/07/NAACP-and-YGGs-xAI-Air-Permit-Appeal-7-15-2025.pdf
xai-colossus-2-memphis-tn,Colossus 2 (Whitehaven),xAI,data_center,operational,confirmed,confirmed,Memphis,Shelby,TN,34.997983,-90.0348672,210,,,,2026-09-21,https://www.compute-atlas.com/facilities/xai-colossus-2-memphis-tn,2,https://web.archive.org/web/20250517234219/https://www.datacenterdynamics.com/en/news/elon-musks-xai-buys-one-million-sq-ft-site-for-second-memphis-data-center/
xai-colossus-2-power-station-southaven-ms,Colossus 2 power station,xAI,power_generation,operational,,confirmed,Southaven,DeSoto,MS,34.984394,-90.042296,495,1200,xAI (Colossus data center),,2026-09-14,https://www.compute-atlas.com/facilities/xai-colossus-2-power-station-southaven-ms,7,https://www.cnbc.com/2026/03/10/elon-musk-xai-permit-for-mississippi-plant-despite-pollution-concerns.html
xai-colossus-memphis-tn,Colossus,xAI,data_center,operational,confirmed,reported,Memphis,Shelby,TN,35.0565,-90.0148,150,1200,,2024,2026-09-10,https://www.compute-atlas.com/facilities/xai-colossus-memphis-tn,6,https://en.wikipedia.org/wiki/Colossus_(supercomputer)
xai-macrohardrr-southaven-ms,MACROHARDRR (xAI Southaven Data Center III),xAI,data_center,operational,confirmed,confirmed,Southaven,DeSoto,MS,34.991886,-90.034358,,,,2026-01-08,2026-09-13,https://www.compute-atlas.com/facilities/xai-macrohardrr-southaven-ms,3,https://governorreeves.ms.gov/tech-leader-xai-investing-more-than-20-billion-in-southaven/
xai-minihard-memphis-tn,Minihard,xAI,data_center,under_construction,confirmed,reported,Memphis,Shelby,TN,34.9994934,-90.0429461,,,,,2026-09-13,https://www.compute-atlas.com/facilities/xai-minihard-memphis-tn,2,https://en.wikipedia.org/wiki/Colossus_(data_center)
xai-southaven-ms,xAI Southaven,xAI,data_center,operational,confirmed,confirmed,Southaven,DeSoto,MS,34.993,-89.974,,2000,,2026-01,2026-09-09,https://www.compute-atlas.com/facilities/xai-southaven-ms,6,https://governorreeves.ms.gov/tech-leader-xai-investing-more-than-20-billion-in-southaven/
yeehaw-junction-us-development-osceola-fl,US Development Yeehaw Junction Data Center Campus,US Development (end tenant undisclosed),data_center,proposed,,reported,Yeehaw Junction,Osceola,FL,27.69944,-80.88694,,,,,2026-09-10,https://www.compute-atlas.com/facilities/yeehaw-junction-us-development-osceola-fl,1,https://www.growthspotter.com/2024/09/15/osceola-is-being-scouted-for-one-of-the-worlds-largest-data-centers/
yondr-cerberus-manassas-va,Yondr Manassas Data Center Campus,Yondr Group / Cerberus Capital Management,data_center,proposed,,confirmed,Manassas,,VA,38.7509,-77.4753,,72,,2026-08-03,2026-08-27,https://www.compute-atlas.com/facilities/yondr-cerberus-manassas-va,1,https://www.cerberus.com/media/cerberus-and-yondr-acquire-40-acres-in-northern-virginia-to-build-72mw-data-center/
youngwoo-project-brookwood-al,Project Brookwood Data Center Campus,Youngwoo & Associates,data_center,permitted,,confirmed,Brookwood,Tuscaloosa,AL,33.2112238,-87.2715693,,,,2026-08,2026-09-22,https://www.compute-atlas.com/facilities/youngwoo-project-brookwood-al,2,https://tuscaloosathread.com/second-brookwood-data-center/
zafra-plattsburgh-ny,Zafra Plattsburgh crypto-mining hosting facility,"Zafra, LLC",crypto_mining,operational,,reported,Plattsburgh,Clinton,NY,44.658589,-73.4540824,8,,,,2026-09-21,https://www.compute-atlas.com/facilities/zafra-plattsburgh-ny,2,https://www.zafrahosting.com/
zenith-tooele-valley-burmester-ut,Tooele Valley Data Center Campus,Zenith Development,data_center,proposed,,reported,Burmester,Tooele,UT,40.748,-112.674,,500,,,2026-08-25,https://www.compute-atlas.com/facilities/zenith-tooele-valley-burmester-ut,5,https://www.yahoo.com/news/us/articles/500mw-utah-data-center-wants-150431818.html
zenith-volts-roswell-chaves-county-data-center-nm,Zenith Volts Roswell / Chaves County Data Center,Zenith Volts Corp.,data_center,permitted,likely,confirmed,Roswell,Chaves,NM,33.14,-104.52,,1240,,,2026-09-21,https://www.compute-atlas.com/facilities/zenith-volts-roswell-chaves-county-data-center-nm,5,https://www.prnewswire.com/news-releases/zenith-volts-corp-secures-county-approval-for-scalable-data-center-20-miles-south-of-roswell-nm-targeting-operation-by-november-2027-302537746.html
zinke-arizona-independent-technology-campus-pinal-az,Arizona Independent Technology Campus,Zinke Investments LLC,data_center,proposed,,reported,,Pinal,AZ,32.9229,-112.0148,,,,,2026-09-10,https://www.compute-atlas.com/facilities/zinke-arizona-independent-technology-campus-pinal-az,2,https://azbex.com/planning-development/1500-acre-business-and-technology-campus-planned-in-pinal-county/