Program;Year;Period;Week Ending;Geo Level;State;State ANSI;Ag District;Ag District Code;County;County ANSI;Zip Code;Region;watershed_code;Watershed;Commodity;Data Item;Domain;Domain Category;Value;CV (%)
SURVEY;2026;YEAR;;STATE;ALABAMA;1;;;;;;;0;;AG LAND;AG LAND, INCL BUILDINGS - ASSET VALUE, MEASURED IN $ / ACRE;TOTAL;NOT SPECIFIED;4,25;
SURVEY;2026;YEAR;;STATE;ARIZONA;4;;;;;;;0;;AG LAND;AG LAND, INCL BUILDINGS - ASSET VALUE, MEASURED IN $ / ACRE;TOTAL;NOT SPECIFIED;4,3;
SURVEY;2026;YEAR;;STATE;ARKANSAS;5;;;;;;;0;;AG LAND;AG LAND, INCL BUILDINGS - ASSET VALUE, MEASURED IN $ / ACRE;TOTAL;NOT SPECIFIED;4,35;
SURVEY;2026;YEAR;;STATE;CALIFORNIA;6;;;;;;;0;;AG LAND;AG LAND, INCL BUILDINGS - ASSET VALUE, MEASURED IN $ / ACRE;TOTAL;NOT SPECIFIED;14,1;
SURVEY;2026;YEAR;;STATE;COLORADO;8;;;;;;;0;;AG LAND;AG LAND, INCL BUILDINGS - ASSET VALUE, MEASURED IN $ / ACRE;TOTAL;NOT SPECIFIED;2,36;
SURVEY;2026;YEAR;;STATE;CONNECTICUT;9;;;;;;;0;;AG LAND;AG LAND, INCL BUILDINGS - ASSET VALUE, MEASURED IN $ / ACRE;TOTAL;NOT SPECIFIED;14,6;
SURVEY;2026;YEAR;;STATE;DELAWARE;10;;;;;;;0;;AG LAND;AG LAND, INCL BUILDINGS - ASSET VALUE, MEASURED IN $ / ACRE;TOTAL;NOT SPECIFIED;9,7;
SURVEY;2026;YEAR;;STATE;FLORIDA;12;;;;;;;0;;AG LAND;AG LAND, INCL BUILDINGS - ASSET VALUE, MEASURED IN $ / ACRE;TOTAL;NOT SPECIFIED;9,15;
SURVEY;2026;YEAR;;STATE;GEORGIA;13;;;;;;;0;;AG LAND;AG LAND, INCL BUILDINGS - ASSET VALUE, MEASURED IN $ / ACRE;TOTAL;NOT SPECIFIED;4,95;
SURVEY;2026;YEAR;;STATE;IDAHO;16;;;;;;;0;;AG LAND;AG LAND, INCL BUILDINGS - ASSET VALUE, MEASURED IN $ / ACRE;TOTAL;NOT SPECIFIED;4,75;
SURVEY;2026;YEAR;;STATE;ILLINOIS;17;;;;;;;0;;AG LAND;AG LAND, INCL BUILDINGS - ASSET VALUE, MEASURED IN $ / ACRE;TOTAL;NOT SPECIFIED;9,25;
SURVEY;2026;YEAR;;STATE;INDIANA;18;;;;;;;0;;AG LAND;AG LAND, INCL BUILDINGS - ASSET VALUE, MEASURED IN $ / ACRE;TOTAL;NOT SPECIFIED;9,15;
SURVEY;2026;YEAR;;STATE;IOWA;19;;;;;;;0;;AG LAND;AG LAND, INCL BUILDINGS - ASSET VALUE, MEASURED IN $ / ACRE;TOTAL;NOT SPECIFIED;10,1;
SURVEY;2026;YEAR;;STATE;KANSAS;20;;;;;;;0;;AG LAND;AG LAND, INCL BUILDINGS - ASSET VALUE, MEASURED IN $ / ACRE;TOTAL;NOT SPECIFIED;3,2;
SURVEY;2026;YEAR;;STATE;KENTUCKY;21;;;;;;;0;;AG LAND;AG LAND, INCL BUILDINGS - ASSET VALUE, MEASURED IN $ / ACRE;TOTAL;NOT SPECIFIED;5,6;
SURVEY;2026;YEAR;;STATE;LOUISIANA;22;;;;;;;0;;AG LAND;AG LAND, INCL BUILDINGS - ASSET VALUE, MEASURED IN $ / ACRE;TOTAL;NOT SPECIFIED;3,95;
SURVEY;2026;YEAR;;STATE;MAINE;23;;;;;;;0;;AG LAND;AG LAND, INCL BUILDINGS - ASSET VALUE, MEASURED IN $ / ACRE;TOTAL;NOT SPECIFIED;3,4;
SURVEY;2026;YEAR;;STATE;MARYLAND;24;;;;;;;0;;AG LAND;AG LAND, INCL BUILDINGS - ASSET VALUE, MEASURED IN $ / ACRE;TOTAL;NOT SPECIFIED;9,95;
SURVEY;2026;YEAR;;STATE;MASSACHUSETTS;25;;;;;;;0;;AG LAND;AG LAND, INCL BUILDINGS - ASSET VALUE, MEASURED IN $ / ACRE;TOTAL;NOT SPECIFIED;15,2;
SURVEY;2026;YEAR;;STATE;MICHIGAN;26;;;;;;;0;;AG LAND;AG LAND, INCL BUILDINGS - ASSET VALUE, MEASURED IN $ / ACRE;TOTAL;NOT SPECIFIED;7;
SURVEY;2026;YEAR;;STATE;MINNESOTA;27;;;;;;;0;;AG LAND;AG LAND, INCL BUILDINGS - ASSET VALUE, MEASURED IN $ / ACRE;TOTAL;NOT SPECIFIED;6,95;
SURVEY;2026;YEAR;;STATE;MISSISSIPPI;28;;;;;;;0;;AG LAND;AG LAND, INCL BUILDINGS - ASSET VALUE, MEASURED IN $ / ACRE;TOTAL;NOT SPECIFIED;3,65;
SURVEY;2026;YEAR;;STATE;MISSOURI;29;;;;;;;0;;AG LAND;AG LAND, INCL BUILDINGS - ASSET VALUE, MEASURED IN $ / ACRE;TOTAL;NOT SPECIFIED;5,2;
SURVEY;2026;YEAR;;STATE;MONTANA;30;;;;;;;0;;AG LAND;AG LAND, INCL BUILDINGS - ASSET VALUE, MEASURED IN $ / ACRE;TOTAL;NOT SPECIFIED;1,26;
SURVEY;2026;YEAR;;STATE;NEBRASKA;31;;;;;;;0;;AG LAND;AG LAND, INCL BUILDINGS - ASSET VALUE, MEASURED IN $ / ACRE;TOTAL;NOT SPECIFIED;4,4;
SURVEY;2026;YEAR;;STATE;NEVADA;32;;;;;;;0;;AG LAND;AG LAND, INCL BUILDINGS - ASSET VALUE, MEASURED IN $ / ACRE;TOTAL;NOT SPECIFIED;1,23;
SURVEY;2026;YEAR;;STATE;NEW HAMPSHIRE;33;;;;;;;0;;AG LAND;AG LAND, INCL BUILDINGS - ASSET VALUE, MEASURED IN $ / ACRE;TOTAL;NOT SPECIFIED;6,67;
SURVEY;2026;YEAR;;STATE;NEW JERSEY;34;;;;;;;0;;AG LAND;AG LAND, INCL BUILDINGS - ASSET VALUE, MEASURED IN $ / ACRE;TOTAL;NOT SPECIFIED;17;
SURVEY;2026;YEAR;;STATE;NEW MEXICO;35;;;;;;;0;;AG LAND;AG LAND, INCL BUILDINGS - ASSET VALUE, MEASURED IN $ / ACRE;TOTAL;NOT SPECIFIED;735;
SURVEY;2026;YEAR;;STATE;NEW YORK;36;;;;;;;0;;AG LAND;AG LAND, INCL BUILDINGS - ASSET VALUE, MEASURED IN $ / ACRE;TOTAL;NOT SPECIFIED;4,5;
SURVEY;2026;YEAR;;STATE;NORTH CAROLINA;37;;;;;;;0;;AG LAND;AG LAND, INCL BUILDINGS - ASSET VALUE, MEASURED IN $ / ACRE;TOTAL;NOT SPECIFIED;5,75;
SURVEY;2026;YEAR;;STATE;NORTH DAKOTA;38;;;;;;;0;;AG LAND;AG LAND, INCL BUILDINGS - ASSET VALUE, MEASURED IN $ / ACRE;TOTAL;NOT SPECIFIED;2,45;
SURVEY;2026;YEAR;;STATE;OHIO;39;;;;;;;0;;AG LAND;AG LAND, INCL BUILDINGS - ASSET VALUE, MEASURED IN $ / ACRE;TOTAL;NOT SPECIFIED;9,65;
SURVEY;2026;YEAR;;STATE;OKLAHOMA;40;;;;;;;0;;AG LAND;AG LAND, INCL BUILDINGS - ASSET VALUE, MEASURED IN $ / ACRE;TOTAL;NOT SPECIFIED;2,62;
SURVEY;2026;YEAR;;STATE;OREGON;41;;;;;;;0;;AG LAND;AG LAND, INCL BUILDINGS - ASSET VALUE, MEASURED IN $ / ACRE;TOTAL;NOT SPECIFIED;3,88;
SURVEY;2026;YEAR;;STATE;PENNSYLVANIA;42;;;;;;;0;;AG LAND;AG LAND, INCL BUILDINGS - ASSET VALUE, MEASURED IN $ / ACRE;TOTAL;NOT SPECIFIED;8,7;
SURVEY;2026;YEAR;;STATE;RHODE ISLAND;44;;;;;;;0;;AG LAND;AG LAND, INCL BUILDINGS - ASSET VALUE, MEASURED IN $ / ACRE;TOTAL;NOT SPECIFIED;23,6;
SURVEY;2026;YEAR;;STATE;SOUTH CAROLINA;45;;;;;;;0;;AG LAND;AG LAND, INCL BUILDINGS - ASSET VALUE, MEASURED IN $ / ACRE;TOTAL;NOT SPECIFIED;4,9;
SURVEY;2026;YEAR;;STATE;SOUTH DAKOTA;46;;;;;;;0;;AG LAND;AG LAND, INCL BUILDINGS - ASSET VALUE, MEASURED IN $ / ACRE;TOTAL;NOT SPECIFIED;3,1;
SURVEY;2026;YEAR;;STATE;TENNESSEE;47;;;;;;;0;;AG LAND;AG LAND, INCL BUILDINGS - ASSET VALUE, MEASURED IN $ / ACRE;TOTAL;NOT SPECIFIED;6,5;
SURVEY;2026;YEAR;;STATE;TEXAS;48;;;;;;;0;;AG LAND;AG LAND, INCL BUILDINGS - ASSET VALUE, MEASURED IN $ / ACRE;TOTAL;NOT SPECIFIED;3,1;
SURVEY;2026;YEAR;;STATE;UTAH;49;;;;;;;0;;AG LAND;AG LAND, INCL BUILDINGS - ASSET VALUE, MEASURED IN $ / ACRE;TOTAL;NOT SPECIFIED;3,65;
SURVEY;2026;YEAR;;STATE;VERMONT;50;;;;;;;0;;AG LAND;AG LAND, INCL BUILDINGS - ASSET VALUE, MEASURED IN $ / ACRE;TOTAL;NOT SPECIFIED;4,49;
SURVEY;2026;YEAR;;STATE;VIRGINIA;51;;;;;;;0;;AG LAND;AG LAND, INCL BUILDINGS - ASSET VALUE, MEASURED IN $ / ACRE;TOTAL;NOT SPECIFIED;6,3;
SURVEY;2026;YEAR;;STATE;WASHINGTON;53;;;;;;;0;;AG LAND;AG LAND, INCL BUILDINGS - ASSET VALUE, MEASURED IN $ / ACRE;TOTAL;NOT SPECIFIED;3,8;
SURVEY;2026;YEAR;;STATE;WEST VIRGINIA;54;;;;;;;0;;AG LAND;AG LAND, INCL BUILDINGS - ASSET VALUE, MEASURED IN $ / ACRE;TOTAL;NOT SPECIFIED;3,64;
SURVEY;2026;YEAR;;STATE;WISCONSIN;55;;;;;;;0;;AG LAND;AG LAND, INCL BUILDINGS - ASSET VALUE, MEASURED IN $ / ACRE;TOTAL;NOT SPECIFIED;6,7;
SURVEY;2026;YEAR;;STATE;WYOMING;56;;;;;;;0;;AG LAND;AG LAND, INCL BUILDINGS - ASSET VALUE, MEASURED IN $ / ACRE;TOTAL;NOT SPECIFIED;1,03;
SURVEY;2025;YEAR;;STATE;ALABAMA;1;;;;;;;0;;AG LAND;AG LAND, INCL BUILDINGS - ASSET VALUE, MEASURED IN $ / ACRE;TOTAL;NOT SPECIFIED;4,15;
SURVEY;2025;YEAR;;STATE;ARIZONA;4;;;;;;;0;;AG LAND;AG LAND, INCL BUILDINGS - ASSET VALUE, MEASURED IN $ / ACRE;TOTAL;NOT SPECIFIED;4,18;
SURVEY;2025;YEAR;;STATE;ARKANSAS;5;;;;;;;0;;AG LAND;AG LAND, INCL BUILDINGS - ASSET VALUE, MEASURED IN $ / ACRE;TOTAL;NOT SPECIFIED;4,25;
SURVEY;2025;YEAR;;STATE;CALIFORNIA;6;;;;;;;0;;AG LAND;AG LAND, INCL BUILDINGS - ASSET VALUE, MEASURED IN $ / ACRE;TOTAL;NOT SPECIFIED;13,7;
SURVEY;2025;YEAR;;STATE;COLORADO;8;;;;;;;0;;AG LAND;AG LAND, INCL BUILDINGS - ASSET VALUE, MEASURED IN $ / ACRE;TOTAL;NOT SPECIFIED;2,29;
SURVEY;2025;YEAR;;STATE;CONNECTICUT;9;;;;;;;0;;AG LAND;AG LAND, INCL BUILDINGS - ASSET VALUE, MEASURED IN $ / ACRE;TOTAL;NOT SPECIFIED;14,4;
SURVEY;2025;YEAR;;STATE;DELAWARE;10;;;;;;;0;;AG LAND;AG LAND, INCL BUILDINGS - ASSET VALUE, MEASURED IN $ / ACRE;TOTAL;NOT SPECIFIED;9,55;
SURVEY;2025;YEAR;;STATE;FLORIDA;12;;;;;;;0;;AG LAND;AG LAND, INCL BUILDINGS - ASSET VALUE, MEASURED IN $ / ACRE;TOTAL;NOT SPECIFIED;8,7;
SURVEY;2025;YEAR;;STATE;GEORGIA;13;;;;;;;0;;AG LAND;AG LAND, INCL BUILDINGS - ASSET VALUE, MEASURED IN $ / ACRE;TOTAL;NOT SPECIFIED;4,72;
SURVEY;2025;YEAR;;STATE;IDAHO;16;;;;;;;0;;AG LAND;AG LAND, INCL BUILDINGS - ASSET VALUE, MEASURED IN $ / ACRE;TOTAL;NOT SPECIFIED;4,58;
SURVEY;2025;YEAR;;STATE;ILLINOIS;17;;;;;;;0;;AG LAND;AG LAND, INCL BUILDINGS - ASSET VALUE, MEASURED IN $ / ACRE;TOTAL;NOT SPECIFIED;8,93;
SURVEY;2025;YEAR;;STATE;INDIANA;18;;;;;;;0;;AG LAND;AG LAND, INCL BUILDINGS - ASSET VALUE, MEASURED IN $ / ACRE;TOTAL;NOT SPECIFIED;8,85;
SURVEY;2025;YEAR;;STATE;IOWA;19;;;;;;;0;;AG LAND;AG LAND, INCL BUILDINGS - ASSET VALUE, MEASURED IN $ / ACRE;TOTAL;NOT SPECIFIED;9,79;
SURVEY;2025;YEAR;;STATE;KANSAS;20;;;;;;;0;;AG LAND;AG LAND, INCL BUILDINGS - ASSET VALUE, MEASURED IN $ / ACRE;TOTAL;NOT SPECIFIED;3,1;
SURVEY;2025;YEAR;;STATE;KENTUCKY;21;;;;;;;0;;AG LAND;AG LAND, INCL BUILDINGS - ASSET VALUE, MEASURED IN $ / ACRE;TOTAL;NOT SPECIFIED;5,48;
SURVEY;2025;YEAR;;STATE;LOUISIANA;22;;;;;;;0;;AG LAND;AG LAND, INCL BUILDINGS - ASSET VALUE, MEASURED IN $ / ACRE;TOTAL;NOT SPECIFIED;3,85;
SURVEY;2025;YEAR;;STATE;MAINE;23;;;;;;;0;;AG LAND;AG LAND, INCL BUILDINGS - ASSET VALUE, MEASURED IN $ / ACRE;TOTAL;NOT SPECIFIED;3,35;
SURVEY;2025;YEAR;;STATE;MARYLAND;24;;;;;;;0;;AG LAND;AG LAND, INCL BUILDINGS - ASSET VALUE, MEASURED IN $ / ACRE;TOTAL;NOT SPECIFIED;9,75;
SURVEY;2025;YEAR;;STATE;MASSACHUSETTS;25;;;;;;;0;;AG LAND;AG LAND, INCL BUILDINGS - ASSET VALUE, MEASURED IN $ / ACRE;TOTAL;NOT SPECIFIED;14,9;
SURVEY;2025;YEAR;;STATE;MICHIGAN;26;;;;;;;0;;AG LAND;AG LAND, INCL BUILDINGS - ASSET VALUE, MEASURED IN $ / ACRE;TOTAL;NOT SPECIFIED;6,8;
SURVEY;2025;YEAR;;STATE;MINNESOTA;27;;;;;;;0;;AG LAND;AG LAND, INCL BUILDINGS - ASSET VALUE, MEASURED IN $ / ACRE;TOTAL;NOT SPECIFIED;6,79;
SURVEY;2025;YEAR;;STATE;MISSISSIPPI;28;;;;;;;0;;AG LAND;AG LAND, INCL BUILDINGS - ASSET VALUE, MEASURED IN $ / ACRE;TOTAL;NOT SPECIFIED;3,58;
SURVEY;2025;YEAR;;STATE;MISSOURI;29;;;;;;;0;;AG LAND;AG LAND, INCL BUILDINGS - ASSET VALUE, MEASURED IN $ / ACRE;TOTAL;NOT SPECIFIED;5;
SURVEY;2025;YEAR;;STATE;MONTANA;30;;;;;;;0;;AG LAND;AG LAND, INCL BUILDINGS - ASSET VALUE, MEASURED IN $ / ACRE;TOTAL;NOT SPECIFIED;1,23;
SURVEY;2025;YEAR;;STATE;NEBRASKA;31;;;;;;;0;;AG LAND;AG LAND, INCL BUILDINGS - ASSET VALUE, MEASURED IN $ / ACRE;TOTAL;NOT SPECIFIED;4,25;
SURVEY;2025;YEAR;;STATE;NEVADA;32;;;;;;;0;;AG LAND;AG LAND, INCL BUILDINGS - ASSET VALUE, MEASURED IN $ / ACRE;TOTAL;NOT SPECIFIED;1,2;
SURVEY;2025;YEAR;;STATE;NEW HAMPSHIRE;33;;;;;;;0;;AG LAND;AG LAND, INCL BUILDINGS - ASSET VALUE, MEASURED IN $ / ACRE;TOTAL;NOT SPECIFIED;6,5;
SURVEY;2025;YEAR;;STATE;NEW JERSEY;34;;;;;;;0;;AG LAND;AG LAND, INCL BUILDINGS - ASSET VALUE, MEASURED IN $ / ACRE;TOTAL;NOT SPECIFIED;16,6;
SURVEY;2025;YEAR;;STATE;NEW MEXICO;35;;;;;;;0;;AG LAND;AG LAND, INCL BUILDINGS - ASSET VALUE, MEASURED IN $ / ACRE;TOTAL;NOT SPECIFIED;725;
SURVEY;2025;YEAR;;STATE;NEW YORK;36;;;;;;;0;;AG LAND;AG LAND, INCL BUILDINGS - ASSET VALUE, MEASURED IN $ / ACRE;TOTAL;NOT SPECIFIED;4,3;
SURVEY;2025;YEAR;;STATE;NORTH CAROLINA;37;;;;;;;0;;AG LAND;AG LAND, INCL BUILDINGS - ASSET VALUE, MEASURED IN $ / ACRE;TOTAL;NOT SPECIFIED;5,47;
SURVEY;2025;YEAR;;STATE;NORTH DAKOTA;38;;;;;;;0;;AG LAND;AG LAND, INCL BUILDINGS - ASSET VALUE, MEASURED IN $ / ACRE;TOTAL;NOT SPECIFIED;2,36;
SURVEY;2025;YEAR;;STATE;OHIO;39;;;;;;;0;;AG LAND;AG LAND, INCL BUILDINGS - ASSET VALUE, MEASURED IN $ / ACRE;TOTAL;NOT SPECIFIED;9,35;
SURVEY;2025;YEAR;;STATE;OKLAHOMA;40;;;;;;;0;;AG LAND;AG LAND, INCL BUILDINGS - ASSET VALUE, MEASURED IN $ / ACRE;TOTAL;NOT SPECIFIED;2,54;
SURVEY;2025;YEAR;;STATE;OREGON;41;;;;;;;0;;AG LAND;AG LAND, INCL BUILDINGS - ASSET VALUE, MEASURED IN $ / ACRE;TOTAL;NOT SPECIFIED;3,78;
SURVEY;2025;YEAR;;STATE;OTHER STATES;;;;;;;;0;;AG LAND;AG LAND, INCL BUILDINGS - ASSET VALUE, MEASURED IN $ / ACRE;TOTAL;NOT SPECIFIED;0;
SURVEY;2025;YEAR;;STATE;PENNSYLVANIA;42;;;;;;;0;;AG LAND;AG LAND, INCL BUILDINGS - ASSET VALUE, MEASURED IN $ / ACRE;TOTAL;NOT SPECIFIED;8,49;
SURVEY;2025;YEAR;;STATE;RHODE ISLAND;44;;;;;;;0;;AG LAND;AG LAND, INCL BUILDINGS - ASSET VALUE, MEASURED IN $ / ACRE;TOTAL;NOT SPECIFIED;22,5;
SURVEY;2025;YEAR;;STATE;SOUTH CAROLINA;45;;;;;;;0;;AG LAND;AG LAND, INCL BUILDINGS - ASSET VALUE, MEASURED IN $ / ACRE;TOTAL;NOT SPECIFIED;4,74;
SURVEY;2025;YEAR;;STATE;SOUTH DAKOTA;46;;;;;;;0;;AG LAND;AG LAND, INCL BUILDINGS - ASSET VALUE, MEASURED IN $ / ACRE;TOTAL;NOT SPECIFIED;2,97;
SURVEY;2025;YEAR;;STATE;TENNESSEE;47;;;;;;;0;;AG LAND;AG LAND, INCL BUILDINGS - ASSET VALUE, MEASURED IN $ / ACRE;TOTAL;NOT SPECIFIED;6,15;
SURVEY;2025;YEAR;;STATE;TEXAS;48;;;;;;;0;;AG LAND;AG LAND, INCL BUILDINGS - ASSET VALUE, MEASURED IN $ / ACRE;TOTAL;NOT SPECIFIED;2,97;
SURVEY;2025;YEAR;;STATE;UTAH;49;;;;;;;0;;AG LAND;AG LAND, INCL BUILDINGS - ASSET VALUE, MEASURED IN $ / ACRE;TOTAL;NOT SPECIFIED;3,5;
SURVEY;2025;YEAR;;STATE;VERMONT;50;;;;;;;0;;AG LAND;AG LAND, INCL BUILDINGS - ASSET VALUE, MEASURED IN $ / ACRE;TOTAL;NOT SPECIFIED;4,4;
SURVEY;2025;YEAR;;STATE;VIRGINIA;51;;;;;;;0;;AG LAND;AG LAND, INCL BUILDINGS - ASSET VALUE, MEASURED IN $ / ACRE;TOTAL;NOT SPECIFIED;6,1;
SURVEY;2025;YEAR;;STATE;WASHINGTON;53;;;;;;;0;;AG LAND;AG LAND, INCL BUILDINGS - ASSET VALUE, MEASURED IN $ / ACRE;TOTAL;NOT SPECIFIED;3,71;
SURVEY;2025;YEAR;;STATE;WEST VIRGINIA;54;;;;;;;0;;AG LAND;AG LAND, INCL BUILDINGS - ASSET VALUE, MEASURED IN $ / ACRE;TOTAL;NOT SPECIFIED;3,52;
SURVEY;2025;YEAR;;STATE;WISCONSIN;55;;;;;;;0;;AG LAND;AG LAND, INCL BUILDINGS - ASSET VALUE, MEASURED IN $ / ACRE;TOTAL;NOT SPECIFIED;6,42;
SURVEY;2025;YEAR;;STATE;WYOMING;56;;;;;;;0;;AG LAND;AG LAND, INCL BUILDINGS - ASSET VALUE, MEASURED IN $ / ACRE;TOTAL;NOT SPECIFIED;1;
SURVEY;2024;YEAR;;STATE;ALABAMA;1;;;;;;;0;;AG LAND;AG LAND, INCL BUILDINGS - ASSET VALUE, MEASURED IN $ / ACRE;TOTAL;NOT SPECIFIED;4;
SURVEY;2024;YEAR;;STATE;ARIZONA;4;;;;;;;0;;AG LAND;AG LAND, INCL BUILDINGS - ASSET VALUE, MEASURED IN $ / ACRE;TOTAL;NOT SPECIFIED;4;
SURVEY;2024;YEAR;;STATE;ARKANSAS;5;;;;;;;0;;AG LAND;AG LAND, INCL BUILDINGS - ASSET VALUE, MEASURED IN $ / ACRE;TOTAL;NOT SPECIFIED;4,11;
SURVEY;2024;YEAR;;STATE;CALIFORNIA;6;;;;;;;0;;AG LAND;AG LAND, INCL BUILDINGS - ASSET VALUE, MEASURED IN $ / ACRE;TOTAL;NOT SPECIFIED;13,4;
SURVEY;2024;YEAR;;STATE;COLORADO;8;;;;;;;0;;AG LAND;AG LAND, INCL BUILDINGS - ASSET VALUE, MEASURED IN $ / ACRE;TOTAL;NOT SPECIFIED;2,2;
SURVEY;2024;YEAR;;STATE;CONNECTICUT;9;;;;;;;0;;AG LAND;AG LAND, INCL BUILDINGS - ASSET VALUE, MEASURED IN $ / ACRE;TOTAL;NOT SPECIFIED;14,3;
SURVEY;2024;YEAR;;STATE;FLORIDA;12;;;;;;;0;;AG LAND;AG LAND, INCL BUILDINGS - ASSET VALUE, MEASURED IN $ / ACRE;TOTAL;NOT SPECIFIED;8,3;
SURVEY;2024;YEAR;;STATE;GEORGIA;13;;;;;;;0;;AG LAND;AG LAND, INCL BUILDINGS - ASSET VALUE, MEASURED IN $ / ACRE;TOTAL;NOT SPECIFIED;4,5;
SURVEY;2024;YEAR;;STATE;IDAHO;16;;;;;;;0;;AG LAND;AG LAND, INCL BUILDINGS - ASSET VALUE, MEASURED IN $ / ACRE;TOTAL;NOT SPECIFIED;4,39;
SURVEY;2024;YEAR;;STATE;ILLINOIS;17;;;;;;;0;;AG LAND;AG LAND, INCL BUILDINGS - ASSET VALUE, MEASURED IN $ / ACRE;TOTAL;NOT SPECIFIED;8,7;
SURVEY;2024;YEAR;;STATE;INDIANA;18;;;;;;;0;;AG LAND;AG LAND, INCL BUILDINGS - ASSET VALUE, MEASURED IN $ / ACRE;TOTAL;NOT SPECIFIED;8,51;
SURVEY;2024;YEAR;;STATE;IOWA;19;;;;;;;0;;AG LAND;AG LAND, INCL BUILDINGS - ASSET VALUE, MEASURED IN $ / ACRE;TOTAL;NOT SPECIFIED;9,42;
SURVEY;2024;YEAR;;STATE;KANSAS;20;;;;;;;0;;AG LAND;AG LAND, INCL BUILDINGS - ASSET VALUE, MEASURED IN $ / ACRE;TOTAL;NOT SPECIFIED;2,97;
SURVEY;2024;YEAR;;STATE;KENTUCKY;21;;;;;;;0;;AG LAND;AG LAND, INCL BUILDINGS - ASSET VALUE, MEASURED IN $ / ACRE;TOTAL;NOT SPECIFIED;5,3;
SURVEY;2024;YEAR;;STATE;LOUISIANA;22;;;;;;;0;;AG LAND;AG LAND, INCL BUILDINGS - ASSET VALUE, MEASURED IN $ / ACRE;TOTAL;NOT SPECIFIED;3,72;
SURVEY;2024;YEAR;;STATE;MAINE;23;;;;;;;0;;AG LAND;AG LAND, INCL BUILDINGS - ASSET VALUE, MEASURED IN $ / ACRE;TOTAL;NOT SPECIFIED;3,26;
SURVEY;2024;YEAR;;STATE;MARYLAND;24;;;;;;;0;;AG LAND;AG LAND, INCL BUILDINGS - ASSET VALUE, MEASURED IN $ / ACRE;TOTAL;NOT SPECIFIED;9,47;
SURVEY;2024;YEAR;;STATE;MASSACHUSETTS;25;;;;;;;0;;AG LAND;AG LAND, INCL BUILDINGS - ASSET VALUE, MEASURED IN $ / ACRE;TOTAL;NOT SPECIFIED;14,3;
SURVEY;2024;YEAR;;STATE;MICHIGAN;26;;;;;;;0;;AG LAND;AG LAND, INCL BUILDINGS - ASSET VALUE, MEASURED IN $ / ACRE;TOTAL;NOT SPECIFIED;6,31;
SURVEY;2024;YEAR;;STATE;MINNESOTA;27;;;;;;;0;;AG LAND;AG LAND, INCL BUILDINGS - ASSET VALUE, MEASURED IN $ / ACRE;TOTAL;NOT SPECIFIED;6,45;
SURVEY;2024;YEAR;;STATE;MISSISSIPPI;28;;;;;;;0;;AG LAND;AG LAND, INCL BUILDINGS - ASSET VALUE, MEASURED IN $ / ACRE;TOTAL;NOT SPECIFIED;3,49;
SURVEY;2024;YEAR;;STATE;MISSOURI;29;;;;;;;0;;AG LAND;AG LAND, INCL BUILDINGS - ASSET VALUE, MEASURED IN $ / ACRE;TOTAL;NOT SPECIFIED;4,8;
SURVEY;2024;YEAR;;STATE;MONTANA;30;;;;;;;0;;AG LAND;AG LAND, INCL BUILDINGS - ASSET VALUE, MEASURED IN $ / ACRE;TOTAL;NOT SPECIFIED;1,2;
SURVEY;2024;YEAR;;STATE;NEBRASKA;31;;;;;;;0;;AG LAND;AG LAND, INCL BUILDINGS - ASSET VALUE, MEASURED IN $ / ACRE;TOTAL;NOT SPECIFIED;4,08;
SURVEY;2024;YEAR;;STATE;NEVADA;32;;;;;;;0;;AG LAND;AG LAND, INCL BUILDINGS - ASSET VALUE, MEASURED IN $ / ACRE;TOTAL;NOT SPECIFIED;1,15;
SURVEY;2024;YEAR;;STATE;NEW HAMPSHIRE;33;;;;;;;0;;AG LAND;AG LAND, INCL BUILDINGS - ASSET VALUE, MEASURED IN $ / ACRE;TOTAL;NOT SPECIFIED;6,25;
SURVEY;2024;YEAR;;STATE;NEW JERSEY;34;;;;;;;0;;AG LAND;AG LAND, INCL BUILDINGS - ASSET VALUE, MEASURED IN $ / ACRE;TOTAL;NOT SPECIFIED;16,2;
SURVEY;2024;YEAR;;STATE;NEW MEXICO;35;;;;;;;0;;AG LAND;AG LAND, INCL BUILDINGS - ASSET VALUE, MEASURED IN $ / ACRE;TOTAL;NOT SPECIFIED;700;
SURVEY;2024;YEAR;;STATE;NEW YORK;36;;;;;;;0;;AG LAND;AG LAND, INCL BUILDINGS - ASSET VALUE, MEASURED IN $ / ACRE;TOTAL;NOT SPECIFIED;4,15;
SURVEY;2024;YEAR;;STATE;NORTH CAROLINA;37;;;;;;;0;;AG LAND;AG LAND, INCL BUILDINGS - ASSET VALUE, MEASURED IN $ / ACRE;TOTAL;NOT SPECIFIED;5,19;
SURVEY;2024;YEAR;;STATE;NORTH DAKOTA;38;;;;;;;0;;AG LAND;AG LAND, INCL BUILDINGS - ASSET VALUE, MEASURED IN $ / ACRE;TOTAL;NOT SPECIFIED;2,26;
SURVEY;2024;YEAR;;STATE;OHIO;39;;;;;;;0;;AG LAND;AG LAND, INCL BUILDINGS - ASSET VALUE, MEASURED IN $ / ACRE;TOTAL;NOT SPECIFIED;8,76;
SURVEY;2024;YEAR;;STATE;OKLAHOMA;40;;;;;;;0;;AG LAND;AG LAND, INCL BUILDINGS - ASSET VALUE, MEASURED IN $ / ACRE;TOTAL;NOT SPECIFIED;2,4;
SURVEY;2024;YEAR;;STATE;OREGON;41;;;;;;;0;;AG LAND;AG LAND, INCL BUILDINGS - ASSET VALUE, MEASURED IN $ / ACRE;TOTAL;NOT SPECIFIED;3,72;
SURVEY;2024;YEAR;;STATE;PENNSYLVANIA;42;;;;;;;0;;AG LAND;AG LAND, INCL BUILDINGS - ASSET VALUE, MEASURED IN $ / ACRE;TOTAL;NOT SPECIFIED;8,16;
SURVEY;2024;YEAR;;STATE;RHODE ISLAND;44;;;;;;;0;;AG LAND;AG LAND, INCL BUILDINGS - ASSET VALUE, MEASURED IN $ / ACRE;TOTAL;NOT SPECIFIED;22;
SURVEY;2024;YEAR;;STATE;SOUTH CAROLINA;45;;;;;;;0;;AG LAND;AG LAND, INCL BUILDINGS - ASSET VALUE, MEASURED IN $ / ACRE;TOTAL;NOT SPECIFIED;4,5;
SURVEY;2024;YEAR;;STATE;SOUTH DAKOTA;46;;;;;;;0;;AG LAND;AG LAND, INCL BUILDINGS - ASSET VALUE, MEASURED IN $ / ACRE;TOTAL;NOT SPECIFIED;2,78;
SURVEY;2024;YEAR;;STATE;TENNESSEE;47;;;;;;;0;;AG LAND;AG LAND, INCL BUILDINGS - ASSET VALUE, MEASURED IN $ / ACRE;TOTAL;NOT SPECIFIED;5,71;
SURVEY;2024;YEAR;;STATE;TEXAS;48;;;;;;;0;;AG LAND;AG LAND, INCL BUILDINGS - ASSET VALUE, MEASURED IN $ / ACRE;TOTAL;NOT SPECIFIED;2,8;
SURVEY;2024;YEAR;;STATE;UTAH;49;;;;;;;0;;AG LAND;AG LAND, INCL BUILDINGS - ASSET VALUE, MEASURED IN $ / ACRE;TOTAL;NOT SPECIFIED;3,3;
SURVEY;2024;YEAR;;STATE;VERMONT;50;;;;;;;0;;AG LAND;AG LAND, INCL BUILDINGS - ASSET VALUE, MEASURED IN $ / ACRE;TOTAL;NOT SPECIFIED;4,35;
SURVEY;2024;YEAR;;STATE;VIRGINIA;51;;;;;;;0;;AG LAND;AG LAND, INCL BUILDINGS - ASSET VALUE, MEASURED IN $ / ACRE;TOTAL;NOT SPECIFIED;5,85;
SURVEY;2024;YEAR;;STATE;WASHINGTON;53;;;;;;;0;;AG LAND;AG LAND, INCL BUILDINGS - ASSET VALUE, MEASURED IN $ / ACRE;TOTAL;NOT SPECIFIED;3,62;
SURVEY;2024;YEAR;;STATE;WEST VIRGINIA;54;;;;;;;0;;AG LAND;AG LAND, INCL BUILDINGS - ASSET VALUE, MEASURED IN $ / ACRE;TOTAL;NOT SPECIFIED;3,42;
SURVEY;2024;YEAR;;STATE;WISCONSIN;55;;;;;;;0;;AG LAND;AG LAND, INCL BUILDINGS - ASSET VALUE, MEASURED IN $ / ACRE;TOTAL;NOT SPECIFIED;6,12;
SURVEY;2024;YEAR;;STATE;WYOMING;56;;;;;;;0;;AG LAND;AG LAND, INCL BUILDINGS - ASSET VALUE, MEASURED IN $ / ACRE;TOTAL;NOT SPECIFIED;975;
SURVEY;2023;YEAR;;STATE;ALABAMA;1;;;;;;;0;;AG LAND;AG LAND, INCL BUILDINGS - ASSET VALUE, MEASURED IN $ / ACRE;TOTAL;NOT SPECIFIED;3,66;
SURVEY;2023;YEAR;;STATE;ARIZONA;4;;;;;;;0;;AG LAND;AG LAND, INCL BUILDINGS - ASSET VALUE, MEASURED IN $ / ACRE;TOTAL;NOT SPECIFIED;3,78;
SURVEY;2023;YEAR;;STATE;ARKANSAS;5;;;;;;;0;;AG LAND;AG LAND, INCL BUILDINGS - ASSET VALUE, MEASURED IN $ / ACRE;TOTAL;NOT SPECIFIED;3,92;
SURVEY;2023;YEAR;;STATE;CALIFORNIA;6;;;;;;;0;;AG LAND;AG LAND, INCL BUILDINGS - ASSET VALUE, MEASURED IN $ / ACRE;TOTAL;NOT SPECIFIED;13,1;
SURVEY;2023;YEAR;;STATE;COLORADO;8;;;;;;;0;;AG LAND;AG LAND, INCL BUILDINGS - ASSET VALUE, MEASURED IN $ / ACRE;TOTAL;NOT SPECIFIED;2,15;
SURVEY;2023;YEAR;;STATE;CONNECTICUT;9;;;;;;;0;;AG LAND;AG LAND, INCL BUILDINGS - ASSET VALUE, MEASURED IN $ / ACRE;TOTAL;NOT SPECIFIED;13,9;
SURVEY;2023;YEAR;;STATE;DELAWARE;10;;;;;;;0;;AG LAND;AG LAND, INCL BUILDINGS - ASSET VALUE, MEASURED IN $ / ACRE;TOTAL;NOT SPECIFIED;9,52;
SURVEY;2023;YEAR;;STATE;FLORIDA;12;;;;;;;0;;AG LAND;AG LAND, INCL BUILDINGS - ASSET VALUE, MEASURED IN $ / ACRE;TOTAL;NOT SPECIFIED;7,32;
SURVEY;2023;YEAR;;STATE;GEORGIA;13;;;;;;;0;;AG LAND;AG LAND, INCL BUILDINGS - ASSET VALUE, MEASURED IN $ / ACRE;TOTAL;NOT SPECIFIED;4,27;
SURVEY;2023;YEAR;;STATE;IDAHO;16;;;;;;;0;;AG LAND;AG LAND, INCL BUILDINGS - ASSET VALUE, MEASURED IN $ / ACRE;TOTAL;NOT SPECIFIED;4,19;
SURVEY;2023;YEAR;;STATE;ILLINOIS;17;;;;;;;0;;AG LAND;AG LAND, INCL BUILDINGS - ASSET VALUE, MEASURED IN $ / ACRE;TOTAL;NOT SPECIFIED;8,42;
SURVEY;2023;YEAR;;STATE;INDIANA;18;;;;;;;0;;AG LAND;AG LAND, INCL BUILDINGS - ASSET VALUE, MEASURED IN $ / ACRE;TOTAL;NOT SPECIFIED;8,26;
SURVEY;2023;YEAR;;STATE;IOWA;19;;;;;;;0;;AG LAND;AG LAND, INCL BUILDINGS - ASSET VALUE, MEASURED IN $ / ACRE;TOTAL;NOT SPECIFIED;9,25;
SURVEY;2023;YEAR;;STATE;KANSAS;20;;;;;;;0;;AG LAND;AG LAND, INCL BUILDINGS - ASSET VALUE, MEASURED IN $ / ACRE;TOTAL;NOT SPECIFIED;2,75;
SURVEY;2023;YEAR;;STATE;KENTUCKY;21;;;;;;;0;;AG LAND;AG LAND, INCL BUILDINGS - ASSET VALUE, MEASURED IN $ / ACRE;TOTAL;NOT SPECIFIED;4,93;
SURVEY;2023;YEAR;;STATE;LOUISIANA;22;;;;;;;0;;AG LAND;AG LAND, INCL BUILDINGS - ASSET VALUE, MEASURED IN $ / ACRE;TOTAL;NOT SPECIFIED;3,6;
SURVEY;2023;YEAR;;STATE;MAINE;23;;;;;;;0;;AG LAND;AG LAND, INCL BUILDINGS - ASSET VALUE, MEASURED IN $ / ACRE;TOTAL;NOT SPECIFIED;3,17;
SURVEY;2023;YEAR;;STATE;MARYLAND;24;;;;;;;0;;AG LAND;AG LAND, INCL BUILDINGS - ASSET VALUE, MEASURED IN $ / ACRE;TOTAL;NOT SPECIFIED;9,26;
SURVEY;2023;YEAR;;STATE;MASSACHUSETTS;25;;;;;;;0;;AG LAND;AG LAND, INCL BUILDINGS - ASSET VALUE, MEASURED IN $ / ACRE;TOTAL;NOT SPECIFIED;13,8;
SURVEY;2023;YEAR;;STATE;MICHIGAN;26;;;;;;;0;;AG LAND;AG LAND, INCL BUILDINGS - ASSET VALUE, MEASURED IN $ / ACRE;TOTAL;NOT SPECIFIED;5,88;
SURVEY;2023;YEAR;;STATE;MINNESOTA;27;;;;;;;0;;AG LAND;AG LAND, INCL BUILDINGS - ASSET VALUE, MEASURED IN $ / ACRE;TOTAL;NOT SPECIFIED;6,11;
SURVEY;2023;YEAR;;STATE;MISSISSIPPI;28;;;;;;;0;;AG LAND;AG LAND, INCL BUILDINGS - ASSET VALUE, MEASURED IN $ / ACRE;TOTAL;NOT SPECIFIED;3,37;
SURVEY;2023;YEAR;;STATE;MISSOURI;29;;;;;;;0;;AG LAND;AG LAND, INCL BUILDINGS - ASSET VALUE, MEASURED IN $ / ACRE;TOTAL;NOT SPECIFIED;4,61;
SURVEY;2023;YEAR;;STATE;MONTANA;30;;;;;;;0;;AG LAND;AG LAND, INCL BUILDINGS - ASSET VALUE, MEASURED IN $ / ACRE;TOTAL;NOT SPECIFIED;1,18;
SURVEY;2023;YEAR;;STATE;NEBRASKA;31;;;;;;;0;;AG LAND;AG LAND, INCL BUILDINGS - ASSET VALUE, MEASURED IN $ / ACRE;TOTAL;NOT SPECIFIED;3,82;
SURVEY;2023;YEAR;;STATE;NEVADA;32;;;;;;;0;;AG LAND;AG LAND, INCL BUILDINGS - ASSET VALUE, MEASURED IN $ / ACRE;TOTAL;NOT SPECIFIED;1,12;
SURVEY;2023;YEAR;;STATE;NEW HAMPSHIRE;33;;;;;;;0;;AG LAND;AG LAND, INCL BUILDINGS - ASSET VALUE, MEASURED IN $ / ACRE;TOTAL;NOT SPECIFIED;5,94;
SURVEY;2023;YEAR;;STATE;NEW JERSEY;34;;;;;;;0;;AG LAND;AG LAND, INCL BUILDINGS - ASSET VALUE, MEASURED IN $ / ACRE;TOTAL;NOT SPECIFIED;16;
SURVEY;2023;YEAR;;STATE;NEW MEXICO;35;;;;;;;0;;AG LAND;AG LAND, INCL BUILDINGS - ASSET VALUE, MEASURED IN $ / ACRE;TOTAL;NOT SPECIFIED;671;
SURVEY;2023;YEAR;;STATE;NEW YORK;36;;;;;;;0;;AG LAND;AG LAND, INCL BUILDINGS - ASSET VALUE, MEASURED IN $ / ACRE;TOTAL;NOT SPECIFIED;3,96;
SURVEY;2023;YEAR;;STATE;NORTH CAROLINA;37;;;;;;;0;;AG LAND;AG LAND, INCL BUILDINGS - ASSET VALUE, MEASURED IN $ / ACRE;TOTAL;NOT SPECIFIED;4,85;
SURVEY;2023;YEAR;;STATE;NORTH DAKOTA;38;;;;;;;0;;AG LAND;AG LAND, INCL BUILDINGS - ASSET VALUE, MEASURED IN $ / ACRE;TOTAL;NOT SPECIFIED;2,14;
SURVEY;2023;YEAR;;STATE;OHIO;39;;;;;;;0;;AG LAND;AG LAND, INCL BUILDINGS - ASSET VALUE, MEASURED IN $ / ACRE;TOTAL;NOT SPECIFIED;8,04;
SURVEY;2023;YEAR;;STATE;OKLAHOMA;40;;;;;;;0;;AG LAND;AG LAND, INCL BUILDINGS - ASSET VALUE, MEASURED IN $ / ACRE;TOTAL;NOT SPECIFIED;2,21;
SURVEY;2023;YEAR;;STATE;OREGON;41;;;;;;;0;;AG LAND;AG LAND, INCL BUILDINGS - ASSET VALUE, MEASURED IN $ / ACRE;TOTAL;NOT SPECIFIED;3,5;
SURVEY;2023;YEAR;;STATE;PENNSYLVANIA;42;;;;;;;0;;AG LAND;AG LAND, INCL BUILDINGS - ASSET VALUE, MEASURED IN $ / ACRE;TOTAL;NOT SPECIFIED;8,02;
SURVEY;2023;YEAR;;STATE;RHODE ISLAND;44;;;;;;;0;;AG LAND;AG LAND, INCL BUILDINGS - ASSET VALUE, MEASURED IN $ / ACRE;TOTAL;NOT SPECIFIED;20,1;
SURVEY;2023;YEAR;;STATE;SOUTH CAROLINA;45;;;;;;;0;;AG LAND;AG LAND, INCL BUILDINGS - ASSET VALUE, MEASURED IN $ / ACRE;TOTAL;NOT SPECIFIED;4,36;
SURVEY;2023;YEAR;;STATE;SOUTH DAKOTA;46;;;;;;;0;;AG LAND;AG LAND, INCL BUILDINGS - ASSET VALUE, MEASURED IN $ / ACRE;TOTAL;NOT SPECIFIED;2,63;
SURVEY;2023;YEAR;;STATE;TENNESSEE;47;;;;;;;0;;AG LAND;AG LAND, INCL BUILDINGS - ASSET VALUE, MEASURED IN $ / ACRE;TOTAL;NOT SPECIFIED;5,16;
SURVEY;2023;YEAR;;STATE;TEXAS;48;;;;;;;0;;AG LAND;AG LAND, INCL BUILDINGS - ASSET VALUE, MEASURED IN $ / ACRE;TOTAL;NOT SPECIFIED;2,61;
SURVEY;2023;YEAR;;STATE;UTAH;49;;;;;;;0;;AG LAND;AG LAND, INCL BUILDINGS - ASSET VALUE, MEASURED IN $ / ACRE;TOTAL;NOT SPECIFIED;3,04;
SURVEY;2023;YEAR;;STATE;VERMONT;50;;;;;;;0;;AG LAND;AG LAND, INCL BUILDINGS - ASSET VALUE, MEASURED IN $ / ACRE;TOTAL;NOT SPECIFIED;4,14;
SURVEY;2023;YEAR;;STATE;VIRGINIA;51;;;;;;;0;;AG LAND;AG LAND, INCL BUILDINGS - ASSET VALUE, MEASURED IN $ / ACRE;TOTAL;NOT SPECIFIED;5,3;
SURVEY;2023;YEAR;;STATE;WASHINGTON;53;;;;;;;0;;AG LAND;AG LAND, INCL BUILDINGS - ASSET VALUE, MEASURED IN $ / ACRE;TOTAL;NOT SPECIFIED;3,51;
SURVEY;2023;YEAR;;STATE;WEST VIRGINIA;54;;;;;;;0;;AG LAND;AG LAND, INCL BUILDINGS - ASSET VALUE, MEASURED IN $ / ACRE;TOTAL;NOT SPECIFIED;3,3;
SURVEY;2023;YEAR;;STATE;WISCONSIN;55;;;;;;;0;;AG LAND;AG LAND, INCL BUILDINGS - ASSET VALUE, MEASURED IN $ / ACRE;TOTAL;NOT SPECIFIED;6,12;
SURVEY;2023;YEAR;;STATE;WYOMING;56;;;;;;;0;;AG LAND;AG LAND, INCL BUILDINGS - ASSET VALUE, MEASURED IN $ / ACRE;TOTAL;NOT SPECIFIED;968;
SURVEY;2022;YEAR;;STATE;ALABAMA;1;;;;;;;0;;AG LAND;AG LAND, INCL BUILDINGS - ASSET VALUE, MEASURED IN $ / ACRE;TOTAL;NOT SPECIFIED;3,52;
SURVEY;2022;YEAR;;STATE;ARIZONA;4;;;;;;;0;;AG LAND;AG LAND, INCL BUILDINGS - ASSET VALUE, MEASURED IN $ / ACRE;TOTAL;NOT SPECIFIED;3,86;
SURVEY;2022;YEAR;;STATE;ARKANSAS;5;;;;;;;0;;AG LAND;AG LAND, INCL BUILDINGS - ASSET VALUE, MEASURED IN $ / ACRE;TOTAL;NOT SPECIFIED;3,8;
SURVEY;2022;YEAR;;STATE;CALIFORNIA;6;;;;;;;0;;AG LAND;AG LAND, INCL BUILDINGS - ASSET VALUE, MEASURED IN $ / ACRE;TOTAL;NOT SPECIFIED;12,6;
SURVEY;2022;YEAR;;STATE;COLORADO;8;;;;;;;0;;AG LAND;AG LAND, INCL BUILDINGS - ASSET VALUE, MEASURED IN $ / ACRE;TOTAL;NOT SPECIFIED;1,91;
SURVEY;2022;YEAR;;STATE;CONNECTICUT;9;;;;;;;0;;AG LAND;AG LAND, INCL BUILDINGS - ASSET VALUE, MEASURED IN $ / ACRE;TOTAL;NOT SPECIFIED;13,5;
SURVEY;2022;YEAR;;STATE;DELAWARE;10;;;;;;;0;;AG LAND;AG LAND, INCL BUILDINGS - ASSET VALUE, MEASURED IN $ / ACRE;TOTAL;NOT SPECIFIED;9,57;
SURVEY;2022;YEAR;;STATE;FLORIDA;12;;;;;;;0;;AG LAND;AG LAND, INCL BUILDINGS - ASSET VALUE, MEASURED IN $ / ACRE;TOTAL;NOT SPECIFIED;6,92;
SURVEY;2022;YEAR;;STATE;GEORGIA;13;;;;;;;0;;AG LAND;AG LAND, INCL BUILDINGS - ASSET VALUE, MEASURED IN $ / ACRE;TOTAL;NOT SPECIFIED;3,9;
SURVEY;2022;YEAR;;STATE;IDAHO;16;;;;;;;0;;AG LAND;AG LAND, INCL BUILDINGS - ASSET VALUE, MEASURED IN $ / ACRE;TOTAL;NOT SPECIFIED;3,99;
SURVEY;2022;YEAR;;STATE;ILLINOIS;17;;;;;;;0;;AG LAND;AG LAND, INCL BUILDINGS - ASSET VALUE, MEASURED IN $ / ACRE;TOTAL;NOT SPECIFIED;8,22;
SURVEY;2022;YEAR;;STATE;INDIANA;18;;;;;;;0;;AG LAND;AG LAND, INCL BUILDINGS - ASSET VALUE, MEASURED IN $ / ACRE;TOTAL;NOT SPECIFIED;7,4;
SURVEY;2022;YEAR;;STATE;IOWA;19;;;;;;;0;;AG LAND;AG LAND, INCL BUILDINGS - ASSET VALUE, MEASURED IN $ / ACRE;TOTAL;NOT SPECIFIED;8,88;
SURVEY;2022;YEAR;;STATE;KANSAS;20;;;;;;;0;;AG LAND;AG LAND, INCL BUILDINGS - ASSET VALUE, MEASURED IN $ / ACRE;TOTAL;NOT SPECIFIED;2,42;
SURVEY;2022;YEAR;;STATE;KENTUCKY;21;;;;;;;0;;AG LAND;AG LAND, INCL BUILDINGS - ASSET VALUE, MEASURED IN $ / ACRE;TOTAL;NOT SPECIFIED;4,52;
SURVEY;2022;YEAR;;STATE;LOUISIANA;22;;;;;;;0;;AG LAND;AG LAND, INCL BUILDINGS - ASSET VALUE, MEASURED IN $ / ACRE;TOTAL;NOT SPECIFIED;3,49;
SURVEY;2022;YEAR;;STATE;MAINE;23;;;;;;;0;;AG LAND;AG LAND, INCL BUILDINGS - ASSET VALUE, MEASURED IN $ / ACRE;TOTAL;NOT SPECIFIED;3,09;
SURVEY;2022;YEAR;;STATE;MARYLAND;24;;;;;;;0;;AG LAND;AG LAND, INCL BUILDINGS - ASSET VALUE, MEASURED IN $ / ACRE;TOTAL;NOT SPECIFIED;9,35;
SURVEY;2022;YEAR;;STATE;MASSACHUSETTS;25;;;;;;;0;;AG LAND;AG LAND, INCL BUILDINGS - ASSET VALUE, MEASURED IN $ / ACRE;TOTAL;NOT SPECIFIED;14;
SURVEY;2022;YEAR;;STATE;MICHIGAN;26;;;;;;;0;;AG LAND;AG LAND, INCL BUILDINGS - ASSET VALUE, MEASURED IN $ / ACRE;TOTAL;NOT SPECIFIED;5,47;
SURVEY;2022;YEAR;;STATE;MINNESOTA;27;;;;;;;0;;AG LAND;AG LAND, INCL BUILDINGS - ASSET VALUE, MEASURED IN $ / ACRE;TOTAL;NOT SPECIFIED;5,78;
SURVEY;2022;YEAR;;STATE;MISSISSIPPI;28;;;;;;;0;;AG LAND;AG LAND, INCL BUILDINGS - ASSET VALUE, MEASURED IN $ / ACRE;TOTAL;NOT SPECIFIED;3,24;
SURVEY;2022;YEAR;;STATE;MISSOURI;29;;;;;;;0;;AG LAND;AG LAND, INCL BUILDINGS - ASSET VALUE, MEASURED IN $ / ACRE;TOTAL;NOT SPECIFIED;4,23;
SURVEY;2022;YEAR;;STATE;MONTANA;30;;;;;;;0;;AG LAND;AG LAND, INCL BUILDINGS - ASSET VALUE, MEASURED IN $ / ACRE;TOTAL;NOT SPECIFIED;1,11;
SURVEY;2022;YEAR;;STATE;NEBRASKA;31;;;;;;;0;;AG LAND;AG LAND, INCL BUILDINGS - ASSET VALUE, MEASURED IN $ / ACRE;TOTAL;NOT SPECIFIED;3,45;
SURVEY;2022;YEAR;;STATE;NEVADA;32;;;;;;;0;;AG LAND;AG LAND, INCL BUILDINGS - ASSET VALUE, MEASURED IN $ / ACRE;TOTAL;NOT SPECIFIED;1,11;
SURVEY;2022;YEAR;;STATE;NEW HAMPSHIRE;33;;;;;;;0;;AG LAND;AG LAND, INCL BUILDINGS - ASSET VALUE, MEASURED IN $ / ACRE;TOTAL;NOT SPECIFIED;5,77;
SURVEY;2022;YEAR;;STATE;NEW JERSEY;34;;;;;;;0;;AG LAND;AG LAND, INCL BUILDINGS - ASSET VALUE, MEASURED IN $ / ACRE;TOTAL;NOT SPECIFIED;14,2;
SURVEY;2022;YEAR;;STATE;NEW MEXICO;35;;;;;;;0;;AG LAND;AG LAND, INCL BUILDINGS - ASSET VALUE, MEASURED IN $ / ACRE;TOTAL;NOT SPECIFIED;658;
SURVEY;2022;YEAR;;STATE;NEW YORK;36;;;;;;;0;;AG LAND;AG LAND, INCL BUILDINGS - ASSET VALUE, MEASURED IN $ / ACRE;TOTAL;NOT SPECIFIED;3,72;
SURVEY;2022;YEAR;;STATE;NORTH CAROLINA;37;;;;;;;0;;AG LAND;AG LAND, INCL BUILDINGS - ASSET VALUE, MEASURED IN $ / ACRE;TOTAL;NOT SPECIFIED;4,86;
SURVEY;2022;YEAR;;STATE;NORTH DAKOTA;38;;;;;;;0;;AG LAND;AG LAND, INCL BUILDINGS - ASSET VALUE, MEASURED IN $ / ACRE;TOTAL;NOT SPECIFIED;1,92;
SURVEY;2022;YEAR;;STATE;OHIO;39;;;;;;;0;;AG LAND;AG LAND, INCL BUILDINGS - ASSET VALUE, MEASURED IN $ / ACRE;TOTAL;NOT SPECIFIED;7,38;
SURVEY;2022;YEAR;;STATE;OKLAHOMA;40;;;;;;;0;;AG LAND;AG LAND, INCL BUILDINGS - ASSET VALUE, MEASURED IN $ / ACRE;TOTAL;NOT SPECIFIED;2,07;
SURVEY;2022;YEAR;;STATE;OREGON;41;;;;;;;0;;AG LAND;AG LAND, INCL BUILDINGS - ASSET VALUE, MEASURED IN $ / ACRE;TOTAL;NOT SPECIFIED;3,28;
SURVEY;2022;YEAR;;STATE;PENNSYLVANIA;42;;;;;;;0;;AG LAND;AG LAND, INCL BUILDINGS - ASSET VALUE, MEASURED IN $ / ACRE;TOTAL;NOT SPECIFIED;7,66;
SURVEY;2022;YEAR;;STATE;RHODE ISLAND;44;;;;;;;0;;AG LAND;AG LAND, INCL BUILDINGS - ASSET VALUE, MEASURED IN $ / ACRE;TOTAL;NOT SPECIFIED;18,9;
SURVEY;2022;YEAR;;STATE;SOUTH CAROLINA;45;;;;;;;0;;AG LAND;AG LAND, INCL BUILDINGS - ASSET VALUE, MEASURED IN $ / ACRE;TOTAL;NOT SPECIFIED;4,07;
SURVEY;2022;YEAR;;STATE;SOUTH DAKOTA;46;;;;;;;0;;AG LAND;AG LAND, INCL BUILDINGS - ASSET VALUE, MEASURED IN $ / ACRE;TOTAL;NOT SPECIFIED;2,39;
SURVEY;2022;YEAR;;STATE;TENNESSEE;47;;;;;;;0;;AG LAND;AG LAND, INCL BUILDINGS - ASSET VALUE, MEASURED IN $ / ACRE;TOTAL;NOT SPECIFIED;4,74;
SURVEY;2022;YEAR;;STATE;TEXAS;48;;;;;;;0;;AG LAND;AG LAND, INCL BUILDINGS - ASSET VALUE, MEASURED IN $ / ACRE;TOTAL;NOT SPECIFIED;2,44;
SURVEY;2022;YEAR;;STATE;UTAH;49;;;;;;;0;;AG LAND;AG LAND, INCL BUILDINGS - ASSET VALUE, MEASURED IN $ / ACRE;TOTAL;NOT SPECIFIED;2,89;
SURVEY;2022;YEAR;;STATE;VERMONT;50;;;;;;;0;;AG LAND;AG LAND, INCL BUILDINGS - ASSET VALUE, MEASURED IN $ / ACRE;TOTAL;NOT SPECIFIED;3,86;
SURVEY;2022;YEAR;;STATE;VIRGINIA;51;;;;;;;0;;AG LAND;AG LAND, INCL BUILDINGS - ASSET VALUE, MEASURED IN $ / ACRE;TOTAL;NOT SPECIFIED;4,95;
SURVEY;2022;YEAR;;STATE;WASHINGTON;53;;;;;;;0;;AG LAND;AG LAND, INCL BUILDINGS - ASSET VALUE, MEASURED IN $ / ACRE;TOTAL;NOT SPECIFIED;3,35;
SURVEY;2022;YEAR;;STATE;WEST VIRGINIA;54;;;;;;;0;;AG LAND;AG LAND, INCL BUILDINGS - ASSET VALUE, MEASURED IN $ / ACRE;TOTAL;NOT SPECIFIED;3,08;
SURVEY;2022;YEAR;;STATE;WISCONSIN;55;;;;;;;0;;AG LAND;AG LAND, INCL BUILDINGS - ASSET VALUE, MEASURED IN $ / ACRE;TOTAL;NOT SPECIFIED;5,64;
SURVEY;2022;YEAR;;STATE;WYOMING;56;;;;;;;0;;AG LAND;AG LAND, INCL BUILDINGS - ASSET VALUE, MEASURED IN $ / ACRE;TOTAL;NOT SPECIFIED;917;
SURVEY;2021;YEAR;;STATE;ALABAMA;1;;;;;;;0;;AG LAND;AG LAND, INCL BUILDINGS - ASSET VALUE, MEASURED IN $ / ACRE;TOTAL;NOT SPECIFIED;3,29;
SURVEY;2021;YEAR;;STATE;ARIZONA;4;;;;;;;0;;AG LAND;AG LAND, INCL BUILDINGS - ASSET VALUE, MEASURED IN $ / ACRE;TOTAL;NOT SPECIFIED;3,66;
SURVEY;2021;YEAR;;STATE;ARKANSAS;5;;;;;;;0;;AG LAND;AG LAND, INCL BUILDINGS - ASSET VALUE, MEASURED IN $ / ACRE;TOTAL;NOT SPECIFIED;3,57;
SURVEY;2021;YEAR;;STATE;CALIFORNIA;6;;;;;;;0;;AG LAND;AG LAND, INCL BUILDINGS - ASSET VALUE, MEASURED IN $ / ACRE;TOTAL;NOT SPECIFIED;11,3;
SURVEY;2021;YEAR;;STATE;COLORADO;8;;;;;;;0;;AG LAND;AG LAND, INCL BUILDINGS - ASSET VALUE, MEASURED IN $ / ACRE;TOTAL;NOT SPECIFIED;1,7;
SURVEY;2021;YEAR;;STATE;CONNECTICUT;9;;;;;;;0;;AG LAND;AG LAND, INCL BUILDINGS - ASSET VALUE, MEASURED IN $ / ACRE;TOTAL;NOT SPECIFIED;12,4;
SURVEY;2021;YEAR;;STATE;DELAWARE;10;;;;;;;0;;AG LAND;AG LAND, INCL BUILDINGS - ASSET VALUE, MEASURED IN $ / ACRE;TOTAL;NOT SPECIFIED;9,14;
SURVEY;2021;YEAR;;STATE;FLORIDA;12;;;;;;;0;;AG LAND;AG LAND, INCL BUILDINGS - ASSET VALUE, MEASURED IN $ / ACRE;TOTAL;NOT SPECIFIED;6,24;
SURVEY;2021;YEAR;;STATE;GEORGIA;13;;;;;;;0;;AG LAND;AG LAND, INCL BUILDINGS - ASSET VALUE, MEASURED IN $ / ACRE;TOTAL;NOT SPECIFIED;3,63;
SURVEY;2021;YEAR;;STATE;IDAHO;16;;;;;;;0;;AG LAND;AG LAND, INCL BUILDINGS - ASSET VALUE, MEASURED IN $ / ACRE;TOTAL;NOT SPECIFIED;3,55;
SURVEY;2021;YEAR;;STATE;ILLINOIS;17;;;;;;;0;;AG LAND;AG LAND, INCL BUILDINGS - ASSET VALUE, MEASURED IN $ / ACRE;TOTAL;NOT SPECIFIED;7,44;
SURVEY;2021;YEAR;;STATE;INDIANA;18;;;;;;;0;;AG LAND;AG LAND, INCL BUILDINGS - ASSET VALUE, MEASURED IN $ / ACRE;TOTAL;NOT SPECIFIED;6,7;
SURVEY;2021;YEAR;;STATE;IOWA;19;;;;;;;0;;AG LAND;AG LAND, INCL BUILDINGS - ASSET VALUE, MEASURED IN $ / ACRE;TOTAL;NOT SPECIFIED;7,42;
SURVEY;2021;YEAR;;STATE;KANSAS;20;;;;;;;0;;AG LAND;AG LAND, INCL BUILDINGS - ASSET VALUE, MEASURED IN $ / ACRE;TOTAL;NOT SPECIFIED;1,97;
SURVEY;2021;YEAR;;STATE;KENTUCKY;21;;;;;;;0;;AG LAND;AG LAND, INCL BUILDINGS - ASSET VALUE, MEASURED IN $ / ACRE;TOTAL;NOT SPECIFIED;4,12;
SURVEY;2021;YEAR;;STATE;LOUISIANA;22;;;;;;;0;;AG LAND;AG LAND, INCL BUILDINGS - ASSET VALUE, MEASURED IN $ / ACRE;TOTAL;NOT SPECIFIED;3,27;
SURVEY;2021;YEAR;;STATE;MAINE;23;;;;;;;0;;AG LAND;AG LAND, INCL BUILDINGS - ASSET VALUE, MEASURED IN $ / ACRE;TOTAL;NOT SPECIFIED;2,75;
SURVEY;2021;YEAR;;STATE;MARYLAND;24;;;;;;;0;;AG LAND;AG LAND, INCL BUILDINGS - ASSET VALUE, MEASURED IN $ / ACRE;TOTAL;NOT SPECIFIED;8,43;
SURVEY;2021;YEAR;;STATE;MASSACHUSETTS;25;;;;;;;0;;AG LAND;AG LAND, INCL BUILDINGS - ASSET VALUE, MEASURED IN $ / ACRE;TOTAL;NOT SPECIFIED;12,9;
SURVEY;2021;YEAR;;STATE;MICHIGAN;26;;;;;;;0;;AG LAND;AG LAND, INCL BUILDINGS - ASSET VALUE, MEASURED IN $ / ACRE;TOTAL;NOT SPECIFIED;5,04;
SURVEY;2021;YEAR;;STATE;MINNESOTA;27;;;;;;;0;;AG LAND;AG LAND, INCL BUILDINGS - ASSET VALUE, MEASURED IN $ / ACRE;TOTAL;NOT SPECIFIED;5;
SURVEY;2021;YEAR;;STATE;MISSISSIPPI;28;;;;;;;0;;AG LAND;AG LAND, INCL BUILDINGS - ASSET VALUE, MEASURED IN $ / ACRE;TOTAL;NOT SPECIFIED;3,03;
SURVEY;2021;YEAR;;STATE;MISSOURI;29;;;;;;;0;;AG LAND;AG LAND, INCL BUILDINGS - ASSET VALUE, MEASURED IN $ / ACRE;TOTAL;NOT SPECIFIED;3,76;
SURVEY;2021;YEAR;;STATE;MONTANA;30;;;;;;;0;;AG LAND;AG LAND, INCL BUILDINGS - ASSET VALUE, MEASURED IN $ / ACRE;TOTAL;NOT SPECIFIED;985;
SURVEY;2021;YEAR;;STATE;NEBRASKA;31;;;;;;;0;;AG LAND;AG LAND, INCL BUILDINGS - ASSET VALUE, MEASURED IN $ / ACRE;TOTAL;NOT SPECIFIED;2,91;
SURVEY;2021;YEAR;;STATE;NEVADA;32;;;;;;;0;;AG LAND;AG LAND, INCL BUILDINGS - ASSET VALUE, MEASURED IN $ / ACRE;TOTAL;NOT SPECIFIED;1,05;
SURVEY;2021;YEAR;;STATE;NEW HAMPSHIRE;33;;;;;;;0;;AG LAND;AG LAND, INCL BUILDINGS - ASSET VALUE, MEASURED IN $ / ACRE;TOTAL;NOT SPECIFIED;5,35;
SURVEY;2021;YEAR;;STATE;NEW JERSEY;34;;;;;;;0;;AG LAND;AG LAND, INCL BUILDINGS - ASSET VALUE, MEASURED IN $ / ACRE;TOTAL;NOT SPECIFIED;13,5;
SURVEY;2021;YEAR;;STATE;NEW MEXICO;35;;;;;;;0;;AG LAND;AG LAND, INCL BUILDINGS - ASSET VALUE, MEASURED IN $ / ACRE;TOTAL;NOT SPECIFIED;635;
SURVEY;2021;YEAR;;STATE;NEW YORK;36;;;;;;;0;;AG LAND;AG LAND, INCL BUILDINGS - ASSET VALUE, MEASURED IN $ / ACRE;TOTAL;NOT SPECIFIED;3,46;
SURVEY;2021;YEAR;;STATE;NORTH CAROLINA;37;;;;;;;0;;AG LAND;AG LAND, INCL BUILDINGS - ASSET VALUE, MEASURED IN $ / ACRE;TOTAL;NOT SPECIFIED;4,75;
SURVEY;2021;YEAR;;STATE;NORTH DAKOTA;38;;;;;;;0;;AG LAND;AG LAND, INCL BUILDINGS - ASSET VALUE, MEASURED IN $ / ACRE;TOTAL;NOT SPECIFIED;1,73;
SURVEY;2021;YEAR;;STATE;OHIO;39;;;;;;;0;;AG LAND;AG LAND, INCL BUILDINGS - ASSET VALUE, MEASURED IN $ / ACRE;TOTAL;NOT SPECIFIED;6,72;
SURVEY;2021;YEAR;;STATE;OKLAHOMA;40;;;;;;;0;;AG LAND;AG LAND, INCL BUILDINGS - ASSET VALUE, MEASURED IN $ / ACRE;TOTAL;NOT SPECIFIED;1,9;
SURVEY;2021;YEAR;;STATE;OREGON;41;;;;;;;0;;AG LAND;AG LAND, INCL BUILDINGS - ASSET VALUE, MEASURED IN $ / ACRE;TOTAL;NOT SPECIFIED;2,95;
SURVEY;2021;YEAR;;STATE;PENNSYLVANIA;42;;;;;;;0;;AG LAND;AG LAND, INCL BUILDINGS - ASSET VALUE, MEASURED IN $ / ACRE;TOTAL;NOT SPECIFIED;7,02;
SURVEY;2021;YEAR;;STATE;RHODE ISLAND;44;;;;;;;0;;AG LAND;AG LAND, INCL BUILDINGS - ASSET VALUE, MEASURED IN $ / ACRE;TOTAL;NOT SPECIFIED;17,4;
SURVEY;2021;YEAR;;STATE;SOUTH CAROLINA;45;;;;;;;0;;AG LAND;AG LAND, INCL BUILDINGS - ASSET VALUE, MEASURED IN $ / ACRE;TOTAL;NOT SPECIFIED;3,79;
SURVEY;2021;YEAR;;STATE;SOUTH DAKOTA;46;;;;;;;0;;AG LAND;AG LAND, INCL BUILDINGS - ASSET VALUE, MEASURED IN $ / ACRE;TOTAL;NOT SPECIFIED;2,06;
SURVEY;2021;YEAR;;STATE;TENNESSEE;47;;;;;;;0;;AG LAND;AG LAND, INCL BUILDINGS - ASSET VALUE, MEASURED IN $ / ACRE;TOTAL;NOT SPECIFIED;4,29;
SURVEY;2021;YEAR;;STATE;TEXAS;48;;;;;;;0;;AG LAND;AG LAND, INCL BUILDINGS - ASSET VALUE, MEASURED IN $ / ACRE;TOTAL;NOT SPECIFIED;2,23;
SURVEY;2021;YEAR;;STATE;UTAH;49;;;;;;;0;;AG LAND;AG LAND, INCL BUILDINGS - ASSET VALUE, MEASURED IN $ / ACRE;TOTAL;NOT SPECIFIED;2,68;
SURVEY;2021;YEAR;;STATE;VERMONT;50;;;;;;;0;;AG LAND;AG LAND, INCL BUILDINGS - ASSET VALUE, MEASURED IN $ / ACRE;TOTAL;NOT SPECIFIED;3,66;
SURVEY;2021;YEAR;;STATE;VIRGINIA;51;;;;;;;0;;AG LAND;AG LAND, INCL BUILDINGS - ASSET VALUE, MEASURED IN $ / ACRE;TOTAL;NOT SPECIFIED;4,6;
SURVEY;2021;YEAR;;STATE;WASHINGTON;53;;;;;;;0;;AG LAND;AG LAND, INCL BUILDINGS - ASSET VALUE, MEASURED IN $ / ACRE;TOTAL;NOT SPECIFIED;3,07;
SURVEY;2021;YEAR;;STATE;WEST VIRGINIA;54;;;;;;;0;;AG LAND;AG LAND, INCL BUILDINGS - ASSET VALUE, MEASURED IN $ / ACRE;TOTAL;NOT SPECIFIED;2,82;
SURVEY;2021;YEAR;;STATE;WISCONSIN;55;;;;;;;0;;AG LAND;AG LAND, INCL BUILDINGS - ASSET VALUE, MEASURED IN $ / ACRE;TOTAL;NOT SPECIFIED;5,15;
SURVEY;2021;YEAR;;STATE;WYOMING;56;;;;;;;0;;AG LAND;AG LAND, INCL BUILDINGS - ASSET VALUE, MEASURED IN $ / ACRE;TOTAL;NOT SPECIFIED;836;
SURVEY;2020;YEAR;;STATE;ALABAMA;1;;;;;;;0;;AG LAND;AG LAND, INCL BUILDINGS - ASSET VALUE, MEASURED IN $ / ACRE;TOTAL;NOT SPECIFIED;3,21;
SURVEY;2020;YEAR;;STATE;ARIZONA;4;;;;;;;0;;AG LAND;AG LAND, INCL BUILDINGS - ASSET VALUE, MEASURED IN $ / ACRE;TOTAL;NOT SPECIFIED;3,69;
SURVEY;2020;YEAR;;STATE;ARKANSAS;5;;;;;;;0;;AG LAND;AG LAND, INCL BUILDINGS - ASSET VALUE, MEASURED IN $ / ACRE;TOTAL;NOT SPECIFIED;3,47;
SURVEY;2020;YEAR;;STATE;CALIFORNIA;6;;;;;;;0;;AG LAND;AG LAND, INCL BUILDINGS - ASSET VALUE, MEASURED IN $ / ACRE;TOTAL;NOT SPECIFIED;10,2;
SURVEY;2020;YEAR;;STATE;COLORADO;8;;;;;;;0;;AG LAND;AG LAND, INCL BUILDINGS - ASSET VALUE, MEASURED IN $ / ACRE;TOTAL;NOT SPECIFIED;1,65;
SURVEY;2020;YEAR;;STATE;CONNECTICUT;9;;;;;;;0;;AG LAND;AG LAND, INCL BUILDINGS - ASSET VALUE, MEASURED IN $ / ACRE;TOTAL;NOT SPECIFIED;11,9;
SURVEY;2020;YEAR;;STATE;DELAWARE;10;;;;;;;0;;AG LAND;AG LAND, INCL BUILDINGS - ASSET VALUE, MEASURED IN $ / ACRE;TOTAL;NOT SPECIFIED;8,85;
SURVEY;2020;YEAR;;STATE;FLORIDA;12;;;;;;;0;;AG LAND;AG LAND, INCL BUILDINGS - ASSET VALUE, MEASURED IN $ / ACRE;TOTAL;NOT SPECIFIED;6,04;
SURVEY;2020;YEAR;;STATE;GEORGIA;13;;;;;;;0;;AG LAND;AG LAND, INCL BUILDINGS - ASSET VALUE, MEASURED IN $ / ACRE;TOTAL;NOT SPECIFIED;3,47;
SURVEY;2020;YEAR;;STATE;IDAHO;16;;;;;;;0;;AG LAND;AG LAND, INCL BUILDINGS - ASSET VALUE, MEASURED IN $ / ACRE;TOTAL;NOT SPECIFIED;3,23;
SURVEY;2020;YEAR;;STATE;ILLINOIS;17;;;;;;;0;;AG LAND;AG LAND, INCL BUILDINGS - ASSET VALUE, MEASURED IN $ / ACRE;TOTAL;NOT SPECIFIED;7,11;
SURVEY;2020;YEAR;;STATE;INDIANA;18;;;;;;;0;;AG LAND;AG LAND, INCL BUILDINGS - ASSET VALUE, MEASURED IN $ / ACRE;TOTAL;NOT SPECIFIED;6,35;
SURVEY;2020;YEAR;;STATE;IOWA;19;;;;;;;0;;AG LAND;AG LAND, INCL BUILDINGS - ASSET VALUE, MEASURED IN $ / ACRE;TOTAL;NOT SPECIFIED;6,87;
SURVEY;2020;YEAR;;STATE;KANSAS;20;;;;;;;0;;AG LAND;AG LAND, INCL BUILDINGS - ASSET VALUE, MEASURED IN $ / ACRE;TOTAL;NOT SPECIFIED;1,82;
SURVEY;2020;YEAR;;STATE;KENTUCKY;21;;;;;;;0;;AG LAND;AG LAND, INCL BUILDINGS - ASSET VALUE, MEASURED IN $ / ACRE;TOTAL;NOT SPECIFIED;4;
SURVEY;2020;YEAR;;STATE;LOUISIANA;22;;;;;;;0;;AG LAND;AG LAND, INCL BUILDINGS - ASSET VALUE, MEASURED IN $ / ACRE;TOTAL;NOT SPECIFIED;3,2;
SURVEY;2020;YEAR;;STATE;MAINE;23;;;;;;;0;;AG LAND;AG LAND, INCL BUILDINGS - ASSET VALUE, MEASURED IN $ / ACRE;TOTAL;NOT SPECIFIED;2,59;
SURVEY;2020;YEAR;;STATE;MARYLAND;24;;;;;;;0;;AG LAND;AG LAND, INCL BUILDINGS - ASSET VALUE, MEASURED IN $ / ACRE;TOTAL;NOT SPECIFIED;7,93;
SURVEY;2020;YEAR;;STATE;MASSACHUSETTS;25;;;;;;;0;;AG LAND;AG LAND, INCL BUILDINGS - ASSET VALUE, MEASURED IN $ / ACRE;TOTAL;NOT SPECIFIED;10,9;
SURVEY;2020;YEAR;;STATE;MICHIGAN;26;;;;;;;0;;AG LAND;AG LAND, INCL BUILDINGS - ASSET VALUE, MEASURED IN $ / ACRE;TOTAL;NOT SPECIFIED;4,78;
SURVEY;2020;YEAR;;STATE;MINNESOTA;27;;;;;;;0;;AG LAND;AG LAND, INCL BUILDINGS - ASSET VALUE, MEASURED IN $ / ACRE;TOTAL;NOT SPECIFIED;4,69;
SURVEY;2020;YEAR;;STATE;MISSISSIPPI;28;;;;;;;0;;AG LAND;AG LAND, INCL BUILDINGS - ASSET VALUE, MEASURED IN $ / ACRE;TOTAL;NOT SPECIFIED;2,93;
SURVEY;2020;YEAR;;STATE;MISSOURI;29;;;;;;;0;;AG LAND;AG LAND, INCL BUILDINGS - ASSET VALUE, MEASURED IN $ / ACRE;TOTAL;NOT SPECIFIED;3,43;
SURVEY;2020;YEAR;;STATE;MONTANA;30;;;;;;;0;;AG LAND;AG LAND, INCL BUILDINGS - ASSET VALUE, MEASURED IN $ / ACRE;TOTAL;NOT SPECIFIED;951;
SURVEY;2020;YEAR;;STATE;NEBRASKA;31;;;;;;;0;;AG LAND;AG LAND, INCL BUILDINGS - ASSET VALUE, MEASURED IN $ / ACRE;TOTAL;NOT SPECIFIED;2,67;
SURVEY;2020;YEAR;;STATE;NEVADA;32;;;;;;;0;;AG LAND;AG LAND, INCL BUILDINGS - ASSET VALUE, MEASURED IN $ / ACRE;TOTAL;NOT SPECIFIED;1,02;
SURVEY;2020;YEAR;;STATE;NEW HAMPSHIRE;33;;;;;;;0;;AG LAND;AG LAND, INCL BUILDINGS - ASSET VALUE, MEASURED IN $ / ACRE;TOTAL;NOT SPECIFIED;5,19;
SURVEY;2020;YEAR;;STATE;NEW JERSEY;34;;;;;;;0;;AG LAND;AG LAND, INCL BUILDINGS - ASSET VALUE, MEASURED IN $ / ACRE;TOTAL;NOT SPECIFIED;13,1;
SURVEY;2020;YEAR;;STATE;NEW MEXICO;35;;;;;;;0;;AG LAND;AG LAND, INCL BUILDINGS - ASSET VALUE, MEASURED IN $ / ACRE;TOTAL;NOT SPECIFIED;597;
SURVEY;2020;YEAR;;STATE;NEW YORK;36;;;;;;;0;;AG LAND;AG LAND, INCL BUILDINGS - ASSET VALUE, MEASURED IN $ / ACRE;TOTAL;NOT SPECIFIED;3,27;
SURVEY;2020;YEAR;;STATE;NORTH CAROLINA;37;;;;;;;0;;AG LAND;AG LAND, INCL BUILDINGS - ASSET VALUE, MEASURED IN $ / ACRE;TOTAL;NOT SPECIFIED;4,65;
SURVEY;2020;YEAR;;STATE;NORTH DAKOTA;38;;;;;;;0;;AG LAND;AG LAND, INCL BUILDINGS - ASSET VALUE, MEASURED IN $ / ACRE;TOTAL;NOT SPECIFIED;1,66;
SURVEY;2020;YEAR;;STATE;OHIO;39;;;;;;;0;;AG LAND;AG LAND, INCL BUILDINGS - ASSET VALUE, MEASURED IN $ / ACRE;TOTAL;NOT SPECIFIED;6,43;
SURVEY;2020;YEAR;;STATE;OKLAHOMA;40;;;;;;;0;;AG LAND;AG LAND, INCL BUILDINGS - ASSET VALUE, MEASURED IN $ / ACRE;TOTAL;NOT SPECIFIED;1,81;
SURVEY;2020;YEAR;;STATE;OREGON;41;;;;;;;0;;AG LAND;AG LAND, INCL BUILDINGS - ASSET VALUE, MEASURED IN $ / ACRE;TOTAL;NOT SPECIFIED;2,63;
SURVEY;2020;YEAR;;STATE;PENNSYLVANIA;42;;;;;;;0;;AG LAND;AG LAND, INCL BUILDINGS - ASSET VALUE, MEASURED IN $ / ACRE;TOTAL;NOT SPECIFIED;6,74;
SURVEY;2020;YEAR;;STATE;RHODE ISLAND;44;;;;;;;0;;AG LAND;AG LAND, INCL BUILDINGS - ASSET VALUE, MEASURED IN $ / ACRE;TOTAL;NOT SPECIFIED;16,6;
SURVEY;2020;YEAR;;STATE;SOUTH CAROLINA;45;;;;;;;0;;AG LAND;AG LAND, INCL BUILDINGS - ASSET VALUE, MEASURED IN $ / ACRE;TOTAL;NOT SPECIFIED;3,62;
SURVEY;2020;YEAR;;STATE;SOUTH DAKOTA;46;;;;;;;0;;AG LAND;AG LAND, INCL BUILDINGS - ASSET VALUE, MEASURED IN $ / ACRE;TOTAL;NOT SPECIFIED;1,93;
SURVEY;2020;YEAR;;STATE;TENNESSEE;47;;;;;;;0;;AG LAND;AG LAND, INCL BUILDINGS - ASSET VALUE, MEASURED IN $ / ACRE;TOTAL;NOT SPECIFIED;4,12;
SURVEY;2020;YEAR;;STATE;TEXAS;48;;;;;;;0;;AG LAND;AG LAND, INCL BUILDINGS - ASSET VALUE, MEASURED IN $ / ACRE;TOTAL;NOT SPECIFIED;2,08;
SURVEY;2020;YEAR;;STATE;UTAH;49;;;;;;;0;;AG LAND;AG LAND, INCL BUILDINGS - ASSET VALUE, MEASURED IN $ / ACRE;TOTAL;NOT SPECIFIED;2,48;
SURVEY;2020;YEAR;;STATE;VERMONT;50;;;;;;;0;;AG LAND;AG LAND, INCL BUILDINGS - ASSET VALUE, MEASURED IN $ / ACRE;TOTAL;NOT SPECIFIED;3,4;
SURVEY;2020;YEAR;;STATE;VIRGINIA;51;;;;;;;0;;AG LAND;AG LAND, INCL BUILDINGS - ASSET VALUE, MEASURED IN $ / ACRE;TOTAL;NOT SPECIFIED;4,55;
SURVEY;2020;YEAR;;STATE;WASHINGTON;53;;;;;;;0;;AG LAND;AG LAND, INCL BUILDINGS - ASSET VALUE, MEASURED IN $ / ACRE;TOTAL;NOT SPECIFIED;2,9;
SURVEY;2020;YEAR;;STATE;WEST VIRGINIA;54;;;;;;;0;;AG LAND;AG LAND, INCL BUILDINGS - ASSET VALUE, MEASURED IN $ / ACRE;TOTAL;NOT SPECIFIED;2,73;
SURVEY;2020;YEAR;;STATE;WISCONSIN;55;;;;;;;0;;AG LAND;AG LAND, INCL BUILDINGS - ASSET VALUE, MEASURED IN $ / ACRE;TOTAL;NOT SPECIFIED;4,82;
SURVEY;2020;YEAR;;STATE;WYOMING;56;;;;;;;0;;AG LAND;AG LAND, INCL BUILDINGS - ASSET VALUE, MEASURED IN $ / ACRE;TOTAL;NOT SPECIFIED;779;
SURVEY;2019;YEAR;;STATE;ALABAMA;1;;;;;;;0;;AG LAND;AG LAND, INCL BUILDINGS - ASSET VALUE, MEASURED IN $ / ACRE;TOTAL;NOT SPECIFIED;3,13;
SURVEY;2019;YEAR;;STATE;ARIZONA;4;;;;;;;0;;AG LAND;AG LAND, INCL BUILDINGS - ASSET VALUE, MEASURED IN $ / ACRE;TOTAL;NOT SPECIFIED;3,72;
SURVEY;2019;YEAR;;STATE;ARKANSAS;5;;;;;;;0;;AG LAND;AG LAND, INCL BUILDINGS - ASSET VALUE, MEASURED IN $ / ACRE;TOTAL;NOT SPECIFIED;3,38;
SURVEY;2019;YEAR;;STATE;CALIFORNIA;6;;;;;;;0;;AG LAND;AG LAND, INCL BUILDINGS - ASSET VALUE, MEASURED IN $ / ACRE;TOTAL;NOT SPECIFIED;10,1;
SURVEY;2019;YEAR;;STATE;COLORADO;8;;;;;;;0;;AG LAND;AG LAND, INCL BUILDINGS - ASSET VALUE, MEASURED IN $ / ACRE;TOTAL;NOT SPECIFIED;1,6;
SURVEY;2019;YEAR;;STATE;CONNECTICUT;9;;;;;;;0;;AG LAND;AG LAND, INCL BUILDINGS - ASSET VALUE, MEASURED IN $ / ACRE;TOTAL;NOT SPECIFIED;12,2;
SURVEY;2019;YEAR;;STATE;DELAWARE;10;;;;;;;0;;AG LAND;AG LAND, INCL BUILDINGS - ASSET VALUE, MEASURED IN $ / ACRE;TOTAL;NOT SPECIFIED;8,9;
SURVEY;2019;YEAR;;STATE;FLORIDA;12;;;;;;;0;;AG LAND;AG LAND, INCL BUILDINGS - ASSET VALUE, MEASURED IN $ / ACRE;TOTAL;NOT SPECIFIED;6,02;
SURVEY;2019;YEAR;;STATE;GEORGIA;13;;;;;;;0;;AG LAND;AG LAND, INCL BUILDINGS - ASSET VALUE, MEASURED IN $ / ACRE;TOTAL;NOT SPECIFIED;3,46;
SURVEY;2019;YEAR;;STATE;IDAHO;16;;;;;;;0;;AG LAND;AG LAND, INCL BUILDINGS - ASSET VALUE, MEASURED IN $ / ACRE;TOTAL;NOT SPECIFIED;3,06;
SURVEY;2019;YEAR;;STATE;ILLINOIS;17;;;;;;;0;;AG LAND;AG LAND, INCL BUILDINGS - ASSET VALUE, MEASURED IN $ / ACRE;TOTAL;NOT SPECIFIED;7,14;
SURVEY;2019;YEAR;;STATE;INDIANA;18;;;;;;;0;;AG LAND;AG LAND, INCL BUILDINGS - ASSET VALUE, MEASURED IN $ / ACRE;TOTAL;NOT SPECIFIED;6,45;
SURVEY;2019;YEAR;;STATE;IOWA;19;;;;;;;0;;AG LAND;AG LAND, INCL BUILDINGS - ASSET VALUE, MEASURED IN $ / ACRE;TOTAL;NOT SPECIFIED;7,09;
SURVEY;2019;YEAR;;STATE;KANSAS;20;;;;;;;0;;AG LAND;AG LAND, INCL BUILDINGS - ASSET VALUE, MEASURED IN $ / ACRE;TOTAL;NOT SPECIFIED;1,92;
SURVEY;2019;YEAR;;STATE;KENTUCKY;21;;;;;;;0;;AG LAND;AG LAND, INCL BUILDINGS - ASSET VALUE, MEASURED IN $ / ACRE;TOTAL;NOT SPECIFIED;3,86;
SURVEY;2019;YEAR;;STATE;LOUISIANA;22;;;;;;;0;;AG LAND;AG LAND, INCL BUILDINGS - ASSET VALUE, MEASURED IN $ / ACRE;TOTAL;NOT SPECIFIED;3,14;
SURVEY;2019;YEAR;;STATE;MAINE;23;;;;;;;0;;AG LAND;AG LAND, INCL BUILDINGS - ASSET VALUE, MEASURED IN $ / ACRE;TOTAL;NOT SPECIFIED;2,46;
SURVEY;2019;YEAR;;STATE;MARYLAND;24;;;;;;;0;;AG LAND;AG LAND, INCL BUILDINGS - ASSET VALUE, MEASURED IN $ / ACRE;TOTAL;NOT SPECIFIED;7,99;
SURVEY;2019;YEAR;;STATE;MASSACHUSETTS;25;;;;;;;0;;AG LAND;AG LAND, INCL BUILDINGS - ASSET VALUE, MEASURED IN $ / ACRE;TOTAL;NOT SPECIFIED;10,9;
SURVEY;2019;YEAR;;STATE;MICHIGAN;26;;;;;;;0;;AG LAND;AG LAND, INCL BUILDINGS - ASSET VALUE, MEASURED IN $ / ACRE;TOTAL;NOT SPECIFIED;4,88;
SURVEY;2019;YEAR;;STATE;MINNESOTA;27;;;;;;;0;;AG LAND;AG LAND, INCL BUILDINGS - ASSET VALUE, MEASURED IN $ / ACRE;TOTAL;NOT SPECIFIED;4,77;
SURVEY;2019;YEAR;;STATE;MISSISSIPPI;28;;;;;;;0;;AG LAND;AG LAND, INCL BUILDINGS - ASSET VALUE, MEASURED IN $ / ACRE;TOTAL;NOT SPECIFIED;2,85;
SURVEY;2019;YEAR;;STATE;MISSOURI;29;;;;;;;0;;AG LAND;AG LAND, INCL BUILDINGS - ASSET VALUE, MEASURED IN $ / ACRE;TOTAL;NOT SPECIFIED;3,42;
SURVEY;2019;YEAR;;STATE;MONTANA;30;;;;;;;0;;AG LAND;AG LAND, INCL BUILDINGS - ASSET VALUE, MEASURED IN $ / ACRE;TOTAL;NOT SPECIFIED;933;
SURVEY;2019;YEAR;;STATE;NEBRASKA;31;;;;;;;0;;AG LAND;AG LAND, INCL BUILDINGS - ASSET VALUE, MEASURED IN $ / ACRE;TOTAL;NOT SPECIFIED;2,79;
SURVEY;2019;YEAR;;STATE;NEVADA;32;;;;;;;0;;AG LAND;AG LAND, INCL BUILDINGS - ASSET VALUE, MEASURED IN $ / ACRE;TOTAL;NOT SPECIFIED;1,03;
SURVEY;2019;YEAR;;STATE;NEW HAMPSHIRE;33;;;;;;;0;;AG LAND;AG LAND, INCL BUILDINGS - ASSET VALUE, MEASURED IN $ / ACRE;TOTAL;NOT SPECIFIED;5,08;
SURVEY;2019;YEAR;;STATE;NEW JERSEY;34;;;;;;;0;;AG LAND;AG LAND, INCL BUILDINGS - ASSET VALUE, MEASURED IN $ / ACRE;TOTAL;NOT SPECIFIED;13,2;
SURVEY;2019;YEAR;;STATE;NEW MEXICO;35;;;;;;;0;;AG LAND;AG LAND, INCL BUILDINGS - ASSET VALUE, MEASURED IN $ / ACRE;TOTAL;NOT SPECIFIED;581;
SURVEY;2019;YEAR;;STATE;NEW YORK;36;;;;;;;0;;AG LAND;AG LAND, INCL BUILDINGS - ASSET VALUE, MEASURED IN $ / ACRE;TOTAL;NOT SPECIFIED;3,31;
SURVEY;2019;YEAR;;STATE;NORTH CAROLINA;37;;;;;;;0;;AG LAND;AG LAND, INCL BUILDINGS - ASSET VALUE, MEASURED IN $ / ACRE;TOTAL;NOT SPECIFIED;4,67;
SURVEY;2019;YEAR;;STATE;NORTH DAKOTA;38;;;;;;;0;;AG LAND;AG LAND, INCL BUILDINGS - ASSET VALUE, MEASURED IN $ / ACRE;TOTAL;NOT SPECIFIED;1,71;
SURVEY;2019;YEAR;;STATE;OHIO;39;;;;;;;0;;AG LAND;AG LAND, INCL BUILDINGS - ASSET VALUE, MEASURED IN $ / ACRE;TOTAL;NOT SPECIFIED;6,33;
SURVEY;2019;YEAR;;STATE;OKLAHOMA;40;;;;;;;0;;AG LAND;AG LAND, INCL BUILDINGS - ASSET VALUE, MEASURED IN $ / ACRE;TOTAL;NOT SPECIFIED;1,83;
SURVEY;2019;YEAR;;STATE;OREGON;41;;;;;;;0;;AG LAND;AG LAND, INCL BUILDINGS - ASSET VALUE, MEASURED IN $ / ACRE;TOTAL;NOT SPECIFIED;2,55;
SURVEY;2019;YEAR;;STATE;PENNSYLVANIA;42;;;;;;;0;;AG LAND;AG LAND, INCL BUILDINGS - ASSET VALUE, MEASURED IN $ / ACRE;TOTAL;NOT SPECIFIED;6,54;
SURVEY;2019;YEAR;;STATE;RHODE ISLAND;44;;;;;;;0;;AG LAND;AG LAND, INCL BUILDINGS - ASSET VALUE, MEASURED IN $ / ACRE;TOTAL;NOT SPECIFIED;15,9;
SURVEY;2019;YEAR;;STATE;SOUTH CAROLINA;45;;;;;;;0;;AG LAND;AG LAND, INCL BUILDINGS - ASSET VALUE, MEASURED IN $ / ACRE;TOTAL;NOT SPECIFIED;3,46;
SURVEY;2019;YEAR;;STATE;SOUTH DAKOTA;46;;;;;;;0;;AG LAND;AG LAND, INCL BUILDINGS - ASSET VALUE, MEASURED IN $ / ACRE;TOTAL;NOT SPECIFIED;2,03;
SURVEY;2019;YEAR;;STATE;TENNESSEE;47;;;;;;;0;;AG LAND;AG LAND, INCL BUILDINGS - ASSET VALUE, MEASURED IN $ / ACRE;TOTAL;NOT SPECIFIED;4;
SURVEY;2019;YEAR;;STATE;TEXAS;48;;;;;;;0;;AG LAND;AG LAND, INCL BUILDINGS - ASSET VALUE, MEASURED IN $ / ACRE;TOTAL;NOT SPECIFIED;2,08;
SURVEY;2019;YEAR;;STATE;UTAH;49;;;;;;;0;;AG LAND;AG LAND, INCL BUILDINGS - ASSET VALUE, MEASURED IN $ / ACRE;TOTAL;NOT SPECIFIED;2,44;
SURVEY;2019;YEAR;;STATE;VERMONT;50;;;;;;;0;;AG LAND;AG LAND, INCL BUILDINGS - ASSET VALUE, MEASURED IN $ / ACRE;TOTAL;NOT SPECIFIED;3,55;
SURVEY;2019;YEAR;;STATE;VIRGINIA;51;;;;;;;0;;AG LAND;AG LAND, INCL BUILDINGS - ASSET VALUE, MEASURED IN $ / ACRE;TOTAL;NOT SPECIFIED;4,62;
SURVEY;2019;YEAR;;STATE;WASHINGTON;53;;;;;;;0;;AG LAND;AG LAND, INCL BUILDINGS - ASSET VALUE, MEASURED IN $ / ACRE;TOTAL;NOT SPECIFIED;2,87;
SURVEY;2019;YEAR;;STATE;WEST VIRGINIA;54;;;;;;;0;;AG LAND;AG LAND, INCL BUILDINGS - ASSET VALUE, MEASURED IN $ / ACRE;TOTAL;NOT SPECIFIED;2,7;
SURVEY;2019;YEAR;;STATE;WISCONSIN;55;;;;;;;0;;AG LAND;AG LAND, INCL BUILDINGS - ASSET VALUE, MEASURED IN $ / ACRE;TOTAL;NOT SPECIFIED;4,94;
SURVEY;2019;YEAR;;STATE;WYOMING;56;;;;;;;0;;AG LAND;AG LAND, INCL BUILDINGS - ASSET VALUE, MEASURED IN $ / ACRE;TOTAL;NOT SPECIFIED;754;
SURVEY;2018;YEAR;;STATE;ALABAMA;1;;;;;;;0;;AG LAND;AG LAND, INCL BUILDINGS - ASSET VALUE, MEASURED IN $ / ACRE;TOTAL;NOT SPECIFIED;2,98;
SURVEY;2018;YEAR;;STATE;ARIZONA;4;;;;;;;0;;AG LAND;AG LAND, INCL BUILDINGS - ASSET VALUE, MEASURED IN $ / ACRE;TOTAL;NOT SPECIFIED;3,78;
SURVEY;2018;YEAR;;STATE;ARKANSAS;5;;;;;;;0;;AG LAND;AG LAND, INCL BUILDINGS - ASSET VALUE, MEASURED IN $ / ACRE;TOTAL;NOT SPECIFIED;3,16;
SURVEY;2018;YEAR;;STATE;CALIFORNIA;6;;;;;;;0;;AG LAND;AG LAND, INCL BUILDINGS - ASSET VALUE, MEASURED IN $ / ACRE;TOTAL;NOT SPECIFIED;9,35;
SURVEY;2018;YEAR;;STATE;COLORADO;8;;;;;;;0;;AG LAND;AG LAND, INCL BUILDINGS - ASSET VALUE, MEASURED IN $ / ACRE;TOTAL;NOT SPECIFIED;1,56;
SURVEY;2018;YEAR;;STATE;CONNECTICUT;9;;;;;;;0;;AG LAND;AG LAND, INCL BUILDINGS - ASSET VALUE, MEASURED IN $ / ACRE;TOTAL;NOT SPECIFIED;12,3;
SURVEY;2018;YEAR;;STATE;DELAWARE;10;;;;;;;0;;AG LAND;AG LAND, INCL BUILDINGS - ASSET VALUE, MEASURED IN $ / ACRE;TOTAL;NOT SPECIFIED;8,41;
SURVEY;2018;YEAR;;STATE;FLORIDA;12;;;;;;;0;;AG LAND;AG LAND, INCL BUILDINGS - ASSET VALUE, MEASURED IN $ / ACRE;TOTAL;NOT SPECIFIED;5,9;
SURVEY;2018;YEAR;;STATE;GEORGIA;13;;;;;;;0;;AG LAND;AG LAND, INCL BUILDINGS - ASSET VALUE, MEASURED IN $ / ACRE;TOTAL;NOT SPECIFIED;3,51;
SURVEY;2018;YEAR;;STATE;IDAHO;16;;;;;;;0;;AG LAND;AG LAND, INCL BUILDINGS - ASSET VALUE, MEASURED IN $ / ACRE;TOTAL;NOT SPECIFIED;2,87;
SURVEY;2018;YEAR;;STATE;ILLINOIS;17;;;;;;;0;;AG LAND;AG LAND, INCL BUILDINGS - ASSET VALUE, MEASURED IN $ / ACRE;TOTAL;NOT SPECIFIED;7,28;
SURVEY;2018;YEAR;;STATE;INDIANA;18;;;;;;;0;;AG LAND;AG LAND, INCL BUILDINGS - ASSET VALUE, MEASURED IN $ / ACRE;TOTAL;NOT SPECIFIED;6,58;
SURVEY;2018;YEAR;;STATE;IOWA;19;;;;;;;0;;AG LAND;AG LAND, INCL BUILDINGS - ASSET VALUE, MEASURED IN $ / ACRE;TOTAL;NOT SPECIFIED;7,27;
SURVEY;2018;YEAR;;STATE;KANSAS;20;;;;;;;0;;AG LAND;AG LAND, INCL BUILDINGS - ASSET VALUE, MEASURED IN $ / ACRE;TOTAL;NOT SPECIFIED;1,85;
SURVEY;2018;YEAR;;STATE;KENTUCKY;21;;;;;;;0;;AG LAND;AG LAND, INCL BUILDINGS - ASSET VALUE, MEASURED IN $ / ACRE;TOTAL;NOT SPECIFIED;3,77;
SURVEY;2018;YEAR;;STATE;LOUISIANA;22;;;;;;;0;;AG LAND;AG LAND, INCL BUILDINGS - ASSET VALUE, MEASURED IN $ / ACRE;TOTAL;NOT SPECIFIED;3,04;
SURVEY;2018;YEAR;;STATE;MAINE;23;;;;;;;0;;AG LAND;AG LAND, INCL BUILDINGS - ASSET VALUE, MEASURED IN $ / ACRE;TOTAL;NOT SPECIFIED;2,37;
SURVEY;2018;YEAR;;STATE;MARYLAND;24;;;;;;;0;;AG LAND;AG LAND, INCL BUILDINGS - ASSET VALUE, MEASURED IN $ / ACRE;TOTAL;NOT SPECIFIED;7,86;
SURVEY;2018;YEAR;;STATE;MASSACHUSETTS;25;;;;;;;0;;AG LAND;AG LAND, INCL BUILDINGS - ASSET VALUE, MEASURED IN $ / ACRE;TOTAL;NOT SPECIFIED;10,9;
SURVEY;2018;YEAR;;STATE;MICHIGAN;26;;;;;;;0;;AG LAND;AG LAND, INCL BUILDINGS - ASSET VALUE, MEASURED IN $ / ACRE;TOTAL;NOT SPECIFIED;4,96;
SURVEY;2018;YEAR;;STATE;MINNESOTA;27;;;;;;;0;;AG LAND;AG LAND, INCL BUILDINGS - ASSET VALUE, MEASURED IN $ / ACRE;TOTAL;NOT SPECIFIED;4,85;
SURVEY;2018;YEAR;;STATE;MISSISSIPPI;28;;;;;;;0;;AG LAND;AG LAND, INCL BUILDINGS - ASSET VALUE, MEASURED IN $ / ACRE;TOTAL;NOT SPECIFIED;2,74;
SURVEY;2018;YEAR;;STATE;MISSOURI;29;;;;;;;0;;AG LAND;AG LAND, INCL BUILDINGS - ASSET VALUE, MEASURED IN $ / ACRE;TOTAL;NOT SPECIFIED;3,38;
SURVEY;2018;YEAR;;STATE;MONTANA;30;;;;;;;0;;AG LAND;AG LAND, INCL BUILDINGS - ASSET VALUE, MEASURED IN $ / ACRE;TOTAL;NOT SPECIFIED;916;
SURVEY;2018;YEAR;;STATE;NEBRASKA;31;;;;;;;0;;AG LAND;AG LAND, INCL BUILDINGS - ASSET VALUE, MEASURED IN $ / ACRE;TOTAL;NOT SPECIFIED;2,75;
SURVEY;2018;YEAR;;STATE;NEVADA;32;;;;;;;0;;AG LAND;AG LAND, INCL BUILDINGS - ASSET VALUE, MEASURED IN $ / ACRE;TOTAL;NOT SPECIFIED;1,02;
SURVEY;2018;YEAR;;STATE;NEW HAMPSHIRE;33;;;;;;;0;;AG LAND;AG LAND, INCL BUILDINGS - ASSET VALUE, MEASURED IN $ / ACRE;TOTAL;NOT SPECIFIED;4,9;
SURVEY;2018;YEAR;;STATE;NEW JERSEY;34;;;;;;;0;;AG LAND;AG LAND, INCL BUILDINGS - ASSET VALUE, MEASURED IN $ / ACRE;TOTAL;NOT SPECIFIED;13,5;
SURVEY;2018;YEAR;;STATE;NEW MEXICO;35;;;;;;;0;;AG LAND;AG LAND, INCL BUILDINGS - ASSET VALUE, MEASURED IN $ / ACRE;TOTAL;NOT SPECIFIED;565;
SURVEY;2018;YEAR;;STATE;NEW YORK;36;;;;;;;0;;AG LAND;AG LAND, INCL BUILDINGS - ASSET VALUE, MEASURED IN $ / ACRE;TOTAL;NOT SPECIFIED;3,23;
SURVEY;2018;YEAR;;STATE;NORTH CAROLINA;37;;;;;;;0;;AG LAND;AG LAND, INCL BUILDINGS - ASSET VALUE, MEASURED IN $ / ACRE;TOTAL;NOT SPECIFIED;4,64;
SURVEY;2018;YEAR;;STATE;NORTH DAKOTA;38;;;;;;;0;;AG LAND;AG LAND, INCL BUILDINGS - ASSET VALUE, MEASURED IN $ / ACRE;TOTAL;NOT SPECIFIED;1,71;
SURVEY;2018;YEAR;;STATE;OHIO;39;;;;;;;0;;AG LAND;AG LAND, INCL BUILDINGS - ASSET VALUE, MEASURED IN $ / ACRE;TOTAL;NOT SPECIFIED;6,2;
SURVEY;2018;YEAR;;STATE;OKLAHOMA;40;;;;;;;0;;AG LAND;AG LAND, INCL BUILDINGS - ASSET VALUE, MEASURED IN $ / ACRE;TOTAL;NOT SPECIFIED;1,8;
SURVEY;2018;YEAR;;STATE;OREGON;41;;;;;;;0;;AG LAND;AG LAND, INCL BUILDINGS - ASSET VALUE, MEASURED IN $ / ACRE;TOTAL;NOT SPECIFIED;2,43;
SURVEY;2018;YEAR;;STATE;PENNSYLVANIA;42;;;;;;;0;;AG LAND;AG LAND, INCL BUILDINGS - ASSET VALUE, MEASURED IN $ / ACRE;TOTAL;NOT SPECIFIED;6,25;
SURVEY;2018;YEAR;;STATE;RHODE ISLAND;44;;;;;;;0;;AG LAND;AG LAND, INCL BUILDINGS - ASSET VALUE, MEASURED IN $ / ACRE;TOTAL;NOT SPECIFIED;15,2;
SURVEY;2018;YEAR;;STATE;SOUTH CAROLINA;45;;;;;;;0;;AG LAND;AG LAND, INCL BUILDINGS - ASSET VALUE, MEASURED IN $ / ACRE;TOTAL;NOT SPECIFIED;3,31;
SURVEY;2018;YEAR;;STATE;SOUTH DAKOTA;46;;;;;;;0;;AG LAND;AG LAND, INCL BUILDINGS - ASSET VALUE, MEASURED IN $ / ACRE;TOTAL;NOT SPECIFIED;2,07;
SURVEY;2018;YEAR;;STATE;TENNESSEE;47;;;;;;;0;;AG LAND;AG LAND, INCL BUILDINGS - ASSET VALUE, MEASURED IN $ / ACRE;TOTAL;NOT SPECIFIED;3,92;
SURVEY;2018;YEAR;;STATE;TEXAS;48;;;;;;;0;;AG LAND;AG LAND, INCL BUILDINGS - ASSET VALUE, MEASURED IN $ / ACRE;TOTAL;NOT SPECIFIED;2,05;
SURVEY;2018;YEAR;;STATE;UTAH;49;;;;;;;0;;AG LAND;AG LAND, INCL BUILDINGS - ASSET VALUE, MEASURED IN $ / ACRE;TOTAL;NOT SPECIFIED;2,31;
SURVEY;2018;YEAR;;STATE;VERMONT;50;;;;;;;0;;AG LAND;AG LAND, INCL BUILDINGS - ASSET VALUE, MEASURED IN $ / ACRE;TOTAL;NOT SPECIFIED;3,54;
SURVEY;2018;YEAR;;STATE;VIRGINIA;51;;;;;;;0;;AG LAND;AG LAND, INCL BUILDINGS - ASSET VALUE, MEASURED IN $ / ACRE;TOTAL;NOT SPECIFIED;4,62;
SURVEY;2018;YEAR;;STATE;WASHINGTON;53;;;;;;;0;;AG LAND;AG LAND, INCL BUILDINGS - ASSET VALUE, MEASURED IN $ / ACRE;TOTAL;NOT SPECIFIED;2,84;
SURVEY;2018;YEAR;;STATE;WEST VIRGINIA;54;;;;;;;0;;AG LAND;AG LAND, INCL BUILDINGS - ASSET VALUE, MEASURED IN $ / ACRE;TOTAL;NOT SPECIFIED;2,65;
SURVEY;2018;YEAR;;STATE;WISCONSIN;55;;;;;;;0;;AG LAND;AG LAND, INCL BUILDINGS - ASSET VALUE, MEASURED IN $ / ACRE;TOTAL;NOT SPECIFIED;4,9;
SURVEY;2018;YEAR;;STATE;WYOMING;56;;;;;;;0;;AG LAND;AG LAND, INCL BUILDINGS - ASSET VALUE, MEASURED IN $ / ACRE;TOTAL;NOT SPECIFIED;726;
SURVEY;2017;YEAR;;STATE;ALABAMA;1;;;;;;;0;;AG LAND;AG LAND, INCL BUILDINGS - ASSET VALUE, MEASURED IN $ / ACRE;TOTAL;NOT SPECIFIED;2,91;
SURVEY;2017;YEAR;;STATE;ARIZONA;4;;;;;;;0;;AG LAND;AG LAND, INCL BUILDINGS - ASSET VALUE, MEASURED IN $ / ACRE;TOTAL;NOT SPECIFIED;3,77;
SURVEY;2017;YEAR;;STATE;ARKANSAS;5;;;;;;;0;;AG LAND;AG LAND, INCL BUILDINGS - ASSET VALUE, MEASURED IN $ / ACRE;TOTAL;NOT SPECIFIED;3,11;
SURVEY;2017;YEAR;;STATE;CALIFORNIA;6;;;;;;;0;;AG LAND;AG LAND, INCL BUILDINGS - ASSET VALUE, MEASURED IN $ / ACRE;TOTAL;NOT SPECIFIED;8,97;
SURVEY;2017;YEAR;;STATE;COLORADO;8;;;;;;;0;;AG LAND;AG LAND, INCL BUILDINGS - ASSET VALUE, MEASURED IN $ / ACRE;TOTAL;NOT SPECIFIED;1,54;
SURVEY;2017;YEAR;;STATE;CONNECTICUT;9;;;;;;;0;;AG LAND;AG LAND, INCL BUILDINGS - ASSET VALUE, MEASURED IN $ / ACRE;TOTAL;NOT SPECIFIED;12,1;
SURVEY;2017;YEAR;;STATE;DELAWARE;10;;;;;;;0;;AG LAND;AG LAND, INCL BUILDINGS - ASSET VALUE, MEASURED IN $ / ACRE;TOTAL;NOT SPECIFIED;8,25;
SURVEY;2017;YEAR;;STATE;FLORIDA;12;;;;;;;0;;AG LAND;AG LAND, INCL BUILDINGS - ASSET VALUE, MEASURED IN $ / ACRE;TOTAL;NOT SPECIFIED;5,86;
SURVEY;2017;YEAR;;STATE;GEORGIA;13;;;;;;;0;;AG LAND;AG LAND, INCL BUILDINGS - ASSET VALUE, MEASURED IN $ / ACRE;TOTAL;NOT SPECIFIED;3,56;
SURVEY;2017;YEAR;;STATE;IDAHO;16;;;;;;;0;;AG LAND;AG LAND, INCL BUILDINGS - ASSET VALUE, MEASURED IN $ / ACRE;TOTAL;NOT SPECIFIED;2,73;
SURVEY;2017;YEAR;;STATE;ILLINOIS;17;;;;;;;0;;AG LAND;AG LAND, INCL BUILDINGS - ASSET VALUE, MEASURED IN $ / ACRE;TOTAL;NOT SPECIFIED;7,16;
SURVEY;2017;YEAR;;STATE;INDIANA;18;;;;;;;0;;AG LAND;AG LAND, INCL BUILDINGS - ASSET VALUE, MEASURED IN $ / ACRE;TOTAL;NOT SPECIFIED;6,58;
SURVEY;2017;YEAR;;STATE;IOWA;19;;;;;;;0;;AG LAND;AG LAND, INCL BUILDINGS - ASSET VALUE, MEASURED IN $ / ACRE;TOTAL;NOT SPECIFIED;7,35;
SURVEY;2017;YEAR;;STATE;KANSAS;20;;;;;;;0;;AG LAND;AG LAND, INCL BUILDINGS - ASSET VALUE, MEASURED IN $ / ACRE;TOTAL;NOT SPECIFIED;1,89;
SURVEY;2017;YEAR;;STATE;KENTUCKY;21;;;;;;;0;;AG LAND;AG LAND, INCL BUILDINGS - ASSET VALUE, MEASURED IN $ / ACRE;TOTAL;NOT SPECIFIED;3,68;
SURVEY;2017;YEAR;;STATE;LOUISIANA;22;;;;;;;0;;AG LAND;AG LAND, INCL BUILDINGS - ASSET VALUE, MEASURED IN $ / ACRE;TOTAL;NOT SPECIFIED;2,96;
SURVEY;2017;YEAR;;STATE;MAINE;23;;;;;;;0;;AG LAND;AG LAND, INCL BUILDINGS - ASSET VALUE, MEASURED IN $ / ACRE;TOTAL;NOT SPECIFIED;2,37;
SURVEY;2017;YEAR;;STATE;MARYLAND;24;;;;;;;0;;AG LAND;AG LAND, INCL BUILDINGS - ASSET VALUE, MEASURED IN $ / ACRE;TOTAL;NOT SPECIFIED;7,62;
SURVEY;2017;YEAR;;STATE;MASSACHUSETTS;25;;;;;;;0;;AG LAND;AG LAND, INCL BUILDINGS - ASSET VALUE, MEASURED IN $ / ACRE;TOTAL;NOT SPECIFIED;10,8;
SURVEY;2017;YEAR;;STATE;MICHIGAN;26;;;;;;;0;;AG LAND;AG LAND, INCL BUILDINGS - ASSET VALUE, MEASURED IN $ / ACRE;TOTAL;NOT SPECIFIED;4,94;
SURVEY;2017;YEAR;;STATE;MINNESOTA;27;;;;;;;0;;AG LAND;AG LAND, INCL BUILDINGS - ASSET VALUE, MEASURED IN $ / ACRE;TOTAL;NOT SPECIFIED;4,87;
SURVEY;2017;YEAR;;STATE;MISSISSIPPI;28;;;;;;;0;;AG LAND;AG LAND, INCL BUILDINGS - ASSET VALUE, MEASURED IN $ / ACRE;TOTAL;NOT SPECIFIED;2,66;
SURVEY;2017;YEAR;;STATE;MISSOURI;29;;;;;;;0;;AG LAND;AG LAND, INCL BUILDINGS - ASSET VALUE, MEASURED IN $ / ACRE;TOTAL;NOT SPECIFIED;3,12;
SURVEY;2017;YEAR;;STATE;MONTANA;30;;;;;;;0;;AG LAND;AG LAND, INCL BUILDINGS - ASSET VALUE, MEASURED IN $ / ACRE;TOTAL;NOT SPECIFIED;917;
SURVEY;2017;YEAR;;STATE;NEBRASKA;31;;;;;;;0;;AG LAND;AG LAND, INCL BUILDINGS - ASSET VALUE, MEASURED IN $ / ACRE;TOTAL;NOT SPECIFIED;2,82;
SURVEY;2017;YEAR;;STATE;NEVADA;32;;;;;;;0;;AG LAND;AG LAND, INCL BUILDINGS - ASSET VALUE, MEASURED IN $ / ACRE;TOTAL;NOT SPECIFIED;1,02;
SURVEY;2017;YEAR;;STATE;NEW HAMPSHIRE;33;;;;;;;0;;AG LAND;AG LAND, INCL BUILDINGS - ASSET VALUE, MEASURED IN $ / ACRE;TOTAL;NOT SPECIFIED;4,86;
SURVEY;2017;YEAR;;STATE;NEW JERSEY;34;;;;;;;0;;AG LAND;AG LAND, INCL BUILDINGS - ASSET VALUE, MEASURED IN $ / ACRE;TOTAL;NOT SPECIFIED;13,4;
SURVEY;2017;YEAR;;STATE;NEW MEXICO;35;;;;;;;0;;AG LAND;AG LAND, INCL BUILDINGS - ASSET VALUE, MEASURED IN $ / ACRE;TOTAL;NOT SPECIFIED;558;
SURVEY;2017;YEAR;;STATE;NEW YORK;36;;;;;;;0;;AG LAND;AG LAND, INCL BUILDINGS - ASSET VALUE, MEASURED IN $ / ACRE;TOTAL;NOT SPECIFIED;3,16;
SURVEY;2017;YEAR;;STATE;NORTH CAROLINA;37;;;;;;;0;;AG LAND;AG LAND, INCL BUILDINGS - ASSET VALUE, MEASURED IN $ / ACRE;TOTAL;NOT SPECIFIED;4,58;
SURVEY;2017;YEAR;;STATE;NORTH DAKOTA;38;;;;;;;0;;AG LAND;AG LAND, INCL BUILDINGS - ASSET VALUE, MEASURED IN $ / ACRE;TOTAL;NOT SPECIFIED;1,74;
SURVEY;2017;YEAR;;STATE;OHIO;39;;;;;;;0;;AG LAND;AG LAND, INCL BUILDINGS - ASSET VALUE, MEASURED IN $ / ACRE;TOTAL;NOT SPECIFIED;6,01;
SURVEY;2017;YEAR;;STATE;OKLAHOMA;40;;;;;;;0;;AG LAND;AG LAND, INCL BUILDINGS - ASSET VALUE, MEASURED IN $ / ACRE;TOTAL;NOT SPECIFIED;1,75;
SURVEY;2017;YEAR;;STATE;OREGON;41;;;;;;;0;;AG LAND;AG LAND, INCL BUILDINGS - ASSET VALUE, MEASURED IN $ / ACRE;TOTAL;NOT SPECIFIED;2,36;
SURVEY;2017;YEAR;;STATE;PENNSYLVANIA;42;;;;;;;0;;AG LAND;AG LAND, INCL BUILDINGS - ASSET VALUE, MEASURED IN $ / ACRE;TOTAL;NOT SPECIFIED;6,03;
SURVEY;2017;YEAR;;STATE;RHODE ISLAND;44;;;;;;;0;;AG LAND;AG LAND, INCL BUILDINGS - ASSET VALUE, MEASURED IN $ / ACRE;TOTAL;NOT SPECIFIED;14,9;
SURVEY;2017;YEAR;;STATE;SOUTH CAROLINA;45;;;;;;;0;;AG LAND;AG LAND, INCL BUILDINGS - ASSET VALUE, MEASURED IN $ / ACRE;TOTAL;NOT SPECIFIED;3,24;
SURVEY;2017;YEAR;;STATE;SOUTH DAKOTA;46;;;;;;;0;;AG LAND;AG LAND, INCL BUILDINGS - ASSET VALUE, MEASURED IN $ / ACRE;TOTAL;NOT SPECIFIED;2,1;
SURVEY;2017;YEAR;;STATE;TENNESSEE;47;;;;;;;0;;AG LAND;AG LAND, INCL BUILDINGS - ASSET VALUE, MEASURED IN $ / ACRE;TOTAL;NOT SPECIFIED;3,84;
SURVEY;2017;YEAR;;STATE;TEXAS;48;;;;;;;0;;AG LAND;AG LAND, INCL BUILDINGS - ASSET VALUE, MEASURED IN $ / ACRE;TOTAL;NOT SPECIFIED;1,92;
SURVEY;2017;YEAR;;STATE;UTAH;49;;;;;;;0;;AG LAND;AG LAND, INCL BUILDINGS - ASSET VALUE, MEASURED IN $ / ACRE;TOTAL;NOT SPECIFIED;2,23;
SURVEY;2017;YEAR;;STATE;VERMONT;50;;;;;;;0;;AG LAND;AG LAND, INCL BUILDINGS - ASSET VALUE, MEASURED IN $ / ACRE;TOTAL;NOT SPECIFIED;3,47;
SURVEY;2017;YEAR;;STATE;VIRGINIA;51;;;;;;;0;;AG LAND;AG LAND, INCL BUILDINGS - ASSET VALUE, MEASURED IN $ / ACRE;TOTAL;NOT SPECIFIED;4,59;
SURVEY;2017;YEAR;;STATE;WASHINGTON;53;;;;;;;0;;AG LAND;AG LAND, INCL BUILDINGS - ASSET VALUE, MEASURED IN $ / ACRE;TOTAL;NOT SPECIFIED;2,76;
SURVEY;2017;YEAR;;STATE;WEST VIRGINIA;54;;;;;;;0;;AG LAND;AG LAND, INCL BUILDINGS - ASSET VALUE, MEASURED IN $ / ACRE;TOTAL;NOT SPECIFIED;2,64;
SURVEY;2017;YEAR;;STATE;WISCONSIN;55;;;;;;;0;;AG LAND;AG LAND, INCL BUILDINGS - ASSET VALUE, MEASURED IN $ / ACRE;TOTAL;NOT SPECIFIED;4,87;
SURVEY;2017;YEAR;;STATE;WYOMING;56;;;;;;;0;;AG LAND;AG LAND, INCL BUILDINGS - ASSET VALUE, MEASURED IN $ / ACRE;TOTAL;NOT SPECIFIED;712;
SURVEY;2016;YEAR;;STATE;ALABAMA;1;;;;;;;0;;AG LAND;AG LAND, INCL BUILDINGS - ASSET VALUE, MEASURED IN $ / ACRE;TOTAL;NOT SPECIFIED;2,82;
SURVEY;2016;YEAR;;STATE;ARIZONA;4;;;;;;;0;;AG LAND;AG LAND, INCL BUILDINGS - ASSET VALUE, MEASURED IN $ / ACRE;TOTAL;NOT SPECIFIED;3,57;
SURVEY;2016;YEAR;;STATE;ARKANSAS;5;;;;;;;0;;AG LAND;AG LAND, INCL BUILDINGS - ASSET VALUE, MEASURED IN $ / ACRE;TOTAL;NOT SPECIFIED;3;
SURVEY;2016;YEAR;;STATE;CALIFORNIA;6;;;;;;;0;;AG LAND;AG LAND, INCL BUILDINGS - ASSET VALUE, MEASURED IN $ / ACRE;TOTAL;NOT SPECIFIED;8,08;
SURVEY;2016;YEAR;;STATE;COLORADO;8;;;;;;;0;;AG LAND;AG LAND, INCL BUILDINGS - ASSET VALUE, MEASURED IN $ / ACRE;TOTAL;NOT SPECIFIED;1,5;
SURVEY;2016;YEAR;;STATE;CONNECTICUT;9;;;;;;;0;;AG LAND;AG LAND, INCL BUILDINGS - ASSET VALUE, MEASURED IN $ / ACRE;TOTAL;NOT SPECIFIED;11,9;
SURVEY;2016;YEAR;;STATE;DELAWARE;10;;;;;;;0;;AG LAND;AG LAND, INCL BUILDINGS - ASSET VALUE, MEASURED IN $ / ACRE;TOTAL;NOT SPECIFIED;8,29;
SURVEY;2016;YEAR;;STATE;FLORIDA;12;;;;;;;0;;AG LAND;AG LAND, INCL BUILDINGS - ASSET VALUE, MEASURED IN $ / ACRE;TOTAL;NOT SPECIFIED;5,51;
SURVEY;2016;YEAR;;STATE;GEORGIA;13;;;;;;;0;;AG LAND;AG LAND, INCL BUILDINGS - ASSET VALUE, MEASURED IN $ / ACRE;TOTAL;NOT SPECIFIED;3,41;
SURVEY;2016;YEAR;;STATE;IDAHO;16;;;;;;;0;;AG LAND;AG LAND, INCL BUILDINGS - ASSET VALUE, MEASURED IN $ / ACRE;TOTAL;NOT SPECIFIED;2,59;
SURVEY;2016;YEAR;;STATE;ILLINOIS;17;;;;;;;0;;AG LAND;AG LAND, INCL BUILDINGS - ASSET VALUE, MEASURED IN $ / ACRE;TOTAL;NOT SPECIFIED;7,3;
SURVEY;2016;YEAR;;STATE;INDIANA;18;;;;;;;0;;AG LAND;AG LAND, INCL BUILDINGS - ASSET VALUE, MEASURED IN $ / ACRE;TOTAL;NOT SPECIFIED;6,83;
SURVEY;2016;YEAR;;STATE;IOWA;19;;;;;;;0;;AG LAND;AG LAND, INCL BUILDINGS - ASSET VALUE, MEASURED IN $ / ACRE;TOTAL;NOT SPECIFIED;7,37;
SURVEY;2016;YEAR;;STATE;KANSAS;20;;;;;;;0;;AG LAND;AG LAND, INCL BUILDINGS - ASSET VALUE, MEASURED IN $ / ACRE;TOTAL;NOT SPECIFIED;1,91;
SURVEY;2016;YEAR;;STATE;KENTUCKY;21;;;;;;;0;;AG LAND;AG LAND, INCL BUILDINGS - ASSET VALUE, MEASURED IN $ / ACRE;TOTAL;NOT SPECIFIED;3,54;
SURVEY;2016;YEAR;;STATE;LOUISIANA;22;;;;;;;0;;AG LAND;AG LAND, INCL BUILDINGS - ASSET VALUE, MEASURED IN $ / ACRE;TOTAL;NOT SPECIFIED;2,87;
SURVEY;2016;YEAR;;STATE;MAINE;23;;;;;;;0;;AG LAND;AG LAND, INCL BUILDINGS - ASSET VALUE, MEASURED IN $ / ACRE;TOTAL;NOT SPECIFIED;2,21;
SURVEY;2016;YEAR;;STATE;MARYLAND;24;;;;;;;0;;AG LAND;AG LAND, INCL BUILDINGS - ASSET VALUE, MEASURED IN $ / ACRE;TOTAL;NOT SPECIFIED;7,47;
SURVEY;2016;YEAR;;STATE;MASSACHUSETTS;25;;;;;;;0;;AG LAND;AG LAND, INCL BUILDINGS - ASSET VALUE, MEASURED IN $ / ACRE;TOTAL;NOT SPECIFIED;10,7;
SURVEY;2016;YEAR;;STATE;MICHIGAN;26;;;;;;;0;;AG LAND;AG LAND, INCL BUILDINGS - ASSET VALUE, MEASURED IN $ / ACRE;TOTAL;NOT SPECIFIED;4,9;
SURVEY;2016;YEAR;;STATE;MINNESOTA;27;;;;;;;0;;AG LAND;AG LAND, INCL BUILDINGS - ASSET VALUE, MEASURED IN $ / ACRE;TOTAL;NOT SPECIFIED;4,79;
SURVEY;2016;YEAR;;STATE;MISSISSIPPI;28;;;;;;;0;;AG LAND;AG LAND, INCL BUILDINGS - ASSET VALUE, MEASURED IN $ / ACRE;TOTAL;NOT SPECIFIED;2,59;
SURVEY;2016;YEAR;;STATE;MISSOURI;29;;;;;;;0;;AG LAND;AG LAND, INCL BUILDINGS - ASSET VALUE, MEASURED IN $ / ACRE;TOTAL;NOT SPECIFIED;3,22;
SURVEY;2016;YEAR;;STATE;MONTANA;30;;;;;;;0;;AG LAND;AG LAND, INCL BUILDINGS - ASSET VALUE, MEASURED IN $ / ACRE;TOTAL;NOT SPECIFIED;898;
SURVEY;2016;YEAR;;STATE;NEBRASKA;31;;;;;;;0;;AG LAND;AG LAND, INCL BUILDINGS - ASSET VALUE, MEASURED IN $ / ACRE;TOTAL;NOT SPECIFIED;2,89;
SURVEY;2016;YEAR;;STATE;NEVADA;32;;;;;;;0;;AG LAND;AG LAND, INCL BUILDINGS - ASSET VALUE, MEASURED IN $ / ACRE;TOTAL;NOT SPECIFIED;1,04;
SURVEY;2016;YEAR;;STATE;NEW HAMPSHIRE;33;;;;;;;0;;AG LAND;AG LAND, INCL BUILDINGS - ASSET VALUE, MEASURED IN $ / ACRE;TOTAL;NOT SPECIFIED;4,61;
SURVEY;2016;YEAR;;STATE;NEW JERSEY;34;;;;;;;0;;AG LAND;AG LAND, INCL BUILDINGS - ASSET VALUE, MEASURED IN $ / ACRE;TOTAL;NOT SPECIFIED;13,3;
SURVEY;2016;YEAR;;STATE;NEW MEXICO;35;;;;;;;0;;AG LAND;AG LAND, INCL BUILDINGS - ASSET VALUE, MEASURED IN $ / ACRE;TOTAL;NOT SPECIFIED;540;
SURVEY;2016;YEAR;;STATE;NEW YORK;36;;;;;;;0;;AG LAND;AG LAND, INCL BUILDINGS - ASSET VALUE, MEASURED IN $ / ACRE;TOTAL;NOT SPECIFIED;3,11;
SURVEY;2016;YEAR;;STATE;NORTH CAROLINA;37;;;;;;;0;;AG LAND;AG LAND, INCL BUILDINGS - ASSET VALUE, MEASURED IN $ / ACRE;TOTAL;NOT SPECIFIED;4,55;
SURVEY;2016;YEAR;;STATE;NORTH DAKOTA;38;;;;;;;0;;AG LAND;AG LAND, INCL BUILDINGS - ASSET VALUE, MEASURED IN $ / ACRE;TOTAL;NOT SPECIFIED;1,75;
SURVEY;2016;YEAR;;STATE;OHIO;39;;;;;;;0;;AG LAND;AG LAND, INCL BUILDINGS - ASSET VALUE, MEASURED IN $ / ACRE;TOTAL;NOT SPECIFIED;5,97;
SURVEY;2016;YEAR;;STATE;OKLAHOMA;40;;;;;;;0;;AG LAND;AG LAND, INCL BUILDINGS - ASSET VALUE, MEASURED IN $ / ACRE;TOTAL;NOT SPECIFIED;1,69;
SURVEY;2016;YEAR;;STATE;OREGON;41;;;;;;;0;;AG LAND;AG LAND, INCL BUILDINGS - ASSET VALUE, MEASURED IN $ / ACRE;TOTAL;NOT SPECIFIED;2,24;
SURVEY;2016;YEAR;;STATE;PENNSYLVANIA;42;;;;;;;0;;AG LAND;AG LAND, INCL BUILDINGS - ASSET VALUE, MEASURED IN $ / ACRE;TOTAL;NOT SPECIFIED;5,82;
SURVEY;2016;YEAR;;STATE;RHODE ISLAND;44;;;;;;;0;;AG LAND;AG LAND, INCL BUILDINGS - ASSET VALUE, MEASURED IN $ / ACRE;TOTAL;NOT SPECIFIED;14,6;
SURVEY;2016;YEAR;;STATE;SOUTH CAROLINA;45;;;;;;;0;;AG LAND;AG LAND, INCL BUILDINGS - ASSET VALUE, MEASURED IN $ / ACRE;TOTAL;NOT SPECIFIED;3,18;
SURVEY;2016;YEAR;;STATE;SOUTH DAKOTA;46;;;;;;;0;;AG LAND;AG LAND, INCL BUILDINGS - ASSET VALUE, MEASURED IN $ / ACRE;TOTAL;NOT SPECIFIED;2,19;
SURVEY;2016;YEAR;;STATE;TENNESSEE;47;;;;;;;0;;AG LAND;AG LAND, INCL BUILDINGS - ASSET VALUE, MEASURED IN $ / ACRE;TOTAL;NOT SPECIFIED;3,77;
SURVEY;2016;YEAR;;STATE;TEXAS;48;;;;;;;0;;AG LAND;AG LAND, INCL BUILDINGS - ASSET VALUE, MEASURED IN $ / ACRE;TOTAL;NOT SPECIFIED;1,84;
SURVEY;2016;YEAR;;STATE;UTAH;49;;;;;;;0;;AG LAND;AG LAND, INCL BUILDINGS - ASSET VALUE, MEASURED IN $ / ACRE;TOTAL;NOT SPECIFIED;2,16;
SURVEY;2016;YEAR;;STATE;VERMONT;50;;;;;;;0;;AG LAND;AG LAND, INCL BUILDINGS - ASSET VALUE, MEASURED IN $ / ACRE;TOTAL;NOT SPECIFIED;3,4;
SURVEY;2016;YEAR;;STATE;VIRGINIA;51;;;;;;;0;;AG LAND;AG LAND, INCL BUILDINGS - ASSET VALUE, MEASURED IN $ / ACRE;TOTAL;NOT SPECIFIED;4,47;
SURVEY;2016;YEAR;;STATE;WASHINGTON;53;;;;;;;0;;AG LAND;AG LAND, INCL BUILDINGS - ASSET VALUE, MEASURED IN $ / ACRE;TOTAL;NOT SPECIFIED;2,68;
SURVEY;2016;YEAR;;STATE;WEST VIRGINIA;54;;;;;;;0;;AG LAND;AG LAND, INCL BUILDINGS - ASSET VALUE, MEASURED IN $ / ACRE;TOTAL;NOT SPECIFIED;2,62;
SURVEY;2016;YEAR;;STATE;WISCONSIN;55;;;;;;;0;;AG LAND;AG LAND, INCL BUILDINGS - ASSET VALUE, MEASURED IN $ / ACRE;TOTAL;NOT SPECIFIED;4,52;
SURVEY;2016;YEAR;;STATE;WYOMING;56;;;;;;;0;;AG LAND;AG LAND, INCL BUILDINGS - ASSET VALUE, MEASURED IN $ / ACRE;TOTAL;NOT SPECIFIED;699;
SURVEY;2015;YEAR;;STATE;ALABAMA;1;;;;;;;0;;AG LAND;AG LAND, INCL BUILDINGS - ASSET VALUE, MEASURED IN $ / ACRE;TOTAL;NOT SPECIFIED;2,71;
SURVEY;2015;YEAR;;STATE;ARIZONA;4;;;;;;;0;;AG LAND;AG LAND, INCL BUILDINGS - ASSET VALUE, MEASURED IN $ / ACRE;TOTAL;NOT SPECIFIED;3,62;
SURVEY;2015;YEAR;;STATE;ARKANSAS;5;;;;;;;0;;AG LAND;AG LAND, INCL BUILDINGS - ASSET VALUE, MEASURED IN $ / ACRE;TOTAL;NOT SPECIFIED;3,02;
SURVEY;2015;YEAR;;STATE;CALIFORNIA;6;;;;;;;0;;AG LAND;AG LAND, INCL BUILDINGS - ASSET VALUE, MEASURED IN $ / ACRE;TOTAL;NOT SPECIFIED;7,82;
SURVEY;2015;YEAR;;STATE;COLORADO;8;;;;;;;0;;AG LAND;AG LAND, INCL BUILDINGS - ASSET VALUE, MEASURED IN $ / ACRE;TOTAL;NOT SPECIFIED;1,5;
SURVEY;2015;YEAR;;STATE;CONNECTICUT;9;;;;;;;0;;AG LAND;AG LAND, INCL BUILDINGS - ASSET VALUE, MEASURED IN $ / ACRE;TOTAL;NOT SPECIFIED;11,7;
SURVEY;2015;YEAR;;STATE;DELAWARE;10;;;;;;;0;;AG LAND;AG LAND, INCL BUILDINGS - ASSET VALUE, MEASURED IN $ / ACRE;TOTAL;NOT SPECIFIED;8,11;
SURVEY;2015;YEAR;;STATE;FLORIDA;12;;;;;;;0;;AG LAND;AG LAND, INCL BUILDINGS - ASSET VALUE, MEASURED IN $ / ACRE;TOTAL;NOT SPECIFIED;5,48;
SURVEY;2015;YEAR;;STATE;GEORGIA;13;;;;;;;0;;AG LAND;AG LAND, INCL BUILDINGS - ASSET VALUE, MEASURED IN $ / ACRE;TOTAL;NOT SPECIFIED;3,27;
SURVEY;2015;YEAR;;STATE;IDAHO;16;;;;;;;0;;AG LAND;AG LAND, INCL BUILDINGS - ASSET VALUE, MEASURED IN $ / ACRE;TOTAL;NOT SPECIFIED;2,53;
SURVEY;2015;YEAR;;STATE;ILLINOIS;17;;;;;;;0;;AG LAND;AG LAND, INCL BUILDINGS - ASSET VALUE, MEASURED IN $ / ACRE;TOTAL;NOT SPECIFIED;7,43;
SURVEY;2015;YEAR;;STATE;INDIANA;18;;;;;;;0;;AG LAND;AG LAND, INCL BUILDINGS - ASSET VALUE, MEASURED IN $ / ACRE;TOTAL;NOT SPECIFIED;6,93;
SURVEY;2015;YEAR;;STATE;IOWA;19;;;;;;;0;;AG LAND;AG LAND, INCL BUILDINGS - ASSET VALUE, MEASURED IN $ / ACRE;TOTAL;NOT SPECIFIED;7,67;
SURVEY;2015;YEAR;;STATE;KANSAS;20;;;;;;;0;;AG LAND;AG LAND, INCL BUILDINGS - ASSET VALUE, MEASURED IN $ / ACRE;TOTAL;NOT SPECIFIED;2,05;
SURVEY;2015;YEAR;;STATE;KENTUCKY;21;;;;;;;0;;AG LAND;AG LAND, INCL BUILDINGS - ASSET VALUE, MEASURED IN $ / ACRE;TOTAL;NOT SPECIFIED;3,37;
SURVEY;2015;YEAR;;STATE;LOUISIANA;22;;;;;;;0;;AG LAND;AG LAND, INCL BUILDINGS - ASSET VALUE, MEASURED IN $ / ACRE;TOTAL;NOT SPECIFIED;2,78;
SURVEY;2015;YEAR;;STATE;MAINE;23;;;;;;;0;;AG LAND;AG LAND, INCL BUILDINGS - ASSET VALUE, MEASURED IN $ / ACRE;TOTAL;NOT SPECIFIED;2,17;
SURVEY;2015;YEAR;;STATE;MARYLAND;24;;;;;;;0;;AG LAND;AG LAND, INCL BUILDINGS - ASSET VALUE, MEASURED IN $ / ACRE;TOTAL;NOT SPECIFIED;7,27;
SURVEY;2015;YEAR;;STATE;MASSACHUSETTS;25;;;;;;;0;;AG LAND;AG LAND, INCL BUILDINGS - ASSET VALUE, MEASURED IN $ / ACRE;TOTAL;NOT SPECIFIED;10,6;
SURVEY;2015;YEAR;;STATE;MICHIGAN;26;;;;;;;0;;AG LAND;AG LAND, INCL BUILDINGS - ASSET VALUE, MEASURED IN $ / ACRE;TOTAL;NOT SPECIFIED;4,97;
SURVEY;2015;YEAR;;STATE;MINNESOTA;27;;;;;;;0;;AG LAND;AG LAND, INCL BUILDINGS - ASSET VALUE, MEASURED IN $ / ACRE;TOTAL;NOT SPECIFIED;4,76;
SURVEY;2015;YEAR;;STATE;MISSISSIPPI;28;;;;;;;0;;AG LAND;AG LAND, INCL BUILDINGS - ASSET VALUE, MEASURED IN $ / ACRE;TOTAL;NOT SPECIFIED;2,5;
SURVEY;2015;YEAR;;STATE;MISSOURI;29;;;;;;;0;;AG LAND;AG LAND, INCL BUILDINGS - ASSET VALUE, MEASURED IN $ / ACRE;TOTAL;NOT SPECIFIED;3,23;
SURVEY;2015;YEAR;;STATE;MONTANA;30;;;;;;;0;;AG LAND;AG LAND, INCL BUILDINGS - ASSET VALUE, MEASURED IN $ / ACRE;TOTAL;NOT SPECIFIED;888;
SURVEY;2015;YEAR;;STATE;NEBRASKA;31;;;;;;;0;;AG LAND;AG LAND, INCL BUILDINGS - ASSET VALUE, MEASURED IN $ / ACRE;TOTAL;NOT SPECIFIED;3,01;
SURVEY;2015;YEAR;;STATE;NEVADA;32;;;;;;;0;;AG LAND;AG LAND, INCL BUILDINGS - ASSET VALUE, MEASURED IN $ / ACRE;TOTAL;NOT SPECIFIED;1,08;
SURVEY;2015;YEAR;;STATE;NEW HAMPSHIRE;33;;;;;;;0;;AG LAND;AG LAND, INCL BUILDINGS - ASSET VALUE, MEASURED IN $ / ACRE;TOTAL;NOT SPECIFIED;4,45;
SURVEY;2015;YEAR;;STATE;NEW JERSEY;34;;;;;;;0;;AG LAND;AG LAND, INCL BUILDINGS - ASSET VALUE, MEASURED IN $ / ACRE;TOTAL;NOT SPECIFIED;13,3;
SURVEY;2015;YEAR;;STATE;NEW MEXICO;35;;;;;;;0;;AG LAND;AG LAND, INCL BUILDINGS - ASSET VALUE, MEASURED IN $ / ACRE;TOTAL;NOT SPECIFIED;523;
SURVEY;2015;YEAR;;STATE;NEW YORK;36;;;;;;;0;;AG LAND;AG LAND, INCL BUILDINGS - ASSET VALUE, MEASURED IN $ / ACRE;TOTAL;NOT SPECIFIED;3,09;
SURVEY;2015;YEAR;;STATE;NORTH CAROLINA;37;;;;;;;0;;AG LAND;AG LAND, INCL BUILDINGS - ASSET VALUE, MEASURED IN $ / ACRE;TOTAL;NOT SPECIFIED;4,56;
SURVEY;2015;YEAR;;STATE;NORTH DAKOTA;38;;;;;;;0;;AG LAND;AG LAND, INCL BUILDINGS - ASSET VALUE, MEASURED IN $ / ACRE;TOTAL;NOT SPECIFIED;1,87;
SURVEY;2015;YEAR;;STATE;OHIO;39;;;;;;;0;;AG LAND;AG LAND, INCL BUILDINGS - ASSET VALUE, MEASURED IN $ / ACRE;TOTAL;NOT SPECIFIED;5,93;
SURVEY;2015;YEAR;;STATE;OKLAHOMA;40;;;;;;;0;;AG LAND;AG LAND, INCL BUILDINGS - ASSET VALUE, MEASURED IN $ / ACRE;TOTAL;NOT SPECIFIED;1,63;
SURVEY;2015;YEAR;;STATE;OREGON;41;;;;;;;0;;AG LAND;AG LAND, INCL BUILDINGS - ASSET VALUE, MEASURED IN $ / ACRE;TOTAL;NOT SPECIFIED;2,14;
SURVEY;2015;YEAR;;STATE;PENNSYLVANIA;42;;;;;;;0;;AG LAND;AG LAND, INCL BUILDINGS - ASSET VALUE, MEASURED IN $ / ACRE;TOTAL;NOT SPECIFIED;5,71;
SURVEY;2015;YEAR;;STATE;RHODE ISLAND;44;;;;;;;0;;AG LAND;AG LAND, INCL BUILDINGS - ASSET VALUE, MEASURED IN $ / ACRE;TOTAL;NOT SPECIFIED;14,3;
SURVEY;2015;YEAR;;STATE;SOUTH CAROLINA;45;;;;;;;0;;AG LAND;AG LAND, INCL BUILDINGS - ASSET VALUE, MEASURED IN $ / ACRE;TOTAL;NOT SPECIFIED;3,13;
SURVEY;2015;YEAR;;STATE;SOUTH DAKOTA;46;;;;;;;0;;AG LAND;AG LAND, INCL BUILDINGS - ASSET VALUE, MEASURED IN $ / ACRE;TOTAL;NOT SPECIFIED;2,28;
SURVEY;2015;YEAR;;STATE;TENNESSEE;47;;;;;;;0;;AG LAND;AG LAND, INCL BUILDINGS - ASSET VALUE, MEASURED IN $ / ACRE;TOTAL;NOT SPECIFIED;3,69;
SURVEY;2015;YEAR;;STATE;TEXAS;48;;;;;;;0;;AG LAND;AG LAND, INCL BUILDINGS - ASSET VALUE, MEASURED IN $ / ACRE;TOTAL;NOT SPECIFIED;1,86;
SURVEY;2015;YEAR;;STATE;UTAH;49;;;;;;;0;;AG LAND;AG LAND, INCL BUILDINGS - ASSET VALUE, MEASURED IN $ / ACRE;TOTAL;NOT SPECIFIED;2,13;
SURVEY;2015;YEAR;;STATE;VERMONT;50;;;;;;;0;;AG LAND;AG LAND, INCL BUILDINGS - ASSET VALUE, MEASURED IN $ / ACRE;TOTAL;NOT SPECIFIED;3,35;
SURVEY;2015;YEAR;;STATE;VIRGINIA;51;;;;;;;0;;AG LAND;AG LAND, INCL BUILDINGS - ASSET VALUE, MEASURED IN $ / ACRE;TOTAL;NOT SPECIFIED;4,44;
SURVEY;2015;YEAR;;STATE;WASHINGTON;53;;;;;;;0;;AG LAND;AG LAND, INCL BUILDINGS - ASSET VALUE, MEASURED IN $ / ACRE;TOTAL;NOT SPECIFIED;2,59;
SURVEY;2015;YEAR;;STATE;WEST VIRGINIA;54;;;;;;;0;;AG LAND;AG LAND, INCL BUILDINGS - ASSET VALUE, MEASURED IN $ / ACRE;TOTAL;NOT SPECIFIED;2,63;
SURVEY;2015;YEAR;;STATE;WISCONSIN;55;;;;;;;0;;AG LAND;AG LAND, INCL BUILDINGS - ASSET VALUE, MEASURED IN $ / ACRE;TOTAL;NOT SPECIFIED;4,55;
SURVEY;2015;YEAR;;STATE;WYOMING;56;;;;;;;0;;AG LAND;AG LAND, INCL BUILDINGS - ASSET VALUE, MEASURED IN $ / ACRE;TOTAL;NOT SPECIFIED;686;
SURVEY;2014;YEAR;;STATE;ALABAMA;1;;;;;;;0;;AG LAND;AG LAND, INCL BUILDINGS - ASSET VALUE, MEASURED IN $ / ACRE;TOTAL;NOT SPECIFIED;2,64;
SURVEY;2014;YEAR;;STATE;ARIZONA;4;;;;;;;0;;AG LAND;AG LAND, INCL BUILDINGS - ASSET VALUE, MEASURED IN $ / ACRE;TOTAL;NOT SPECIFIED;3,66;
SURVEY;2014;YEAR;;STATE;ARKANSAS;5;;;;;;;0;;AG LAND;AG LAND, INCL BUILDINGS - ASSET VALUE, MEASURED IN $ / ACRE;TOTAL;NOT SPECIFIED;2,83;
SURVEY;2014;YEAR;;STATE;CALIFORNIA;6;;;;;;;0;;AG LAND;AG LAND, INCL BUILDINGS - ASSET VALUE, MEASURED IN $ / ACRE;TOTAL;NOT SPECIFIED;7,36;
SURVEY;2014;YEAR;;STATE;COLORADO;8;;;;;;;0;;AG LAND;AG LAND, INCL BUILDINGS - ASSET VALUE, MEASURED IN $ / ACRE;TOTAL;NOT SPECIFIED;1,38;
SURVEY;2014;YEAR;;STATE;CONNECTICUT;9;;;;;;;0;;AG LAND;AG LAND, INCL BUILDINGS - ASSET VALUE, MEASURED IN $ / ACRE;TOTAL;NOT SPECIFIED;11,4;
SURVEY;2014;YEAR;;STATE;DELAWARE;10;;;;;;;0;;AG LAND;AG LAND, INCL BUILDINGS - ASSET VALUE, MEASURED IN $ / ACRE;TOTAL;NOT SPECIFIED;8,14;
SURVEY;2014;YEAR;;STATE;FLORIDA;12;;;;;;;0;;AG LAND;AG LAND, INCL BUILDINGS - ASSET VALUE, MEASURED IN $ / ACRE;TOTAL;NOT SPECIFIED;5,29;
SURVEY;2014;YEAR;;STATE;GEORGIA;13;;;;;;;0;;AG LAND;AG LAND, INCL BUILDINGS - ASSET VALUE, MEASURED IN $ / ACRE;TOTAL;NOT SPECIFIED;3,3;
SURVEY;2014;YEAR;;STATE;IDAHO;16;;;;;;;0;;AG LAND;AG LAND, INCL BUILDINGS - ASSET VALUE, MEASURED IN $ / ACRE;TOTAL;NOT SPECIFIED;2,39;
SURVEY;2014;YEAR;;STATE;ILLINOIS;17;;;;;;;0;;AG LAND;AG LAND, INCL BUILDINGS - ASSET VALUE, MEASURED IN $ / ACRE;TOTAL;NOT SPECIFIED;7,48;
SURVEY;2014;YEAR;;STATE;INDIANA;18;;;;;;;0;;AG LAND;AG LAND, INCL BUILDINGS - ASSET VALUE, MEASURED IN $ / ACRE;TOTAL;NOT SPECIFIED;6,84;
SURVEY;2014;YEAR;;STATE;IOWA;19;;;;;;;0;;AG LAND;AG LAND, INCL BUILDINGS - ASSET VALUE, MEASURED IN $ / ACRE;TOTAL;NOT SPECIFIED;8,32;
SURVEY;2014;YEAR;;STATE;KANSAS;20;;;;;;;0;;AG LAND;AG LAND, INCL BUILDINGS - ASSET VALUE, MEASURED IN $ / ACRE;TOTAL;NOT SPECIFIED;2,06;
SURVEY;2014;YEAR;;STATE;KENTUCKY;21;;;;;;;0;;AG LAND;AG LAND, INCL BUILDINGS - ASSET VALUE, MEASURED IN $ / ACRE;TOTAL;NOT SPECIFIED;3,21;
SURVEY;2014;YEAR;;STATE;LOUISIANA;22;;;;;;;0;;AG LAND;AG LAND, INCL BUILDINGS - ASSET VALUE, MEASURED IN $ / ACRE;TOTAL;NOT SPECIFIED;2,66;
SURVEY;2014;YEAR;;STATE;MAINE;23;;;;;;;0;;AG LAND;AG LAND, INCL BUILDINGS - ASSET VALUE, MEASURED IN $ / ACRE;TOTAL;NOT SPECIFIED;2,12;
SURVEY;2014;YEAR;;STATE;MARYLAND;24;;;;;;;0;;AG LAND;AG LAND, INCL BUILDINGS - ASSET VALUE, MEASURED IN $ / ACRE;TOTAL;NOT SPECIFIED;7,03;
SURVEY;2014;YEAR;;STATE;MASSACHUSETTS;25;;;;;;;0;;AG LAND;AG LAND, INCL BUILDINGS - ASSET VALUE, MEASURED IN $ / ACRE;TOTAL;NOT SPECIFIED;10,5;
SURVEY;2014;YEAR;;STATE;MICHIGAN;26;;;;;;;0;;AG LAND;AG LAND, INCL BUILDINGS - ASSET VALUE, MEASURED IN $ / ACRE;TOTAL;NOT SPECIFIED;4,73;
SURVEY;2014;YEAR;;STATE;MINNESOTA;27;;;;;;;0;;AG LAND;AG LAND, INCL BUILDINGS - ASSET VALUE, MEASURED IN $ / ACRE;TOTAL;NOT SPECIFIED;4,78;
SURVEY;2014;YEAR;;STATE;MISSISSIPPI;28;;;;;;;0;;AG LAND;AG LAND, INCL BUILDINGS - ASSET VALUE, MEASURED IN $ / ACRE;TOTAL;NOT SPECIFIED;2,38;
SURVEY;2014;YEAR;;STATE;MISSOURI;29;;;;;;;0;;AG LAND;AG LAND, INCL BUILDINGS - ASSET VALUE, MEASURED IN $ / ACRE;TOTAL;NOT SPECIFIED;3,05;
SURVEY;2014;YEAR;;STATE;MONTANA;30;;;;;;;0;;AG LAND;AG LAND, INCL BUILDINGS - ASSET VALUE, MEASURED IN $ / ACRE;TOTAL;NOT SPECIFIED;859;
SURVEY;2014;YEAR;;STATE;NEBRASKA;31;;;;;;;0;;AG LAND;AG LAND, INCL BUILDINGS - ASSET VALUE, MEASURED IN $ / ACRE;TOTAL;NOT SPECIFIED;3,1;
SURVEY;2014;YEAR;;STATE;NEVADA;32;;;;;;;0;;AG LAND;AG LAND, INCL BUILDINGS - ASSET VALUE, MEASURED IN $ / ACRE;TOTAL;NOT SPECIFIED;1,06;
SURVEY;2014;YEAR;;STATE;NEW HAMPSHIRE;33;;;;;;;0;;AG LAND;AG LAND, INCL BUILDINGS - ASSET VALUE, MEASURED IN $ / ACRE;TOTAL;NOT SPECIFIED;4,36;
SURVEY;2014;YEAR;;STATE;NEW JERSEY;34;;;;;;;0;;AG LAND;AG LAND, INCL BUILDINGS - ASSET VALUE, MEASURED IN $ / ACRE;TOTAL;NOT SPECIFIED;13;
SURVEY;2014;YEAR;;STATE;NEW MEXICO;35;;;;;;;0;;AG LAND;AG LAND, INCL BUILDINGS - ASSET VALUE, MEASURED IN $ / ACRE;TOTAL;NOT SPECIFIED;527;
SURVEY;2014;YEAR;;STATE;NEW YORK;36;;;;;;;0;;AG LAND;AG LAND, INCL BUILDINGS - ASSET VALUE, MEASURED IN $ / ACRE;TOTAL;NOT SPECIFIED;2,74;
SURVEY;2014;YEAR;;STATE;NORTH CAROLINA;37;;;;;;;0;;AG LAND;AG LAND, INCL BUILDINGS - ASSET VALUE, MEASURED IN $ / ACRE;TOTAL;NOT SPECIFIED;4,54;
SURVEY;2014;YEAR;;STATE;NORTH DAKOTA;38;;;;;;;0;;AG LAND;AG LAND, INCL BUILDINGS - ASSET VALUE, MEASURED IN $ / ACRE;TOTAL;NOT SPECIFIED;1,79;
SURVEY;2014;YEAR;;STATE;OHIO;39;;;;;;;0;;AG LAND;AG LAND, INCL BUILDINGS - ASSET VALUE, MEASURED IN $ / ACRE;TOTAL;NOT SPECIFIED;5,64;
SURVEY;2014;YEAR;;STATE;OKLAHOMA;40;;;;;;;0;;AG LAND;AG LAND, INCL BUILDINGS - ASSET VALUE, MEASURED IN $ / ACRE;TOTAL;NOT SPECIFIED;1,55;
SURVEY;2014;YEAR;;STATE;OREGON;41;;;;;;;0;;AG LAND;AG LAND, INCL BUILDINGS - ASSET VALUE, MEASURED IN $ / ACRE;TOTAL;NOT SPECIFIED;2,06;
SURVEY;2014;YEAR;;STATE;PENNSYLVANIA;42;;;;;;;0;;AG LAND;AG LAND, INCL BUILDINGS - ASSET VALUE, MEASURED IN $ / ACRE;TOTAL;NOT SPECIFIED;5,71;
SURVEY;2014;YEAR;;STATE;RHODE ISLAND;44;;;;;;;0;;AG LAND;AG LAND, INCL BUILDINGS - ASSET VALUE, MEASURED IN $ / ACRE;TOTAL;NOT SPECIFIED;14;
SURVEY;2014;YEAR;;STATE;SOUTH CAROLINA;45;;;;;;;0;;AG LAND;AG LAND, INCL BUILDINGS - ASSET VALUE, MEASURED IN $ / ACRE;TOTAL;NOT SPECIFIED;3,07;
SURVEY;2014;YEAR;;STATE;SOUTH DAKOTA;46;;;;;;;0;;AG LAND;AG LAND, INCL BUILDINGS - ASSET VALUE, MEASURED IN $ / ACRE;TOTAL;NOT SPECIFIED;2,05;
SURVEY;2014;YEAR;;STATE;TENNESSEE;47;;;;;;;0;;AG LAND;AG LAND, INCL BUILDINGS - ASSET VALUE, MEASURED IN $ / ACRE;TOTAL;NOT SPECIFIED;3,62;
SURVEY;2014;YEAR;;STATE;TEXAS;48;;;;;;;0;;AG LAND;AG LAND, INCL BUILDINGS - ASSET VALUE, MEASURED IN $ / ACRE;TOTAL;NOT SPECIFIED;1,81;
SURVEY;2014;YEAR;;STATE;UTAH;49;;;;;;;0;;AG LAND;AG LAND, INCL BUILDINGS - ASSET VALUE, MEASURED IN $ / ACRE;TOTAL;NOT SPECIFIED;2,07;
SURVEY;2014;YEAR;;STATE;VERMONT;50;;;;;;;0;;AG LAND;AG LAND, INCL BUILDINGS - ASSET VALUE, MEASURED IN $ / ACRE;TOTAL;NOT SPECIFIED;3,29;
SURVEY;2014;YEAR;;STATE;VIRGINIA;51;;;;;;;0;;AG LAND;AG LAND, INCL BUILDINGS - ASSET VALUE, MEASURED IN $ / ACRE;TOTAL;NOT SPECIFIED;4,38;
SURVEY;2014;YEAR;;STATE;WASHINGTON;53;;;;;;;0;;AG LAND;AG LAND, INCL BUILDINGS - ASSET VALUE, MEASURED IN $ / ACRE;TOTAL;NOT SPECIFIED;2,45;
SURVEY;2014;YEAR;;STATE;WEST VIRGINIA;54;;;;;;;0;;AG LAND;AG LAND, INCL BUILDINGS - ASSET VALUE, MEASURED IN $ / ACRE;TOTAL;NOT SPECIFIED;2,58;
SURVEY;2014;YEAR;;STATE;WISCONSIN;55;;;;;;;0;;AG LAND;AG LAND, INCL BUILDINGS - ASSET VALUE, MEASURED IN $ / ACRE;TOTAL;NOT SPECIFIED;4,33;
SURVEY;2014;YEAR;;STATE;WYOMING;56;;;;;;;0;;AG LAND;AG LAND, INCL BUILDINGS - ASSET VALUE, MEASURED IN $ / ACRE;TOTAL;NOT SPECIFIED;642;
SURVEY;2013;YEAR;;STATE;ALABAMA;1;;;;;;;0;;AG LAND;AG LAND, INCL BUILDINGS - ASSET VALUE, MEASURED IN $ / ACRE;TOTAL;NOT SPECIFIED;2,5;
SURVEY;2013;YEAR;;STATE;ARIZONA;4;;;;;;;0;;AG LAND;AG LAND, INCL BUILDINGS - ASSET VALUE, MEASURED IN $ / ACRE;TOTAL;NOT SPECIFIED;3,5;
SURVEY;2013;YEAR;;STATE;ARKANSAS;5;;;;;;;0;;AG LAND;AG LAND, INCL BUILDINGS - ASSET VALUE, MEASURED IN $ / ACRE;TOTAL;NOT SPECIFIED;2,7;
SURVEY;2013;YEAR;;STATE;CALIFORNIA;6;;;;;;;0;;AG LAND;AG LAND, INCL BUILDINGS - ASSET VALUE, MEASURED IN $ / ACRE;TOTAL;NOT SPECIFIED;6,9;
SURVEY;2013;YEAR;;STATE;COLORADO;8;;;;;;;0;;AG LAND;AG LAND, INCL BUILDINGS - ASSET VALUE, MEASURED IN $ / ACRE;TOTAL;NOT SPECIFIED;1,28;
SURVEY;2013;YEAR;;STATE;CONNECTICUT;9;;;;;;;0;;AG LAND;AG LAND, INCL BUILDINGS - ASSET VALUE, MEASURED IN $ / ACRE;TOTAL;NOT SPECIFIED;11,1;
SURVEY;2013;YEAR;;STATE;DELAWARE;10;;;;;;;0;;AG LAND;AG LAND, INCL BUILDINGS - ASSET VALUE, MEASURED IN $ / ACRE;TOTAL;NOT SPECIFIED;8,17;
SURVEY;2013;YEAR;;STATE;FLORIDA;12;;;;;;;0;;AG LAND;AG LAND, INCL BUILDINGS - ASSET VALUE, MEASURED IN $ / ACRE;TOTAL;NOT SPECIFIED;5,2;
SURVEY;2013;YEAR;;STATE;GEORGIA;13;;;;;;;0;;AG LAND;AG LAND, INCL BUILDINGS - ASSET VALUE, MEASURED IN $ / ACRE;TOTAL;NOT SPECIFIED;3,3;
SURVEY;2013;YEAR;;STATE;IDAHO;16;;;;;;;0;;AG LAND;AG LAND, INCL BUILDINGS - ASSET VALUE, MEASURED IN $ / ACRE;TOTAL;NOT SPECIFIED;2,22;
SURVEY;2013;YEAR;;STATE;ILLINOIS;17;;;;;;;0;;AG LAND;AG LAND, INCL BUILDINGS - ASSET VALUE, MEASURED IN $ / ACRE;TOTAL;NOT SPECIFIED;7,1;
SURVEY;2013;YEAR;;STATE;INDIANA;18;;;;;;;0;;AG LAND;AG LAND, INCL BUILDINGS - ASSET VALUE, MEASURED IN $ / ACRE;TOTAL;NOT SPECIFIED;6,4;
SURVEY;2013;YEAR;;STATE;IOWA;19;;;;;;;0;;AG LAND;AG LAND, INCL BUILDINGS - ASSET VALUE, MEASURED IN $ / ACRE;TOTAL;NOT SPECIFIED;7,7;
SURVEY;2013;YEAR;;STATE;KANSAS;20;;;;;;;0;;AG LAND;AG LAND, INCL BUILDINGS - ASSET VALUE, MEASURED IN $ / ACRE;TOTAL;NOT SPECIFIED;1,75;
SURVEY;2013;YEAR;;STATE;KENTUCKY;21;;;;;;;0;;AG LAND;AG LAND, INCL BUILDINGS - ASSET VALUE, MEASURED IN $ / ACRE;TOTAL;NOT SPECIFIED;3,02;
SURVEY;2013;YEAR;;STATE;LOUISIANA;22;;;;;;;0;;AG LAND;AG LAND, INCL BUILDINGS - ASSET VALUE, MEASURED IN $ / ACRE;TOTAL;NOT SPECIFIED;2,55;
SURVEY;2013;YEAR;;STATE;MAINE;23;;;;;;;0;;AG LAND;AG LAND, INCL BUILDINGS - ASSET VALUE, MEASURED IN $ / ACRE;TOTAL;NOT SPECIFIED;2,1;
SURVEY;2013;YEAR;;STATE;MARYLAND;24;;;;;;;0;;AG LAND;AG LAND, INCL BUILDINGS - ASSET VALUE, MEASURED IN $ / ACRE;TOTAL;NOT SPECIFIED;6,93;
SURVEY;2013;YEAR;;STATE;MASSACHUSETTS;25;;;;;;;0;;AG LAND;AG LAND, INCL BUILDINGS - ASSET VALUE, MEASURED IN $ / ACRE;TOTAL;NOT SPECIFIED;10,4;
SURVEY;2013;YEAR;;STATE;MICHIGAN;26;;;;;;;0;;AG LAND;AG LAND, INCL BUILDINGS - ASSET VALUE, MEASURED IN $ / ACRE;TOTAL;NOT SPECIFIED;4,3;
SURVEY;2013;YEAR;;STATE;MINNESOTA;27;;;;;;;0;;AG LAND;AG LAND, INCL BUILDINGS - ASSET VALUE, MEASURED IN $ / ACRE;TOTAL;NOT SPECIFIED;4,3;
SURVEY;2013;YEAR;;STATE;MISSISSIPPI;28;;;;;;;0;;AG LAND;AG LAND, INCL BUILDINGS - ASSET VALUE, MEASURED IN $ / ACRE;TOTAL;NOT SPECIFIED;2,27;
SURVEY;2013;YEAR;;STATE;MISSOURI;29;;;;;;;0;;AG LAND;AG LAND, INCL BUILDINGS - ASSET VALUE, MEASURED IN $ / ACRE;TOTAL;NOT SPECIFIED;2,85;
SURVEY;2013;YEAR;;STATE;MONTANA;30;;;;;;;0;;AG LAND;AG LAND, INCL BUILDINGS - ASSET VALUE, MEASURED IN $ / ACRE;TOTAL;NOT SPECIFIED;790;
SURVEY;2013;YEAR;;STATE;NEBRASKA;31;;;;;;;0;;AG LAND;AG LAND, INCL BUILDINGS - ASSET VALUE, MEASURED IN $ / ACRE;TOTAL;NOT SPECIFIED;2,8;
SURVEY;2013;YEAR;;STATE;NEVADA;32;;;;;;;0;;AG LAND;AG LAND, INCL BUILDINGS - ASSET VALUE, MEASURED IN $ / ACRE;TOTAL;NOT SPECIFIED;1,04;
SURVEY;2013;YEAR;;STATE;NEW HAMPSHIRE;33;;;;;;;0;;AG LAND;AG LAND, INCL BUILDINGS - ASSET VALUE, MEASURED IN $ / ACRE;TOTAL;NOT SPECIFIED;4,31;
SURVEY;2013;YEAR;;STATE;NEW JERSEY;34;;;;;;;0;;AG LAND;AG LAND, INCL BUILDINGS - ASSET VALUE, MEASURED IN $ / ACRE;TOTAL;NOT SPECIFIED;12,8;
SURVEY;2013;YEAR;;STATE;NEW MEXICO;35;;;;;;;0;;AG LAND;AG LAND, INCL BUILDINGS - ASSET VALUE, MEASURED IN $ / ACRE;TOTAL;NOT SPECIFIED;500;
SURVEY;2013;YEAR;;STATE;NEW YORK;36;;;;;;;0;;AG LAND;AG LAND, INCL BUILDINGS - ASSET VALUE, MEASURED IN $ / ACRE;TOTAL;NOT SPECIFIED;2,6;
SURVEY;2013;YEAR;;STATE;NORTH CAROLINA;37;;;;;;;0;;AG LAND;AG LAND, INCL BUILDINGS - ASSET VALUE, MEASURED IN $ / ACRE;TOTAL;NOT SPECIFIED;4,34;
SURVEY;2013;YEAR;;STATE;NORTH DAKOTA;38;;;;;;;0;;AG LAND;AG LAND, INCL BUILDINGS - ASSET VALUE, MEASURED IN $ / ACRE;TOTAL;NOT SPECIFIED;1,55;
SURVEY;2013;YEAR;;STATE;OHIO;39;;;;;;;0;;AG LAND;AG LAND, INCL BUILDINGS - ASSET VALUE, MEASURED IN $ / ACRE;TOTAL;NOT SPECIFIED;5,1;
SURVEY;2013;YEAR;;STATE;OKLAHOMA;40;;;;;;;0;;AG LAND;AG LAND, INCL BUILDINGS - ASSET VALUE, MEASURED IN $ / ACRE;TOTAL;NOT SPECIFIED;1,45;
SURVEY;2013;YEAR;;STATE;OREGON;41;;;;;;;0;;AG LAND;AG LAND, INCL BUILDINGS - ASSET VALUE, MEASURED IN $ / ACRE;TOTAL;NOT SPECIFIED;1,97;
SURVEY;2013;YEAR;;STATE;PENNSYLVANIA;42;;;;;;;0;;AG LAND;AG LAND, INCL BUILDINGS - ASSET VALUE, MEASURED IN $ / ACRE;TOTAL;NOT SPECIFIED;5,43;
SURVEY;2013;YEAR;;STATE;RHODE ISLAND;44;;;;;;;0;;AG LAND;AG LAND, INCL BUILDINGS - ASSET VALUE, MEASURED IN $ / ACRE;TOTAL;NOT SPECIFIED;13,8;
SURVEY;2013;YEAR;;STATE;SOUTH CAROLINA;45;;;;;;;0;;AG LAND;AG LAND, INCL BUILDINGS - ASSET VALUE, MEASURED IN $ / ACRE;TOTAL;NOT SPECIFIED;2,98;
SURVEY;2013;YEAR;;STATE;SOUTH DAKOTA;46;;;;;;;0;;AG LAND;AG LAND, INCL BUILDINGS - ASSET VALUE, MEASURED IN $ / ACRE;TOTAL;NOT SPECIFIED;1,69;
SURVEY;2013;YEAR;;STATE;TENNESSEE;47;;;;;;;0;;AG LAND;AG LAND, INCL BUILDINGS - ASSET VALUE, MEASURED IN $ / ACRE;TOTAL;NOT SPECIFIED;3,57;
SURVEY;2013;YEAR;;STATE;TEXAS;48;;;;;;;0;;AG LAND;AG LAND, INCL BUILDINGS - ASSET VALUE, MEASURED IN $ / ACRE;TOTAL;NOT SPECIFIED;1,68;
SURVEY;2013;YEAR;;STATE;UTAH;49;;;;;;;0;;AG LAND;AG LAND, INCL BUILDINGS - ASSET VALUE, MEASURED IN $ / ACRE;TOTAL;NOT SPECIFIED;1,9;
SURVEY;2013;YEAR;;STATE;VERMONT;50;;;;;;;0;;AG LAND;AG LAND, INCL BUILDINGS - ASSET VALUE, MEASURED IN $ / ACRE;TOTAL;NOT SPECIFIED;3,2;
SURVEY;2013;YEAR;;STATE;VIRGINIA;51;;;;;;;0;;AG LAND;AG LAND, INCL BUILDINGS - ASSET VALUE, MEASURED IN $ / ACRE;TOTAL;NOT SPECIFIED;4,31;
SURVEY;2013;YEAR;;STATE;WASHINGTON;53;;;;;;;0;;AG LAND;AG LAND, INCL BUILDINGS - ASSET VALUE, MEASURED IN $ / ACRE;TOTAL;NOT SPECIFIED;2,3;
SURVEY;2013;YEAR;;STATE;WEST VIRGINIA;54;;;;;;;0;;AG LAND;AG LAND, INCL BUILDINGS - ASSET VALUE, MEASURED IN $ / ACRE;TOTAL;NOT SPECIFIED;2,55;
SURVEY;2013;YEAR;;STATE;WISCONSIN;55;;;;;;;0;;AG LAND;AG LAND, INCL BUILDINGS - ASSET VALUE, MEASURED IN $ / ACRE;TOTAL;NOT SPECIFIED;4,1;
SURVEY;2013;YEAR;;STATE;WYOMING;56;;;;;;;0;;AG LAND;AG LAND, INCL BUILDINGS - ASSET VALUE, MEASURED IN $ / ACRE;TOTAL;NOT SPECIFIED;600;
SURVEY;2012;YEAR;;STATE;ALABAMA;1;;;;;;;0;;AG LAND;AG LAND, INCL BUILDINGS - ASSET VALUE, MEASURED IN $ / ACRE;TOTAL;NOT SPECIFIED;2,39;
SURVEY;2012;YEAR;;STATE;ARIZONA;4;;;;;;;0;;AG LAND;AG LAND, INCL BUILDINGS - ASSET VALUE, MEASURED IN $ / ACRE;TOTAL;NOT SPECIFIED;3,37;
SURVEY;2012;YEAR;;STATE;ARKANSAS;5;;;;;;;0;;AG LAND;AG LAND, INCL BUILDINGS - ASSET VALUE, MEASURED IN $ / ACRE;TOTAL;NOT SPECIFIED;2,62;
SURVEY;2012;YEAR;;STATE;CALIFORNIA;6;;;;;;;0;;AG LAND;AG LAND, INCL BUILDINGS - ASSET VALUE, MEASURED IN $ / ACRE;TOTAL;NOT SPECIFIED;6,88;
SURVEY;2012;YEAR;;STATE;COLORADO;8;;;;;;;0;;AG LAND;AG LAND, INCL BUILDINGS - ASSET VALUE, MEASURED IN $ / ACRE;TOTAL;NOT SPECIFIED;1,17;
SURVEY;2012;YEAR;;STATE;CONNECTICUT;9;;;;;;;0;;AG LAND;AG LAND, INCL BUILDINGS - ASSET VALUE, MEASURED IN $ / ACRE;TOTAL;NOT SPECIFIED;11,2;
SURVEY;2012;YEAR;;STATE;DELAWARE;10;;;;;;;0;;AG LAND;AG LAND, INCL BUILDINGS - ASSET VALUE, MEASURED IN $ / ACRE;TOTAL;NOT SPECIFIED;8,15;
SURVEY;2012;YEAR;;STATE;FLORIDA;12;;;;;;;0;;AG LAND;AG LAND, INCL BUILDINGS - ASSET VALUE, MEASURED IN $ / ACRE;TOTAL;NOT SPECIFIED;5,16;
SURVEY;2012;YEAR;;STATE;GEORGIA;13;;;;;;;0;;AG LAND;AG LAND, INCL BUILDINGS - ASSET VALUE, MEASURED IN $ / ACRE;TOTAL;NOT SPECIFIED;3,26;
SURVEY;2012;YEAR;;STATE;IDAHO;16;;;;;;;0;;AG LAND;AG LAND, INCL BUILDINGS - ASSET VALUE, MEASURED IN $ / ACRE;TOTAL;NOT SPECIFIED;2,14;
SURVEY;2012;YEAR;;STATE;ILLINOIS;17;;;;;;;0;;AG LAND;AG LAND, INCL BUILDINGS - ASSET VALUE, MEASURED IN $ / ACRE;TOTAL;NOT SPECIFIED;6,21;
SURVEY;2012;YEAR;;STATE;INDIANA;18;;;;;;;0;;AG LAND;AG LAND, INCL BUILDINGS - ASSET VALUE, MEASURED IN $ / ACRE;TOTAL;NOT SPECIFIED;5,84;
SURVEY;2012;YEAR;;STATE;IOWA;19;;;;;;;0;;AG LAND;AG LAND, INCL BUILDINGS - ASSET VALUE, MEASURED IN $ / ACRE;TOTAL;NOT SPECIFIED;6,53;
SURVEY;2012;YEAR;;STATE;KANSAS;20;;;;;;;0;;AG LAND;AG LAND, INCL BUILDINGS - ASSET VALUE, MEASURED IN $ / ACRE;TOTAL;NOT SPECIFIED;1,51;
SURVEY;2012;YEAR;;STATE;KENTUCKY;21;;;;;;;0;;AG LAND;AG LAND, INCL BUILDINGS - ASSET VALUE, MEASURED IN $ / ACRE;TOTAL;NOT SPECIFIED;2,84;
SURVEY;2012;YEAR;;STATE;LOUISIANA;22;;;;;;;0;;AG LAND;AG LAND, INCL BUILDINGS - ASSET VALUE, MEASURED IN $ / ACRE;TOTAL;NOT SPECIFIED;2,4;
SURVEY;2012;YEAR;;STATE;MAINE;23;;;;;;;0;;AG LAND;AG LAND, INCL BUILDINGS - ASSET VALUE, MEASURED IN $ / ACRE;TOTAL;NOT SPECIFIED;2,07;
SURVEY;2012;YEAR;;STATE;MARYLAND;24;;;;;;;0;;AG LAND;AG LAND, INCL BUILDINGS - ASSET VALUE, MEASURED IN $ / ACRE;TOTAL;NOT SPECIFIED;6,76;
SURVEY;2012;YEAR;;STATE;MASSACHUSETTS;25;;;;;;;0;;AG LAND;AG LAND, INCL BUILDINGS - ASSET VALUE, MEASURED IN $ / ACRE;TOTAL;NOT SPECIFIED;10,4;
SURVEY;2012;YEAR;;STATE;MICHIGAN;26;;;;;;;0;;AG LAND;AG LAND, INCL BUILDINGS - ASSET VALUE, MEASURED IN $ / ACRE;TOTAL;NOT SPECIFIED;3,89;
SURVEY;2012;YEAR;;STATE;MINNESOTA;27;;;;;;;0;;AG LAND;AG LAND, INCL BUILDINGS - ASSET VALUE, MEASURED IN $ / ACRE;TOTAL;NOT SPECIFIED;3,74;
SURVEY;2012;YEAR;;STATE;MISSISSIPPI;28;;;;;;;0;;AG LAND;AG LAND, INCL BUILDINGS - ASSET VALUE, MEASURED IN $ / ACRE;TOTAL;NOT SPECIFIED;2,25;
SURVEY;2012;YEAR;;STATE;MISSOURI;29;;;;;;;0;;AG LAND;AG LAND, INCL BUILDINGS - ASSET VALUE, MEASURED IN $ / ACRE;TOTAL;NOT SPECIFIED;2,71;
SURVEY;2012;YEAR;;STATE;MONTANA;30;;;;;;;0;;AG LAND;AG LAND, INCL BUILDINGS - ASSET VALUE, MEASURED IN $ / ACRE;TOTAL;NOT SPECIFIED;760;
SURVEY;2012;YEAR;;STATE;NEBRASKA;31;;;;;;;0;;AG LAND;AG LAND, INCL BUILDINGS - ASSET VALUE, MEASURED IN $ / ACRE;TOTAL;NOT SPECIFIED;2,42;
SURVEY;2012;YEAR;;STATE;NEVADA;32;;;;;;;0;;AG LAND;AG LAND, INCL BUILDINGS - ASSET VALUE, MEASURED IN $ / ACRE;TOTAL;NOT SPECIFIED;1,04;
SURVEY;2012;YEAR;;STATE;NEW HAMPSHIRE;33;;;;;;;0;;AG LAND;AG LAND, INCL BUILDINGS - ASSET VALUE, MEASURED IN $ / ACRE;TOTAL;NOT SPECIFIED;4,44;
SURVEY;2012;YEAR;;STATE;NEW JERSEY;34;;;;;;;0;;AG LAND;AG LAND, INCL BUILDINGS - ASSET VALUE, MEASURED IN $ / ACRE;TOTAL;NOT SPECIFIED;12,3;
SURVEY;2012;YEAR;;STATE;NEW MEXICO;35;;;;;;;0;;AG LAND;AG LAND, INCL BUILDINGS - ASSET VALUE, MEASURED IN $ / ACRE;TOTAL;NOT SPECIFIED;520;
SURVEY;2012;YEAR;;STATE;NEW YORK;36;;;;;;;0;;AG LAND;AG LAND, INCL BUILDINGS - ASSET VALUE, MEASURED IN $ / ACRE;TOTAL;NOT SPECIFIED;2,65;
SURVEY;2012;YEAR;;STATE;NORTH CAROLINA;37;;;;;;;0;;AG LAND;AG LAND, INCL BUILDINGS - ASSET VALUE, MEASURED IN $ / ACRE;TOTAL;NOT SPECIFIED;4,33;
SURVEY;2012;YEAR;;STATE;NORTH DAKOTA;38;;;;;;;0;;AG LAND;AG LAND, INCL BUILDINGS - ASSET VALUE, MEASURED IN $ / ACRE;TOTAL;NOT SPECIFIED;1,16;
SURVEY;2012;YEAR;;STATE;OHIO;39;;;;;;;0;;AG LAND;AG LAND, INCL BUILDINGS - ASSET VALUE, MEASURED IN $ / ACRE;TOTAL;NOT SPECIFIED;4,64;
SURVEY;2012;YEAR;;STATE;OKLAHOMA;40;;;;;;;0;;AG LAND;AG LAND, INCL BUILDINGS - ASSET VALUE, MEASURED IN $ / ACRE;TOTAL;NOT SPECIFIED;1,37;
SURVEY;2012;YEAR;;STATE;OREGON;41;;;;;;;0;;AG LAND;AG LAND, INCL BUILDINGS - ASSET VALUE, MEASURED IN $ / ACRE;TOTAL;NOT SPECIFIED;1,96;
SURVEY;2012;YEAR;;STATE;PENNSYLVANIA;42;;;;;;;0;;AG LAND;AG LAND, INCL BUILDINGS - ASSET VALUE, MEASURED IN $ / ACRE;TOTAL;NOT SPECIFIED;5,3;
SURVEY;2012;YEAR;;STATE;RHODE ISLAND;44;;;;;;;0;;AG LAND;AG LAND, INCL BUILDINGS - ASSET VALUE, MEASURED IN $ / ACRE;TOTAL;NOT SPECIFIED;13,8;
SURVEY;2012;YEAR;;STATE;SOUTH CAROLINA;45;;;;;;;0;;AG LAND;AG LAND, INCL BUILDINGS - ASSET VALUE, MEASURED IN $ / ACRE;TOTAL;NOT SPECIFIED;3,01;
SURVEY;2012;YEAR;;STATE;SOUTH DAKOTA;46;;;;;;;0;;AG LAND;AG LAND, INCL BUILDINGS - ASSET VALUE, MEASURED IN $ / ACRE;TOTAL;NOT SPECIFIED;1,33;
SURVEY;2012;YEAR;;STATE;TENNESSEE;47;;;;;;;0;;AG LAND;AG LAND, INCL BUILDINGS - ASSET VALUE, MEASURED IN $ / ACRE;TOTAL;NOT SPECIFIED;3,52;
SURVEY;2012;YEAR;;STATE;TEXAS;48;;;;;;;0;;AG LAND;AG LAND, INCL BUILDINGS - ASSET VALUE, MEASURED IN $ / ACRE;TOTAL;NOT SPECIFIED;1,69;
SURVEY;2012;YEAR;;STATE;UTAH;49;;;;;;;0;;AG LAND;AG LAND, INCL BUILDINGS - ASSET VALUE, MEASURED IN $ / ACRE;TOTAL;NOT SPECIFIED;1,8;
SURVEY;2012;YEAR;;STATE;VERMONT;50;;;;;;;0;;AG LAND;AG LAND, INCL BUILDINGS - ASSET VALUE, MEASURED IN $ / ACRE;TOTAL;NOT SPECIFIED;3,06;
SURVEY;2012;YEAR;;STATE;VIRGINIA;51;;;;;;;0;;AG LAND;AG LAND, INCL BUILDINGS - ASSET VALUE, MEASURED IN $ / ACRE;TOTAL;NOT SPECIFIED;4,26;
SURVEY;2012;YEAR;;STATE;WASHINGTON;53;;;;;;;0;;AG LAND;AG LAND, INCL BUILDINGS - ASSET VALUE, MEASURED IN $ / ACRE;TOTAL;NOT SPECIFIED;2,26;
SURVEY;2012;YEAR;;STATE;WEST VIRGINIA;54;;;;;;;0;;AG LAND;AG LAND, INCL BUILDINGS - ASSET VALUE, MEASURED IN $ / ACRE;TOTAL;NOT SPECIFIED;2,54;
SURVEY;2012;YEAR;;STATE;WISCONSIN;55;;;;;;;0;;AG LAND;AG LAND, INCL BUILDINGS - ASSET VALUE, MEASURED IN $ / ACRE;TOTAL;NOT SPECIFIED;4,11;
SURVEY;2012;YEAR;;STATE;WYOMING;56;;;;;;;0;;AG LAND;AG LAND, INCL BUILDINGS - ASSET VALUE, MEASURED IN $ / ACRE;TOTAL;NOT SPECIFIED;590;
SURVEY;2011;YEAR;;STATE;ALABAMA;1;;;;;;;0;;AG LAND;AG LAND, INCL BUILDINGS - ASSET VALUE, MEASURED IN $ / ACRE;TOTAL;NOT SPECIFIED;2,34;
SURVEY;2011;YEAR;;STATE;ARIZONA;4;;;;;;;0;;AG LAND;AG LAND, INCL BUILDINGS - ASSET VALUE, MEASURED IN $ / ACRE;TOTAL;NOT SPECIFIED;3,33;
SURVEY;2011;YEAR;;STATE;ARKANSAS;5;;;;;;;0;;AG LAND;AG LAND, INCL BUILDINGS - ASSET VALUE, MEASURED IN $ / ACRE;TOTAL;NOT SPECIFIED;2,44;
SURVEY;2011;YEAR;;STATE;CALIFORNIA;6;;;;;;;0;;AG LAND;AG LAND, INCL BUILDINGS - ASSET VALUE, MEASURED IN $ / ACRE;TOTAL;NOT SPECIFIED;6,67;
SURVEY;2011;YEAR;;STATE;COLORADO;8;;;;;;;0;;AG LAND;AG LAND, INCL BUILDINGS - ASSET VALUE, MEASURED IN $ / ACRE;TOTAL;NOT SPECIFIED;1,1;
SURVEY;2011;YEAR;;STATE;CONNECTICUT;9;;;;;;;0;;AG LAND;AG LAND, INCL BUILDINGS - ASSET VALUE, MEASURED IN $ / ACRE;TOTAL;NOT SPECIFIED;11,6;
SURVEY;2011;YEAR;;STATE;DELAWARE;10;;;;;;;0;;AG LAND;AG LAND, INCL BUILDINGS - ASSET VALUE, MEASURED IN $ / ACRE;TOTAL;NOT SPECIFIED;8,14;
SURVEY;2011;YEAR;;STATE;FLORIDA;12;;;;;;;0;;AG LAND;AG LAND, INCL BUILDINGS - ASSET VALUE, MEASURED IN $ / ACRE;TOTAL;NOT SPECIFIED;5,13;
SURVEY;2011;YEAR;;STATE;GEORGIA;13;;;;;;;0;;AG LAND;AG LAND, INCL BUILDINGS - ASSET VALUE, MEASURED IN $ / ACRE;TOTAL;NOT SPECIFIED;3,61;
SURVEY;2011;YEAR;;STATE;IDAHO;16;;;;;;;0;;AG LAND;AG LAND, INCL BUILDINGS - ASSET VALUE, MEASURED IN $ / ACRE;TOTAL;NOT SPECIFIED;2,06;
SURVEY;2011;YEAR;;STATE;ILLINOIS;17;;;;;;;0;;AG LAND;AG LAND, INCL BUILDINGS - ASSET VALUE, MEASURED IN $ / ACRE;TOTAL;NOT SPECIFIED;5,39;
SURVEY;2011;YEAR;;STATE;INDIANA;18;;;;;;;0;;AG LAND;AG LAND, INCL BUILDINGS - ASSET VALUE, MEASURED IN $ / ACRE;TOTAL;NOT SPECIFIED;5,07;
SURVEY;2011;YEAR;;STATE;IOWA;19;;;;;;;0;;AG LAND;AG LAND, INCL BUILDINGS - ASSET VALUE, MEASURED IN $ / ACRE;TOTAL;NOT SPECIFIED;5,41;
SURVEY;2011;YEAR;;STATE;KANSAS;20;;;;;;;0;;AG LAND;AG LAND, INCL BUILDINGS - ASSET VALUE, MEASURED IN $ / ACRE;TOTAL;NOT SPECIFIED;1,24;
SURVEY;2011;YEAR;;STATE;KENTUCKY;21;;;;;;;0;;AG LAND;AG LAND, INCL BUILDINGS - ASSET VALUE, MEASURED IN $ / ACRE;TOTAL;NOT SPECIFIED;2,75;
SURVEY;2011;YEAR;;STATE;LOUISIANA;22;;;;;;;0;;AG LAND;AG LAND, INCL BUILDINGS - ASSET VALUE, MEASURED IN $ / ACRE;TOTAL;NOT SPECIFIED;2,2;
SURVEY;2011;YEAR;;STATE;MAINE;23;;;;;;;0;;AG LAND;AG LAND, INCL BUILDINGS - ASSET VALUE, MEASURED IN $ / ACRE;TOTAL;NOT SPECIFIED;2,08;
SURVEY;2011;YEAR;;STATE;MARYLAND;24;;;;;;;0;;AG LAND;AG LAND, INCL BUILDINGS - ASSET VALUE, MEASURED IN $ / ACRE;TOTAL;NOT SPECIFIED;6,87;
SURVEY;2011;YEAR;;STATE;MASSACHUSETTS;25;;;;;;;0;;AG LAND;AG LAND, INCL BUILDINGS - ASSET VALUE, MEASURED IN $ / ACRE;TOTAL;NOT SPECIFIED;10,9;
SURVEY;2011;YEAR;;STATE;MICHIGAN;26;;;;;;;0;;AG LAND;AG LAND, INCL BUILDINGS - ASSET VALUE, MEASURED IN $ / ACRE;TOTAL;NOT SPECIFIED;3,6;
SURVEY;2011;YEAR;;STATE;MINNESOTA;27;;;;;;;0;;AG LAND;AG LAND, INCL BUILDINGS - ASSET VALUE, MEASURED IN $ / ACRE;TOTAL;NOT SPECIFIED;3,16;
SURVEY;2011;YEAR;;STATE;MISSISSIPPI;28;;;;;;;0;;AG LAND;AG LAND, INCL BUILDINGS - ASSET VALUE, MEASURED IN $ / ACRE;TOTAL;NOT SPECIFIED;2,2;
SURVEY;2011;YEAR;;STATE;MISSOURI;29;;;;;;;0;;AG LAND;AG LAND, INCL BUILDINGS - ASSET VALUE, MEASURED IN $ / ACRE;TOTAL;NOT SPECIFIED;2,42;
SURVEY;2011;YEAR;;STATE;MONTANA;30;;;;;;;0;;AG LAND;AG LAND, INCL BUILDINGS - ASSET VALUE, MEASURED IN $ / ACRE;TOTAL;NOT SPECIFIED;710;
SURVEY;2011;YEAR;;STATE;NEBRASKA;31;;;;;;;0;;AG LAND;AG LAND, INCL BUILDINGS - ASSET VALUE, MEASURED IN $ / ACRE;TOTAL;NOT SPECIFIED;1,84;
SURVEY;2011;YEAR;;STATE;NEVADA;32;;;;;;;0;;AG LAND;AG LAND, INCL BUILDINGS - ASSET VALUE, MEASURED IN $ / ACRE;TOTAL;NOT SPECIFIED;995;
SURVEY;2011;YEAR;;STATE;NEW HAMPSHIRE;33;;;;;;;0;;AG LAND;AG LAND, INCL BUILDINGS - ASSET VALUE, MEASURED IN $ / ACRE;TOTAL;NOT SPECIFIED;4,56;
SURVEY;2011;YEAR;;STATE;NEW JERSEY;34;;;;;;;0;;AG LAND;AG LAND, INCL BUILDINGS - ASSET VALUE, MEASURED IN $ / ACRE;TOTAL;NOT SPECIFIED;12,8;
SURVEY;2011;YEAR;;STATE;NEW MEXICO;35;;;;;;;0;;AG LAND;AG LAND, INCL BUILDINGS - ASSET VALUE, MEASURED IN $ / ACRE;TOTAL;NOT SPECIFIED;470;
SURVEY;2011;YEAR;;STATE;NEW YORK;36;;;;;;;0;;AG LAND;AG LAND, INCL BUILDINGS - ASSET VALUE, MEASURED IN $ / ACRE;TOTAL;NOT SPECIFIED;2,45;
SURVEY;2011;YEAR;;STATE;NORTH CAROLINA;37;;;;;;;0;;AG LAND;AG LAND, INCL BUILDINGS - ASSET VALUE, MEASURED IN $ / ACRE;TOTAL;NOT SPECIFIED;4,34;
SURVEY;2011;YEAR;;STATE;NORTH DAKOTA;38;;;;;;;0;;AG LAND;AG LAND, INCL BUILDINGS - ASSET VALUE, MEASURED IN $ / ACRE;TOTAL;NOT SPECIFIED;930;
SURVEY;2011;YEAR;;STATE;OHIO;39;;;;;;;0;;AG LAND;AG LAND, INCL BUILDINGS - ASSET VALUE, MEASURED IN $ / ACRE;TOTAL;NOT SPECIFIED;4,16;
SURVEY;2011;YEAR;;STATE;OKLAHOMA;40;;;;;;;0;;AG LAND;AG LAND, INCL BUILDINGS - ASSET VALUE, MEASURED IN $ / ACRE;TOTAL;NOT SPECIFIED;1,26;
SURVEY;2011;YEAR;;STATE;OREGON;41;;;;;;;0;;AG LAND;AG LAND, INCL BUILDINGS - ASSET VALUE, MEASURED IN $ / ACRE;TOTAL;NOT SPECIFIED;1,9;
SURVEY;2011;YEAR;;STATE;PENNSYLVANIA;42;;;;;;;0;;AG LAND;AG LAND, INCL BUILDINGS - ASSET VALUE, MEASURED IN $ / ACRE;TOTAL;NOT SPECIFIED;5,07;
SURVEY;2011;YEAR;;STATE;RHODE ISLAND;44;;;;;;;0;;AG LAND;AG LAND, INCL BUILDINGS - ASSET VALUE, MEASURED IN $ / ACRE;TOTAL;NOT SPECIFIED;14,4;
SURVEY;2011;YEAR;;STATE;SOUTH CAROLINA;45;;;;;;;0;;AG LAND;AG LAND, INCL BUILDINGS - ASSET VALUE, MEASURED IN $ / ACRE;TOTAL;NOT SPECIFIED;2,98;
SURVEY;2011;YEAR;;STATE;SOUTH DAKOTA;46;;;;;;;0;;AG LAND;AG LAND, INCL BUILDINGS - ASSET VALUE, MEASURED IN $ / ACRE;TOTAL;NOT SPECIFIED;1,09;
SURVEY;2011;YEAR;;STATE;TENNESSEE;47;;;;;;;0;;AG LAND;AG LAND, INCL BUILDINGS - ASSET VALUE, MEASURED IN $ / ACRE;TOTAL;NOT SPECIFIED;3,51;
SURVEY;2011;YEAR;;STATE;TEXAS;48;;;;;;;0;;AG LAND;AG LAND, INCL BUILDINGS - ASSET VALUE, MEASURED IN $ / ACRE;TOTAL;NOT SPECIFIED;1,67;
SURVEY;2011;YEAR;;STATE;UTAH;49;;;;;;;0;;AG LAND;AG LAND, INCL BUILDINGS - ASSET VALUE, MEASURED IN $ / ACRE;TOTAL;NOT SPECIFIED;1,8;
SURVEY;2011;YEAR;;STATE;VERMONT;50;;;;;;;0;;AG LAND;AG LAND, INCL BUILDINGS - ASSET VALUE, MEASURED IN $ / ACRE;TOTAL;NOT SPECIFIED;2,98;
SURVEY;2011;YEAR;;STATE;VIRGINIA;51;;;;;;;0;;AG LAND;AG LAND, INCL BUILDINGS - ASSET VALUE, MEASURED IN $ / ACRE;TOTAL;NOT SPECIFIED;4,35;
SURVEY;2011;YEAR;;STATE;WASHINGTON;53;;;;;;;0;;AG LAND;AG LAND, INCL BUILDINGS - ASSET VALUE, MEASURED IN $ / ACRE;TOTAL;NOT SPECIFIED;2,06;
SURVEY;2011;YEAR;;STATE;WEST VIRGINIA;54;;;;;;;0;;AG LAND;AG LAND, INCL BUILDINGS - ASSET VALUE, MEASURED IN $ / ACRE;TOTAL;NOT SPECIFIED;2,58;
SURVEY;2011;YEAR;;STATE;WISCONSIN;55;;;;;;;0;;AG LAND;AG LAND, INCL BUILDINGS - ASSET VALUE, MEASURED IN $ / ACRE;TOTAL;NOT SPECIFIED;3,88;
SURVEY;2011;YEAR;;STATE;WYOMING;56;;;;;;;0;;AG LAND;AG LAND, INCL BUILDINGS - ASSET VALUE, MEASURED IN $ / ACRE;TOTAL;NOT SPECIFIED;560;
SURVEY;2010;YEAR;;STATE;ALABAMA;1;;;;;;;0;;AG LAND;AG LAND, INCL BUILDINGS - ASSET VALUE, MEASURED IN $ / ACRE;TOTAL;NOT SPECIFIED;2,3;
SURVEY;2010;YEAR;;STATE;ARIZONA;4;;;;;;;0;;AG LAND;AG LAND, INCL BUILDINGS - ASSET VALUE, MEASURED IN $ / ACRE;TOTAL;NOT SPECIFIED;3,39;
SURVEY;2010;YEAR;;STATE;ARKANSAS;5;;;;;;;0;;AG LAND;AG LAND, INCL BUILDINGS - ASSET VALUE, MEASURED IN $ / ACRE;TOTAL;NOT SPECIFIED;2,4;
SURVEY;2010;YEAR;;STATE;CALIFORNIA;6;;;;;;;0;;AG LAND;AG LAND, INCL BUILDINGS - ASSET VALUE, MEASURED IN $ / ACRE;TOTAL;NOT SPECIFIED;6,66;
SURVEY;2010;YEAR;;STATE;COLORADO;8;;;;;;;0;;AG LAND;AG LAND, INCL BUILDINGS - ASSET VALUE, MEASURED IN $ / ACRE;TOTAL;NOT SPECIFIED;1,08;
SURVEY;2010;YEAR;;STATE;CONNECTICUT;9;;;;;;;0;;AG LAND;AG LAND, INCL BUILDINGS - ASSET VALUE, MEASURED IN $ / ACRE;TOTAL;NOT SPECIFIED;11,5;
SURVEY;2010;YEAR;;STATE;DELAWARE;10;;;;;;;0;;AG LAND;AG LAND, INCL BUILDINGS - ASSET VALUE, MEASURED IN $ / ACRE;TOTAL;NOT SPECIFIED;8,13;
SURVEY;2010;YEAR;;STATE;FLORIDA;12;;;;;;;0;;AG LAND;AG LAND, INCL BUILDINGS - ASSET VALUE, MEASURED IN $ / ACRE;TOTAL;NOT SPECIFIED;5,09;
SURVEY;2010;YEAR;;STATE;GEORGIA;13;;;;;;;0;;AG LAND;AG LAND, INCL BUILDINGS - ASSET VALUE, MEASURED IN $ / ACRE;TOTAL;NOT SPECIFIED;3,77;
SURVEY;2010;YEAR;;STATE;IDAHO;16;;;;;;;0;;AG LAND;AG LAND, INCL BUILDINGS - ASSET VALUE, MEASURED IN $ / ACRE;TOTAL;NOT SPECIFIED;2,11;
SURVEY;2010;YEAR;;STATE;ILLINOIS;17;;;;;;;0;;AG LAND;AG LAND, INCL BUILDINGS - ASSET VALUE, MEASURED IN $ / ACRE;TOTAL;NOT SPECIFIED;4,72;
SURVEY;2010;YEAR;;STATE;INDIANA;18;;;;;;;0;;AG LAND;AG LAND, INCL BUILDINGS - ASSET VALUE, MEASURED IN $ / ACRE;TOTAL;NOT SPECIFIED;4,17;
SURVEY;2010;YEAR;;STATE;IOWA;19;;;;;;;0;;AG LAND;AG LAND, INCL BUILDINGS - ASSET VALUE, MEASURED IN $ / ACRE;TOTAL;NOT SPECIFIED;4,35;
SURVEY;2010;YEAR;;STATE;KANSAS;20;;;;;;;0;;AG LAND;AG LAND, INCL BUILDINGS - ASSET VALUE, MEASURED IN $ / ACRE;TOTAL;NOT SPECIFIED;1,06;
SURVEY;2010;YEAR;;STATE;KENTUCKY;21;;;;;;;0;;AG LAND;AG LAND, INCL BUILDINGS - ASSET VALUE, MEASURED IN $ / ACRE;TOTAL;NOT SPECIFIED;2,78;
SURVEY;2010;YEAR;;STATE;LOUISIANA;22;;;;;;;0;;AG LAND;AG LAND, INCL BUILDINGS - ASSET VALUE, MEASURED IN $ / ACRE;TOTAL;NOT SPECIFIED;2,05;
SURVEY;2010;YEAR;;STATE;MAINE;23;;;;;;;0;;AG LAND;AG LAND, INCL BUILDINGS - ASSET VALUE, MEASURED IN $ / ACRE;TOTAL;NOT SPECIFIED;2,05;
SURVEY;2010;YEAR;;STATE;MARYLAND;24;;;;;;;0;;AG LAND;AG LAND, INCL BUILDINGS - ASSET VALUE, MEASURED IN $ / ACRE;TOTAL;NOT SPECIFIED;6,98;
SURVEY;2010;YEAR;;STATE;MASSACHUSETTS;25;;;;;;;0;;AG LAND;AG LAND, INCL BUILDINGS - ASSET VALUE, MEASURED IN $ / ACRE;TOTAL;NOT SPECIFIED;11,2;
SURVEY;2010;YEAR;;STATE;MICHIGAN;26;;;;;;;0;;AG LAND;AG LAND, INCL BUILDINGS - ASSET VALUE, MEASURED IN $ / ACRE;TOTAL;NOT SPECIFIED;3,49;
SURVEY;2010;YEAR;;STATE;MINNESOTA;27;;;;;;;0;;AG LAND;AG LAND, INCL BUILDINGS - ASSET VALUE, MEASURED IN $ / ACRE;TOTAL;NOT SPECIFIED;2,87;
SURVEY;2010;YEAR;;STATE;MISSISSIPPI;28;;;;;;;0;;AG LAND;AG LAND, INCL BUILDINGS - ASSET VALUE, MEASURED IN $ / ACRE;TOTAL;NOT SPECIFIED;2,08;
SURVEY;2010;YEAR;;STATE;MISSOURI;29;;;;;;;0;;AG LAND;AG LAND, INCL BUILDINGS - ASSET VALUE, MEASURED IN $ / ACRE;TOTAL;NOT SPECIFIED;2,27;
SURVEY;2010;YEAR;;STATE;MONTANA;30;;;;;;;0;;AG LAND;AG LAND, INCL BUILDINGS - ASSET VALUE, MEASURED IN $ / ACRE;TOTAL;NOT SPECIFIED;700;
SURVEY;2010;YEAR;;STATE;NEBRASKA;31;;;;;;;0;;AG LAND;AG LAND, INCL BUILDINGS - ASSET VALUE, MEASURED IN $ / ACRE;TOTAL;NOT SPECIFIED;1,47;
SURVEY;2010;YEAR;;STATE;NEVADA;32;;;;;;;0;;AG LAND;AG LAND, INCL BUILDINGS - ASSET VALUE, MEASURED IN $ / ACRE;TOTAL;NOT SPECIFIED;997;
SURVEY;2010;YEAR;;STATE;NEW HAMPSHIRE;33;;;;;;;0;;AG LAND;AG LAND, INCL BUILDINGS - ASSET VALUE, MEASURED IN $ / ACRE;TOTAL;NOT SPECIFIED;4,69;
SURVEY;2010;YEAR;;STATE;NEW JERSEY;34;;;;;;;0;;AG LAND;AG LAND, INCL BUILDINGS - ASSET VALUE, MEASURED IN $ / ACRE;TOTAL;NOT SPECIFIED;13,1;
SURVEY;2010;YEAR;;STATE;NEW MEXICO;35;;;;;;;0;;AG LAND;AG LAND, INCL BUILDINGS - ASSET VALUE, MEASURED IN $ / ACRE;TOTAL;NOT SPECIFIED;460;
SURVEY;2010;YEAR;;STATE;NEW YORK;36;;;;;;;0;;AG LAND;AG LAND, INCL BUILDINGS - ASSET VALUE, MEASURED IN $ / ACRE;TOTAL;NOT SPECIFIED;2,4;
SURVEY;2010;YEAR;;STATE;NORTH CAROLINA;37;;;;;;;0;;AG LAND;AG LAND, INCL BUILDINGS - ASSET VALUE, MEASURED IN $ / ACRE;TOTAL;NOT SPECIFIED;4,12;
SURVEY;2010;YEAR;;STATE;NORTH DAKOTA;38;;;;;;;0;;AG LAND;AG LAND, INCL BUILDINGS - ASSET VALUE, MEASURED IN $ / ACRE;TOTAL;NOT SPECIFIED;821;
SURVEY;2010;YEAR;;STATE;OHIO;39;;;;;;;0;;AG LAND;AG LAND, INCL BUILDINGS - ASSET VALUE, MEASURED IN $ / ACRE;TOTAL;NOT SPECIFIED;3,85;
SURVEY;2010;YEAR;;STATE;OKLAHOMA;40;;;;;;;0;;AG LAND;AG LAND, INCL BUILDINGS - ASSET VALUE, MEASURED IN $ / ACRE;TOTAL;NOT SPECIFIED;1,2;
SURVEY;2010;YEAR;;STATE;OREGON;41;;;;;;;0;;AG LAND;AG LAND, INCL BUILDINGS - ASSET VALUE, MEASURED IN $ / ACRE;TOTAL;NOT SPECIFIED;1,83;
SURVEY;2010;YEAR;;STATE;PENNSYLVANIA;42;;;;;;;0;;AG LAND;AG LAND, INCL BUILDINGS - ASSET VALUE, MEASURED IN $ / ACRE;TOTAL;NOT SPECIFIED;5,05;
SURVEY;2010;YEAR;;STATE;RHODE ISLAND;44;;;;;;;0;;AG LAND;AG LAND, INCL BUILDINGS - ASSET VALUE, MEASURED IN $ / ACRE;TOTAL;NOT SPECIFIED;14,6;
SURVEY;2010;YEAR;;STATE;SOUTH CAROLINA;45;;;;;;;0;;AG LAND;AG LAND, INCL BUILDINGS - ASSET VALUE, MEASURED IN $ / ACRE;TOTAL;NOT SPECIFIED;2,95;
SURVEY;2010;YEAR;;STATE;SOUTH DAKOTA;46;;;;;;;0;;AG LAND;AG LAND, INCL BUILDINGS - ASSET VALUE, MEASURED IN $ / ACRE;TOTAL;NOT SPECIFIED;945;
SURVEY;2010;YEAR;;STATE;TENNESSEE;47;;;;;;;0;;AG LAND;AG LAND, INCL BUILDINGS - ASSET VALUE, MEASURED IN $ / ACRE;TOTAL;NOT SPECIFIED;3,46;
SURVEY;2010;YEAR;;STATE;TEXAS;48;;;;;;;0;;AG LAND;AG LAND, INCL BUILDINGS - ASSET VALUE, MEASURED IN $ / ACRE;TOTAL;NOT SPECIFIED;1,6;
SURVEY;2010;YEAR;;STATE;UTAH;49;;;;;;;0;;AG LAND;AG LAND, INCL BUILDINGS - ASSET VALUE, MEASURED IN $ / ACRE;TOTAL;NOT SPECIFIED;1,81;
SURVEY;2010;YEAR;;STATE;VERMONT;50;;;;;;;0;;AG LAND;AG LAND, INCL BUILDINGS - ASSET VALUE, MEASURED IN $ / ACRE;TOTAL;NOT SPECIFIED;2,9;
SURVEY;2010;YEAR;;STATE;VIRGINIA;51;;;;;;;0;;AG LAND;AG LAND, INCL BUILDINGS - ASSET VALUE, MEASURED IN $ / ACRE;TOTAL;NOT SPECIFIED;4,5;
SURVEY;2010;YEAR;;STATE;WASHINGTON;53;;;;;;;0;;AG LAND;AG LAND, INCL BUILDINGS - ASSET VALUE, MEASURED IN $ / ACRE;TOTAL;NOT SPECIFIED;2,03;
SURVEY;2010;YEAR;;STATE;WEST VIRGINIA;54;;;;;;;0;;AG LAND;AG LAND, INCL BUILDINGS - ASSET VALUE, MEASURED IN $ / ACRE;TOTAL;NOT SPECIFIED;2,33;
SURVEY;2010;YEAR;;STATE;WISCONSIN;55;;;;;;;0;;AG LAND;AG LAND, INCL BUILDINGS - ASSET VALUE, MEASURED IN $ / ACRE;TOTAL;NOT SPECIFIED;3,65;
SURVEY;2010;YEAR;;STATE;WYOMING;56;;;;;;;0;;AG LAND;AG LAND, INCL BUILDINGS - ASSET VALUE, MEASURED IN $ / ACRE;TOTAL;NOT SPECIFIED;540;
