{"type": "FeatureCollection", "features": [{"type": "Feature", "properties": {"featurecla": "Admin-0 country", "scalerank": 1, "LABELRANK": 6, "SOVEREIGNT": "Fiji", "SOV_A3": "FJI", "ADM0_DIF": 0, "LEVEL": 2, "TYPE": "Sovereign country", "TLC": "1", "ADMIN": "Fiji", "ADM0_A3": "FJI", "GEOU_DIF": 0, "GEOUNIT": "Fiji", "GU_A3": "FJI", "SU_DIF": 0, "SUBUNIT": "Fiji", "SU_A3": "FJI", "BRK_DIFF": 0, "NAME": "Fiji", "NAME_LONG": "Fiji", "BRK_A3": "FJI", "BRK_NAME": "Fiji", "BRK_GROUP": null, "ABBREV": "Fiji", "POSTAL": "FJ", "FORMAL_EN": "Republic of Fiji", "FORMAL_FR": null, "NAME_CIAWF": "Fiji", "NOTE_ADM0": null, "NOTE_BRK": null, "NAME_SORT": "Fiji", "NAME_ALT": null, "MAPCOLOR7": 5, "MAPCOLOR8": 1, "MAPCOLOR9": 2, "MAPCOLOR13": 2, "POP_EST": 889953, "POP_RANK": 11, "POP_YEAR": 2019, "GDP_MD": 5496, "GDP_YEAR": 2019, "ECONOMY": "6. Developing region", "INCOME_GRP": "4. Lower middle income", "FIPS_10": "FJ", "ISO_A2": "FJ", "ISO_A2_EH": "FJ", "ISO_A3": "FJI", "ISO_A3_EH": "FJI", "ISO_N3": "242", "ISO_N3_EH": "242", "UN_A3": "242", "WB_A2": "FJ", "WB_A3": "FJI", "WOE_ID": 23424813, "WOE_ID_EH": 23424813, "WOE_NOTE": "Exact WOE match as country", "ADM0_ISO": "FJI", "ADM0_DIFF": null, "ADM0_TLC": "FJI", "ADM0_A3_US": "FJI", "ADM0_A3_FR": "FJI", "ADM0_A3_RU": "FJI", "ADM0_A3_ES": "FJI", "ADM0_A3_CN": "FJI", "ADM0_A3_TW": "FJI", "ADM0_A3_IN": "FJI", "ADM0_A3_NP": "FJI", "ADM0_A3_PK": "FJI", "ADM0_A3_DE": "FJI", "ADM0_A3_GB": "FJI", "ADM0_A3_BR": "FJI", "ADM0_A3_IL": "FJI", "ADM0_A3_PS": "FJI", "ADM0_A3_SA": "FJI", "ADM0_A3_EG": "FJI", "ADM0_A3_MA": "FJI", "ADM0_A3_PT": "FJI", "ADM0_A3_AR": "FJI", "ADM0_A3_JP": "FJI", "ADM0_A3_KO": "FJI", "ADM0_A3_VN": "FJI", "ADM0_A3_TR": "FJI", "ADM0_A3_ID": "FJI", "ADM0_A3_PL": "FJI", "ADM0_A3_GR": "FJI", "ADM0_A3_IT": "FJI", "ADM0_A3_NL": "FJI", "ADM0_A3_SE": "FJI", "ADM0_A3_BD": "FJI", "ADM0_A3_UA": "FJI", "ADM0_A3_UN": -99, "ADM0_A3_WB": -99, "CONTINENT": "Oceania", "REGION_UN": "Oceania", "SUBREGION": "Melanesia", "REGION_WB": "East Asia & Pacific", "NAME_LEN": 4, "LONG_LEN": 4, "ABBREV_LEN": 4, "TINY": -99, "HOMEPART": 1, "MIN_ZOOM": 0, "MIN_LABEL": 3, "MAX_LABEL": 8, "LABEL_X": 177.975427, "LABEL_Y": -17.826099, "NE_ID": 1159320625, "WIKIDATAID": "Q712", "NAME_AR": "\u0641\u064a\u062c\u064a", "NAME_BN": "\u09ab\u09bf\u099c\u09bf", "NAME_DE": "Fidschi", "NAME_EN": "Fiji", "NAME_ES": "Fiyi", "NAME_FA": "\u0641\u06cc\u062c\u06cc", "NAME_FR": "Fidji", "NAME_EL": "\u03a6\u03af\u03c4\u03b6\u03b9", "NAME_HE": "\u05e4\u05d9\u05d2'\u05d9", "NAME_HI": "\u092b\u093c\u093f\u091c\u0940", "NAME_HU": "Fidzsi-szigetek", "NAME_ID": "Fiji", "NAME_IT": "Figi", "NAME_JA": "\u30d5\u30a3\u30b8\u30fc", "NAME_KO": "\ud53c\uc9c0", "NAME_NL": "Fiji", "NAME_PL": "Fid\u017ci", "NAME_PT": "Fiji", "NAME_RU": "\u0424\u0438\u0434\u0436\u0438", "NAME_SV": "Fiji", "NAME_TR": "Fiji", "NAME_UK": "\u0424\u0456\u0434\u0436\u0456", "NAME_UR": "\u0641\u062c\u06cc", "NAME_VI": "Fiji", "NAME_ZH": "\u6590\u6d4e", "NAME_ZHT": "\u6590\u6fdf", "FCLASS_ISO": "Admin-0 country", "TLC_DIFF": null, "FCLASS_TLC": "Admin-0 country", "FCLASS_US": null, "FCLASS_FR": null, "FCLASS_RU": null, "FCLASS_ES": null, "FCLASS_CN": null, "FCLASS_TW": null, "FCLASS_IN": null, "FCLASS_NP": null, "FCLASS_PK": null, "FCLASS_DE": null, "FCLASS_GB": null, "FCLASS_BR": null, "FCLASS_IL": null, "FCLASS_PS": null, "FCLASS_SA": null, "FCLASS_EG": null, "FCLASS_MA": null, "FCLASS_PT": null, "FCLASS_AR": null, "FCLASS_JP": null, "FCLASS_KO": null, "FCLASS_VN": null, "FCLASS_TR": null, "FCLASS_ID": null, "FCLASS_PL": null, "FCLASS_GR": null, "FCLASS_IT": null, "FCLASS_NL": null, "FCLASS_SE": null, "FCLASS_BD": null, "FCLASS_UA": null, "cartogram_scale": 0.3, "dc_count": 0, "dc_code": "OTHER"}, "geometry": {"type": "MultiPolygon", "coordinates": [[[[122.0227, -16.6822], [122.0227, -16.8286], [121.832, -16.9025], [121.6403, -16.9657], [121.6018, -16.8538], [121.7517, -16.7923], [121.8468, -16.7758], [122.0227, -16.6822]]], [[[121.4604, -17.1135], [121.5348, -17.064], [121.6382, -17.1506], [121.5886, -17.3072], [121.4025, -17.3485], [121.2372, -17.3114], [121.2083, -17.1795], [121.324, -17.0764], [121.4604, -17.1135]]], [[[14.0847, -16.6683], [14.0475, -16.8126], [14.0227, -16.8286], [14.0227, -16.6822], [14.0847, -16.6683]]]]}}, {"type": "Feature", "properties": {"featurecla": "Admin-0 country", "scalerank": 1, "LABELRANK": 3, "SOVEREIGNT": "United Republic of Tanzania", "SOV_A3": "TZA", "ADM0_DIF": 0, "LEVEL": 2, "TYPE": "Sovereign country", "TLC": "1", "ADMIN": "United Republic of Tanzania", "ADM0_A3": "TZA", "GEOU_DIF": 0, "GEOUNIT": "Tanzania", "GU_A3": "TZA", "SU_DIF": 0, "SUBUNIT": "Tanzania", "SU_A3": "TZA", "BRK_DIFF": 0, "NAME": "Tanzania", "NAME_LONG": "Tanzania", "BRK_A3": "TZA", "BRK_NAME": "Tanzania", "BRK_GROUP": null, "ABBREV": "Tanz.", "POSTAL": "TZ", "FORMAL_EN": "United Republic of Tanzania", "FORMAL_FR": null, "NAME_CIAWF": "Tanzania", "NOTE_ADM0": null, "NOTE_BRK": null, "NAME_SORT": "Tanzania", "NAME_ALT": null, "MAPCOLOR7": 3, "MAPCOLOR8": 6, "MAPCOLOR9": 2, "MAPCOLOR13": 2, "POP_EST": 58005463, "POP_RANK": 16, "POP_YEAR": 2019, "GDP_MD": 63177, "GDP_YEAR": 2019, "ECONOMY": "7. Least developed region", "INCOME_GRP": "5. Low income", "FIPS_10": "TZ", "ISO_A2": "TZ", "ISO_A2_EH": "TZ", "ISO_A3": "TZA", "ISO_A3_EH": "TZA", "ISO_N3": "834", "ISO_N3_EH": "834", "UN_A3": "834", "WB_A2": "TZ", "WB_A3": "TZA", "WOE_ID": 23424973, "WOE_ID_EH": 23424973, "WOE_NOTE": "Exact WOE match as country", "ADM0_ISO": "TZA", "ADM0_DIFF": null, "ADM0_TLC": "TZA", "ADM0_A3_US": "TZA", "ADM0_A3_FR": "TZA", "ADM0_A3_RU": "TZA", "ADM0_A3_ES": "TZA", "ADM0_A3_CN": "TZA", "ADM0_A3_TW": "TZA", "ADM0_A3_IN": "TZA", "ADM0_A3_NP": "TZA", "ADM0_A3_PK": "TZA", "ADM0_A3_DE": "TZA", "ADM0_A3_GB": "TZA", "ADM0_A3_BR": "TZA", "ADM0_A3_IL": "TZA", "ADM0_A3_PS": "TZA", "ADM0_A3_SA": "TZA", "ADM0_A3_EG": "TZA", "ADM0_A3_MA": "TZA", "ADM0_A3_PT": "TZA", "ADM0_A3_AR": "TZA", "ADM0_A3_JP": "TZA", "ADM0_A3_KO": "TZA", "ADM0_A3_VN": "TZA", "ADM0_A3_TR": "TZA", "ADM0_A3_ID": "TZA", "ADM0_A3_PL": "TZA", "ADM0_A3_GR": "TZA", "ADM0_A3_IT": "TZA", "ADM0_A3_NL": "TZA", "ADM0_A3_SE": "TZA", "ADM0_A3_BD": "TZA", "ADM0_A3_UA": "TZA", "ADM0_A3_UN": -99, "ADM0_A3_WB": -99, "CONTINENT": "Africa", "REGION_UN": "Africa", "SUBREGION": "Eastern Africa", "REGION_WB": "Sub-Saharan Africa", "NAME_LEN": 8, "LONG_LEN": 8, "ABBREV_LEN": 5, "TINY": -99, "HOMEPART": 1, "MIN_ZOOM": 0, "MIN_LABEL": 3, "MAX_LABEL": 8, "LABEL_X": 34.959183, "LABEL_Y": -6.051866, "NE_ID": 1159321337, "WIKIDATAID": "Q924", "NAME_AR": "\u062a\u0646\u0632\u0627\u0646\u064a\u0627", "NAME_BN": "\u09a4\u09be\u09a8\u099c\u09be\u09a8\u09bf\u09af\u09bc\u09be", "NAME_DE": "Tansania", "NAME_EN": "Tanzania", "NAME_ES": "Tanzania", "NAME_FA": "\u062a\u0627\u0646\u0632\u0627\u0646\u06cc\u0627", "NAME_FR": "Tanzanie", "NAME_EL": "\u03a4\u03b1\u03bd\u03b6\u03b1\u03bd\u03af\u03b1", "NAME_HE": "\u05d8\u05e0\u05d6\u05e0\u05d9\u05d4", "NAME_HI": "\u0924\u0902\u091c\u093c\u093e\u0928\u093f\u092f\u093e", "NAME_HU": "Tanz\u00e1nia", "NAME_ID": "Tanzania", "NAME_IT": "Tanzania", "NAME_JA": "\u30bf\u30f3\u30b6\u30cb\u30a2", "NAME_KO": "\ud0c4\uc790\ub2c8\uc544", "NAME_NL": "Tanzania", "NAME_PL": "Tanzania", "NAME_PT": "Tanz\u00e2nia", "NAME_RU": "\u0422\u0430\u043d\u0437\u0430\u043d\u0438\u044f", "NAME_SV": "Tanzania", "NAME_TR": "Tanzanya", "NAME_UK": "\u0422\u0430\u043d\u0437\u0430\u043d\u0456\u044f", "NAME_UR": "\u062a\u0646\u0632\u0627\u0646\u06cc\u06c1", "NAME_VI": "Tanzania", "NAME_ZH": "\u5766\u6851\u5c3c\u4e9a", "NAME_ZHT": "\u5766\u5c1a\u5c3c\u4e9e", "FCLASS_ISO": "Admin-0 country", "TLC_DIFF": null, "FCLASS_TLC": "Admin-0 country", "FCLASS_US": null, "FCLASS_FR": null, "FCLASS_RU": null, "FCLASS_ES": null, "FCLASS_CN": null, "FCLASS_TW": null, "FCLASS_IN": null, "FCLASS_NP": null, "FCLASS_PK": null, "FCLASS_DE": null, "FCLASS_GB": null, "FCLASS_BR": null, "FCLASS_IL": null, "FCLASS_PS": null, "FCLASS_SA": null, "FCLASS_EG": null, "FCLASS_MA": null, "FCLASS_PT": null, "FCLASS_AR": null, "FCLASS_JP": null, "FCLASS_KO": null, "FCLASS_VN": null, "FCLASS_TR": null, "FCLASS_ID": null, "FCLASS_PL": null, "FCLASS_GR": null, "FCLASS_IT": null, "FCLASS_NL": null, "FCLASS_SE": null, "FCLASS_BD": null, "FCLASS_UA": null, "cartogram_scale": 0.3, "dc_count": 0, "dc_code": "OTHER"}, "geometry": {"type": "Polygon", "coordinates": [[[34.191, -4.866], [34.2416, -4.8989], [35.3295, -5.5101], [35.3499, -5.6841], [35.7805, -5.984], [35.642, -6.3537], [35.6598, -6.5237], [35.8519, -6.633], [35.8609, -6.711], [35.7783, -6.8922], [35.7955, -6.9833], [35.7758, -7.1267], [35.8806, -7.3147], [36.0047, -7.6105], [36.1148, -7.6761], [36.1148, -7.6761], [35.8762, -7.8501], [35.5481, -7.9666], [35.3681, -7.9616], [35.2612, -8.0516], [35.0524, -8.0594], [34.9741, -8.0973], [34.6136, -8.0127], [34.3879, -8.037], [34.3039, -7.629], [34.2021, -7.4891], [34.1418, -7.4061], [33.8477, -7.3502], [33.6774, -7.2601], [33.4868, -7.2096], [33.3672, -7.1594], [33.2419, -7.083], [33.2419, -7.083], [33.0799, -6.705], [32.9059, -6.537], [32.8459, -6.363], [32.8759, -6.207], [32.8219, -5.931], [32.9459, -5.9167], [33.0548, -5.808], [33.1715, -5.6516], [33.2455, -5.5888], [33.2428, -5.4913], [33.1782, -5.4233], [33.1608, -5.3052], [33.1608, -5.3051], [33.2473, -5.2672], [33.2647, -5.0907], [33.1456, -4.9214], [33.2508, -4.8854], [33.5797, -4.8892], [34.191, -4.866]]]}}, {"type": "Feature", "properties": {"featurecla": "Admin-0 country", "scalerank": 1, "LABELRANK": 7, "SOVEREIGNT": "Western Sahara", "SOV_A3": "SAH", "ADM0_DIF": 0, "LEVEL": 2, "TYPE": "Indeterminate", "TLC": "1", "ADMIN": "Western Sahara", "ADM0_A3": "SAH", "GEOU_DIF": 0, "GEOUNIT": "Western Sahara", "GU_A3": "SAH", "SU_DIF": 0, "SUBUNIT": "Western Sahara", "SU_A3": "SAH", "BRK_DIFF": 1, "NAME": "W. Sahara", "NAME_LONG": "Western Sahara", "BRK_A3": "B28", "BRK_NAME": "W. Sahara", "BRK_GROUP": null, "ABBREV": "W. Sah.", "POSTAL": "WS", "FORMAL_EN": "Sahrawi Arab Democratic Republic", "FORMAL_FR": null, "NAME_CIAWF": "Western Sahara", "NOTE_ADM0": null, "NOTE_BRK": "Self admin.; Claimed by Morocco", "NAME_SORT": "Western Sahara", "NAME_ALT": null, "MAPCOLOR7": 4, "MAPCOLOR8": 7, "MAPCOLOR9": 4, "MAPCOLOR13": 4, "POP_EST": 603253, "POP_RANK": 11, "POP_YEAR": 2017, "GDP_MD": 907, "GDP_YEAR": 2007, "ECONOMY": "7. Least developed region", "INCOME_GRP": "5. Low income", "FIPS_10": "WI", "ISO_A2": "EH", "ISO_A2_EH": "EH", "ISO_A3": "ESH", "ISO_A3_EH": "ESH", "ISO_N3": "732", "ISO_N3_EH": "732", "UN_A3": "732", "WB_A2": "-99", "WB_A3": "-99", "WOE_ID": 23424990, "WOE_ID_EH": 23424990, "WOE_NOTE": "Exact WOE match as country", "ADM0_ISO": "B28", "ADM0_DIFF": null, "ADM0_TLC": "B28", "ADM0_A3_US": "SAH", "ADM0_A3_FR": "MAR", "ADM0_A3_RU": "SAH", "ADM0_A3_ES": "SAH", "ADM0_A3_CN": "SAH", "ADM0_A3_TW": "SAH", "ADM0_A3_IN": "MAR", "ADM0_A3_NP": "SAH", "ADM0_A3_PK": "SAH", "ADM0_A3_DE": "SAH", "ADM0_A3_GB": "SAH", "ADM0_A3_BR": "SAH", "ADM0_A3_IL": "SAH", "ADM0_A3_PS": "MAR", "ADM0_A3_SA": "MAR", "ADM0_A3_EG": "SAH", "ADM0_A3_MA": "MAR", "ADM0_A3_PT": "SAH", "ADM0_A3_AR": "SAH", "ADM0_A3_JP": "SAH", "ADM0_A3_KO": "SAH", "ADM0_A3_VN": "SAH", "ADM0_A3_TR": "MAR", "ADM0_A3_ID": "MAR", "ADM0_A3_PL": "MAR", "ADM0_A3_GR": "SAH", "ADM0_A3_IT": "SAH", "ADM0_A3_NL": "MAR", "ADM0_A3_SE": "SAH", "ADM0_A3_BD": "SAH", "ADM0_A3_UA": "SAH", "ADM0_A3_UN": -99, "ADM0_A3_WB": -99, "CONTINENT": "Africa", "REGION_UN": "Africa", "SUBREGION": "Northern Africa", "REGION_WB": "Middle East & North Africa", "NAME_LEN": 9, "LONG_LEN": 14, "ABBREV_LEN": 7, "TINY": -99, "HOMEPART": 1, "MIN_ZOOM": 4.7, "MIN_LABEL": 6, "MAX_LABEL": 11, "LABEL_X": -12.630304, "LABEL_Y": 23.967592, "NE_ID": 1159321223, "WIKIDATAID": "Q6250", "NAME_AR": "\u0627\u0644\u0635\u062d\u0631\u0627\u0621 \u0627\u0644\u063a\u0631\u0628\u064a\u0629", "NAME_BN": "\u09aa\u09b6\u09cd\u099a\u09bf\u09ae \u09b8\u09be\u09b9\u09be\u09b0\u09be", "NAME_DE": "Westsahara", "NAME_EN": "Western Sahara", "NAME_ES": "Sahara Occidental", "NAME_FA": "\u0635\u062d\u0631\u0627\u06cc \u063a\u0631\u0628\u06cc", "NAME_FR": "Sahara occidental", "NAME_EL": "\u0394\u03c5\u03c4\u03b9\u03ba\u03ae \u03a3\u03b1\u03c7\u03ac\u03c1\u03b1", "NAME_HE": "\u05e1\u05d4\u05e8\u05d4 \u05d4\u05de\u05e2\u05e8\u05d1\u05d9\u05ea", "NAME_HI": "\u092a\u0936\u094d\u091a\u093f\u092e\u0940 \u0938\u0939\u093e\u0930\u093e", "NAME_HU": "Nyugat-Szahara", "NAME_ID": "Sahara Barat", "NAME_IT": "Sahara Occidentale", "NAME_JA": "\u897f\u30b5\u30cf\u30e9", "NAME_KO": "\uc11c\uc0ac\ud558\ub77c", "NAME_NL": "Westelijke Sahara", "NAME_PL": "Sahara Zachodnia", "NAME_PT": "Sara Ocidental", "NAME_RU": "\u0417\u0430\u043f\u0430\u0434\u043d\u0430\u044f \u0421\u0430\u0445\u0430\u0440\u0430", "NAME_SV": "V\u00e4stsahara", "NAME_TR": "Bat\u0131 Sahra", "NAME_UK": "\u0417\u0430\u0445\u0456\u0434\u043d\u0430 \u0421\u0430\u0445\u0430\u0440\u0430", "NAME_UR": "\u0645\u063a\u0631\u0628\u06cc \u0635\u062d\u0627\u0631\u0627", "NAME_VI": "T\u00e2y Sahara", "NAME_ZH": "\u897f\u6492\u54c8\u62c9", "NAME_ZHT": "\u897f\u6492\u54c8\u62c9", "FCLASS_ISO": "Admin-0 dependency", "TLC_DIFF": null, "FCLASS_TLC": "Admin-0 dependency", "FCLASS_US": null, "FCLASS_FR": "Unrecognized", "FCLASS_RU": null, "FCLASS_ES": null, "FCLASS_CN": null, "FCLASS_TW": null, "FCLASS_IN": "Unrecognized", "FCLASS_NP": null, "FCLASS_PK": null, "FCLASS_DE": null, "FCLASS_GB": null, "FCLASS_BR": null, "FCLASS_IL": null, "FCLASS_PS": "Unrecognized", "FCLASS_SA": "Unrecognized", "FCLASS_EG": null, "FCLASS_MA": "Unrecognized", "FCLASS_PT": null, "FCLASS_AR": null, "FCLASS_JP": null, "FCLASS_KO": null, "FCLASS_VN": null, "FCLASS_TR": "Unrecognized", "FCLASS_ID": "Unrecognized", "FCLASS_PL": "Unrecognized", "FCLASS_GR": null, "FCLASS_IT": null, "FCLASS_NL": "Unrecognized", "FCLASS_SE": null, "FCLASS_BD": null, "FCLASS_UA": null, "cartogram_scale": 0.3, "dc_count": 0, "dc_code": "OTHER"}, "geometry": {"type": "Polygon", "coordinates": [[[-11.0189, 25.6413], [-11.0187, 25.6212], [-11.0245, 25.5631], [-11.0254, 25.1087], [-12.01, 25.1244], [-12.0003, 24.3568], [-12.2814, 24.3298], [-12.3548, 24.1758], [-12.2979, 23.7425], [-13.4727, 23.7444], [-13.5382, 23.6443], [-13.5253, 23.7711], [-13.5201, 23.7706], [-12.8445, 23.7946], [-12.8084, 23.9027], [-12.6855, 24.0374], [-12.5865, 24.4517], [-12.1695, 24.7754], [-12.0284, 25.1537], [-11.9346, 25.1756], [-11.8369, 25.4094], [-11.5846, 25.4416], [-11.476, 25.4027], [-11.3398, 25.4027], [-11.2431, 25.4709], [-11.0576, 25.4806], [-11.0645, 25.6413], [-11.0189, 25.6413]]]}}, {"type": "Feature", "properties": {"featurecla": "Admin-0 country", "scalerank": 1, "LABELRANK": 2, "SOVEREIGNT": "Canada", "SOV_A3": "CAN", "ADM0_DIF": 0, "LEVEL": 2, "TYPE": "Sovereign country", "TLC": "1", "ADMIN": "Canada", "ADM0_A3": "CAN", "GEOU_DIF": 0, "GEOUNIT": "Canada", "GU_A3": "CAN", "SU_DIF": 0, "SUBUNIT": "Canada", "SU_A3": "CAN", "BRK_DIFF": 0, "NAME": "Canada", "NAME_LONG": "Canada", "BRK_A3": "CAN", "BRK_NAME": "Canada", "BRK_GROUP": null, "ABBREV": "Can.", "POSTAL": "CA", "FORMAL_EN": "Canada", "FORMAL_FR": null, "NAME_CIAWF": "Canada", "NOTE_ADM0": null, "NOTE_BRK": null, "NAME_SORT": "Canada", "NAME_ALT": null, "MAPCOLOR7": 6, "MAPCOLOR8": 6, "MAPCOLOR9": 2, "MAPCOLOR13": 2, "POP_EST": 37589262, "POP_RANK": 15, "POP_YEAR": 2019, "GDP_MD": 1736425, "GDP_YEAR": 2019, "ECONOMY": "1. Developed region: G7", "INCOME_GRP": "1. High income: OECD", "FIPS_10": "CA", "ISO_A2": "CA", "ISO_A2_EH": "CA", "ISO_A3": "CAN", "ISO_A3_EH": "CAN", "ISO_N3": "124", "ISO_N3_EH": "124", "UN_A3": "124", "WB_A2": "CA", "WB_A3": "CAN", "WOE_ID": 23424775, "WOE_ID_EH": 23424775, "WOE_NOTE": "Exact WOE match as country", "ADM0_ISO": "CAN", "ADM0_DIFF": null, "ADM0_TLC": "CAN", "ADM0_A3_US": "CAN", "ADM0_A3_FR": "CAN", "ADM0_A3_RU": "CAN", "ADM0_A3_ES": "CAN", "ADM0_A3_CN": "CAN", "ADM0_A3_TW": "CAN", "ADM0_A3_IN": "CAN", "ADM0_A3_NP": "CAN", "ADM0_A3_PK": "CAN", "ADM0_A3_DE": "CAN", "ADM0_A3_GB": "CAN", "ADM0_A3_BR": "CAN", "ADM0_A3_IL": "CAN", "ADM0_A3_PS": "CAN", "ADM0_A3_SA": "CAN", "ADM0_A3_EG": "CAN", "ADM0_A3_MA": "CAN", "ADM0_A3_PT": "CAN", "ADM0_A3_AR": "CAN", "ADM0_A3_JP": "CAN", "ADM0_A3_KO": "CAN", "ADM0_A3_VN": "CAN", "ADM0_A3_TR": "CAN", "ADM0_A3_ID": "CAN", "ADM0_A3_PL": "CAN", "ADM0_A3_GR": "CAN", "ADM0_A3_IT": "CAN", "ADM0_A3_NL": "CAN", "ADM0_A3_SE": "CAN", "ADM0_A3_BD": "CAN", "ADM0_A3_UA": "CAN", "ADM0_A3_UN": -99, "ADM0_A3_WB": -99, "CONTINENT": "North America", "REGION_UN": "Americas", "SUBREGION": "Northern America", "REGION_WB": "North America", "NAME_LEN": 6, "LONG_LEN": 6, "ABBREV_LEN": 4, "TINY": -99, "HOMEPART": 1, "MIN_ZOOM": 0, "MIN_LABEL": 1.7, "MAX_LABEL": 5.7, "LABEL_X": -101.9107, "LABEL_Y": 60.324287, "NE_ID": 1159320467, "WIKIDATAID": "Q16", "NAME_AR": "\u0643\u0646\u062f\u0627", "NAME_BN": "\u0995\u09be\u09a8\u09be\u09a1\u09be", "NAME_DE": "Kanada", "NAME_EN": "Canada", "NAME_ES": "Canad\u00e1", "NAME_FA": "\u06a9\u0627\u0646\u0627\u062f\u0627", "NAME_FR": "Canada", "NAME_EL": "\u039a\u03b1\u03bd\u03b1\u03b4\u03ac\u03c2", "NAME_HE": "\u05e7\u05e0\u05d3\u05d4", "NAME_HI": "\u0915\u0928\u093e\u0921\u093e", "NAME_HU": "Kanada", "NAME_ID": "Kanada", "NAME_IT": "Canada", "NAME_JA": "\u30ab\u30ca\u30c0", "NAME_KO": "\uce90\ub098\ub2e4", "NAME_NL": "Canada", "NAME_PL": "Kanada", "NAME_PT": "Canad\u00e1", "NAME_RU": "\u041a\u0430\u043d\u0430\u0434\u0430", "NAME_SV": "Kanada", "NAME_TR": "Kanada", "NAME_UK": "\u041a\u0430\u043d\u0430\u0434\u0430", "NAME_UR": "\u06a9\u06cc\u0646\u06cc\u0688\u0627", "NAME_VI": "Canada", "NAME_ZH": "\u52a0\u62ff\u5927", "NAME_ZHT": "\u52a0\u62ff\u5927", "FCLASS_ISO": "Admin-0 country", "TLC_DIFF": null, "FCLASS_TLC": "Admin-0 country", "FCLASS_US": null, "FCLASS_FR": null, "FCLASS_RU": null, "FCLASS_ES": null, "FCLASS_CN": null, "FCLASS_TW": null, "FCLASS_IN": null, "FCLASS_NP": null, "FCLASS_PK": null, "FCLASS_DE": null, "FCLASS_GB": null, "FCLASS_BR": null, "FCLASS_IL": null, "FCLASS_PS": null, "FCLASS_SA": null, "FCLASS_EG": null, "FCLASS_MA": null, "FCLASS_PT": null, "FCLASS_AR": null, "FCLASS_JP": null, "FCLASS_KO": null, "FCLASS_VN": null, "FCLASS_TR": null, "FCLASS_ID": null, "FCLASS_PL": null, "FCLASS_GR": null, "FCLASS_IT": null, "FCLASS_NL": null, "FCLASS_SE": null, "FCLASS_BD": null, "FCLASS_UA": null, "cartogram_scale": 0.7, "dc_count": 328, "dc_code": "CAN"}, "geometry": {"type": "MultiPolygon", "coordinates": [[[[-118.3047, 63.8691], [-118.3987, 63.8709], [-119.7539, 64.5583], [-120.254, 64.8607], [-121.5217, 65.1505], [-121.9117, 65.7702], [-121.812, 66.1998], [-122.7076, 66.4978], [-122.8304, 67.0622], [-123.6772, 67.5704], [-123.692, 67.931], [-123.692, 67.931], [-123.3027, 68.2686], [-123.3222, 68.7102], [-124.5122, 69.1556], [-125.228, 69.9541], [-125.6656, 70.4563], [-126.3065, 70.7719], [-126.7782, 71.0585], [-127.1498, 71.4205], [-127.8525, 71.1938], [-128.5335, 70.8026], [-129.1553, 71.2626], [-129.644, 71.5691], [-130.3258, 71.7629], [-131.0152, 71.7836], [-131.0115, 75.7691], [-131.0069, 78.3675], [-131.0069, 78.3675], [-129.7011, 78.1988], [-128.5992, 77.8621], [-127.8692, 77.7977], [-127.2548, 78.0897], [-126.407, 78.3083], [-125.3672, 78.2228], [-124.3187, 78.5302], [-123.173, 78.7047], [-122.6921, 78.4146], [-122.1698, 78.5781], [-122.0134, 78.9078], [-121.5297, 78.8331], [-120.3462, 78.2055], [-119.4141, 78.68], [-119.3195, 78.1489], [-118.4595, 78.2637], [-118.1952, 78.4679], [-117.3473, 78.4275], [-116.2767, 78.1336], [-114.6386, 77.877], [-113.6752, 77.7581], [-112.9896, 77.8032], [-112.0453, 77.4483], [-113.0301, 77.1009], [-111.7648, 76.9508], [-109.8753, 77.0334], [-109.2791, 77.1558], [-108.5329, 76.7361], [-107.7714, 77.0902], [-108.4858, 77.3872], [-108.0338, 77.6268], [-107.1817, 77.6591], [-106.6217, 77.7291], [-106.0567, 77.5619], [-105.3533, 77.1817], [-104.5715, 77.2375], [-103.3348, 76.9219], [-102.2481, 77.033], [-101.227, 77.0162], [-101.3077, 77.4518], [-100.6854, 77.5741], [-99.6007, 77.3367], [-99.6048, 76.6744], [-99.1593, 77.2326], [-98.5962, 77.2138], [-98.2797, 77.9174], [-99.0296, 78.3491], [-99.8466, 78.6319], [-99.7905, 79.4055], [-98.9629, 79.9134], [-98.0397, 79.8012], [-97.3315, 79.4922], [-96.3805, 78.703], [-97.0016, 78.3591], [-95.6997, 78.2174], [-95.7028, 77.5016], [-94.7673, 78.0502], [-93.9305, 77.5996], [-94.139, 77.0804], [-93.4618, 76.6082], [-92.731, 77.1141], [-92.2204, 77.7183], [-92.1821, 78.4866], [-91.1873, 78.4329], [-90.1525, 78.3299], [-89.213, 77.9825], [-89.1709, 77.635], [-89.6918, 77.2618], [-89.1982, 76.8871], [-89.2873, 76.5466], [-90.6579, 76.0572], [-91.6315, 75.9492], [-92.3553, 76.1599], [-92.564, 75.8085], [-93.2387, 75.2182], [-93.443, 74.912], [-94.2548, 74.4384], [-95.2568, 74.392], [-95.8095, 74.0962], [-95.8558, 73.6412], [-96.6701, 73.5536], [-97.5266, 72.9864], [-98.2858, 72.1981], [-98.5572, 71.6462], [-98.5959, 70.8333], [-97.5672, 70.7166], [-97.252, 70.0611], [-96.9246, 69.53], [-95.9451, 69.6684], [-94.6444, 69.3653], [-93.9446, 69.0992], [-93.4437, 68.7685], [-92.5666, 68.5758], [-91.825, 68.2809], [-90.6691, 68.2405], [-89.9077, 68.1729], [-90.0221, 67.5667], [-89.8042, 66.863], [-89.2973, 66.0796], [-88.2557, 65.415], [-87.7168, 65.6428], [-87.3381, 66.3625], [-87.7037, 67.4681], [-88.1974, 67.8365], [-87.0768, 68.1646], [-86.2836, 68.6553], [-85.8957, 69.143], [-85.953, 69.6109], [-86.4283, 70.2055], [-87.2785, 70.7323], [-86.4525, 71.4659], [-86.7576, 72.0996], [-86.9915, 73.1928], [-86.5042, 73.3544], [-85.3041, 73.164], [-84.5845, 73.0959], [-84.0046, 73.2797], [-83.3527, 73.0426], [-82.4907, 72.6368], [-82.2783, 72.3651], [-81.03, 72.3121], [-81.051, 71.724], [-80.8183, 70.8392], [-80.1789, 70.7298], [-79.6716, 70.3175], [-78.658, 70.7062], [-77.9883, 71.4786], [-77.5252, 71.804], [-76.9801, 71.1789], [-76.0684, 70.286], [-75.2943, 69.4463], [-75.5758, 69.0067], [-74.6447, 68.6119], [-74.0155, 68.2119], [-72.8993, 68.0309], [-72.45, 67.8076], [-72.1725, 67.2153], [-71.6274, 67.1223], [-71.3462, 66.8583], [-71.2951, 66.0717], [-71.8031, 65.8086], [-72.3056, 65.5629], [-73.4591, 65.3141], [-74.3399, 64.739], [-75.5233, 64.6254], [-77.0205, 64.7728], [-78.071, 64.7778], [-78.7961, 64.7294], [-79.3821, 64.2272], [-80.2745, 63.9169], [-81.2843, 62.9905], [-82.0899, 62.3443], [-81.4954, 62.4593], [-80.3717, 63.3791], [-78.9034, 63.9622], [-77.8561, 64.032], [-77.2364, 63.6888], [-77.8975, 63.2187], [-77.6757, 62.4642], [-77.4473, 61.936], [-76.538, 61.5864], [-75.3812, 61.6877], [-74.6794, 62.4746], [-74.6307, 61.9669], [-74.1787, 61.7134], [-75.0446, 61.2548], [-76.595, 60.8382], [-77.2893, 60.5549], [-78.0716, 60.0507], [-78.6031, 60.1021], [-78.6299, 60.6947], [-77.4146, 61.2735], [-78.535, 61.2506], [-79.3129, 61.1653], [-79.7707, 61.561], [-79.77, 62.5155], [-80.0808, 62.7175], [-80.5502, 62.5986], [-80.7828, 62.7825], [-81.3167, 62.2542], [-81.5302, 61.7096], [-81.7787, 61.3911], [-82.0761, 61.2827], [-82.3002, 61.2476], [-82.3703, 61.0748], [-83.6602, 61.0742], [-84.7236, 61.0694], [-85.0395, 60.9406], [-85.7792, 60.4365], [-85.8667, 60.382], [-86.0908, 60.1092], [-86.7332, 60.1094], [-87.4209, 60.1066], [-87.7369, 59.9955], [-87.6237, 59.8581], [-87.5607, 59.6446], [-87.5743, 59.5736], [-88.4899, 59.2254], [-89.2111, 59.1154], [-90.0242, 58.7417], [-90.1998, 58.7417], [-90.4376, 58.852], [-90.5161, 58.9521], [-90.5007, 59.0251], [-90.3467, 59.2701], [-90.0177, 59.6551], [-89.8131, 60.0688], [-89.9532, 60.6771], [-90.1024, 61.3123], [-90.8317, 61.6409], [-90.7454, 61.7654], [-90.848, 61.8509], [-91.0403, 61.8509], [-91.181, 61.9619], [-91.2162, 62.1276], [-91.3524, 62.0552], [-91.5402, 62.0768], [-91.4974, 62.1462], [-91.6622, 62.215], [-91.73, 62.3991], [-92.2734, 62.6232], [-92.8401, 62.8564], [-93.5246, 63.1271], [-94.1814, 63.3811], [-94.8078, 63.1829], [-95.0367, 63.1761], [-95.8977, 63.3581], [-96.4647, 63.2671], [-97.1437, 63.4841], [-97.8583, 63.5956], [-98.3471, 63.6386], [-98.5647, 63.7571], [-98.689, 64.1414], [-98.926, 64.1381], [-98.9281, 63.8691], [-100.3768, 63.8696], [-102.7717, 63.8691], [-105.1505, 63.869], [-107.2517, 63.8691], [-109.3517, 63.8691], [-111.4167, 63.8691], [-113.5505, 63.8691], [-114.2386, 63.8691], [-116.3167, 63.8691], [-118.3047, 63.8691]]], [[[-91.1123, 73.286], [-90.5921, 73.6089], [-89.6306, 73.6023], [-89.6455, 73.4666], [-90.4647, 73.0805], [-90.959, 73.0967], [-91.1123, 73.286]]], [[[-88.1598, 80.5311], [-88.93, 80.9023], [-88.9004, 81.1543], [-88.5639, 81.2009], [-86.9618, 81.1254], [-85.7547, 80.741], [-85.6927, 80.5475], [-86.4368, 80.568], [-87.1909, 80.5827], [-87.9571, 80.4886], [-88.1598, 80.5311]]], [[[-88.5375, 73.029], [-88.2673, 73.239], [-87.9807, 73.2237], [-87.8028, 73.0802], [-88.077, 72.7122], [-88.3864, 72.7717], [-88.5702, 72.9806], [-88.5375, 73.029]]], [[[-97.8457, 82.0551], [-98.2266, 81.7837], [-99.2428, 81.8359], [-100.0914, 82.0184], [-99.7187, 82.3336], [-98.7123, 82.5221], [-98.1011, 82.2766], [-97.8457, 82.0551]]], [[[-98.0047, 83.8331], [-98.3237, 83.813], [-99.6355, 83.8577], [-99.8221, 84.0533], [-98.4125, 84.0431], [-97.9212, 83.9131], [-98.0047, 83.8331]]], [[[-100.0448, 84.7051], [-99.2082, 84.4619], [-99.3979, 84.2089], [-100.4336, 84.0645], [-101.0037, 84.2271], [-101.3037, 84.4898], [-101.3591, 84.7794], [-100.4528, 84.7515], [-100.0448, 84.7051]]], [[[-94.022, 81.6437], [-95.152, 81.73], [-97.0124, 81.9555], [-97.2545, 82.3399], [-97.3397, 82.6869], [-98.0424, 82.9925], [-99.4904, 83.078], [-100.3017, 83.2948], [-100.0383, 83.5821], [-98.5956, 83.5376], [-97.8185, 83.3125], [-96.4402, 83.314], [-95.836, 83.0838], [-95.9955, 82.8209], [-95.1923, 82.6625], [-94.7477, 82.4962], [-93.8035, 82.4654], [-92.7822, 82.4068], [-91.6695, 82.5585], [-90.2441, 82.6181], [-89.1067, 82.5689], [-88.357, 82.3049], [-88.2005, 82.0153], [-88.6372, 81.8292], [-89.6809, 81.6788], [-90.577, 81.7639], [-92.5849, 81.6561], [-94.022, 81.6437]]], [[[-110.2018, 84.2761], [-109.2148, 84.1665], [-109.4476, 83.957], [-110.7526, 83.7555], [-111.7907, 83.9816], [-111.2239, 84.2048], [-110.2018, 84.2761]]], [[[-109.9913, 84.7322], [-109.0809, 84.5905], [-109.9336, 84.4539], [-111.0962, 84.4546], [-111.0849, 84.5545], [-110.3667, 84.7641], [-109.9913, 84.7322]]], [[[-71.2369, 65.491], [-71.6106, 65.05], [-72.0738, 64.4377], [-71.6169, 64.6742], [-71.1468, 64.5241], [-71.3924, 64.2801], [-70.7713, 64.0882], [-70.4484, 64.2588], [-69.7503, 64.0435], [-69.9669, 63.5308], [-69.477, 63.6505], [-69.3878, 63.2791], [-69.1704, 62.844], [-69.4651, 62.2279], [-69.7817, 62.2019], [-70.242, 62.334], [-70.09, 62.9067], [-70.2851, 62.9957], [-71.0973, 62.3886], [-71.515, 62.4129], [-71.0206, 62.7418], [-71.6923, 62.9119], [-72.4444, 62.87], [-73.8029, 62.8914], [-73.9104, 63.0987], [-73.4743, 63.3451], [-73.7789, 63.5353], [-73.191, 63.957], [-72.4678, 65.0719], [-72.0338, 65.4703], [-71.4264, 65.7115], [-71.1016, 65.6809], [-71.2369, 65.491]]], [[[-91.0346, 75.1458], [-90.268, 74.9058], [-89.4661, 74.6877], [-89.4041, 74.3548], [-88.8889, 74.4093], [-88.3891, 74.1773], [-89.0104, 73.957], [-90.0998, 74.1253], [-90.4929, 74.4404], [-91.187, 74.0679], [-92.1831, 73.7057], [-92.4235, 74.1152], [-93.3721, 74.0479], [-92.7637, 74.3942], [-92.6741, 74.9451], [-92.4354, 75.5862], [-91.9296, 75.5292], [-91.7998, 75.2213], [-91.4415, 75.3293], [-91.0346, 75.1458]]], [[[-87.4562, 80.2156], [-86.794, 80.4938], [-85.2408, 80.1397], [-84.2768, 79.8061], [-84.1861, 79.5007], [-82.8863, 79.6589], [-82.1567, 79.2131], [-80.467, 78.9366], [-79.8572, 78.6544], [-79.195, 77.9993], [-80.4803, 77.6732], [-78.8316, 77.2161], [-77.7203, 77.0624], [-76.7142, 76.419], [-75.6131, 76.3726], [-75.831, 75.8813], [-77.0596, 75.0681], [-77.9209, 75.3673], [-79.0216, 76.0407], [-79.9272, 75.953], [-80.0156, 75.5519], [-79.2795, 75.145], [-78.3292, 74.823], [-78.0408, 74.637], [-77.5853, 73.9441], [-77.8264, 73.441], [-78.7093, 73.6306], [-80.465, 74.191], [-79.4755, 73.5879], [-78.7465, 73.1651], [-78.6326, 72.9207], [-80.5309, 73.2002], [-82.0331, 73.6066], [-82.8815, 73.9476], [-82.6371, 74.1451], [-83.6815, 74.5049], [-84.7008, 74.8444], [-84.6897, 74.6414], [-86.7137, 74.5298], [-87.3059, 74.7701], [-86.8448, 75.2855], [-85.5295, 75.298], [-84.0886, 75.3874], [-84.3224, 75.6373], [-84.0782, 75.9865], [-83.1725, 76.6683], [-83.365, 76.9779], [-83.6349, 77.2177], [-84.707, 77.5573], [-86.1251, 77.7954], [-85.6768, 77.9725], [-86.4179, 78.4078], [-87.0348, 78.4476], [-87.5868, 78.6859], [-87.9614, 78.4793], [-89.2306, 78.3893], [-91.778, 78.5457], [-93.2587, 78.7511], [-94.3939, 78.8566], [-94.9761, 79.1025], [-94.2441, 79.4218], [-95.2384, 79.4249], [-95.4603, 80.1336], [-94.9223, 80.7597], [-94.2025, 81.0456], [-92.395, 81.2317], [-92.9103, 80.7793], [-92.3588, 80.343], [-91.7118, 80.9073], [-89.9376, 81.1947], [-88.7368, 80.4707], [-88.841, 80.0124], [-87.4562, 80.2156]]], [[[-98.4693, 81.4635], [-97.0107, 81.4391], [-95.6736, 81.2688], [-96.7195, 80.6454], [-97.5541, 80.5095], [-98.3051, 79.9863], [-99.1036, 80.0124], [-99.5403, 80.6273], [-99.5295, 80.9753], [-99.1638, 81.2728], [-98.4693, 81.4635]]], [[[-118.3152, 82.8507], [-118.3152, 82.8507], [-117.127, 83.3742], [-115.6895, 83.8276], [-114.6158, 83.8179], [-113.6557, 83.9208], [-113.7518, 83.383], [-114.291, 83.1401], [-114.945, 83.1059], [-116.2462, 82.8063], [-117.3667, 82.6991], [-118.3152, 82.8507]]], [[[-125.2137, 67.3971], [-124.5417, 67.4531], [-124.7514, 66.6583], [-124.1421, 66.0954], [-124.4212, 66.0967], [-124.843, 66.4169], [-125.1017, 66.7391], [-125.455, 66.9571], [-125.5845, 67.2648], [-125.5427, 67.4881], [-125.2137, 67.3971]]], [[[-106.1613, 85.0], [-104.7872, 84.9848], [-102.8943, 84.7294], [-102.3589, 84.3964], [-102.0864, 84.1044], [-103.2295, 84.1824], [-104.3816, 84.4093], [-105.94, 84.4353], [-105.264, 84.6433], [-106.1104, 84.8119], [-106.1613, 85.0]]], [[[-118.7737, 63.5261], [-119.1258, 63.4287], [-120.2752, 63.7466], [-120.4852, 63.9951], [-121.1117, 64.2401], [-121.2377, 64.4396], [-121.9583, 64.5655], [-122.2279, 64.9465], [-122.1676, 65.1085], [-121.4327, 64.9559], [-121.0032, 64.8497], [-120.3452, 64.7756], [-120.1072, 64.5341], [-119.7613, 64.2018], [-119.0625, 63.9128], [-118.7737, 63.5261]]], [[[-117.3932, 81.6833], [-116.3936, 81.538], [-114.6057, 81.4991], [-113.9258, 81.2963], [-113.1743, 81.0017], [-114.0543, 80.8251], [-115.7707, 80.3331], [-116.6387, 79.8431], [-116.6387, 79.5376], [-118.4813, 79.2002], [-118.8507, 79.5071], [-120.467, 79.8772], [-120.1667, 80.1737], [-119.6818, 80.6849], [-119.0747, 81.1451], [-119.7592, 81.574], [-117.3932, 81.6833]]], [[[-107.7903, 82.6609], [-107.167, 82.7781], [-106.4334, 82.7477], [-106.3102, 82.4047], [-106.7362, 82.0728], [-109.1067, 81.9641], [-110.8729, 81.661], [-111.9374, 81.6451], [-112.0267, 81.8733], [-110.5727, 82.1828], [-113.7353, 82.0995], [-114.714, 82.2246], [-113.7589, 82.9084], [-113.1001, 83.1043], [-111.1301, 82.868], [-109.8867, 82.4535], [-108.6637, 82.4003], [-109.6648, 83.07], [-109.0235, 83.325], [-108.3007, 83.2439], [-108.0647, 82.9103], [-107.7903, 82.6609]]], [[[-106.8825, 80.7223], [-106.0984, 80.4399], [-105.6591, 79.758], [-105.4421, 79.2642], [-104.2665, 78.9175], [-103.0033, 78.5861], [-103.0792, 78.2782], [-104.2285, 78.2219], [-103.782, 77.9528], [-104.0179, 77.6961], [-105.2847, 77.8061], [-106.4887, 77.9951], [-107.3025, 77.9525], [-108.6167, 77.7151], [-110.3906, 77.6101], [-111.636, 77.544], [-112.0152, 77.8743], [-112.9707, 78.0651], [-113.5923, 77.9868], [-114.4547, 78.5411], [-113.989, 78.6157], [-112.9085, 78.7352], [-111.9217, 78.7037], [-111.008, 78.8255], [-112.3617, 78.9891], [-113.8575, 78.9334], [-114.8501, 78.9475], [-115.2194, 79.2055], [-113.5959, 79.4855], [-114.6757, 79.4757], [-115.8981, 79.6601], [-115.3106, 80.1846], [-114.8232, 80.4632], [-112.9491, 80.8893], [-112.2337, 80.7541], [-112.5832, 80.426], [-111.0254, 80.6379], [-110.052, 80.2844], [-109.261, 80.6419], [-108.6213, 80.4124], [-108.0486, 79.7247], [-107.6969, 80.0149], [-108.1942, 80.7317], [-107.5782, 80.8343], [-106.8825, 80.7223]]], [[[-102.6236, 80.4632], [-103.3947, 80.9211], [-102.5662, 81.2598], [-101.7314, 81.1125], [-100.4827, 81.2011], [-100.3007, 80.9981], [-100.9542, 80.6624], [-99.8947, 80.3611], [-100.0207, 79.7311], [-101.1685, 79.4601], [-101.8427, 79.5186], [-102.3271, 79.7859], [-104.0667, 80.3261], [-104.0527, 80.5501], [-102.6236, 80.4632]]], [[[-106.9367, 81.0891], [-105.9987, 81.1171], [-105.4667, 80.9631], [-106.0827, 80.5011], [-107.1747, 80.9911], [-106.9367, 81.0891]]], [[[-101.2667, 83.2731], [-100.7316, 82.9487], [-100.7098, 82.5895], [-101.0287, 82.0691], [-102.1828, 81.9973], [-102.9353, 82.1092], [-102.9208, 82.5176], [-104.0682, 82.4637], [-104.1126, 83.0047], [-103.3595, 82.9828], [-102.3052, 83.2215], [-101.3206, 83.1811], [-101.2667, 83.2731]]], [[[-99.5282, 85.0], [-99.0431, 85.0], [-98.3256, 85.0], [-98.6315, 85.0], [-97.0036, 85.0], [-96.1097, 85.0], [-94.9317, 85.0], [-93.7837, 85.0], [-93.2307, 85.0], [-92.3868, 85.0], [-93.348, 84.8966], [-94.6415, 84.3701], [-95.8798, 84.3198], [-97.3304, 84.4094], [-98.0825, 84.6948], [-98.0717, 84.9487], [-97.5184, 85.0], [-98.7985, 85.0], [-99.57, 85.0], [-100.0135, 85.0], [-99.5282, 85.0]]], [[[-96.4276, 85.0], [-95.3867, 85.0], [-94.5693, 85.0], [-93.1959, 85.0], [-92.1667, 85.0], [-91.2987, 85.0], [-90.5427, 85.0], [-90.0107, 85.0], [-89.0867, 85.0], [-87.8314, 85.0], [-85.6917, 85.0], [-85.3199, 85.0], [-83.2988, 85.0], [-81.7828, 85.0], [-80.2667, 85.0], [-78.3959, 85.0], [-76.8927, 85.0], [-75.6117, 85.0], [-75.6424, 85.0], [-77.3505, 85.0], [-79.0441, 85.0], [-79.677, 85.0], [-78.1529, 85.0], [-79.8047, 85.0], [-80.9455, 85.0], [-82.1427, 85.0], [-83.5867, 85.0], [-84.0327, 85.0], [-86.1521, 85.0], [-85.1872, 85.0], [-85.671, 84.8824], [-85.0921, 84.5371], [-85.7572, 84.2972], [-86.8387, 84.099], [-87.1706, 83.8251], [-88.1484, 83.6159], [-88.0505, 83.4574], [-86.8543, 83.4845], [-86.8391, 83.3136], [-88.7096, 82.8938], [-90.5388, 83.0869], [-92.595, 82.9784], [-93.6367, 83.0631], [-94.9602, 83.0998], [-95.048, 83.4356], [-93.7539, 83.5939], [-94.0987, 84.0991], [-93.6717, 84.1482], [-91.8002, 83.8462], [-92.7547, 84.2951], [-93.8901, 84.4293], [-93.3231, 84.7001], [-92.0818, 84.8669], [-91.8832, 85.0], [-92.8719, 85.0], [-93.169, 85.0], [-91.2556, 85.0], [-90.7028, 85.0], [-89.6105, 85.0], [-91.1867, 85.0], [-93.636, 85.0], [-94.8734, 85.0], [-95.4567, 85.0], [-96.2742, 85.0], [-96.4276, 85.0]]], [[[-84.9679, 76.7801], [-85.4228, 76.5733], [-86.2075, 76.5382], [-86.3822, 76.8807], [-86.0849, 77.2731], [-85.4434, 77.3701], [-84.8969, 77.1763], [-84.8891, 76.8765], [-84.9679, 76.7801]]], [[[-99.6969, 78.2121], [-99.2701, 77.9445], [-99.7054, 77.699], [-100.6489, 77.9111], [-101.219, 77.8346], [-102.1749, 78.1491], [-101.5589, 78.3661], [-101.0695, 78.6696], [-100.3269, 78.4711], [-99.9069, 78.3451], [-99.6969, 78.2121]]], [[[-77.4801, 64.4802], [-77.238, 64.5391], [-76.3175, 64.3636], [-75.6016, 64.0711], [-75.5811, 63.9426], [-75.922, 63.9301], [-76.8292, 64.1496], [-77.4801, 64.4802]]], [[[-77.1271, 62.4943], [-76.8819, 62.1541], [-76.3742, 62.0602], [-75.7252, 62.0793], [-76.0695, 61.7925], [-76.3288, 61.7468], [-77.2167, 62.0439], [-77.3916, 62.2783], [-77.1271, 62.4943]]]]}}, {"type": "Feature", "properties": {"featurecla": "Admin-0 country", "scalerank": 1, "LABELRANK": 2, "SOVEREIGNT": "United States of America", "SOV_A3": "US1", "ADM0_DIF": 1, "LEVEL": 2, "TYPE": "Country", "TLC": "1", "ADMIN": "United States of America", "ADM0_A3": "USA", "GEOU_DIF": 0, "GEOUNIT": "United States of America", "GU_A3": "USA", "SU_DIF": 0, "SUBUNIT": "United States", "SU_A3": "USA", "BRK_DIFF": 0, "NAME": "United States of America", "NAME_LONG": "United States", "BRK_A3": "USA", "BRK_NAME": "United States", "BRK_GROUP": null, "ABBREV": "U.S.A.", "POSTAL": "US", "FORMAL_EN": "United States of America", "FORMAL_FR": null, "NAME_CIAWF": "United States", "NOTE_ADM0": null, "NOTE_BRK": null, "NAME_SORT": "United States of America", "NAME_ALT": null, "MAPCOLOR7": 4, "MAPCOLOR8": 5, "MAPCOLOR9": 1, "MAPCOLOR13": 1, "POP_EST": 328239523, "POP_RANK": 17, "POP_YEAR": 2019, "GDP_MD": 21433226, "GDP_YEAR": 2019, "ECONOMY": "1. Developed region: G7", "INCOME_GRP": "1. High income: OECD", "FIPS_10": "US", "ISO_A2": "US", "ISO_A2_EH": "US", "ISO_A3": "USA", "ISO_A3_EH": "USA", "ISO_N3": "840", "ISO_N3_EH": "840", "UN_A3": "840", "WB_A2": "US", "WB_A3": "USA", "WOE_ID": 23424977, "WOE_ID_EH": 23424977, "WOE_NOTE": "Exact WOE match as country", "ADM0_ISO": "USA", "ADM0_DIFF": null, "ADM0_TLC": "USA", "ADM0_A3_US": "USA", "ADM0_A3_FR": "USA", "ADM0_A3_RU": "USA", "ADM0_A3_ES": "USA", "ADM0_A3_CN": "USA", "ADM0_A3_TW": "USA", "ADM0_A3_IN": "USA", "ADM0_A3_NP": "USA", "ADM0_A3_PK": "USA", "ADM0_A3_DE": "USA", "ADM0_A3_GB": "USA", "ADM0_A3_BR": "USA", "ADM0_A3_IL": "USA", "ADM0_A3_PS": "USA", "ADM0_A3_SA": "USA", "ADM0_A3_EG": "USA", "ADM0_A3_MA": "USA", "ADM0_A3_PT": "USA", "ADM0_A3_AR": "USA", "ADM0_A3_JP": "USA", "ADM0_A3_KO": "USA", "ADM0_A3_VN": "USA", "ADM0_A3_TR": "USA", "ADM0_A3_ID": "USA", "ADM0_A3_PL": "USA", "ADM0_A3_GR": "USA", "ADM0_A3_IT": "USA", "ADM0_A3_NL": "USA", "ADM0_A3_SE": "USA", "ADM0_A3_BD": "USA", "ADM0_A3_UA": "USA", "ADM0_A3_UN": -99, "ADM0_A3_WB": -99, "CONTINENT": "North America", "REGION_UN": "Americas", "SUBREGION": "Northern America", "REGION_WB": "North America", "NAME_LEN": 24, "LONG_LEN": 13, "ABBREV_LEN": 6, "TINY": -99, "HOMEPART": 1, "MIN_ZOOM": 0, "MIN_LABEL": 1.7, "MAX_LABEL": 5.7, "LABEL_X": -97.482602, "LABEL_Y": 39.538479, "NE_ID": 1159321369, "WIKIDATAID": "Q30", "NAME_AR": "\u0627\u0644\u0648\u0644\u0627\u064a\u0627\u062a \u0627\u0644\u0645\u062a\u062d\u062f\u0629", "NAME_BN": "\u09ae\u09be\u09b0\u09cd\u0995\u09bf\u09a8 \u09af\u09c1\u0995\u09cd\u09a4\u09b0\u09be\u09b7\u09cd\u099f\u09cd\u09b0", "NAME_DE": "Vereinigte Staaten", "NAME_EN": "United States of America", "NAME_ES": "Estados Unidos", "NAME_FA": "\u0627\u06cc\u0627\u0644\u0627\u062a \u0645\u062a\u062d\u062f\u0647 \u0622\u0645\u0631\u06cc\u06a9\u0627", "NAME_FR": "\u00c9tats-Unis", "NAME_EL": "\u0397\u03bd\u03c9\u03bc\u03ad\u03bd\u03b5\u03c2 \u03a0\u03bf\u03bb\u03b9\u03c4\u03b5\u03af\u03b5\u03c2 \u0391\u03bc\u03b5\u03c1\u03b9\u03ba\u03ae\u03c2", "NAME_HE": "\u05d0\u05e8\u05e6\u05d5\u05ea \u05d4\u05d1\u05e8\u05d9\u05ea", "NAME_HI": "\u0938\u0902\u092f\u0941\u0915\u094d\u0924 \u0930\u093e\u091c\u094d\u092f \u0905\u092e\u0947\u0930\u093f\u0915\u093e", "NAME_HU": "Amerikai Egyes\u00fclt \u00c1llamok", "NAME_ID": "Amerika Serikat", "NAME_IT": "Stati Uniti d'America", "NAME_JA": "\u30a2\u30e1\u30ea\u30ab\u5408\u8846\u56fd", "NAME_KO": "\ubbf8\uad6d", "NAME_NL": "Verenigde Staten van Amerika", "NAME_PL": "Stany Zjednoczone", "NAME_PT": "Estados Unidos", "NAME_RU": "\u0421\u0428\u0410", "NAME_SV": "USA", "NAME_TR": "Amerika Birle\u015fik Devletleri", "NAME_UK": "\u0421\u043f\u043e\u043b\u0443\u0447\u0435\u043d\u0456 \u0428\u0442\u0430\u0442\u0438 \u0410\u043c\u0435\u0440\u0438\u043a\u0438", "NAME_UR": "\u0631\u06cc\u0627\u0633\u062a\u06c1\u0627\u0626\u06d2 \u0645\u062a\u062d\u062f\u06c1 \u0627\u0645\u0631\u06cc\u06a9\u0627", "NAME_VI": "Hoa K\u1ef3", "NAME_ZH": "\u7f8e\u56fd", "NAME_ZHT": "\u7f8e\u570b", "FCLASS_ISO": "Admin-0 country", "TLC_DIFF": null, "FCLASS_TLC": "Admin-0 country", "FCLASS_US": null, "FCLASS_FR": null, "FCLASS_RU": null, "FCLASS_ES": null, "FCLASS_CN": null, "FCLASS_TW": null, "FCLASS_IN": null, "FCLASS_NP": null, "FCLASS_PK": null, "FCLASS_DE": null, "FCLASS_GB": null, "FCLASS_BR": null, "FCLASS_IL": null, "FCLASS_PS": null, "FCLASS_SA": null, "FCLASS_EG": null, "FCLASS_MA": null, "FCLASS_PT": null, "FCLASS_AR": null, "FCLASS_JP": null, "FCLASS_KO": null, "FCLASS_VN": null, "FCLASS_TR": null, "FCLASS_ID": null, "FCLASS_PL": null, "FCLASS_GR": null, "FCLASS_IT": null, "FCLASS_NL": null, "FCLASS_SE": null, "FCLASS_BD": null, "FCLASS_UA": null, "cartogram_scale": 2.95, "dc_count": 5381, "dc_code": "USA"}, "geometry": {"type": "MultiPolygon", "coordinates": [[[[-130.4179, 58.4686], [-122.0399, 58.4686], [-113.282, 58.4686], [-110.382, 58.4686], [-101.3899, 58.4686], [-92.6874, 58.4686], [-83.8374, 58.4686], [-74.9823, 58.4682], [-64.9574, 58.4686], [-54.8646, 58.4707], [-48.7592, 58.4686], [-48.7504, 59.6021], [-47.7518, 59.6163], [-47.2279, 57.9966], [-46.3109, 57.4973], [-44.251, 57.3159], [-41.2394, 56.8461], [-38.3779, 55.9316], [-35.9884, 56.3151], [-32.3599, 55.5481], [-31.395, 55.577], [-28.7553, 56.4122], [-25.9873, 55.3416], [-23.1028, 54.2009], [-20.7144, 53.2182], [-18.4243, 52.2738], [-18.1386, 51.498], [-17.444, 51.2077], [-17.6243, 50.9154], [-16.8332, 50.8245], [-16.2591, 51.1297], [-16.1109, 50.4311], [-15.5177, 49.9635], [-14.7075, 49.9635], [-14.2751, 49.6029], [-14.6388, 49.0784], [-11.5651, 47.6938], [-10.9363, 45.0166], [-10.3459, 42.4533], [-11.2084, 40.7096], [-12.5949, 39.0871], [-13.2439, 38.0546], [-13.3088, 37.7469], [-12.9778, 37.3253], [-11.9757, 36.8602], [-11.2358, 36.8602], [-7.8092, 38.4352], [-4.7699, 38.8989], [-0.911, 40.3662], [-0.8539, 40.6653], [-1.1194, 41.5651], [-1.5963, 42.1443], [-0.2647, 42.6126], [2.6333, 42.6243], [5.341, 42.6235], [6.2851, 43.7731], [6.6539, 44.0027], [9.7714, 46.1271], [11.1025, 46.67], [15.584, 46.6904], [21.0202, 46.6928], [21.3154, 47.4208], [22.2599, 47.5691], [23.5131, 48.0256], [24.5604, 49.3678], [25.4602, 51.6632], [27.7103, 53.8896], [28.6904, 53.1143], [30.6685, 53.6154], [31.9782, 52.7644], [31.9757, 48.7419], [33.9047, 47.0743], [34.4144, 46.1072], [31.2642, 44.6779], [28.2331, 43.6596], [25.1174, 42.7865], [23.556, 41.0348], [23.0562, 40.3712], [23.0264, 38.8068], [23.9999, 37.2433], [25.2241, 37.1696], [24.9144, 38.2463], [25.7994, 37.5909], [25.5633, 36.7482], [23.5721, 36.2698], [22.155, 36.3272], [19.9731, 35.8126], [18.6899, 35.6651], [16.9746, 35.5195], [14.5156, 34.6653], [18.8484, 35.2211], [19.7224, 34.6621], [15.5924, 33.7771], [13.7132, 33.7712], [13.8007, 34.1333], [12.9028, 33.3155], [13.7709, 33.1801], [13.1339, 31.0609], [10.9873, 28.7902], [10.7679, 29.548], [10.12, 29.7015], [9.1524, 30.4392], [9.7661, 28.8506], [10.4982, 28.3256], [10.5428, 27.2108], [9.5966, 26.0644], [7.9364, 23.7084], [7.6679, 23.8256], [8.5801, 25.8329], [7.0731, 26.9603], [6.7276, 29.4111], [6.1591, 28.1356], [6.7886, 26.2642], [4.8396, 26.7266], [6.8703, 25.7765], [6.9968, 22.9695], [7.8433, 22.7655], [8.1494, 21.7448], [8.564, 18.7933], [6.6887, 16.6038], [3.6371, 15.729], [1.698, 13.9987], [0.2248, 13.8095], [-1.2689, 12.7257], [-1.6904, 11.7358], [-4.9288, 9.8212], [-6.5916, 8.4168], [-7.9819, 6.668], [-8.4366, 4.5721], [-7.9153, 2.5234], [-6.9309, -0.0004], [-5.6199, -2.0886], [-5.6034, -3.3634], [-4.2067, -6.7854], [-4.2995, -8.7744], [-4.428, -9.9219], [-5.1639, -11.7232], [-6.0459, -12.0954], [-7.4977, -11.7377], [-7.9634, -10.4434], [-9.0844, -9.7649], [-10.6479, -7.2279], [-12.0201, -4.971], [-12.4629, -3.817], [-11.8574, -1.8589], [-12.6834, -0.2364], [-14.9832, 2.2314], [-16.1349, 2.6841], [-19.1109, 1.3452], [-19.639, 1.4927], [-21.0705, 2.8688], [-22.9199, 3.5986], [-26.2545, 3.2279], [-28.8725, 3.5541], [-31.1223, 3.3507], [-32.3417, 2.8906], [-31.8104, 2.1065], [-31.8584, 0.9101], [-31.232, 0.3273], [-31.7942, -0.0606], [-32.8888, 0.3747], [-33.9961, -0.185], [-36.1366, -0.0932], [-38.3389, 1.4657], [-40.9121, 1.0979], [-43.0577, 1.7807], [-44.8927, 1.5738], [-47.3754, 0.8846], [-50.0607, -1.3024], [-52.9923, -2.5743], [-54.6029, -3.9829], [-55.2814, -5.3104], [-55.3109, -7.3459], [-55.1634, -8.7619], [-54.6029, -9.7649], [-55.7534, -9.8534], [-57.8479, -9.2044], [-60.1489, -8.2899], [-60.9749, -6.9034], [-61.6239, -4.8384], [-63.3644, -3.1569], [-64.3846, -1.4278], [-65.8648, 0.5917], [-67.944, 1.7675], [-70.3559, 1.7106], [-72.2144, -0.6199], [-74.6629, 0.2651], [-76.188, 1.1559], [-76.9219, 2.7777], [-77.9001, 4.3185], [-79.6531, 5.6159], [-81.1614, 6.5484], [-82.2373, 7.5944], [-87.3479, 7.5954], [-87.3536, 6.3781], [-89.6931, 6.3773], [-95.5595, 6.356], [-102.2896, 8.4341], [-106.7441, 9.8682], [-106.468, 10.445], [-110.2144, 10.1251], [-113.5668, 9.8978], [-114.0629, 11.405], [-115.9747, 13.1012], [-117.3512, 13.4543], [-117.6736, 14.3006], [-119.3288, 14.4487], [-120.3845, 15.2466], [-123.1248, 15.5376], [-123.8773, 16.0138], [-124.2357, 17.6313], [-127.0979, 20.5951], [-129.5549, 24.6963], [-129.4503, 25.3796], [-130.7518, 26.354], [-133.0351, 28.826], [-133.4421, 31.2312], [-135.0142, 32.8425], [-134.3675, 35.2876], [-134.4703, 37.8175], [-135.4118, 40.0783], [-134.2592, 42.8583], [-133.9005, 45.5355], [-133.5417, 48.2127], [-134.0748, 52.1696], [-135.0071, 54.6931], [-135.8672, 56.0627], [-135.5099, 56.6388], [-131.2439, 55.6366], [-129.6726, 52.8518], [-128.9429, 53.6306], [-129.4149, 56.0496], [-130.4179, 58.4686]]], [[[-179.0, -26.8461], [-179.0, -27.102], [-179.0, -27.4971], [-179.0, -28.5307], [-179.0, -28.6942], [-179.0, -29.3242], [-179.0, -29.7851], [-179.0, -30.2786], [-179.0, -29.8562], [-179.0, -29.0317], [-179.0, -27.9577], [-179.0, -27.6295], [-179.0, -27.1484], [-179.0, -26.5683], [-179.0, -26.2931], [-179.0, -26.3477], [-179.0, -26.8461]]], [[[-179.0, -24.8275], [-179.0, -25.1817], [-179.0, -25.3928], [-179.0, -24.7716], [-179.0, -24.5317], [-179.0, -24.3475], [-179.0, -24.0946], [-179.0, -24.3749], [-179.0, -24.8275]]], [[[-179.0, -23.6097], [-179.0, -23.9287], [-179.0, -23.843], [-179.0, -23.4836], [-179.0, -23.6097]]], [[[-179.0, -22.0164], [-179.0, -22.2059], [-179.0, -23.181], [-179.0, -23.3514], [-179.0, -23.3134], [-179.0, -23.2097], [-179.0, -22.5408], [-179.0, -22.423], [-179.0, -22.0164]]], [[[-179.0, -20.5473], [-179.0, -21.2345], [-179.0, -21.5266], [-179.0, -20.9887], [-179.0, -20.7737], [-179.0, -20.4847], [-179.0, -20.5473]]], [[[-179.0, 85.0], [-179.0, 85.0], [-179.0, 85.0], [-179.0, 85.0], [-179.0, 85.0], [-179.0, 85.0], [-179.0, 85.0]]], [[[-179.0, 84.9271], [-179.0, 84.7278], [-179.0, 83.8122], [-179.0, 82.4103], [-179.0, 81.2859], [-179.0, 82.0472], [-179.0, 83.4291], [-179.0, 84.4775], [-179.0, 84.9271]]], [[[-179.0, 85.0], [-179.0, 85.0], [-179.0, 85.0], [-179.0, 85.0], [-179.0, 85.0], [-178.2049, 85.0], [-176.1455, 85.0], [-173.5248, 85.0], [-170.6551, 85.0], [-167.6936, 85.0], [-166.1276, 85.0], [-164.1397, 85.0], [-161.4388, 85.0], [-159.5946, 84.1126], [-156.5779, 80.7474], [-151.5628, 78.8703], [-151.4809, 77.0093], [-153.1214, 75.5868], [-153.1214, 75.5867], [-153.1214, 75.5867], [-154.7431, 76.6964], [-157.3432, 77.637], [-158.1774, 80.2101], [-161.9805, 82.5963], [-163.5702, 85.0], [-166.4026, 85.0], [-171.0927, 85.0], [-174.5499, 85.0], [-179.0, 85.0], [-179.0, 85.0], [-179.0, 85.0], [-179.0, 85.0], [-179.0, 85.0], [-179.0, 85.0], [-179.0, 85.0], [-179.0, 85.0], [-179.0, 85.0], [-179.0, 85.0], [-179.0, 85.0], [-179.0, 85.0], [-179.0, 85.0], [-179.0, 85.0], [-179.0, 85.0], [-179.0, 85.0], [-179.0, 85.0], [-179.0, 85.0], [-179.0, 85.0], [-179.0, 85.0], [-179.0, 85.0], [-179.0, 84.2156], [-179.0, 83.3158], [-179.0, 82.0096], [-179.0, 80.4862], [-179.0, 79.1014], [-179.0, 77.8403], [-179.0, 78.0672], [-179.0, 77.2446], [-179.0, 76.2399], [-179.0, 75.2533], [-179.0, 74.4109], [-179.0, 74.9067], [-179.0, 76.2849], [-179.0, 77.1953], [-179.0, 78.8088], [-179.0, 79.1424], [-179.0, 80.3519], [-179.0, 82.1178], [-179.0, 82.7085], [-179.0, 83.7501], [-179.0, 85.0], [-179.0, 85.0], [-179.0, 85.0], [-179.0, 85.0], [-179.0, 85.0], [-179.0, 85.0], [-179.0, 85.0], [-179.0, 85.0], [-179.0, 85.0], [-179.0, 85.0], [-179.0, 85.0], [-179.0, 85.0], [-179.0, 85.0], [-179.0, 85.0], [-179.0, 85.0], [-179.0, 85.0], [-179.0, 85.0], [-179.0, 85.0], [-179.0, 85.0], [-179.0, 85.0], [-179.0, 85.0], [-179.0, 85.0], [-179.0, 85.0], [-179.0, 85.0], [-179.0, 85.0], [-179.0, 85.0], [-179.0, 85.0], [-179.0, 85.0], [-179.0, 85.0], [-179.0, 85.0], [-179.0, 85.0], [-179.0, 85.0], [-179.0, 85.0], [-179.0, 85.0], [-179.0, 85.0], [-179.0, 85.0], [-179.0, 85.0], [-179.0, 85.0], [-179.0, 85.0], [-179.0, 85.0], [-179.0, 85.0], [-179.0, 85.0], [-179.0, 85.0], [-179.0, 85.0], [-179.0, 85.0], [-179.0, 85.0], [-179.0, 85.0], [-179.0, 85.0], [-179.0, 85.0], [-179.0, 85.0], [-179.0, 85.0], [-179.0, 85.0], [-179.0, 85.0], [-179.0, 85.0], [-179.0, 85.0], [-179.0, 85.0], [-179.0, 85.0], [-179.0, 85.0], [-179.0, 85.0], [-179.0, 85.0], [-179.0, 85.0], [-179.0, 85.0], [-179.0, 85.0], [-179.0, 85.0], [-179.0, 85.0], [-179.0, 85.0], [-179.0, 85.0], [-179.0, 85.0], [-179.0, 85.0], [-179.0, 85.0]]], [[[-179.0, 85.0], [-179.0, 85.0], [-179.0, 85.0], [-179.0, 85.0], [-179.0, 85.0], [-179.0, 85.0], [-179.0, 85.0], [-179.0, 85.0], [-179.0, 85.0], [-179.0, 85.0], [-179.0, 85.0], [-179.0, 85.0]]]]}}, {"type": "Feature", "properties": {"featurecla": "Admin-0 country", "scalerank": 1, "LABELRANK": 3, "SOVEREIGNT": "Kazakhstan", "SOV_A3": "KA1", "ADM0_DIF": 1, "LEVEL": 1, "TYPE": "Sovereignty", "TLC": "1", "ADMIN": "Kazakhstan", "ADM0_A3": "KAZ", "GEOU_DIF": 0, "GEOUNIT": "Kazakhstan", "GU_A3": "KAZ", "SU_DIF": 0, "SUBUNIT": "Kazakhstan", "SU_A3": "KAZ", "BRK_DIFF": 0, "NAME": "Kazakhstan", "NAME_LONG": "Kazakhstan", "BRK_A3": "KAZ", "BRK_NAME": "Kazakhstan", "BRK_GROUP": null, "ABBREV": "Kaz.", "POSTAL": "KZ", "FORMAL_EN": "Republic of Kazakhstan", "FORMAL_FR": null, "NAME_CIAWF": "Kazakhstan", "NOTE_ADM0": null, "NOTE_BRK": null, "NAME_SORT": "Kazakhstan", "NAME_ALT": null, "MAPCOLOR7": 6, "MAPCOLOR8": 1, "MAPCOLOR9": 6, "MAPCOLOR13": 1, "POP_EST": 18513930, "POP_RANK": 14, "POP_YEAR": 2019, "GDP_MD": 181665, "GDP_YEAR": 2019, "ECONOMY": "6. Developing region", "INCOME_GRP": "3. Upper middle income", "FIPS_10": "KZ", "ISO_A2": "KZ", "ISO_A2_EH": "KZ", "ISO_A3": "KAZ", "ISO_A3_EH": "KAZ", "ISO_N3": "398", "ISO_N3_EH": "398", "UN_A3": "398", "WB_A2": "KZ", "WB_A3": "KAZ", "WOE_ID": -90, "WOE_ID_EH": 23424871, "WOE_NOTE": "Includes Baykonur Cosmodrome as an Admin-1 states provinces", "ADM0_ISO": "KAZ", "ADM0_DIFF": null, "ADM0_TLC": "KAZ", "ADM0_A3_US": "KAZ", "ADM0_A3_FR": "KAZ", "ADM0_A3_RU": "KAZ", "ADM0_A3_ES": "KAZ", "ADM0_A3_CN": "KAZ", "ADM0_A3_TW": "KAZ", "ADM0_A3_IN": "KAZ", "ADM0_A3_NP": "KAZ", "ADM0_A3_PK": "KAZ", "ADM0_A3_DE": "KAZ", "ADM0_A3_GB": "KAZ", "ADM0_A3_BR": "KAZ", "ADM0_A3_IL": "KAZ", "ADM0_A3_PS": "KAZ", "ADM0_A3_SA": "KAZ", "ADM0_A3_EG": "KAZ", "ADM0_A3_MA": "KAZ", "ADM0_A3_PT": "KAZ", "ADM0_A3_AR": "KAZ", "ADM0_A3_JP": "KAZ", "ADM0_A3_KO": "KAZ", "ADM0_A3_VN": "KAZ", "ADM0_A3_TR": "KAZ", "ADM0_A3_ID": "KAZ", "ADM0_A3_PL": "KAZ", "ADM0_A3_GR": "KAZ", "ADM0_A3_IT": "KAZ", "ADM0_A3_NL": "KAZ", "ADM0_A3_SE": "KAZ", "ADM0_A3_BD": "KAZ", "ADM0_A3_UA": "KAZ", "ADM0_A3_UN": -99, "ADM0_A3_WB": -99, "CONTINENT": "Asia", "REGION_UN": "Asia", "SUBREGION": "Central Asia", "REGION_WB": "Europe & Central Asia", "NAME_LEN": 10, "LONG_LEN": 10, "ABBREV_LEN": 4, "TINY": -99, "HOMEPART": 1, "MIN_ZOOM": 0, "MIN_LABEL": 2.7, "MAX_LABEL": 7, "LABEL_X": 68.685548, "LABEL_Y": 49.054149, "NE_ID": 1159320967, "WIKIDATAID": "Q232", "NAME_AR": "\u0643\u0627\u0632\u0627\u062e\u0633\u062a\u0627\u0646", "NAME_BN": "\u0995\u09be\u099c\u09be\u0996\u09b8\u09cd\u09a4\u09be\u09a8", "NAME_DE": "Kasachstan", "NAME_EN": "Kazakhstan", "NAME_ES": "Kazajist\u00e1n", "NAME_FA": "\u0642\u0632\u0627\u0642\u0633\u062a\u0627\u0646", "NAME_FR": "Kazakhstan", "NAME_EL": "\u039a\u03b1\u03b6\u03b1\u03ba\u03c3\u03c4\u03ac\u03bd", "NAME_HE": "\u05e7\u05d6\u05d7\u05e1\u05d8\u05df", "NAME_HI": "\u0915\u091c\u093c\u093e\u0916\u093c\u093f\u0938\u094d\u0924\u093e\u0928", "NAME_HU": "Kazahszt\u00e1n", "NAME_ID": "Kazakhstan", "NAME_IT": "Kazakistan", "NAME_JA": "\u30ab\u30b6\u30d5\u30b9\u30bf\u30f3", "NAME_KO": "\uce74\uc790\ud750\uc2a4\ud0c4", "NAME_NL": "Kazachstan", "NAME_PL": "Kazachstan", "NAME_PT": "Cazaquist\u00e3o", "NAME_RU": "\u041a\u0430\u0437\u0430\u0445\u0441\u0442\u0430\u043d", "NAME_SV": "Kazakstan", "NAME_TR": "Kazakistan", "NAME_UK": "\u041a\u0430\u0437\u0430\u0445\u0441\u0442\u0430\u043d", "NAME_UR": "\u0642\u0627\u0632\u0642\u0633\u062a\u0627\u0646", "NAME_VI": "Kazakhstan", "NAME_ZH": "\u54c8\u8428\u514b\u65af\u5766", "NAME_ZHT": "\u54c8\u85a9\u514b", "FCLASS_ISO": "Admin-0 country", "TLC_DIFF": null, "FCLASS_TLC": "Admin-0 country", "FCLASS_US": null, "FCLASS_FR": null, "FCLASS_RU": null, "FCLASS_ES": null, "FCLASS_CN": null, "FCLASS_TW": null, "FCLASS_IN": null, "FCLASS_NP": null, "FCLASS_PK": null, "FCLASS_DE": null, "FCLASS_GB": null, "FCLASS_BR": null, "FCLASS_IL": null, "FCLASS_PS": null, "FCLASS_SA": null, "FCLASS_EG": null, "FCLASS_MA": null, "FCLASS_PT": null, "FCLASS_AR": null, "FCLASS_JP": null, "FCLASS_KO": null, "FCLASS_VN": null, "FCLASS_TR": null, "FCLASS_ID": null, "FCLASS_PL": null, "FCLASS_GR": null, "FCLASS_IT": null, "FCLASS_NL": null, "FCLASS_SE": null, "FCLASS_BD": null, "FCLASS_UA": null, "cartogram_scale": 0.45, "dc_count": 4, "dc_code": "KAZ"}, "geometry": {"type": "Polygon", "coordinates": [[[75.2008, 48.1418], [74.8582, 47.8422], [74.4845, 47.8002], [74.463, 47.3489], [74.2127, 47.1455], [73.32, 47.2936], [72.9953, 46.4879], [72.765, 46.3878], [71.8735, 46.208], [72.2786, 45.4263], [71.9699, 45.3091], [72.0058, 45.0526], [71.7284, 45.1186], [71.5028, 45.2803], [70.8351, 45.3274], [70.089, 45.3397], [69.9254, 45.2901], [69.2846, 45.4793], [69.0292, 45.3862], [68.9592, 45.1205], [68.2189, 45.2755], [67.9226, 45.212], [67.8218, 45.0149], [67.5638, 44.9317], [66.9703, 44.618], [66.7734, 44.296], [66.6058, 44.2931], [66.4824, 44.5063], [65.9101, 44.5209], [65.8186, 44.8895], [65.5993, 44.8927], [65.6329, 45.344], [65.0942, 45.6727], [64.3224, 45.6376], [63.7948, 45.5721], [63.365, 45.9777], [62.9968, 46.1479], [62.2993, 46.4701], [62.2152, 46.5091], [61.0568, 46.2432], [61.0745, 44.584], [60.8437, 44.562], [60.5287, 44.9149], [60.2245, 45.0409], [59.7137, 44.9473], [59.5149, 44.7976], [59.4896, 44.9073], [59.6002, 45.0948], [59.5144, 45.2516], [58.9929, 45.4049], [58.7899, 45.8091], [58.5414, 45.9229], [58.5263, 46.0695], [58.9641, 46.0268], [58.9814, 46.3558], [59.3641, 46.4289], [59.7572, 46.3617], [59.8382, 46.8007], [59.758, 47.0789], [59.3077, 47.0572], [58.9252, 47.167], [58.4041, 46.9691], [57.9843, 46.8748], [57.7558, 46.9476], [57.8014, 47.1791], [57.5146, 47.4798], [57.1807, 47.4672], [56.7987, 47.7725], [57.0584, 48.1135], [56.927, 48.2053], [57.2861, 48.6997], [57.7488, 48.4387], [57.8049, 48.7674], [58.7338, 49.2568], [59.4367, 49.2685], [60.4286, 48.9569], [60.9614, 48.7749], [61.4389, 48.9647], [62.1523, 48.9737], [62.7278, 48.7405], [62.8586, 48.8741], [63.4906, 48.8547], [63.6034, 49.0678], [62.8742, 49.3773], [63.3061, 49.5965], [63.2218, 49.7191], [63.6538, 49.8361], [63.3289, 50.1443], [63.5353, 50.2979], [65.2191, 50.4545], [65.4389, 50.5657], [66.5649, 50.7318], [66.9695, 50.9185], [67.7782, 50.8215], [67.9199, 50.3551], [68.3897, 50.4646], [68.9676, 50.3111], [68.9304, 50.0655], [69.362, 50.0912], [70.4898, 50.5158], [70.3251, 50.3747], [70.8992, 50.0271], [71.9048, 48.8842], [72.1446, 49.1198], [72.7645, 48.8606], [73.4111, 48.9762], [73.6596, 48.8952], [73.8762, 48.6352], [74.1908, 48.5479], [74.3824, 48.3569], [74.962, 48.4171], [75.2008, 48.1418]]]}}, {"type": "Feature", "properties": {"featurecla": "Admin-0 country", "scalerank": 1, "LABELRANK": 3, "SOVEREIGNT": "Uzbekistan", "SOV_A3": "UZB", "ADM0_DIF": 0, "LEVEL": 2, "TYPE": "Sovereign country", "TLC": "1", "ADMIN": "Uzbekistan", "ADM0_A3": "UZB", "GEOU_DIF": 0, "GEOUNIT": "Uzbekistan", "GU_A3": "UZB", "SU_DIF": 0, "SUBUNIT": "Uzbekistan", "SU_A3": "UZB", "BRK_DIFF": 0, "NAME": "Uzbekistan", "NAME_LONG": "Uzbekistan", "BRK_A3": "UZB", "BRK_NAME": "Uzbekistan", "BRK_GROUP": null, "ABBREV": "Uzb.", "POSTAL": "UZ", "FORMAL_EN": "Republic of Uzbekistan", "FORMAL_FR": null, "NAME_CIAWF": "Uzbekistan", "NOTE_ADM0": null, "NOTE_BRK": null, "NAME_SORT": "Uzbekistan", "NAME_ALT": null, "MAPCOLOR7": 2, "MAPCOLOR8": 3, "MAPCOLOR9": 5, "MAPCOLOR13": 4, "POP_EST": 33580650, "POP_RANK": 15, "POP_YEAR": 2019, "GDP_MD": 57921, "GDP_YEAR": 2019, "ECONOMY": "6. Developing region", "INCOME_GRP": "4. Lower middle income", "FIPS_10": "UZ", "ISO_A2": "UZ", "ISO_A2_EH": "UZ", "ISO_A3": "UZB", "ISO_A3_EH": "UZB", "ISO_N3": "860", "ISO_N3_EH": "860", "UN_A3": "860", "WB_A2": "UZ", "WB_A3": "UZB", "WOE_ID": 23424980, "WOE_ID_EH": 23424980, "WOE_NOTE": "Exact WOE match as country", "ADM0_ISO": "UZB", "ADM0_DIFF": null, "ADM0_TLC": "UZB", "ADM0_A3_US": "UZB", "ADM0_A3_FR": "UZB", "ADM0_A3_RU": "UZB", "ADM0_A3_ES": "UZB", "ADM0_A3_CN": "UZB", "ADM0_A3_TW": "UZB", "ADM0_A3_IN": "UZB", "ADM0_A3_NP": "UZB", "ADM0_A3_PK": "UZB", "ADM0_A3_DE": "UZB", "ADM0_A3_GB": "UZB", "ADM0_A3_BR": "UZB", "ADM0_A3_IL": "UZB", "ADM0_A3_PS": "UZB", "ADM0_A3_SA": "UZB", "ADM0_A3_EG": "UZB", "ADM0_A3_MA": "UZB", "ADM0_A3_PT": "UZB", "ADM0_A3_AR": "UZB", "ADM0_A3_JP": "UZB", "ADM0_A3_KO": "UZB", "ADM0_A3_VN": "UZB", "ADM0_A3_TR": "UZB", "ADM0_A3_ID": "UZB", "ADM0_A3_PL": "UZB", "ADM0_A3_GR": "UZB", "ADM0_A3_IT": "UZB", "ADM0_A3_NL": "UZB", "ADM0_A3_SE": "UZB", "ADM0_A3_BD": "UZB", "ADM0_A3_UA": "UZB", "ADM0_A3_UN": -99, "ADM0_A3_WB": -99, "CONTINENT": "Asia", "REGION_UN": "Asia", "SUBREGION": "Central Asia", "REGION_WB": "Europe & Central Asia", "NAME_LEN": 10, "LONG_LEN": 10, "ABBREV_LEN": 4, "TINY": 5, "HOMEPART": 1, "MIN_ZOOM": 0, "MIN_LABEL": 3, "MAX_LABEL": 8, "LABEL_X": 64.005429, "LABEL_Y": 41.693603, "NE_ID": 1159321405, "WIKIDATAID": "Q265", "NAME_AR": "\u0623\u0648\u0632\u0628\u0643\u0633\u062a\u0627\u0646", "NAME_BN": "\u0989\u099c\u09ac\u09c7\u0995\u09bf\u09b8\u09cd\u09a4\u09be\u09a8", "NAME_DE": "Usbekistan", "NAME_EN": "Uzbekistan", "NAME_ES": "Uzbekist\u00e1n", "NAME_FA": "\u0627\u0632\u0628\u06a9\u0633\u062a\u0627\u0646", "NAME_FR": "Ouzb\u00e9kistan", "NAME_EL": "\u039f\u03c5\u03b6\u03bc\u03c0\u03b5\u03ba\u03b9\u03c3\u03c4\u03ac\u03bd", "NAME_HE": "\u05d0\u05d5\u05d6\u05d1\u05e7\u05d9\u05e1\u05d8\u05df", "NAME_HI": "\u0909\u091c\u093c\u094d\u092c\u0947\u0915\u093f\u0938\u094d\u0924\u093e\u0928", "NAME_HU": "\u00dczbegiszt\u00e1n", "NAME_ID": "Uzbekistan", "NAME_IT": "Uzbekistan", "NAME_JA": "\u30a6\u30ba\u30d9\u30ad\u30b9\u30bf\u30f3", "NAME_KO": "\uc6b0\uc988\ubca0\ud0a4\uc2a4\ud0c4", "NAME_NL": "Oezbekistan", "NAME_PL": "Uzbekistan", "NAME_PT": "Uzbequist\u00e3o", "NAME_RU": "\u0423\u0437\u0431\u0435\u043a\u0438\u0441\u0442\u0430\u043d", "NAME_SV": "Uzbekistan", "NAME_TR": "\u00d6zbekistan", "NAME_UK": "\u0423\u0437\u0431\u0435\u043a\u0438\u0441\u0442\u0430\u043d", "NAME_UR": "\u0627\u0632\u0628\u06a9\u0633\u062a\u0627\u0646", "NAME_VI": "Uzbekistan", "NAME_ZH": "\u4e4c\u5179\u522b\u514b\u65af\u5766", "NAME_ZHT": "\u70cf\u8332\u5225\u514b", "FCLASS_ISO": "Admin-0 country", "TLC_DIFF": null, "FCLASS_TLC": "Admin-0 country", "FCLASS_US": null, "FCLASS_FR": null, "FCLASS_RU": null, "FCLASS_ES": null, "FCLASS_CN": null, "FCLASS_TW": null, "FCLASS_IN": null, "FCLASS_NP": null, "FCLASS_PK": null, "FCLASS_DE": null, "FCLASS_GB": null, "FCLASS_BR": null, "FCLASS_IL": null, "FCLASS_PS": null, "FCLASS_SA": null, "FCLASS_EG": null, "FCLASS_MA": null, "FCLASS_PT": null, "FCLASS_AR": null, "FCLASS_JP": null, "FCLASS_KO": null, "FCLASS_VN": null, "FCLASS_TR": null, "FCLASS_ID": null, "FCLASS_PL": null, "FCLASS_GR": null, "FCLASS_IT": null, "FCLASS_NL": null, "FCLASS_SE": null, "FCLASS_BD": null, "FCLASS_UA": null, "cartogram_scale": 0.3, "dc_count": 0, "dc_code": "OTHER"}, "geometry": {"type": "Polygon", "coordinates": [[[62.4929, 41.1994], [62.4811, 42.3056], [63.2534, 42.4829], [63.3095, 42.4569], [63.7745, 42.2421], [64.02, 42.1286], [64.3064, 41.8582], [64.6582, 41.9019], [65.1727, 41.9253], [65.5319, 41.7062], [65.5095, 41.4052], [65.6557, 41.4031], [65.7167, 41.1574], [66.0982, 41.1477], [66.1804, 41.0056], [66.2922, 41.0075], [66.4235, 41.2221], [66.8191, 41.4312], [66.9912, 41.4867], [67.0802, 41.4572], [66.8285, 41.2629], [67.0498, 41.1499], [67.2635, 41.2247], [67.6191, 41.0667], [67.2349, 40.8506], [67.0067, 40.8802], [66.8829, 40.8724], [66.8399, 40.9558], [66.9024, 41.0949], [66.5013, 41.0252], [66.4059, 40.8327], [66.2634, 40.6669], [66.0129, 40.681], [65.9351, 40.5489], [66.1553, 40.4773], [66.2201, 40.254], [66.0515, 39.9504], [65.8252, 40.0137], [65.658, 40.0157], [65.6663, 40.1993], [65.2673, 40.3277], [64.9535, 40.4746], [64.7579, 40.6158], [64.4147, 40.823], [64.2673, 41.1323], [64.1666, 41.1868], [63.8422, 41.173], [63.7275, 41.2344], [63.6954, 41.4738], [63.2912, 41.6323], [63.0384, 41.458], [62.7821, 41.3547], [62.8314, 41.2035], [62.4929, 41.1994]]]}}, {"type": "Feature", "properties": {"featurecla": "Admin-0 country", "scalerank": 1, "LABELRANK": 2, "SOVEREIGNT": "Papua New Guinea", "SOV_A3": "PNG", "ADM0_DIF": 0, "LEVEL": 2, "TYPE": "Sovereign country", "TLC": "1", "ADMIN": "Papua New Guinea", "ADM0_A3": "PNG", "GEOU_DIF": 0, "GEOUNIT": "Papua New Guinea", "GU_A3": "PNG", "SU_DIF": 1, "SUBUNIT": "Papua New Guinea", "SU_A3": "PN1", "BRK_DIFF": 0, "NAME": "Papua New Guinea", "NAME_LONG": "Papua New Guinea", "BRK_A3": "PN1", "BRK_NAME": "Papua New Guinea", "BRK_GROUP": null, "ABBREV": "P.N.G.", "POSTAL": "PG", "FORMAL_EN": "Independent State of Papua New Guinea", "FORMAL_FR": null, "NAME_CIAWF": "Papua New Guinea", "NOTE_ADM0": null, "NOTE_BRK": null, "NAME_SORT": "Papua New Guinea", "NAME_ALT": null, "MAPCOLOR7": 4, "MAPCOLOR8": 2, "MAPCOLOR9": 3, "MAPCOLOR13": 1, "POP_EST": 8776109, "POP_RANK": 13, "POP_YEAR": 2019, "GDP_MD": 24829, "GDP_YEAR": 2019, "ECONOMY": "6. Developing region", "INCOME_GRP": "4. Lower middle income", "FIPS_10": "PP", "ISO_A2": "PG", "ISO_A2_EH": "PG", "ISO_A3": "PNG", "ISO_A3_EH": "PNG", "ISO_N3": "598", "ISO_N3_EH": "598", "UN_A3": "598", "WB_A2": "PG", "WB_A3": "PNG", "WOE_ID": 23424926, "WOE_ID_EH": 23424926, "WOE_NOTE": "Exact WOE match as country", "ADM0_ISO": "PN1", "ADM0_DIFF": null, "ADM0_TLC": "PN1", "ADM0_A3_US": "PNG", "ADM0_A3_FR": "PNG", "ADM0_A3_RU": "PNG", "ADM0_A3_ES": "PNG", "ADM0_A3_CN": "PNG", "ADM0_A3_TW": "PNG", "ADM0_A3_IN": "PNG", "ADM0_A3_NP": "PNG", "ADM0_A3_PK": "PNG", "ADM0_A3_DE": "PNG", "ADM0_A3_GB": "PNG", "ADM0_A3_BR": "PNG", "ADM0_A3_IL": "PNG", "ADM0_A3_PS": "PNG", "ADM0_A3_SA": "PNG", "ADM0_A3_EG": "PNG", "ADM0_A3_MA": "PNG", "ADM0_A3_PT": "PNG", "ADM0_A3_AR": "PNG", "ADM0_A3_JP": "PNG", "ADM0_A3_KO": "PNG", "ADM0_A3_VN": "PNG", "ADM0_A3_TR": "PNG", "ADM0_A3_ID": "PNG", "ADM0_A3_PL": "PNG", "ADM0_A3_GR": "PNG", "ADM0_A3_IT": "PNG", "ADM0_A3_NL": "PNG", "ADM0_A3_SE": "PNG", "ADM0_A3_BD": "PNG", "ADM0_A3_UA": "PNG", "ADM0_A3_UN": -99, "ADM0_A3_WB": -99, "CONTINENT": "Oceania", "REGION_UN": "Oceania", "SUBREGION": "Melanesia", "REGION_WB": "East Asia & Pacific", "NAME_LEN": 16, "LONG_LEN": 16, "ABBREV_LEN": 6, "TINY": -99, "HOMEPART": 1, "MIN_ZOOM": 0, "MIN_LABEL": 2.5, "MAX_LABEL": 7.5, "LABEL_X": 143.910216, "LABEL_Y": -5.695285, "NE_ID": 1159321173, "WIKIDATAID": "Q691", "NAME_AR": "\u0628\u0627\u0628\u0648\u0627 \u063a\u064a\u0646\u064a\u0627 \u0627\u0644\u062c\u062f\u064a\u062f\u0629", "NAME_BN": "\u09aa\u09be\u09aa\u09c1\u09af\u09bc\u09be \u09a8\u09bf\u0989\u0997\u09bf\u09a8\u09bf", "NAME_DE": "Papua-Neuguinea", "NAME_EN": "Papua New Guinea", "NAME_ES": "Pap\u00faa Nueva Guinea", "NAME_FA": "\u067e\u0627\u067e\u0648\u0622 \u06af\u06cc\u0646\u0647 \u0646\u0648", "NAME_FR": "Papouasie-Nouvelle-Guin\u00e9e", "NAME_EL": "\u03a0\u03b1\u03c0\u03bf\u03cd\u03b1 \u039d\u03ad\u03b1 \u0393\u03bf\u03c5\u03b9\u03bd\u03ad\u03b1", "NAME_HE": "\u05e4\u05e4\u05d5\u05d0\u05d4 \u05d2\u05d9\u05e0\u05d0\u05d4 \u05d4\u05d7\u05d3\u05e9\u05d4", "NAME_HI": "\u092a\u093e\u092a\u0941\u0906 \u0928\u094d\u092f\u0942 \u0917\u093f\u0928\u0940", "NAME_HU": "P\u00e1pua \u00daj-Guinea", "NAME_ID": "Papua Nugini", "NAME_IT": "Papua Nuova Guinea", "NAME_JA": "\u30d1\u30d7\u30a2\u30cb\u30e5\u30fc\u30ae\u30cb\u30a2", "NAME_KO": "\ud30c\ud478\uc544\ub274\uae30\ub2c8", "NAME_NL": "Papoea-Nieuw-Guinea", "NAME_PL": "Papua-Nowa Gwinea", "NAME_PT": "Papua-Nova Guin\u00e9", "NAME_RU": "\u041f\u0430\u043f\u0443\u0430 \u2014 \u041d\u043e\u0432\u0430\u044f \u0413\u0432\u0438\u043d\u0435\u044f", "NAME_SV": "Papua Nya Guinea", "NAME_TR": "Papua Yeni Gine", "NAME_UK": "\u041f\u0430\u043f\u0443\u0430 \u041d\u043e\u0432\u0430 \u0413\u0432\u0456\u043d\u0435\u044f", "NAME_UR": "\u067e\u0627\u067e\u0648\u0627 \u0646\u06cc\u0648 \u06af\u0646\u06cc", "NAME_VI": "Papua New Guinea", "NAME_ZH": "\u5df4\u5e03\u4e9a\u65b0\u51e0\u5185\u4e9a", "NAME_ZHT": "\u5df4\u5e03\u4e9e\u7d10\u5e7e\u5167\u4e9e", "FCLASS_ISO": "Admin-0 country", "TLC_DIFF": null, "FCLASS_TLC": "Admin-0 country", "FCLASS_US": null, "FCLASS_FR": null, "FCLASS_RU": null, "FCLASS_ES": null, "FCLASS_CN": null, "FCLASS_TW": null, "FCLASS_IN": null, "FCLASS_NP": null, "FCLASS_PK": null, "FCLASS_DE": null, "FCLASS_GB": null, "FCLASS_BR": null, "FCLASS_IL": null, "FCLASS_PS": null, "FCLASS_SA": null, "FCLASS_EG": null, "FCLASS_MA": null, "FCLASS_PT": null, "FCLASS_AR": null, "FCLASS_JP": null, "FCLASS_KO": null, "FCLASS_VN": null, "FCLASS_TR": null, "FCLASS_ID": null, "FCLASS_PL": null, "FCLASS_GR": null, "FCLASS_IT": null, "FCLASS_NL": null, "FCLASS_SE": null, "FCLASS_BD": null, "FCLASS_UA": null, "cartogram_scale": 0.3, "dc_count": 0, "dc_code": "OTHER"}, "geometry": {"type": "MultiPolygon", "coordinates": [[[[147.0537, -5.0751], [147.5742, -5.2818], [148.1289, -5.4535], [148.3356, -5.6072], [148.5026, -5.758], [148.5482, -5.9347], [149.0481, -6.1201], [149.121, -6.2792], [148.8449, -6.3115], [148.9112, -6.5114], [149.1791, -6.7083], [149.3739, -7.0264], [149.5457, -7.0165], [149.5337, -7.1494], [149.7653, -7.2003], [149.6753, -7.2569], [149.9942, -7.3831], [149.9608, -7.4699], [149.7622, -7.4908], [149.6884, -7.413], [149.4306, -7.3793], [149.1276, -7.3342], [148.8943, -7.1428], [148.724, -6.9778], [148.5682, -6.7153], [148.1769, -6.5841], [147.9228, -6.6696], [147.7396, -6.7687], [147.7778, -6.99], [147.5422, -7.0931], [147.3741, -7.0429], [147.0638, -7.0304], [147.0588, -6.0527], [147.0537, -5.0751]]], [[[150.5457, -5.393], [150.6597, -5.489], [150.6957, -5.645], [150.6019, -5.725], [150.5453, -5.5479], [150.4755, -5.432], [150.3396, -5.3337], [150.169, -5.2057], [149.9523, -5.1175], [150.0357, -5.045], [150.1977, -5.129], [150.2997, -5.195], [150.4257, -5.267], [150.5457, -5.393]]], [[[150.1441, -6.0473], [149.98, -6.1202], [149.826, -6.1904], [149.6667, -6.19], [149.4207, -6.1029], [149.2494, -6.0192], [149.2742, -5.9264], [149.5432, -5.9702], [149.7073, -5.9467], [149.7525, -5.8029], [149.7956, -5.7954], [149.8247, -5.9547], [149.9959, -5.9318], [150.0806, -5.8291], [150.248, -5.7222], [150.215, -5.5454], [150.3947, -5.5397], [150.4553, -5.5889], [150.4493, -5.7553], [150.3485, -5.9385], [150.1914, -5.9631], [150.1441, -6.0473]]], [[[151.1817, -5.897], [151.2725, -5.9651], [151.418, -6.1552], [151.5597, -6.257], [151.5177, -6.341], [151.4337, -6.371], [151.3038, -6.2558], [151.1724, -6.0653], [151.1079, -5.8368], [151.1494, -5.8078], [151.1817, -5.897]]]]}}, {"type": "Feature", "properties": {"featurecla": "Admin-0 country", "scalerank": 1, "LABELRANK": 2, "SOVEREIGNT": "Indonesia", "SOV_A3": "IDN", "ADM0_DIF": 0, "LEVEL": 2, "TYPE": "Sovereign country", "TLC": "1", "ADMIN": "Indonesia", "ADM0_A3": "IDN", "GEOU_DIF": 0, "GEOUNIT": "Indonesia", "GU_A3": "IDN", "SU_DIF": 0, "SUBUNIT": "Indonesia", "SU_A3": "IDN", "BRK_DIFF": 0, "NAME": "Indonesia", "NAME_LONG": "Indonesia", "BRK_A3": "IDN", "BRK_NAME": "Indonesia", "BRK_GROUP": null, "ABBREV": "Indo.", "POSTAL": "INDO", "FORMAL_EN": "Republic of Indonesia", "FORMAL_FR": null, "NAME_CIAWF": "Indonesia", "NOTE_ADM0": null, "NOTE_BRK": null, "NAME_SORT": "Indonesia", "NAME_ALT": null, "MAPCOLOR7": 6, "MAPCOLOR8": 6, "MAPCOLOR9": 6, "MAPCOLOR13": 11, "POP_EST": 270625568, "POP_RANK": 17, "POP_YEAR": 2019, "GDP_MD": 1119190, "GDP_YEAR": 2019, "ECONOMY": "4. Emerging region: MIKT", "INCOME_GRP": "4. Lower middle income", "FIPS_10": "ID", "ISO_A2": "ID", "ISO_A2_EH": "ID", "ISO_A3": "IDN", "ISO_A3_EH": "IDN", "ISO_N3": "360", "ISO_N3_EH": "360", "UN_A3": "360", "WB_A2": "ID", "WB_A3": "IDN", "WOE_ID": 23424846, "WOE_ID_EH": 23424846, "WOE_NOTE": "Exact WOE match as country", "ADM0_ISO": "IDN", "ADM0_DIFF": null, "ADM0_TLC": "IDN", "ADM0_A3_US": "IDN", "ADM0_A3_FR": "IDN", "ADM0_A3_RU": "IDN", "ADM0_A3_ES": "IDN", "ADM0_A3_CN": "IDN", "ADM0_A3_TW": "IDN", "ADM0_A3_IN": "IDN", "ADM0_A3_NP": "IDN", "ADM0_A3_PK": "IDN", "ADM0_A3_DE": "IDN", "ADM0_A3_GB": "IDN", "ADM0_A3_BR": "IDN", "ADM0_A3_IL": "IDN", "ADM0_A3_PS": "IDN", "ADM0_A3_SA": "IDN", "ADM0_A3_EG": "IDN", "ADM0_A3_MA": "IDN", "ADM0_A3_PT": "IDN", "ADM0_A3_AR": "IDN", "ADM0_A3_JP": "IDN", "ADM0_A3_KO": "IDN", "ADM0_A3_VN": "IDN", "ADM0_A3_TR": "IDN", "ADM0_A3_ID": "IDN", "ADM0_A3_PL": "IDN", "ADM0_A3_GR": "IDN", "ADM0_A3_IT": "IDN", "ADM0_A3_NL": "IDN", "ADM0_A3_SE": "IDN", "ADM0_A3_BD": "IDN", "ADM0_A3_UA": "IDN", "ADM0_A3_UN": -99, "ADM0_A3_WB": -99, "CONTINENT": "Asia", "REGION_UN": "Asia", "SUBREGION": "South-Eastern Asia", "REGION_WB": "East Asia & Pacific", "NAME_LEN": 9, "LONG_LEN": 9, "ABBREV_LEN": 5, "TINY": -99, "HOMEPART": 1, "MIN_ZOOM": 0, "MIN_LABEL": 1.7, "MAX_LABEL": 6.7, "LABEL_X": 101.892949, "LABEL_Y": -0.954404, "NE_ID": 1159320845, "WIKIDATAID": "Q252", "NAME_AR": "\u0625\u0646\u062f\u0648\u0646\u064a\u0633\u064a\u0627", "NAME_BN": "\u0987\u09a8\u09cd\u09a6\u09cb\u09a8\u09c7\u09b6\u09bf\u09af\u09bc\u09be", "NAME_DE": "Indonesien", "NAME_EN": "Indonesia", "NAME_ES": "Indonesia", "NAME_FA": "\u0627\u0646\u062f\u0648\u0646\u0632\u06cc", "NAME_FR": "Indon\u00e9sie", "NAME_EL": "\u0399\u03bd\u03b4\u03bf\u03bd\u03b7\u03c3\u03af\u03b1", "NAME_HE": "\u05d0\u05d9\u05e0\u05d3\u05d5\u05e0\u05d6\u05d9\u05d4", "NAME_HI": "\u0907\u0902\u0921\u094b\u0928\u0947\u0936\u093f\u092f\u093e", "NAME_HU": "Indon\u00e9zia", "NAME_ID": "Indonesia", "NAME_IT": "Indonesia", "NAME_JA": "\u30a4\u30f3\u30c9\u30cd\u30b7\u30a2", "NAME_KO": "\uc778\ub3c4\ub124\uc2dc\uc544", "NAME_NL": "Indonesi\u00eb", "NAME_PL": "Indonezja", "NAME_PT": "Indon\u00e9sia", "NAME_RU": "\u0418\u043d\u0434\u043e\u043d\u0435\u0437\u0438\u044f", "NAME_SV": "Indonesien", "NAME_TR": "Endonezya", "NAME_UK": "\u0406\u043d\u0434\u043e\u043d\u0435\u0437\u0456\u044f", "NAME_UR": "\u0627\u0646\u0688\u0648\u0646\u06cc\u0634\u06cc\u0627", "NAME_VI": "Indonesia", "NAME_ZH": "\u5370\u5ea6\u5c3c\u897f\u4e9a", "NAME_ZHT": "\u5370\u5ea6\u5c3c\u897f\u4e9e", "FCLASS_ISO": "Admin-0 country", "TLC_DIFF": null, "FCLASS_TLC": "Admin-0 country", "FCLASS_US": null, "FCLASS_FR": null, "FCLASS_RU": null, "FCLASS_ES": null, "FCLASS_CN": null, "FCLASS_TW": null, "FCLASS_IN": null, "FCLASS_NP": null, "FCLASS_PK": null, "FCLASS_DE": null, "FCLASS_GB": null, "FCLASS_BR": null, "FCLASS_IL": null, "FCLASS_PS": null, "FCLASS_SA": null, "FCLASS_EG": null, "FCLASS_MA": null, "FCLASS_PT": null, "FCLASS_AR": null, "FCLASS_JP": null, "FCLASS_KO": null, "FCLASS_VN": null, "FCLASS_TR": null, "FCLASS_ID": null, "FCLASS_PL": null, "FCLASS_GR": null, "FCLASS_IT": null, "FCLASS_NL": null, "FCLASS_SE": null, "FCLASS_BD": null, "FCLASS_UA": null, "cartogram_scale": 0.9, "dc_count": 30, "dc_code": "IDN"}, "geometry": {"type": "MultiPolygon", "coordinates": [[[[138.8665, -2.6593], [138.8817, -5.5923], [138.8968, -8.5253], [138.0954, -7.7867], [137.1813, -7.6056], [136.9597, -7.862], [135.8194, -7.8897], [136.2015, -7.1573], [136.7681, -6.9074], [136.5335, -5.9288], [136.1014, -5.1732], [134.3567, -4.4111], [133.6145, -4.3358], [132.2629, -3.5042], [131.9973, -3.9415], [131.6519, -4.0209], [131.4476, -3.6909], [131.4448, -3.2998], [130.7572, -2.8577], [131.7265, -2.5336], [132.3684, -2.5511], [132.2929, -2.3123], [130.9755, -2.3105], [130.6189, -1.7746], [129.8149, -1.6085], [129.4339, -1.1631], [130.6471, -0.9451], [131.1084, -0.6518], [132.5533, -1.0214], [132.6954, -1.3559], [132.9467, -2.8115], [133.8782, -3.3502], [134.6303, -2.3955], [135.663, -1.8524], [136.4631, -1.8516], [137.2328, -2.1654], [137.9004, -2.4873], [138.8665, -2.6593]]], [[[124.4382, -8.3227], [124.5294, -8.5002], [124.546, -8.7731], [123.9587, -9.4452], [123.1883, -9.6432], [123.0803, -9.5352], [123.1613, -9.2292], [123.5483, -8.6802], [124.4382, -8.3227]]], [[[132.7555, -6.5249], [132.6678, -5.8474], [132.8276, -5.524], [133.016, -5.2197], [133.2206, -5.483], [133.2185, -5.9122], [132.7555, -6.5249]]], [[[118.0602, 3.4046], [117.5482, 2.5918], [118.2098, 1.7397], [118.0544, 1.3257], [119.0634, 0.4928], [117.997, 0.3866], [117.6968, -0.227], [117.7358, -1.0426], [116.8704, -1.6581], [116.8468, -2.5544], [116.4996, -3.9307], [116.3671, -3.6105], [115.3447, -4.0155], [114.9881, -3.4653], [114.3464, -3.4145], [113.8976, -3.1261], [112.8277, -3.4498], [112.4993, -3.0142], [111.9098, -3.0637], [111.1678, -2.9598], [111.0302, -1.7528], [110.5811, -1.5026], [110.149, -0.7328], [110.0237, 0.0546], [110.1286, 0.8885], [110.6633, 1.4866], [110.8135, 0.8851], [111.429, 0.3766], [112.0096, 0.5596], [112.5841, 0.4948], [113.1086, 0.9499], [113.5402, 1.0288], [114.3916, 0.7766], [115.1256, 0.9684], [115.587, 2.2201], [115.9335, 2.5331], [116.2453, 3.5567], [117.28, 3.5563], [118.0602, 3.4046]]], [[[128.4002, -2.8411], [129.3906, -3.1036], [129.7177, -3.7918], [128.9578, -3.4209], [128.2061, -3.3456], [127.698, -3.405], [127.0753, -3.3733], [127.2886, -2.8785], [128.4002, -2.8411]]], [[[126.1538, -3.7311], [125.5318, -3.5658], [125.3565, -3.1787], [126.2669, -3.1356], [126.4906, -3.4324], [126.1538, -3.7311]]], [[[127.1055, 1.6379], [127.1701, 1.1465], [127.7014, 1.0675], [127.7858, 0.6999], [127.7387, -0.0866], [127.2745, 0.0016], [127.1376, -0.5461], [127.5083, -1.0212], [127.2564, -1.1292], [126.8932, -0.5591], [126.6259, 0.5913], [126.8068, 1.3104], [127.1055, 1.6379]]], [[[122.6012, 0.4685], [123.6361, 0.5062], [124.5257, 1.1597], [124.6828, 0.9587], [123.9597, 0.0659], [123.2833, -0.1072], [122.4171, 0.0688], [120.9174, 0.0239], [120.1311, -0.1057], [120.0031, -0.7869], [120.8087, -1.5872], [121.2946, -1.1796], [122.9728, -0.8733], [122.8989, -1.2878], [122.5068, -1.1571], [122.116, -1.6844], [121.3238, -2.0332], [122.1755, -3.1867], [122.011, -3.4958], [122.8202, -4.5345], [122.8124, -5.1257], [122.332, -5.3903], [121.9791, -5.0738], [122.414, -4.337], [121.5308, -4.6854], [121.3069, -4.4363], [121.4236, -4.0888], [120.7747, -3.5611], [120.8415, -2.6841], [120.2412, -2.9576], [120.3174, -4.007], [120.354, -5.2946], [119.7832, -5.4253], [119.3966, -5.1611], [119.6546, -4.3327], [119.5153, -3.4642], [119.1369, -3.4575], [118.8573, -2.841], [119.2292, -2.2516], [119.3574, -1.537], [119.8097, -0.1804], [119.9985, 0.1906], [120.7635, 0.8591], [121.4665, 0.5933], [122.6012, 0.4685]]], [[[120.2319, -9.552], [119.0374, -8.9214], [119.8766, -8.7444], [120.3495, -9.0185], [120.6643, -9.2919], [120.6104, -9.5348], [120.2319, -9.552]]], [[[121.1738, -8.0023], [121.773, -7.9338], [122.5795, -7.604], [122.4476, -8.104], [121.0954, -8.3595], [119.8983, -8.2486], [119.8952, -7.9196], [120.6099, -7.7325], [121.1738, -8.0023]]], [[[118.4009, -7.8453], [118.957, -7.7718], [119.1802, -8.1544], [118.1397, -8.3352], [117.5163, -8.456], [117.0325, -8.4488], [117.3417, -7.9306], [117.8352, -7.9236], [118.0764, -7.6053], [118.4009, -7.8453]]], [[[109.6045, -6.099], [109.7275, -6.4191], [111.4516, -6.5088], [111.65, -6.1379], [113.3197, -6.5706], [113.6472, -7.154], [114.9974, -7.3181], [116.1013, -7.8529], [115.0744, -8.1958], [114.0846, -7.8333], [113.27, -7.8578], [112.3362, -7.7911], [111.4939, -7.6295], [110.4512, -7.2858], [109.7906, -7.1966], [109.4163, -7.3092], [107.775, -6.9386], [107.6189, -6.5516], [106.7953, -6.4855], [107.4128, -5.6255], [108.5048, -5.6787], [109.2312, -6.0304], [109.6045, -6.099]]], [[[105.8993, -1.2956], [106.0519, -1.9233], [106.3654, -2.4256], [107.0262, -2.5052], [107.4641, -3.0748], [107.238, -4.1942], [107.2022, -5.5863], [106.2057, -5.6052], [105.4477, -4.8528], [104.2922, -4.1174], [103.9069, -3.5719], [103.2255, -2.839], [102.7786, -2.1644], [102.0941, -0.9045], [101.3037, -0.1544], [101.0394, 0.6194], [100.7076, 1.322], [99.896, 1.8887], [99.4256, 2.6587], [98.748, 3.1628], [97.8091, 4.1545], [97.7301, 4.6126], [98.3095, 4.5764], [99.7027, 4.4025], [100.4986, 3.5223], [101.1946, 2.9121], [101.6909, 2.5377], [102.5436, 1.5702], [103.4586, 1.5561], [104.2148, 0.9396], [104.7355, 0.186], [105.4209, -0.2251], [105.0602, -0.96], [105.5761, -1.2725], [105.8993, -1.2956]]]]}}, {"type": "Feature", "properties": {"featurecla": "Admin-0 country", "scalerank": 1, "LABELRANK": 2, "SOVEREIGNT": "Argentina", "SOV_A3": "ARG", "ADM0_DIF": 0, "LEVEL": 2, "TYPE": "Sovereign country", "TLC": "1", "ADMIN": "Argentina", "ADM0_A3": "ARG", "GEOU_DIF": 0, "GEOUNIT": "Argentina", "GU_A3": "ARG", "SU_DIF": 0, "SUBUNIT": "Argentina", "SU_A3": "ARG", "BRK_DIFF": 0, "NAME": "Argentina", "NAME_LONG": "Argentina", "BRK_A3": "ARG", "BRK_NAME": "Argentina", "BRK_GROUP": null, "ABBREV": "Arg.", "POSTAL": "AR", "FORMAL_EN": "Argentine Republic", "FORMAL_FR": null, "NAME_CIAWF": "Argentina", "NOTE_ADM0": null, "NOTE_BRK": null, "NAME_SORT": "Argentina", "NAME_ALT": null, "MAPCOLOR7": 3, "MAPCOLOR8": 1, "MAPCOLOR9": 3, "MAPCOLOR13": 13, "POP_EST": 44938712, "POP_RANK": 15, "POP_YEAR": 2019, "GDP_MD": 445445, "GDP_YEAR": 2019, "ECONOMY": "5. Emerging region: G20", "INCOME_GRP": "3. Upper middle income", "FIPS_10": "AR", "ISO_A2": "AR", "ISO_A2_EH": "AR", "ISO_A3": "ARG", "ISO_A3_EH": "ARG", "ISO_N3": "032", "ISO_N3_EH": "032", "UN_A3": "032", "WB_A2": "AR", "WB_A3": "ARG", "WOE_ID": 23424747, "WOE_ID_EH": 23424747, "WOE_NOTE": "Exact WOE match as country", "ADM0_ISO": "ARG", "ADM0_DIFF": null, "ADM0_TLC": "ARG", "ADM0_A3_US": "ARG", "ADM0_A3_FR": "ARG", "ADM0_A3_RU": "ARG", "ADM0_A3_ES": "ARG", "ADM0_A3_CN": "ARG", "ADM0_A3_TW": "ARG", "ADM0_A3_IN": "ARG", "ADM0_A3_NP": "ARG", "ADM0_A3_PK": "ARG", "ADM0_A3_DE": "ARG", "ADM0_A3_GB": "ARG", "ADM0_A3_BR": "ARG", "ADM0_A3_IL": "ARG", "ADM0_A3_PS": "ARG", "ADM0_A3_SA": "ARG", "ADM0_A3_EG": "ARG", "ADM0_A3_MA": "ARG", "ADM0_A3_PT": "ARG", "ADM0_A3_AR": "ARG", "ADM0_A3_JP": "ARG", "ADM0_A3_KO": "ARG", "ADM0_A3_VN": "ARG", "ADM0_A3_TR": "ARG", "ADM0_A3_ID": "ARG", "ADM0_A3_PL": "ARG", "ADM0_A3_GR": "ARG", "ADM0_A3_IT": "ARG", "ADM0_A3_NL": "ARG", "ADM0_A3_SE": "ARG", "ADM0_A3_BD": "ARG", "ADM0_A3_UA": "ARG", "ADM0_A3_UN": -99, "ADM0_A3_WB": -99, "CONTINENT": "South America", "REGION_UN": "Americas", "SUBREGION": "South America", "REGION_WB": "Latin America & Caribbean", "NAME_LEN": 9, "LONG_LEN": 9, "ABBREV_LEN": 4, "TINY": -99, "HOMEPART": 1, "MIN_ZOOM": 0, "MIN_LABEL": 2, "MAX_LABEL": 7, "LABEL_X": -64.173331, "LABEL_Y": -33.501159, "NE_ID": 1159320331, "WIKIDATAID": "Q414", "NAME_AR": "\u0627\u0644\u0623\u0631\u062c\u0646\u062a\u064a\u0646", "NAME_BN": "\u0986\u09b0\u09cd\u099c\u09c7\u09a8\u09cd\u099f\u09bf\u09a8\u09be", "NAME_DE": "Argentinien", "NAME_EN": "Argentina", "NAME_ES": "Argentina", "NAME_FA": "\u0622\u0631\u0698\u0627\u0646\u062a\u06cc\u0646", "NAME_FR": "Argentine", "NAME_EL": "\u0391\u03c1\u03b3\u03b5\u03bd\u03c4\u03b9\u03bd\u03ae", "NAME_HE": "\u05d0\u05e8\u05d2\u05e0\u05d8\u05d9\u05e0\u05d4", "NAME_HI": "\u0905\u0930\u094d\u091c\u0947\u0923\u094d\u091f\u0940\u0928\u093e", "NAME_HU": "Argent\u00edna", "NAME_ID": "Argentina", "NAME_IT": "Argentina", "NAME_JA": "\u30a2\u30eb\u30bc\u30f3\u30c1\u30f3", "NAME_KO": "\uc544\ub974\ud5e8\ud2f0\ub098", "NAME_NL": "Argentini\u00eb", "NAME_PL": "Argentyna", "NAME_PT": "Argentina", "NAME_RU": "\u0410\u0440\u0433\u0435\u043d\u0442\u0438\u043d\u0430", "NAME_SV": "Argentina", "NAME_TR": "Arjantin", "NAME_UK": "\u0410\u0440\u0433\u0435\u043d\u0442\u0438\u043d\u0430", "NAME_UR": "\u0627\u0631\u062c\u0646\u0679\u0627\u0626\u0646", "NAME_VI": "Argentina", "NAME_ZH": "\u963f\u6839\u5ef7", "NAME_ZHT": "\u963f\u6839\u5ef7", "FCLASS_ISO": "Admin-0 country", "TLC_DIFF": null, "FCLASS_TLC": "Admin-0 country", "FCLASS_US": null, "FCLASS_FR": null, "FCLASS_RU": null, "FCLASS_ES": null, "FCLASS_CN": null, "FCLASS_TW": null, "FCLASS_IN": null, "FCLASS_NP": null, "FCLASS_PK": null, "FCLASS_DE": null, "FCLASS_GB": null, "FCLASS_BR": null, "FCLASS_IL": null, "FCLASS_PS": null, "FCLASS_SA": null, "FCLASS_EG": null, "FCLASS_MA": null, "FCLASS_PT": null, "FCLASS_AR": null, "FCLASS_JP": null, "FCLASS_KO": null, "FCLASS_VN": null, "FCLASS_TR": null, "FCLASS_ID": null, "FCLASS_PL": null, "FCLASS_GR": null, "FCLASS_IT": null, "FCLASS_NL": null, "FCLASS_SE": null, "FCLASS_BD": null, "FCLASS_UA": null, "cartogram_scale": 0.9, "dc_count": 25, "dc_code": "ARG"}, "geometry": {"type": "MultiPolygon", "coordinates": [[[[-68.2989, -51.2308], [-67.9533, -51.6481], [-67.5033, -52.3231], [-66.3333, -52.8631], [-65.0733, -53.0881], [-65.4783, -53.5381], [-66.3333, -53.5831], [-66.7922, -53.2652], [-67.3345, -53.2411], [-68.2983, -53.2407], [-68.2989, -51.2308]]], [[[-58.3909, -31.0528], [-58.6157, -31.773], [-58.8565, -32.6982], [-58.8477, -33.5946], [-59.043, -33.795], [-59.1127, -34.3766], [-59.1742, -34.8464], [-58.0315, -35.6173], [-58.1544, -36.2378], [-57.592, -36.6299], [-57.6378, -37.0695], [-58.5025, -38.2236], [-59.837, -38.7063], [-61.642, -38.8937], [-62.6307, -38.803], [-62.4415, -39.3398], [-62.6258, -40.0134], [-62.4597, -40.4673], [-62.9995, -40.784], [-63.9217, -40.9082], [-64.7872, -40.5805], [-65.1345, -40.816], [-65.009, -41.7103], [-64.4014, -41.9812], [-63.9087, -41.6974], [-63.6406, -42.1649], [-64.4692, -42.4443], [-65.1919, -43.0039], [-65.3242, -43.9093], [-65.537, -44.3912], [-66.3873, -44.3938], [-67.0927, -44.8548], [-67.3508, -45.5297], [-66.4657, -46.1886], [-65.6052, -46.3706], [-65.9149, -47.1781], [-66.9779, -47.6857], [-67.5628, -48.7408], [-68.3842, -49.0959], [-68.753, -49.5174], [-68.4623, -50.4521], [-67.8633, -50.9731], [-68.2427, -50.9276], [-69.0768, -50.7866], [-71.2516, -50.6662], [-71.6248, -50.1415], [-71.6073, -49.4674], [-72.2065, -49.5254], [-72.5235, -49.199], [-72.6022, -48.2447], [-71.9117, -47.8489], [-71.6263, -47.2779], [-71.7309, -46.8228], [-71.2538, -46.0545], [-70.9251, -44.8628], [-71.0217, -44.3344], [-70.6288, -44.1639], [-70.7251, -43.8249], [-71.1426, -43.6446], [-70.846, -43.267], [-71.2522, -42.9258], [-71.4623, -41.8875], [-71.1004, -41.7043], [-71.2525, -40.6072], [-71.041, -39.6854], [-70.8005, -38.8825], [-70.2615, -38.5558], [-70.5351, -37.6772], [-70.538, -36.8504], [-69.8566, -36.2627], [-69.8775, -35.5108], [-69.3639, -34.6323], [-69.3616, -33.8046], [-69.5953, -33.6402], [-70.0099, -32.0866], [-69.4554, -31.1608], [-69.5405, -30.2892], [-69.2188, -29.4713], [-68.6294, -28.6272], [-67.9943, -28.0675], [-68.2636, -27.7143], [-68.0757, -27.4246], [-68.1042, -25.9248], [-67.1239, -25.4809], [-66.815, -24.5458], [-66.9243, -24.3204], [-66.1743, -23.5072], [-64.9967, -23.7264], [-64.4676, -24.3764], [-64.1165, -23.6524], [-63.0901, -23.6896], [-62.9449, -23.8822], [-61.2902, -25.3507], [-60.5544, -25.4876], [-59.4547, -26.1524], [-58.5278, -26.5042], [-58.3986, -26.9014], [-59.2847, -28.2694], [-58.3771, -28.5144], [-57.3663, -28.6518], [-56.6546, -28.5072], [-55.8382, -27.8177], [-55.6911, -27.0234], [-55.2453, -26.851], [-54.7938, -27.3705], [-54.8122, -28.0892], [-55.57, -28.5854], [-56.1744, -28.9518], [-57.1901, -29.8256], [-58.3909, -31.0528]]]]}}, {"type": "Feature", "properties": {"featurecla": "Admin-0 country", "scalerank": 1, "LABELRANK": 2, "SOVEREIGNT": "Chile", "SOV_A3": "CHL", "ADM0_DIF": 0, "LEVEL": 2, "TYPE": "Sovereign country", "TLC": "1", "ADMIN": "Chile", "ADM0_A3": "CHL", "GEOU_DIF": 0, "GEOUNIT": "Chile", "GU_A3": "CHL", "SU_DIF": 0, "SUBUNIT": "Chile", "SU_A3": "CHL", "BRK_DIFF": 0, "NAME": "Chile", "NAME_LONG": "Chile", "BRK_A3": "CHL", "BRK_NAME": "Chile", "BRK_GROUP": null, "ABBREV": "Chile", "POSTAL": "CL", "FORMAL_EN": "Republic of Chile", "FORMAL_FR": null, "NAME_CIAWF": "Chile", "NOTE_ADM0": null, "NOTE_BRK": null, "NAME_SORT": "Chile", "NAME_ALT": null, "MAPCOLOR7": 5, "MAPCOLOR8": 1, "MAPCOLOR9": 5, "MAPCOLOR13": 9, "POP_EST": 18952038, "POP_RANK": 14, "POP_YEAR": 2019, "GDP_MD": 282318, "GDP_YEAR": 2019, "ECONOMY": "5. Emerging region: G20", "INCOME_GRP": "3. Upper middle income", "FIPS_10": "CI", "ISO_A2": "CL", "ISO_A2_EH": "CL", "ISO_A3": "CHL", "ISO_A3_EH": "CHL", "ISO_N3": "152", "ISO_N3_EH": "152", "UN_A3": "152", "WB_A2": "CL", "WB_A3": "CHL", "WOE_ID": 23424782, "WOE_ID_EH": 23424782, "WOE_NOTE": "Exact WOE match as country", "ADM0_ISO": "CHL", "ADM0_DIFF": null, "ADM0_TLC": "CHL", "ADM0_A3_US": "CHL", "ADM0_A3_FR": "CHL", "ADM0_A3_RU": "CHL", "ADM0_A3_ES": "CHL", "ADM0_A3_CN": "CHL", "ADM0_A3_TW": "CHL", "ADM0_A3_IN": "CHL", "ADM0_A3_NP": "CHL", "ADM0_A3_PK": "CHL", "ADM0_A3_DE": "CHL", "ADM0_A3_GB": "CHL", "ADM0_A3_BR": "CHL", "ADM0_A3_IL": "CHL", "ADM0_A3_PS": "CHL", "ADM0_A3_SA": "CHL", "ADM0_A3_EG": "CHL", "ADM0_A3_MA": "CHL", "ADM0_A3_PT": "CHL", "ADM0_A3_AR": "CHL", "ADM0_A3_JP": "CHL", "ADM0_A3_KO": "CHL", "ADM0_A3_VN": "CHL", "ADM0_A3_TR": "CHL", "ADM0_A3_ID": "CHL", "ADM0_A3_PL": "CHL", "ADM0_A3_GR": "CHL", "ADM0_A3_IT": "CHL", "ADM0_A3_NL": "CHL", "ADM0_A3_SE": "CHL", "ADM0_A3_BD": "CHL", "ADM0_A3_UA": "CHL", "ADM0_A3_UN": -99, "ADM0_A3_WB": -99, "CONTINENT": "South America", "REGION_UN": "Americas", "SUBREGION": "South America", "REGION_WB": "Latin America & Caribbean", "NAME_LEN": 5, "LONG_LEN": 5, "ABBREV_LEN": 5, "TINY": -99, "HOMEPART": 1, "MIN_ZOOM": 0, "MIN_LABEL": 1.7, "MAX_LABEL": 6.7, "LABEL_X": -72.318871, "LABEL_Y": -38.151771, "NE_ID": 1159320493, "WIKIDATAID": "Q298", "NAME_AR": "\u062a\u0634\u064a\u0644\u064a", "NAME_BN": "\u099a\u09bf\u09b2\u09bf", "NAME_DE": "Chile", "NAME_EN": "Chile", "NAME_ES": "Chile", "NAME_FA": "\u0634\u06cc\u0644\u06cc", "NAME_FR": "Chili", "NAME_EL": "\u03a7\u03b9\u03bb\u03ae", "NAME_HE": "\u05e6'\u05d9\u05dc\u05d4", "NAME_HI": "\u091a\u093f\u0932\u0940", "NAME_HU": "Chile", "NAME_ID": "Chili", "NAME_IT": "Cile", "NAME_JA": "\u30c1\u30ea", "NAME_KO": "\uce60\ub808", "NAME_NL": "Chili", "NAME_PL": "Chile", "NAME_PT": "Chile", "NAME_RU": "\u0427\u0438\u043b\u0438", "NAME_SV": "Chile", "NAME_TR": "\u015eili", "NAME_UK": "\u0427\u0438\u043b\u0456", "NAME_UR": "\u0686\u0644\u06cc", "NAME_VI": "Chile", "NAME_ZH": "\u667a\u5229", "NAME_ZHT": "\u667a\u5229", "FCLASS_ISO": "Admin-0 country", "TLC_DIFF": null, "FCLASS_TLC": "Admin-0 country", "FCLASS_US": null, "FCLASS_FR": null, "FCLASS_RU": null, "FCLASS_ES": null, "FCLASS_CN": null, "FCLASS_TW": null, "FCLASS_IN": null, "FCLASS_NP": null, "FCLASS_PK": null, "FCLASS_DE": null, "FCLASS_GB": null, "FCLASS_BR": null, "FCLASS_IL": null, "FCLASS_PS": null, "FCLASS_SA": null, "FCLASS_EG": null, "FCLASS_MA": null, "FCLASS_PT": null, "FCLASS_AR": null, "FCLASS_JP": null, "FCLASS_KO": null, "FCLASS_VN": null, "FCLASS_TR": null, "FCLASS_ID": null, "FCLASS_PL": null, "FCLASS_GR": null, "FCLASS_IT": null, "FCLASS_NL": null, "FCLASS_SE": null, "FCLASS_BD": null, "FCLASS_UA": null, "cartogram_scale": 0.9, "dc_count": 35, "dc_code": "CHL"}, "geometry": {"type": "MultiPolygon", "coordinates": [[[[-68.8922, -51.4659], [-68.8916, -53.4757], [-67.9278, -53.4762], [-67.3855, -53.5003], [-67.6835, -53.8643], [-68.4554, -54.1438], [-68.8976, -54.1152], [-69.4305, -54.0423], [-70.0839, -53.7718], [-71.0267, -53.6416], [-72.1591, -53.1388], [-73.0783, -52.6549], [-74.3179, -51.6469], [-73.5759, -51.8359], [-72.3124, -52.437], [-71.1186, -52.7601], [-70.6542, -52.3474], [-70.3624, -51.7313], [-69.5327, -51.3596], [-68.8922, -51.4659]]], [[[-69.753, -19.9152], [-69.3118, -20.5273], [-69.1918, -21.1767], [-68.7196, -21.5577], [-69.0031, -22.4286], [-68.5195, -23.4381], [-68.167, -24.6788], [-67.5176, -24.5555], [-67.4083, -24.7809], [-67.7172, -25.7159], [-68.6975, -26.1599], [-68.669, -27.6597], [-68.8569, -27.9494], [-68.5876, -28.3026], [-69.2227, -28.8623], [-69.8121, -29.7064], [-70.1338, -30.5243], [-70.0487, -31.3959], [-70.6032, -32.3217], [-70.1886, -33.8753], [-69.9549, -34.0397], [-69.9572, -34.8674], [-70.4709, -35.7459], [-70.4499, -36.4977], [-71.1313, -37.0855], [-71.1284, -37.9123], [-70.8548, -38.7909], [-71.3938, -39.1176], [-71.6343, -39.9205], [-71.8458, -40.8423], [-71.6937, -41.9394], [-72.0556, -42.1226], [-71.8455, -43.1609], [-71.4393, -43.502], [-71.7359, -43.8796], [-71.3184, -44.0599], [-71.2221, -44.399], [-71.615, -44.5695], [-71.5184, -45.0978], [-71.8472, -46.2895], [-72.3242, -47.0578], [-72.2197, -47.513], [-72.505, -48.0839], [-73.1955, -48.4798], [-73.1169, -49.4341], [-72.7998, -49.7605], [-72.2006, -49.7025], [-72.2181, -50.3765], [-71.8449, -50.9013], [-69.6701, -51.0217], [-68.836, -51.1627], [-69.6368, -51.1559], [-70.0701, -51.3773], [-70.8822, -51.7024], [-71.0273, -52.5431], [-71.4084, -52.564], [-72.4238, -52.2714], [-73.4541, -51.6447], [-73.4541, -51.6447], [-74.5737, -51.1296], [-74.8556, -50.5596], [-74.6006, -50.0322], [-75.0534, -49.4337], [-75.1688, -47.8996], [-74.7861, -47.0339], [-73.8355, -46.3385], [-75.2016, -46.076], [-74.3446, -45.2807], [-74.0382, -43.7859], [-73.0379, -44.1026], [-72.5676, -42.2382], [-73.1716, -41.9989], [-73.4528, -43.1224], [-74.0204, -42.9956], [-73.7378, -41.7085], [-73.431, -40.0412], [-73.0175, -39.426], [-73.2766, -38.5478], [-73.3509, -37.5338], [-72.9717, -37.5046], [-72.4194, -36.0511], [-71.7972, -34.6114], [-71.4162, -33.2702], [-71.6235, -31.9217], [-71.3547, -31.1793], [-71.4625, -30.0685], [-70.9362, -28.9695], [-70.7741, -27.2285], [-70.4852, -25.3593], [-70.2037, -23.3472], [-70.2696, -21.874], [-70.4569, -20.6063], [-69.9942, -20.3766], [-69.753, -19.9152]]]]}}, {"type": "Feature", "properties": {"featurecla": "Admin-0 country", "scalerank": 1, "LABELRANK": 2, "SOVEREIGNT": "Democratic Republic of the Congo", "SOV_A3": "COD", "ADM0_DIF": 0, "LEVEL": 2, "TYPE": "Sovereign country", "TLC": "1", "ADMIN": "Democratic Republic of the Congo", "ADM0_A3": "COD", "GEOU_DIF": 0, "GEOUNIT": "Democratic Republic of the Congo", "GU_A3": "COD", "SU_DIF": 0, "SUBUNIT": "Democratic Republic of the Congo", "SU_A3": "COD", "BRK_DIFF": 0, "NAME": "Dem. Rep. Congo", "NAME_LONG": "Democratic Republic of the Congo", "BRK_A3": "COD", "BRK_NAME": "Democratic Republic of the Congo", "BRK_GROUP": null, "ABBREV": "D.R.C.", "POSTAL": "DRC", "FORMAL_EN": "Democratic Republic of the Congo", "FORMAL_FR": null, "NAME_CIAWF": "Congo, Democratic Republic of the", "NOTE_ADM0": null, "NOTE_BRK": null, "NAME_SORT": "Congo, Dem. Rep.", "NAME_ALT": null, "MAPCOLOR7": 4, "MAPCOLOR8": 4, "MAPCOLOR9": 4, "MAPCOLOR13": 7, "POP_EST": 86790567, "POP_RANK": 16, "POP_YEAR": 2019, "GDP_MD": 50400, "GDP_YEAR": 2019, "ECONOMY": "7. Least developed region", "INCOME_GRP": "5. Low income", "FIPS_10": "CG", "ISO_A2": "CD", "ISO_A2_EH": "CD", "ISO_A3": "COD", "ISO_A3_EH": "COD", "ISO_N3": "180", "ISO_N3_EH": "180", "UN_A3": "180", "WB_A2": "ZR", "WB_A3": "ZAR", "WOE_ID": 23424780, "WOE_ID_EH": 23424780, "WOE_NOTE": "Exact WOE match as country", "ADM0_ISO": "COD", "ADM0_DIFF": null, "ADM0_TLC": "COD", "ADM0_A3_US": "COD", "ADM0_A3_FR": "COD", "ADM0_A3_RU": "COD", "ADM0_A3_ES": "COD", "ADM0_A3_CN": "COD", "ADM0_A3_TW": "COD", "ADM0_A3_IN": "COD", "ADM0_A3_NP": "COD", "ADM0_A3_PK": "COD", "ADM0_A3_DE": "COD", "ADM0_A3_GB": "COD", "ADM0_A3_BR": "COD", "ADM0_A3_IL": "COD", "ADM0_A3_PS": "COD", "ADM0_A3_SA": "COD", "ADM0_A3_EG": "COD", "ADM0_A3_MA": "COD", "ADM0_A3_PT": "COD", "ADM0_A3_AR": "COD", "ADM0_A3_JP": "COD", "ADM0_A3_KO": "COD", "ADM0_A3_VN": "COD", "ADM0_A3_TR": "COD", "ADM0_A3_ID": "COD", "ADM0_A3_PL": "COD", "ADM0_A3_GR": "COD", "ADM0_A3_IT": "COD", "ADM0_A3_NL": "COD", "ADM0_A3_SE": "COD", "ADM0_A3_BD": "COD", "ADM0_A3_UA": "COD", "ADM0_A3_UN": -99, "ADM0_A3_WB": -99, "CONTINENT": "Africa", "REGION_UN": "Africa", "SUBREGION": "Middle Africa", "REGION_WB": "Sub-Saharan Africa", "NAME_LEN": 15, "LONG_LEN": 32, "ABBREV_LEN": 6, "TINY": -99, "HOMEPART": 1, "MIN_ZOOM": 0, "MIN_LABEL": 2, "MAX_LABEL": 7, "LABEL_X": 23.458829, "LABEL_Y": -1.858167, "NE_ID": 1159320513, "WIKIDATAID": "Q974", "NAME_AR": "\u062c\u0645\u0647\u0648\u0631\u064a\u0629 \u0627\u0644\u0643\u0648\u0646\u063a\u0648 \u0627\u0644\u062f\u064a\u0645\u0642\u0631\u0627\u0637\u064a\u0629", "NAME_BN": "\u0997\u09a3\u09a4\u09be\u09a8\u09cd\u09a4\u09cd\u09b0\u09bf\u0995 \u0995\u0999\u09cd\u0997\u09cb \u09aa\u09cd\u09b0\u099c\u09be\u09a4\u09a8\u09cd\u09a4\u09cd\u09b0", "NAME_DE": "Demokratische Republik Kongo", "NAME_EN": "Democratic Republic of the Congo", "NAME_ES": "Rep\u00fablica Democr\u00e1tica del Congo", "NAME_FA": "\u062c\u0645\u0647\u0648\u0631\u06cc \u062f\u0645\u0648\u06a9\u0631\u0627\u062a\u06cc\u06a9 \u06a9\u0646\u06af\u0648", "NAME_FR": "R\u00e9publique d\u00e9mocratique du Congo", "NAME_EL": "\u039b\u03b1\u03ca\u03ba\u03ae \u0394\u03b7\u03bc\u03bf\u03ba\u03c1\u03b1\u03c4\u03af\u03b1 \u03c4\u03bf\u03c5 \u039a\u03bf\u03bd\u03b3\u03ba\u03cc", "NAME_HE": "\u05d4\u05e8\u05e4\u05d5\u05d1\u05dc\u05d9\u05e7\u05d4 \u05d4\u05d3\u05de\u05d5\u05e7\u05e8\u05d8\u05d9\u05ea \u05e9\u05dc \u05e7\u05d5\u05e0\u05d2\u05d5", "NAME_HI": "\u0915\u093e\u0902\u0917\u094b \u0932\u094b\u0915\u0924\u093e\u0928\u094d\u0924\u094d\u0930\u093f\u0915 \u0917\u0923\u0930\u093e\u091c\u094d\u092f", "NAME_HU": "Kong\u00f3i Demokratikus K\u00f6zt\u00e1rsas\u00e1g", "NAME_ID": "Republik Demokratik Kongo", "NAME_IT": "Repubblica Democratica del Congo", "NAME_JA": "\u30b3\u30f3\u30b4\u6c11\u4e3b\u5171\u548c\u56fd", "NAME_KO": "\ucf69\uace0 \ubbfc\uc8fc \uacf5\ud654\uad6d", "NAME_NL": "Congo-Kinshasa", "NAME_PL": "Demokratyczna Republika Konga", "NAME_PT": "Rep\u00fablica Democr\u00e1tica do Congo", "NAME_RU": "\u0414\u0435\u043c\u043e\u043a\u0440\u0430\u0442\u0438\u0447\u0435\u0441\u043a\u0430\u044f \u0420\u0435\u0441\u043f\u0443\u0431\u043b\u0438\u043a\u0430 \u041a\u043e\u043d\u0433\u043e", "NAME_SV": "Kongo-Kinshasa", "NAME_TR": "Demokratik Kongo Cumhuriyeti", "NAME_UK": "\u0414\u0435\u043c\u043e\u043a\u0440\u0430\u0442\u0438\u0447\u043d\u0430 \u0420\u0435\u0441\u043f\u0443\u0431\u043b\u0456\u043a\u0430 \u041a\u043e\u043d\u0433\u043e", "NAME_UR": "\u062c\u0645\u06c1\u0648\u0631\u06cc \u062c\u0645\u06c1\u0648\u0631\u06cc\u06c1 \u06a9\u0627\u0646\u06af\u0648", "NAME_VI": "C\u1ed9ng h\u00f2a D\u00e2n ch\u1ee7 Congo", "NAME_ZH": "\u521a\u679c\u6c11\u4e3b\u5171\u548c\u56fd", "NAME_ZHT": "\u525b\u679c\u6c11\u4e3b\u5171\u548c\u570b", "FCLASS_ISO": "Admin-0 country", "TLC_DIFF": null, "FCLASS_TLC": "Admin-0 country", "FCLASS_US": null, "FCLASS_FR": null, "FCLASS_RU": null, "FCLASS_ES": null, "FCLASS_CN": null, "FCLASS_TW": null, "FCLASS_IN": null, "FCLASS_NP": null, "FCLASS_PK": null, "FCLASS_DE": null, "FCLASS_GB": null, "FCLASS_BR": null, "FCLASS_IL": null, "FCLASS_PS": null, "FCLASS_SA": null, "FCLASS_EG": null, "FCLASS_MA": null, "FCLASS_PT": null, "FCLASS_AR": null, "FCLASS_JP": null, "FCLASS_KO": null, "FCLASS_VN": null, "FCLASS_TR": null, "FCLASS_ID": null, "FCLASS_PL": null, "FCLASS_GR": null, "FCLASS_IT": null, "FCLASS_NL": null, "FCLASS_SE": null, "FCLASS_BD": null, "FCLASS_UA": null, "cartogram_scale": 0.3, "dc_count": 0, "dc_code": "OTHER"}, "geometry": {"type": "Polygon", "coordinates": [[[24.9909, -4.0197], [25.0448, -4.2957], [25.0149, -4.4517], [25.0749, -4.6257], [25.2489, -4.7937], [25.4109, -5.1717], [25.4109, -5.1717], [25.2927, -5.1411], [24.8897, -5.1918], [24.8093, -5.2276], [24.7238, -5.4191], [24.791, -5.5514], [24.7377, -5.9066], [24.7005, -6.2078], [24.7816, -6.2611], [24.9913, -6.3779], [25.0737, -6.3233], [25.0987, -6.6468], [24.8691, -6.6444], [24.7459, -6.4793], [24.6354, -6.3514], [24.4055, -6.3095], [24.3382, -6.1523], [24.1548, -6.247], [23.9145, -6.2052], [23.8143, -6.069], [23.6238, -6.0413], [23.4832, -6.0485], [23.466, -5.9553], [23.3625, -5.9477], [23.2259, -5.93], [23.0401, -5.975], [22.9097, -5.9676], [22.8354, -5.9951], [22.8515, -5.6381], [22.7514, -5.5268], [22.7294, -5.3423], [22.7736, -5.1614], [22.7128, -5.0457], [22.7073, -4.8569], [22.3433, -4.8596], [22.3694, -4.7515], [22.2163, -4.7526], [22.2002, -4.8046], [22.0141, -4.8163], [21.9388, -4.9911], [21.8939, -5.0661], [21.7281, -5.0238], [21.6291, -5.066], [21.4307, -5.0902], [21.3159, -4.9334], [21.2469, -4.8364], [21.1608, -4.6565], [21.0868, -4.4329], [20.2015, -4.4289], [20.0963, -4.465], [20.0094, -4.4594], [19.8856, -4.4997], [19.8436, -4.4066], [19.9199, -4.375], [19.9293, -4.2442], [19.9783, -4.1671], [20.0875, -4.104], [20.1663, -4.1346], [20.2689, -4.0197], [20.4323, -4.0227], [20.4516, -4.1076], [20.5636, -4.1607], [20.7402, -3.9727], [20.9149, -3.8262], [20.9907, -3.7302], [20.9807, -3.4834], [21.111, -3.1919], [21.2484, -3.0374], [21.446, -2.8928], [21.4804, -2.7971], [21.4879, -2.6871], [21.5368, -2.583], [21.5211, -2.413], [21.5585, -2.1471], [21.6171, -1.96], [21.707, -1.7995], [21.7248, -1.6184], [21.7517, -1.4091], [21.8685, -1.2568], [22.0292, -1.1602], [22.2761, -1.2622], [22.4671, -1.3728], [22.6866, -1.4024], [22.9104, -1.4609], [23.0001, -1.2798], [23.0413, -1.2566], [23.178, -1.2868], [23.512, -1.137], [23.6304, -1.2005], [23.7275, -1.1915], [23.7725, -1.1185], [23.884, -1.0928], [24.1097, -1.1244], [24.3021, -1.1313], [24.4011, -1.0995], [24.5828, -1.3471], [24.7176, -1.3835], [24.7979, -1.3331], [24.9366, -1.3529], [25.1037, -1.2894], [25.1749, -1.4176], [25.439, -1.6169], [25.439, -1.6169], [25.4209, -1.9677], [25.5411, -2.0083], [25.4447, -2.1149], [25.3294, -2.1945], [25.2147, -2.351], [25.1516, -2.4905], [25.1347, -2.7313], [25.0652, -2.8459], [25.0627, -3.0721], [24.9764, -3.1557], [24.9653, -3.3342], [24.9241, -3.3573], [24.8963, -3.5214], [24.9718, -3.6578], [24.9909, -4.0197]]]}}, {"type": "Feature", "properties": {"featurecla": "Admin-0 country", "scalerank": 1, "LABELRANK": 6, "SOVEREIGNT": "Somalia", "SOV_A3": "SOM", "ADM0_DIF": 0, "LEVEL": 2, "TYPE": "Sovereign country", "TLC": "1", "ADMIN": "Somalia", "ADM0_A3": "SOM", "GEOU_DIF": 0, "GEOUNIT": "Somalia", "GU_A3": "SOM", "SU_DIF": 0, "SUBUNIT": "Somalia", "SU_A3": "SOM", "BRK_DIFF": 0, "NAME": "Somalia", "NAME_LONG": "Somalia", "BRK_A3": "SOM", "BRK_NAME": "Somalia", "BRK_GROUP": null, "ABBREV": "Som.", "POSTAL": "SO", "FORMAL_EN": "Federal Republic of Somalia", "FORMAL_FR": null, "NAME_CIAWF": "Somalia", "NOTE_ADM0": null, "NOTE_BRK": null, "NAME_SORT": "Somalia", "NAME_ALT": null, "MAPCOLOR7": 2, "MAPCOLOR8": 8, "MAPCOLOR9": 6, "MAPCOLOR13": 7, "POP_EST": 10192317.3, "POP_RANK": 14, "POP_YEAR": 2019, "GDP_MD": 4719, "GDP_YEAR": 2016, "ECONOMY": "7. Least developed region", "INCOME_GRP": "5. Low income", "FIPS_10": "SO", "ISO_A2": "SO", "ISO_A2_EH": "SO", "ISO_A3": "SOM", "ISO_A3_EH": "SOM", "ISO_N3": "706", "ISO_N3_EH": "706", "UN_A3": "706", "WB_A2": "SO", "WB_A3": "SOM", "WOE_ID": -90, "WOE_ID_EH": 23424949, "WOE_NOTE": "Includes Somaliland (2347021, 2347020, 2347017 and portion of 2347016)", "ADM0_ISO": "SOM", "ADM0_DIFF": null, "ADM0_TLC": "SOM", "ADM0_A3_US": "SOM", "ADM0_A3_FR": "SOM", "ADM0_A3_RU": "SOM", "ADM0_A3_ES": "SOM", "ADM0_A3_CN": "SOM", "ADM0_A3_TW": "SOM", "ADM0_A3_IN": "SOM", "ADM0_A3_NP": "SOM", "ADM0_A3_PK": "SOM", "ADM0_A3_DE": "SOM", "ADM0_A3_GB": "SOM", "ADM0_A3_BR": "SOM", "ADM0_A3_IL": "SOM", "ADM0_A3_PS": "SOM", "ADM0_A3_SA": "SOM", "ADM0_A3_EG": "SOM", "ADM0_A3_MA": "SOM", "ADM0_A3_PT": "SOM", "ADM0_A3_AR": "SOM", "ADM0_A3_JP": "SOM", "ADM0_A3_KO": "SOM", "ADM0_A3_VN": "SOM", "ADM0_A3_TR": "SOM", "ADM0_A3_ID": "SOM", "ADM0_A3_PL": "SOM", "ADM0_A3_GR": "SOM", "ADM0_A3_IT": "SOM", "ADM0_A3_NL": "SOM", "ADM0_A3_SE": "SOM", "ADM0_A3_BD": "SOM", "ADM0_A3_UA": "SOM", "ADM0_A3_UN": -99, "ADM0_A3_WB": -99, "CONTINENT": "Africa", "REGION_UN": "Africa", "SUBREGION": "Eastern Africa", "REGION_WB": "Sub-Saharan Africa", "NAME_LEN": 7, "LONG_LEN": 7, "ABBREV_LEN": 4, "TINY": -99, "HOMEPART": 1, "MIN_ZOOM": 0, "MIN_LABEL": 4, "MAX_LABEL": 9, "LABEL_X": 45.19238, "LABEL_Y": 3.568925, "NE_ID": 1159321261, "WIKIDATAID": "Q1045", "NAME_AR": "\u0627\u0644\u0635\u0648\u0645\u0627\u0644", "NAME_BN": "\u09b8\u09cb\u09ae\u09be\u09b2\u09bf\u09af\u09bc\u09be", "NAME_DE": "Somalia", "NAME_EN": "Somalia", "NAME_ES": "Somalia", "NAME_FA": "\u0633\u0648\u0645\u0627\u0644\u06cc", "NAME_FR": "Somalie", "NAME_EL": "\u03a3\u03bf\u03bc\u03b1\u03bb\u03af\u03b1", "NAME_HE": "\u05e1\u05d5\u05de\u05dc\u05d9\u05d4", "NAME_HI": "\u0938\u094b\u092e\u093e\u0932\u093f\u092f\u093e", "NAME_HU": "Szom\u00e1lia", "NAME_ID": "Somalia", "NAME_IT": "Somalia", "NAME_JA": "\u30bd\u30de\u30ea\u30a2", "NAME_KO": "\uc18c\ub9d0\ub9ac\uc544", "NAME_NL": "Somali\u00eb", "NAME_PL": "Somalia", "NAME_PT": "Som\u00e1lia", "NAME_RU": "\u0421\u043e\u043c\u0430\u043b\u0438", "NAME_SV": "Somalia", "NAME_TR": "Somali", "NAME_UK": "\u0421\u043e\u043c\u0430\u043b\u0456", "NAME_UR": "\u0635\u0648\u0645\u0627\u0644\u06cc\u06c1", "NAME_VI": "Somalia", "NAME_ZH": "\u7d22\u9a6c\u91cc", "NAME_ZHT": "\u7d22\u99ac\u5229\u4e9e", "FCLASS_ISO": "Admin-0 country", "TLC_DIFF": null, "FCLASS_TLC": "Admin-0 country", "FCLASS_US": null, "FCLASS_FR": null, "FCLASS_RU": null, "FCLASS_ES": null, "FCLASS_CN": null, "FCLASS_TW": null, "FCLASS_IN": null, "FCLASS_NP": null, "FCLASS_PK": null, "FCLASS_DE": null, "FCLASS_GB": null, "FCLASS_BR": null, "FCLASS_IL": null, "FCLASS_PS": null, "FCLASS_SA": null, "FCLASS_EG": null, "FCLASS_MA": null, "FCLASS_PT": null, "FCLASS_AR": null, "FCLASS_JP": null, "FCLASS_KO": null, "FCLASS_VN": null, "FCLASS_TR": null, "FCLASS_ID": null, "FCLASS_PL": null, "FCLASS_GR": null, "FCLASS_IT": null, "FCLASS_NL": null, "FCLASS_SE": null, "FCLASS_BD": null, "FCLASS_UA": null, "cartogram_scale": 0.3, "dc_count": 0, "dc_code": "OTHER"}, "geometry": {"type": "Polygon", "coordinates": [[[45.3037, 4.0825], [45.126, 4.33], [45.1225, 5.4229], [45.3847, 5.7632], [45.4667, 5.8578], [45.659, 5.8633], [45.9264, 6.0748], [46.3172, 6.088], [47.165, 6.9884], [47.3742, 7.2388], [47.5096, 7.423], [47.5096, 7.5796], [47.5097, 7.8822], [47.5107, 8.0058], [47.5126, 8.0107], [47.5126, 8.0107], [47.6085, 8.0166], [47.7467, 8.0612], [47.9058, 8.0914], [48.0477, 8.1941], [48.1615, 8.1949], [48.1683, 8.112], [48.1406, 7.9375], [48.1417, 7.7798], [48.0784, 7.6714], [47.9939, 7.3471], [47.8494, 7.012], [47.6639, 6.6289], [47.4065, 6.1892], [47.1504, 5.8533], [46.7976, 5.4441], [46.4973, 5.2012], [46.0486, 4.9034], [45.7689, 4.6752], [45.4406, 4.3118], [45.3714, 4.1536], [45.3037, 4.0825]]]}}, {"type": "Feature", "properties": {"featurecla": "Admin-0 country", "scalerank": 1, "LABELRANK": 2, "SOVEREIGNT": "Kenya", "SOV_A3": "KEN", "ADM0_DIF": 0, "LEVEL": 2, "TYPE": "Sovereign country", "TLC": "1", "ADMIN": "Kenya", "ADM0_A3": "KEN", "GEOU_DIF": 0, "GEOUNIT": "Kenya", "GU_A3": "KEN", "SU_DIF": 0, "SUBUNIT": "Kenya", "SU_A3": "KEN", "BRK_DIFF": 0, "NAME": "Kenya", "NAME_LONG": "Kenya", "BRK_A3": "KEN", "BRK_NAME": "Kenya", "BRK_GROUP": null, "ABBREV": "Ken.", "POSTAL": "KE", "FORMAL_EN": "Republic of Kenya", "FORMAL_FR": null, "NAME_CIAWF": "Kenya", "NOTE_ADM0": null, "NOTE_BRK": null, "NAME_SORT": "Kenya", "NAME_ALT": null, "MAPCOLOR7": 5, "MAPCOLOR8": 2, "MAPCOLOR9": 7, "MAPCOLOR13": 3, "POP_EST": 52573973, "POP_RANK": 16, "POP_YEAR": 2019, "GDP_MD": 95503, "GDP_YEAR": 2019, "ECONOMY": "5. Emerging region: G20", "INCOME_GRP": "5. Low income", "FIPS_10": "KE", "ISO_A2": "KE", "ISO_A2_EH": "KE", "ISO_A3": "KEN", "ISO_A3_EH": "KEN", "ISO_N3": "404", "ISO_N3_EH": "404", "UN_A3": "404", "WB_A2": "KE", "WB_A3": "KEN", "WOE_ID": 23424863, "WOE_ID_EH": 23424863, "WOE_NOTE": "Exact WOE match as country", "ADM0_ISO": "KEN", "ADM0_DIFF": null, "ADM0_TLC": "KEN", "ADM0_A3_US": "KEN", "ADM0_A3_FR": "KEN", "ADM0_A3_RU": "KEN", "ADM0_A3_ES": "KEN", "ADM0_A3_CN": "KEN", "ADM0_A3_TW": "KEN", "ADM0_A3_IN": "KEN", "ADM0_A3_NP": "KEN", "ADM0_A3_PK": "KEN", "ADM0_A3_DE": "KEN", "ADM0_A3_GB": "KEN", "ADM0_A3_BR": "KEN", "ADM0_A3_IL": "KEN", "ADM0_A3_PS": "KEN", "ADM0_A3_SA": "KEN", "ADM0_A3_EG": "KEN", "ADM0_A3_MA": "KEN", "ADM0_A3_PT": "KEN", "ADM0_A3_AR": "KEN", "ADM0_A3_JP": "KEN", "ADM0_A3_KO": "KEN", "ADM0_A3_VN": "KEN", "ADM0_A3_TR": "KEN", "ADM0_A3_ID": "KEN", "ADM0_A3_PL": "KEN", "ADM0_A3_GR": "KEN", "ADM0_A3_IT": "KEN", "ADM0_A3_NL": "KEN", "ADM0_A3_SE": "KEN", "ADM0_A3_BD": "KEN", "ADM0_A3_UA": "KEN", "ADM0_A3_UN": -99, "ADM0_A3_WB": -99, "CONTINENT": "Africa", "REGION_UN": "Africa", "SUBREGION": "Eastern Africa", "REGION_WB": "Sub-Saharan Africa", "NAME_LEN": 5, "LONG_LEN": 5, "ABBREV_LEN": 4, "TINY": -99, "HOMEPART": 1, "MIN_ZOOM": 0, "MIN_LABEL": 1.7, "MAX_LABEL": 6.7, "LABEL_X": 37.907632, "LABEL_Y": 0.549043, "NE_ID": 1159320971, "WIKIDATAID": "Q114", "NAME_AR": "\u0643\u064a\u0646\u064a\u0627", "NAME_BN": "\u0995\u09c7\u09a8\u09bf\u09af\u09bc\u09be", "NAME_DE": "Kenia", "NAME_EN": "Kenya", "NAME_ES": "Kenia", "NAME_FA": "\u06a9\u0646\u06cc\u0627", "NAME_FR": "Kenya", "NAME_EL": "\u039a\u03ad\u03bd\u03c5\u03b1", "NAME_HE": "\u05e7\u05e0\u05d9\u05d4", "NAME_HI": "\u0915\u0940\u0928\u093f\u092f\u093e", "NAME_HU": "Kenya", "NAME_ID": "Kenya", "NAME_IT": "Kenya", "NAME_JA": "\u30b1\u30cb\u30a2", "NAME_KO": "\ucf00\ub0d0", "NAME_NL": "Kenia", "NAME_PL": "Kenia", "NAME_PT": "Qu\u00e9nia", "NAME_RU": "\u041a\u0435\u043d\u0438\u044f", "NAME_SV": "Kenya", "NAME_TR": "Kenya", "NAME_UK": "\u041a\u0435\u043d\u0456\u044f", "NAME_UR": "\u06a9\u06cc\u0646\u06cc\u0627", "NAME_VI": "Kenya", "NAME_ZH": "\u80af\u5c3c\u4e9a", "NAME_ZHT": "\u80af\u4e9e", "FCLASS_ISO": "Admin-0 country", "TLC_DIFF": null, "FCLASS_TLC": "Admin-0 country", "FCLASS_US": null, "FCLASS_FR": null, "FCLASS_RU": null, "FCLASS_ES": null, "FCLASS_CN": null, "FCLASS_TW": null, "FCLASS_IN": null, "FCLASS_NP": null, "FCLASS_PK": null, "FCLASS_DE": null, "FCLASS_GB": null, "FCLASS_BR": null, "FCLASS_IL": null, "FCLASS_PS": null, "FCLASS_SA": null, "FCLASS_EG": null, "FCLASS_MA": null, "FCLASS_PT": null, "FCLASS_AR": null, "FCLASS_JP": null, "FCLASS_KO": null, "FCLASS_VN": null, "FCLASS_TR": null, "FCLASS_ID": null, "FCLASS_PL": null, "FCLASS_GR": null, "FCLASS_IT": null, "FCLASS_NL": null, "FCLASS_SE": null, "FCLASS_BD": null, "FCLASS_UA": null, "cartogram_scale": 0.45, "dc_count": 4, "dc_code": "KEN"}, "geometry": {"type": "Polygon", "coordinates": [[[38.444, -1.4916], [37.7982, -1.0417], [37.7675, -0.7807], [36.1357, 0.136], [36.0597, 0.1855], [36.0552, 0.6624], [36.184, 0.8447], [36.4055, 1.1426], [36.5692, 1.4706], [36.3713, 1.9871], [36.3187, 2.213], [36.1053, 2.5254], [36.3821, 2.7942], [36.6871, 3.0907], [36.9209, 3.0152], [36.9209, 2.7626], [37.0746, 2.6145], [37.3878, 2.6145], [37.9575, 2.2323], [38.0997, 2.2278], [38.2051, 2.2402], [38.3047, 2.1883], [38.6048, 2.1529], [38.7378, 2.3404], [39.1489, 2.5286], [39.3304, 2.3765], [39.6378, 2.3765], [39.2445, 1.866], [39.2499, 0.2267], [39.5164, -0.1445], [39.2012, -0.3242], [39.0901, -0.5119], [38.9214, -0.5449], [38.8576, -0.862], [38.7131, -1.0436], [38.6252, -1.343], [38.444, -1.4916]]]}}, {"type": "Feature", "properties": {"featurecla": "Admin-0 country", "scalerank": 1, "LABELRANK": 3, "SOVEREIGNT": "Sudan", "SOV_A3": "SDN", "ADM0_DIF": 0, "LEVEL": 2, "TYPE": "Sovereign country", "TLC": "1", "ADMIN": "Sudan", "ADM0_A3": "SDN", "GEOU_DIF": 0, "GEOUNIT": "Sudan", "GU_A3": "SDN", "SU_DIF": 0, "SUBUNIT": "Sudan", "SU_A3": "SDN", "BRK_DIFF": 0, "NAME": "Sudan", "NAME_LONG": "Sudan", "BRK_A3": "SDN", "BRK_NAME": "Sudan", "BRK_GROUP": null, "ABBREV": "Sudan", "POSTAL": "SD", "FORMAL_EN": "Republic of the Sudan", "FORMAL_FR": null, "NAME_CIAWF": "Sudan", "NOTE_ADM0": null, "NOTE_BRK": null, "NAME_SORT": "Sudan", "NAME_ALT": null, "MAPCOLOR7": 2, "MAPCOLOR8": 6, "MAPCOLOR9": 4, "MAPCOLOR13": 1, "POP_EST": 42813238, "POP_RANK": 15, "POP_YEAR": 2019, "GDP_MD": 30513, "GDP_YEAR": 2019, "ECONOMY": "6. Developing region", "INCOME_GRP": "4. Lower middle income", "FIPS_10": "SU", "ISO_A2": "SD", "ISO_A2_EH": "SD", "ISO_A3": "SDN", "ISO_A3_EH": "SDN", "ISO_N3": "729", "ISO_N3_EH": "729", "UN_A3": "729", "WB_A2": "SD", "WB_A3": "SDN", "WOE_ID": -90, "WOE_ID_EH": 23424952, "WOE_NOTE": "Almost all FLickr photos are in the north.", "ADM0_ISO": "SDZ", "ADM0_DIFF": null, "ADM0_TLC": "SDZ", "ADM0_A3_US": "SDN", "ADM0_A3_FR": "SDN", "ADM0_A3_RU": "SDN", "ADM0_A3_ES": "SDN", "ADM0_A3_CN": "SDN", "ADM0_A3_TW": "SDN", "ADM0_A3_IN": "SDN", "ADM0_A3_NP": "SDN", "ADM0_A3_PK": "SDN", "ADM0_A3_DE": "SDN", "ADM0_A3_GB": "SDN", "ADM0_A3_BR": "SDN", "ADM0_A3_IL": "SDN", "ADM0_A3_PS": "SDN", "ADM0_A3_SA": "SDN", "ADM0_A3_EG": "SDN", "ADM0_A3_MA": "SDN", "ADM0_A3_PT": "SDN", "ADM0_A3_AR": "SDN", "ADM0_A3_JP": "SDN", "ADM0_A3_KO": "SDN", "ADM0_A3_VN": "SDN", "ADM0_A3_TR": "SDN", "ADM0_A3_ID": "SDN", "ADM0_A3_PL": "SDN", "ADM0_A3_GR": "SDN", "ADM0_A3_IT": "SDN", "ADM0_A3_NL": "SDN", "ADM0_A3_SE": "SDN", "ADM0_A3_BD": "SDN", "ADM0_A3_UA": "SDN", "ADM0_A3_UN": -99, "ADM0_A3_WB": -99, "CONTINENT": "Africa", "REGION_UN": "Africa", "SUBREGION": "Northern Africa", "REGION_WB": "Sub-Saharan Africa", "NAME_LEN": 5, "LONG_LEN": 5, "ABBREV_LEN": 5, "TINY": -99, "HOMEPART": 1, "MIN_ZOOM": 0, "MIN_LABEL": 2.5, "MAX_LABEL": 8, "LABEL_X": 29.260657, "LABEL_Y": 16.330746, "NE_ID": 1159321229, "WIKIDATAID": "Q1049", "NAME_AR": "\u0627\u0644\u0633\u0648\u062f\u0627\u0646", "NAME_BN": "\u09b8\u09c1\u09a6\u09be\u09a8", "NAME_DE": "Sudan", "NAME_EN": "Sudan", "NAME_ES": "Sud\u00e1n", "NAME_FA": "\u0633\u0648\u062f\u0627\u0646", "NAME_FR": "Soudan", "NAME_EL": "\u03a3\u03bf\u03c5\u03b4\u03ac\u03bd", "NAME_HE": "\u05e1\u05d5\u05d3\u05d0\u05df", "NAME_HI": "\u0938\u0942\u0921\u093e\u0928", "NAME_HU": "Szud\u00e1n", "NAME_ID": "Sudan", "NAME_IT": "Sudan", "NAME_JA": "\u30b9\u30fc\u30c0\u30f3", "NAME_KO": "\uc218\ub2e8", "NAME_NL": "Soedan", "NAME_PL": "Sudan", "NAME_PT": "Sud\u00e3o", "NAME_RU": "\u0421\u0443\u0434\u0430\u043d", "NAME_SV": "Sudan", "NAME_TR": "Sudan", "NAME_UK": "\u0421\u0443\u0434\u0430\u043d", "NAME_UR": "\u0633\u0648\u0688\u0627\u0646", "NAME_VI": "Sudan", "NAME_ZH": "\u82cf\u4e39", "NAME_ZHT": "\u8607\u4e39", "FCLASS_ISO": "Admin-0 country", "TLC_DIFF": null, "FCLASS_TLC": "Admin-0 country", "FCLASS_US": null, "FCLASS_FR": null, "FCLASS_RU": null, "FCLASS_ES": null, "FCLASS_CN": null, "FCLASS_TW": null, "FCLASS_IN": null, "FCLASS_NP": null, "FCLASS_PK": null, "FCLASS_DE": null, "FCLASS_GB": null, "FCLASS_BR": null, "FCLASS_IL": null, "FCLASS_PS": null, "FCLASS_SA": null, "FCLASS_EG": null, "FCLASS_MA": null, "FCLASS_PT": null, "FCLASS_AR": null, "FCLASS_JP": null, "FCLASS_KO": null, "FCLASS_VN": null, "FCLASS_TR": null, "FCLASS_ID": null, "FCLASS_PL": null, "FCLASS_GR": null, "FCLASS_IT": null, "FCLASS_NL": null, "FCLASS_SE": null, "FCLASS_BD": null, "FCLASS_UA": null, "cartogram_scale": 0.3, "dc_count": 0, "dc_code": "OTHER"}, "geometry": {"type": "Polygon", "coordinates": [[[27.9064, 11.4343], [27.678, 11.5655], [27.5739, 11.6519], [27.5546, 11.7451], [27.6034, 11.8699], [27.6025, 11.9924], [27.4295, 12.1799], [27.3955, 12.3083], [27.3991, 12.381], [27.2888, 12.4694], [27.2855, 12.6437], [27.2226, 12.7594], [27.1173, 12.742], [27.1475, 12.8522], [27.2252, 12.9773], [27.1912, 13.1015], [27.2898, 13.1935], [27.2273, 13.2636], [27.3066, 13.4489], [27.4436, 13.6698], [27.7023, 13.6488], [27.6875, 14.8397], [27.6912, 14.9656], [28.0362, 14.9665], [28.0362, 15.5656], [29.2422, 15.5656], [30.4062, 15.5656], [31.5961, 15.5656], [31.6928, 15.2712], [31.627, 15.2168], [31.6706, 14.908], [31.7807, 14.5498], [31.895, 14.4759], [32.0592, 14.3651], [31.9074, 14.1938], [31.6864, 14.1445], [31.592, 14.0525], [31.5624, 13.8531], [31.4332, 13.4123], [31.4651, 13.2922], [31.4173, 13.0346], [31.2953, 12.7391], [31.1144, 12.5904], [30.9857, 12.3613], [30.9556, 12.2386], [30.8134, 12.1546], [30.7247, 11.8407], [30.7287, 11.571], [30.7252, 11.8049], [30.6837, 11.8108], [30.6888, 11.9602], [30.6528, 12.0632], [30.4983, 12.1816], [30.4622, 12.3979], [30.4983, 12.6194], [30.3592, 12.64], [30.3386, 12.573], [30.1584, 12.5576], [30.2305, 12.47], [30.2562, 12.2898], [30.0914, 12.125], [29.9421, 11.9087], [29.7876, 11.8778], [29.5352, 12.0529], [29.4219, 11.9911], [29.391, 11.9035], [29.2365, 11.8469], [29.2262, 11.7851], [28.9275, 11.7851], [28.8863, 11.8469], [28.67, 11.8572], [28.5618, 11.8057], [28.4794, 11.8314], [28.3249, 12.0065], [28.2734, 12.0889], [28.0571, 12.0477], [27.9747, 11.9087], [27.8974, 11.6408], [27.7944, 11.5842], [27.7023, 11.5515], [27.9064, 11.4343]]]}}, {"type": "Feature", "properties": {"featurecla": "Admin-0 country", "scalerank": 1, "LABELRANK": 3, "SOVEREIGNT": "Chad", "SOV_A3": "TCD", "ADM0_DIF": 0, "LEVEL": 2, "TYPE": "Sovereign country", "TLC": "1", "ADMIN": "Chad", "ADM0_A3": "TCD", "GEOU_DIF": 0, "GEOUNIT": "Chad", "GU_A3": "TCD", "SU_DIF": 0, "SUBUNIT": "Chad", "SU_A3": "TCD", "BRK_DIFF": 0, "NAME": "Chad", "NAME_LONG": "Chad", "BRK_A3": "TCD", "BRK_NAME": "Chad", "BRK_GROUP": null, "ABBREV": "Chad", "POSTAL": "TD", "FORMAL_EN": "Republic of Chad", "FORMAL_FR": null, "NAME_CIAWF": "Chad", "NOTE_ADM0": null, "NOTE_BRK": null, "NAME_SORT": "Chad", "NAME_ALT": null, "MAPCOLOR7": 6, "MAPCOLOR8": 1, "MAPCOLOR9": 8, "MAPCOLOR13": 6, "POP_EST": 15946876, "POP_RANK": 14, "POP_YEAR": 2019, "GDP_MD": 11314, "GDP_YEAR": 2019, "ECONOMY": "7. Least developed region", "INCOME_GRP": "5. Low income", "FIPS_10": "CD", "ISO_A2": "TD", "ISO_A2_EH": "TD", "ISO_A3": "TCD", "ISO_A3_EH": "TCD", "ISO_N3": "148", "ISO_N3_EH": "148", "UN_A3": "148", "WB_A2": "TD", "WB_A3": "TCD", "WOE_ID": 23424777, "WOE_ID_EH": 23424777, "WOE_NOTE": "Exact WOE match as country", "ADM0_ISO": "TCD", "ADM0_DIFF": null, "ADM0_TLC": "TCD", "ADM0_A3_US": "TCD", "ADM0_A3_FR": "TCD", "ADM0_A3_RU": "TCD", "ADM0_A3_ES": "TCD", "ADM0_A3_CN": "TCD", "ADM0_A3_TW": "TCD", "ADM0_A3_IN": "TCD", "ADM0_A3_NP": "TCD", "ADM0_A3_PK": "TCD", "ADM0_A3_DE": "TCD", "ADM0_A3_GB": "TCD", "ADM0_A3_BR": "TCD", "ADM0_A3_IL": "TCD", "ADM0_A3_PS": "TCD", "ADM0_A3_SA": "TCD", "ADM0_A3_EG": "TCD", "ADM0_A3_MA": "TCD", "ADM0_A3_PT": "TCD", "ADM0_A3_AR": "TCD", "ADM0_A3_JP": "TCD", "ADM0_A3_KO": "TCD", "ADM0_A3_VN": "TCD", "ADM0_A3_TR": "TCD", "ADM0_A3_ID": "TCD", "ADM0_A3_PL": "TCD", "ADM0_A3_GR": "TCD", "ADM0_A3_IT": "TCD", "ADM0_A3_NL": "TCD", "ADM0_A3_SE": "TCD", "ADM0_A3_BD": "TCD", "ADM0_A3_UA": "TCD", "ADM0_A3_UN": -99, "ADM0_A3_WB": -99, "CONTINENT": "Africa", "REGION_UN": "Africa", "SUBREGION": "Middle Africa", "REGION_WB": "Sub-Saharan Africa", "NAME_LEN": 4, "LONG_LEN": 4, "ABBREV_LEN": 4, "TINY": -99, "HOMEPART": 1, "MIN_ZOOM": 0, "MIN_LABEL": 3, "MAX_LABEL": 8, "LABEL_X": 18.645041, "LABEL_Y": 15.142959, "NE_ID": 1159321301, "WIKIDATAID": "Q657", "NAME_AR": "\u062a\u0634\u0627\u062f", "NAME_BN": "\u099a\u09be\u09a6", "NAME_DE": "Tschad", "NAME_EN": "Chad", "NAME_ES": "Chad", "NAME_FA": "\u0686\u0627\u062f", "NAME_FR": "Tchad", "NAME_EL": "\u03a4\u03c3\u03b1\u03bd\u03c4", "NAME_HE": "\u05e6'\u05d0\u05d3", "NAME_HI": "\u091a\u093e\u0921", "NAME_HU": "Cs\u00e1d", "NAME_ID": "Chad", "NAME_IT": "Ciad", "NAME_JA": "\u30c1\u30e3\u30c9", "NAME_KO": "\ucc28\ub4dc", "NAME_NL": "Tsjaad", "NAME_PL": "Czad", "NAME_PT": "Chade", "NAME_RU": "\u0427\u0430\u0434", "NAME_SV": "Tchad", "NAME_TR": "\u00c7ad", "NAME_UK": "\u0427\u0430\u0434", "NAME_UR": "\u0686\u0627\u0688", "NAME_VI": "Tchad", "NAME_ZH": "\u4e4d\u5f97", "NAME_ZHT": "\u67e5\u5fb7", "FCLASS_ISO": "Admin-0 country", "TLC_DIFF": null, "FCLASS_TLC": "Admin-0 country", "FCLASS_US": null, "FCLASS_FR": null, "FCLASS_RU": null, "FCLASS_ES": null, "FCLASS_CN": null, "FCLASS_TW": null, "FCLASS_IN": null, "FCLASS_NP": null, "FCLASS_PK": null, "FCLASS_DE": null, "FCLASS_GB": null, "FCLASS_BR": null, "FCLASS_IL": null, "FCLASS_PS": null, "FCLASS_SA": null, "FCLASS_EG": null, "FCLASS_MA": null, "FCLASS_PT": null, "FCLASS_AR": null, "FCLASS_JP": null, "FCLASS_KO": null, "FCLASS_VN": null, "FCLASS_TR": null, "FCLASS_ID": null, "FCLASS_PL": null, "FCLASS_GR": null, "FCLASS_IT": null, "FCLASS_NL": null, "FCLASS_SE": null, "FCLASS_BD": null, "FCLASS_UA": null, "cartogram_scale": 0.3, "dc_count": 0, "dc_code": "OTHER"}, "geometry": {"type": "Polygon", "coordinates": [[[19.7482, 14.9712], [19.763, 13.7803], [19.5043, 13.8012], [19.3673, 13.5803], [19.2879, 13.3951], [19.3505, 13.325], [19.2519, 13.233], [19.2859, 13.1087], [19.2082, 12.9837], [19.1779, 12.8735], [19.2833, 12.8908], [19.3462, 12.7751], [19.3495, 12.6008], [19.4598, 12.5124], [19.4561, 12.4397], [19.2662, 12.3886], [19.114, 12.2671], [18.8972, 11.9398], [18.6148, 11.8008], [18.3251, 11.8195], [18.2405, 11.7919], [18.2702, 11.6863], [18.1138, 11.5814], [17.9864, 11.4643], [17.6087, 11.3495], [17.5337, 11.4174], [17.4841, 11.4233], [17.4288, 11.3461], [17.1807, 11.3236], [17.2277, 11.4049], [17.1331, 11.6117], [17.0909, 11.7358], [16.9602, 11.7868], [16.7832, 11.9619], [16.8483, 12.1034], [16.9851, 12.0733], [17.0697, 12.0947], [17.2373, 12.0917], [17.074, 12.3644], [17.0849, 12.5637], [17.0649, 12.7627], [16.9456, 12.9548], [16.9756, 13.0961], [16.7832, 13.103], [16.7839, 13.296], [16.659, 13.4072], [16.7885, 13.8023], [17.1712, 14.0852], [17.187, 14.4754], [17.3026, 15.0842], [17.3679, 15.2133], [17.243, 15.3161], [17.2382, 15.4115], [17.126, 15.4896], [17.0523, 15.9559], [17.3551, 16.1199], [18.5517, 15.5455], [19.7482, 14.9712]]]}}, {"type": "Feature", "properties": {"featurecla": "Admin-0 country", "scalerank": 1, "LABELRANK": 5, "SOVEREIGNT": "Haiti", "SOV_A3": "HTI", "ADM0_DIF": 0, "LEVEL": 2, "TYPE": "Sovereign country", "TLC": "1", "ADMIN": "Haiti", "ADM0_A3": "HTI", "GEOU_DIF": 0, "GEOUNIT": "Haiti", "GU_A3": "HTI", "SU_DIF": 0, "SUBUNIT": "Haiti", "SU_A3": "HTI", "BRK_DIFF": 0, "NAME": "Haiti", "NAME_LONG": "Haiti", "BRK_A3": "HTI", "BRK_NAME": "Haiti", "BRK_GROUP": null, "ABBREV": "Haiti", "POSTAL": "HT", "FORMAL_EN": "Republic of Haiti", "FORMAL_FR": null, "NAME_CIAWF": "Haiti", "NOTE_ADM0": null, "NOTE_BRK": null, "NAME_SORT": "Haiti", "NAME_ALT": null, "MAPCOLOR7": 2, "MAPCOLOR8": 1, "MAPCOLOR9": 7, "MAPCOLOR13": 2, "POP_EST": 11263077, "POP_RANK": 14, "POP_YEAR": 2019, "GDP_MD": 14332, "GDP_YEAR": 2019, "ECONOMY": "7. Least developed region", "INCOME_GRP": "5. Low income", "FIPS_10": "HA", "ISO_A2": "HT", "ISO_A2_EH": "HT", "ISO_A3": "HTI", "ISO_A3_EH": "HTI", "ISO_N3": "332", "ISO_N3_EH": "332", "UN_A3": "332", "WB_A2": "HT", "WB_A3": "HTI", "WOE_ID": 23424839, "WOE_ID_EH": 23424839, "WOE_NOTE": "Exact WOE match as country", "ADM0_ISO": "HTI", "ADM0_DIFF": null, "ADM0_TLC": "HTI", "ADM0_A3_US": "HTI", "ADM0_A3_FR": "HTI", "ADM0_A3_RU": "HTI", "ADM0_A3_ES": "HTI", "ADM0_A3_CN": "HTI", "ADM0_A3_TW": "HTI", "ADM0_A3_IN": "HTI", "ADM0_A3_NP": "HTI", "ADM0_A3_PK": "HTI", "ADM0_A3_DE": "HTI", "ADM0_A3_GB": "HTI", "ADM0_A3_BR": "HTI", "ADM0_A3_IL": "HTI", "ADM0_A3_PS": "HTI", "ADM0_A3_SA": "HTI", "ADM0_A3_EG": "HTI", "ADM0_A3_MA": "HTI", "ADM0_A3_PT": "HTI", "ADM0_A3_AR": "HTI", "ADM0_A3_JP": "HTI", "ADM0_A3_KO": "HTI", "ADM0_A3_VN": "HTI", "ADM0_A3_TR": "HTI", "ADM0_A3_ID": "HTI", "ADM0_A3_PL": "HTI", "ADM0_A3_GR": "HTI", "ADM0_A3_IT": "HTI", "ADM0_A3_NL": "HTI", "ADM0_A3_SE": "HTI", "ADM0_A3_BD": "HTI", "ADM0_A3_UA": "HTI", "ADM0_A3_UN": -99, "ADM0_A3_WB": -99, "CONTINENT": "North America", "REGION_UN": "Americas", "SUBREGION": "Caribbean", "REGION_WB": "Latin America & Caribbean", "NAME_LEN": 5, "LONG_LEN": 5, "ABBREV_LEN": 5, "TINY": -99, "HOMEPART": 1, "MIN_ZOOM": 0, "MIN_LABEL": 4, "MAX_LABEL": 9, "LABEL_X": -72.224051, "LABEL_Y": 19.263784, "NE_ID": 1159320839, "WIKIDATAID": "Q790", "NAME_AR": "\u0647\u0627\u064a\u062a\u064a", "NAME_BN": "\u09b9\u09be\u0987\u09a4\u09bf", "NAME_DE": "Haiti", "NAME_EN": "Haiti", "NAME_ES": "Hait\u00ed", "NAME_FA": "\u0647\u0627\u0626\u06cc\u062a\u06cc", "NAME_FR": "Ha\u00efti", "NAME_EL": "\u0391\u03ca\u03c4\u03ae", "NAME_HE": "\u05d4\u05d0\u05d9\u05d8\u05d9", "NAME_HI": "\u0939\u0948\u0924\u0940", "NAME_HU": "Haiti", "NAME_ID": "Haiti", "NAME_IT": "Haiti", "NAME_JA": "\u30cf\u30a4\u30c1", "NAME_KO": "\uc544\uc774\ud2f0", "NAME_NL": "Ha\u00efti", "NAME_PL": "Haiti", "NAME_PT": "Haiti", "NAME_RU": "\u0420\u0435\u0441\u043f\u0443\u0431\u043b\u0438\u043a\u0430 \u0413\u0430\u0438\u0442\u0438", "NAME_SV": "Haiti", "NAME_TR": "Haiti", "NAME_UK": "\u0413\u0430\u0457\u0442\u0456", "NAME_UR": "\u06c1\u06cc\u0679\u06cc", "NAME_VI": "Haiti", "NAME_ZH": "\u6d77\u5730", "NAME_ZHT": "\u6d77\u5730", "FCLASS_ISO": "Admin-0 country", "TLC_DIFF": null, "FCLASS_TLC": "Admin-0 country", "FCLASS_US": null, "FCLASS_FR": null, "FCLASS_RU": null, "FCLASS_ES": null, "FCLASS_CN": null, "FCLASS_TW": null, "FCLASS_IN": null, "FCLASS_NP": null, "FCLASS_PK": null, "FCLASS_DE": null, "FCLASS_GB": null, "FCLASS_BR": null, "FCLASS_IL": null, "FCLASS_PS": null, "FCLASS_SA": null, "FCLASS_EG": null, "FCLASS_MA": null, "FCLASS_PT": null, "FCLASS_AR": null, "FCLASS_JP": null, "FCLASS_KO": null, "FCLASS_VN": null, "FCLASS_TR": null, "FCLASS_ID": null, "FCLASS_PL": null, "FCLASS_GR": null, "FCLASS_IT": null, "FCLASS_NL": null, "FCLASS_SE": null, "FCLASS_BD": null, "FCLASS_UA": null, "cartogram_scale": 0.3, "dc_count": 0, "dc_code": "OTHER"}, "geometry": {"type": "Polygon", "coordinates": [[[-72.4055, 19.1021], [-72.3792, 18.9387], [-72.4022, 18.8234], [-72.4753, 18.7728], [-72.3981, 18.6827], [-72.4043, 18.6012], [-72.6035, 18.6522], [-72.7451, 18.6314], [-72.9281, 18.6531], [-73.0685, 18.597], [-73.2292, 18.6905], [-73.2028, 18.7872], [-72.9266, 18.7455], [-72.7003, 18.7215], [-72.5922, 18.7883], [-72.7293, 18.9182], [-72.727, 19.0328], [-72.9163, 19.0796], [-72.8487, 19.1624], [-72.6657, 19.1492], [-72.4055, 19.1021]]]}}, {"type": "Feature", "properties": {"featurecla": "Admin-0 country", "scalerank": 1, "LABELRANK": 5, "SOVEREIGNT": "Dominican Republic", "SOV_A3": "DOM", "ADM0_DIF": 0, "LEVEL": 2, "TYPE": "Sovereign country", "TLC": "1", "ADMIN": "Dominican Republic", "ADM0_A3": "DOM", "GEOU_DIF": 0, "GEOUNIT": "Dominican Republic", "GU_A3": "DOM", "SU_DIF": 0, "SUBUNIT": "Dominican Republic", "SU_A3": "DOM", "BRK_DIFF": 0, "NAME": "Dominican Rep.", "NAME_LONG": "Dominican Republic", "BRK_A3": "DOM", "BRK_NAME": "Dominican Rep.", "BRK_GROUP": null, "ABBREV": "Dom. Rep.", "POSTAL": "DO", "FORMAL_EN": "Dominican Republic", "FORMAL_FR": null, "NAME_CIAWF": "Dominican Republic", "NOTE_ADM0": null, "NOTE_BRK": null, "NAME_SORT": "Dominican Republic", "NAME_ALT": null, "MAPCOLOR7": 5, "MAPCOLOR8": 2, "MAPCOLOR9": 5, "MAPCOLOR13": 7, "POP_EST": 10738958, "POP_RANK": 14, "POP_YEAR": 2019, "GDP_MD": 88941, "GDP_YEAR": 2019, "ECONOMY": "6. Developing region", "INCOME_GRP": "3. Upper middle income", "FIPS_10": "DR", "ISO_A2": "DO", "ISO_A2_EH": "DO", "ISO_A3": "DOM", "ISO_A3_EH": "DOM", "ISO_N3": "214", "ISO_N3_EH": "214", "UN_A3": "214", "WB_A2": "DO", "WB_A3": "DOM", "WOE_ID": 23424800, "WOE_ID_EH": 23424800, "WOE_NOTE": "Exact WOE match as country", "ADM0_ISO": "DOM", "ADM0_DIFF": null, "ADM0_TLC": "DOM", "ADM0_A3_US": "DOM", "ADM0_A3_FR": "DOM", "ADM0_A3_RU": "DOM", "ADM0_A3_ES": "DOM", "ADM0_A3_CN": "DOM", "ADM0_A3_TW": "DOM", "ADM0_A3_IN": "DOM", "ADM0_A3_NP": "DOM", "ADM0_A3_PK": "DOM", "ADM0_A3_DE": "DOM", "ADM0_A3_GB": "DOM", "ADM0_A3_BR": "DOM", "ADM0_A3_IL": "DOM", "ADM0_A3_PS": "DOM", "ADM0_A3_SA": "DOM", "ADM0_A3_EG": "DOM", "ADM0_A3_MA": "DOM", "ADM0_A3_PT": "DOM", "ADM0_A3_AR": "DOM", "ADM0_A3_JP": "DOM", "ADM0_A3_KO": "DOM", "ADM0_A3_VN": "DOM", "ADM0_A3_TR": "DOM", "ADM0_A3_ID": "DOM", "ADM0_A3_PL": "DOM", "ADM0_A3_GR": "DOM", "ADM0_A3_IT": "DOM", "ADM0_A3_NL": "DOM", "ADM0_A3_SE": "DOM", "ADM0_A3_BD": "DOM", "ADM0_A3_UA": "DOM", "ADM0_A3_UN": -99, "ADM0_A3_WB": -99, "CONTINENT": "North America", "REGION_UN": "Americas", "SUBREGION": "Caribbean", "REGION_WB": "Latin America & Caribbean", "NAME_LEN": 14, "LONG_LEN": 18, "ABBREV_LEN": 9, "TINY": -99, "HOMEPART": 1, "MIN_ZOOM": 0, "MIN_LABEL": 4.5, "MAX_LABEL": 9.5, "LABEL_X": -70.653998, "LABEL_Y": 19.104137, "NE_ID": 1159320563, "WIKIDATAID": "Q786", "NAME_AR": "\u062c\u0645\u0647\u0648\u0631\u064a\u0629 \u0627\u0644\u062f\u0648\u0645\u064a\u0646\u064a\u0643\u0627\u0646", "NAME_BN": "\u09a1\u09cb\u09ae\u09bf\u09a8\u09bf\u0995\u09be\u09a8 \u09aa\u09cd\u09b0\u099c\u09be\u09a4\u09a8\u09cd\u09a4\u09cd\u09b0", "NAME_DE": "Dominikanische Republik", "NAME_EN": "Dominican Republic", "NAME_ES": "Rep\u00fablica Dominicana", "NAME_FA": "\u062c\u0645\u0647\u0648\u0631\u06cc \u062f\u0648\u0645\u06cc\u0646\u06cc\u06a9\u0646", "NAME_FR": "R\u00e9publique dominicaine", "NAME_EL": "\u0394\u03bf\u03bc\u03b9\u03bd\u03b9\u03ba\u03b1\u03bd\u03ae \u0394\u03b7\u03bc\u03bf\u03ba\u03c1\u03b1\u03c4\u03af\u03b1", "NAME_HE": "\u05d4\u05e8\u05e4\u05d5\u05d1\u05dc\u05d9\u05e7\u05d4 \u05d4\u05d3\u05d5\u05de\u05d9\u05e0\u05d9\u05e7\u05e0\u05d9\u05ea", "NAME_HI": "\u0921\u094b\u092e\u093f\u0928\u093f\u0915\u0928 \u0917\u0923\u0930\u093e\u091c\u094d\u092f", "NAME_HU": "Dominikai K\u00f6zt\u00e1rsas\u00e1g", "NAME_ID": "Republik Dominika", "NAME_IT": "Repubblica Dominicana", "NAME_JA": "\u30c9\u30df\u30cb\u30ab\u5171\u548c\u56fd", "NAME_KO": "\ub3c4\ubbf8\ub2c8\uce74 \uacf5\ud654\uad6d", "NAME_NL": "Dominicaanse Republiek", "NAME_PL": "Dominikana", "NAME_PT": "Rep\u00fablica Dominicana", "NAME_RU": "\u0414\u043e\u043c\u0438\u043d\u0438\u043a\u0430\u043d\u0441\u043a\u0430\u044f \u0420\u0435\u0441\u043f\u0443\u0431\u043b\u0438\u043a\u0430", "NAME_SV": "Dominikanska republiken", "NAME_TR": "Dominik Cumhuriyeti", "NAME_UK": "\u0414\u043e\u043c\u0456\u043d\u0456\u043a\u0430\u043d\u0441\u044c\u043a\u0430 \u0420\u0435\u0441\u043f\u0443\u0431\u043b\u0456\u043a\u0430", "NAME_UR": "\u062c\u0645\u06c1\u0648\u0631\u06cc\u06c1 \u0688\u0648\u0645\u06cc\u0646\u06cc\u06a9\u0646", "NAME_VI": "C\u1ed9ng h\u00f2a Dominica", "NAME_ZH": "\u591a\u7c73\u5c3c\u52a0", "NAME_ZHT": "\u591a\u660e\u5c3c\u52a0", "FCLASS_ISO": "Admin-0 country", "TLC_DIFF": null, "FCLASS_TLC": "Admin-0 country", "FCLASS_US": null, "FCLASS_FR": null, "FCLASS_RU": null, "FCLASS_ES": null, "FCLASS_CN": null, "FCLASS_TW": null, "FCLASS_IN": null, "FCLASS_NP": null, "FCLASS_PK": null, "FCLASS_DE": null, "FCLASS_GB": null, "FCLASS_BR": null, "FCLASS_IL": null, "FCLASS_PS": null, "FCLASS_SA": null, "FCLASS_EG": null, "FCLASS_MA": null, "FCLASS_PT": null, "FCLASS_AR": null, "FCLASS_JP": null, "FCLASS_KO": null, "FCLASS_VN": null, "FCLASS_TR": null, "FCLASS_ID": null, "FCLASS_PL": null, "FCLASS_GR": null, "FCLASS_IT": null, "FCLASS_NL": null, "FCLASS_SE": null, "FCLASS_BD": null, "FCLASS_UA": null, "cartogram_scale": 0.3, "dc_count": 0, "dc_code": "OTHER"}, "geometry": {"type": "Polygon", "coordinates": [[[-70.8579, 18.5217], [-70.8517, 18.6032], [-70.9289, 18.6933], [-70.8558, 18.7438], [-70.8329, 18.8591], [-70.8591, 19.0225], [-70.8216, 19.0737], [-70.5874, 19.0723], [-70.4097, 18.9951], [-70.3306, 19.0026], [-70.2762, 18.8962], [-70.112, 18.9022], [-70.1217, 18.8127], [-69.9882, 18.8019], [-69.8408, 18.6919], [-69.9522, 18.5697], [-70.0949, 18.635], [-70.2326, 18.6224], [-70.3313, 18.6367], [-70.3854, 18.582], [-70.5005, 18.5635], [-70.5462, 18.6363], [-70.6454, 18.5932], [-70.7655, 18.3878], [-70.8427, 18.4355], [-70.8579, 18.5217]]]}}, {"type": "Feature", "properties": {"featurecla": "Admin-0 country", "scalerank": 1, "LABELRANK": 2, "SOVEREIGNT": "Russia", "SOV_A3": "RUS", "ADM0_DIF": 0, "LEVEL": 2, "TYPE": "Sovereign country", "TLC": "1", "ADMIN": "Russia", "ADM0_A3": "RUS", "GEOU_DIF": 0, "GEOUNIT": "Russia", "GU_A3": "RUS", "SU_DIF": 0, "SUBUNIT": "Russia", "SU_A3": "RUS", "BRK_DIFF": 0, "NAME": "Russia", "NAME_LONG": "Russian Federation", "BRK_A3": "RUS", "BRK_NAME": "Russia", "BRK_GROUP": null, "ABBREV": "Rus.", "POSTAL": "RUS", "FORMAL_EN": "Russian Federation", "FORMAL_FR": null, "NAME_CIAWF": "Russia", "NOTE_ADM0": null, "NOTE_BRK": null, "NAME_SORT": "Russian Federation", "NAME_ALT": null, "MAPCOLOR7": 2, "MAPCOLOR8": 5, "MAPCOLOR9": 7, "MAPCOLOR13": 7, "POP_EST": 144373535, "POP_RANK": 17, "POP_YEAR": 2019, "GDP_MD": 1699876, "GDP_YEAR": 2019, "ECONOMY": "3. Emerging region: BRIC", "INCOME_GRP": "3. Upper middle income", "FIPS_10": "RS", "ISO_A2": "RU", "ISO_A2_EH": "RU", "ISO_A3": "RUS", "ISO_A3_EH": "RUS", "ISO_N3": "643", "ISO_N3_EH": "643", "UN_A3": "643", "WB_A2": "RU", "WB_A3": "RUS", "WOE_ID": 23424936, "WOE_ID_EH": 23424936, "WOE_NOTE": "Exact WOE match as country", "ADM0_ISO": "RUS", "ADM0_DIFF": null, "ADM0_TLC": "RUS", "ADM0_A3_US": "RUS", "ADM0_A3_FR": "RUS", "ADM0_A3_RU": "RUS", "ADM0_A3_ES": "RUS", "ADM0_A3_CN": "RUS", "ADM0_A3_TW": "RUS", "ADM0_A3_IN": "RUS", "ADM0_A3_NP": "RUS", "ADM0_A3_PK": "RUS", "ADM0_A3_DE": "RUS", "ADM0_A3_GB": "RUS", "ADM0_A3_BR": "RUS", "ADM0_A3_IL": "RUS", "ADM0_A3_PS": "RUS", "ADM0_A3_SA": "RUS", "ADM0_A3_EG": "RUS", "ADM0_A3_MA": "RUS", "ADM0_A3_PT": "RUS", "ADM0_A3_AR": "RUS", "ADM0_A3_JP": "RUS", "ADM0_A3_KO": "RUS", "ADM0_A3_VN": "RUS", "ADM0_A3_TR": "RUS", "ADM0_A3_ID": "RUS", "ADM0_A3_PL": "RUS", "ADM0_A3_GR": "RUS", "ADM0_A3_IT": "RUS", "ADM0_A3_NL": "RUS", "ADM0_A3_SE": "RUS", "ADM0_A3_BD": "RUS", "ADM0_A3_UA": "RUS", "ADM0_A3_UN": -99, "ADM0_A3_WB": -99, "CONTINENT": "Europe", "REGION_UN": "Europe", "SUBREGION": "Eastern Europe", "REGION_WB": "Europe & Central Asia", "NAME_LEN": 6, "LONG_LEN": 18, "ABBREV_LEN": 4, "TINY": -99, "HOMEPART": 1, "MIN_ZOOM": 0, "MIN_LABEL": 1.7, "MAX_LABEL": 5.2, "LABEL_X": 44.686469, "LABEL_Y": 58.249357, "NE_ID": 1159321201, "WIKIDATAID": "Q159", "NAME_AR": "\u0631\u0648\u0633\u064a\u0627", "NAME_BN": "\u09b0\u09be\u09b6\u09bf\u09af\u09bc\u09be", "NAME_DE": "Russland", "NAME_EN": "Russia", "NAME_ES": "Rusia", "NAME_FA": "\u0631\u0648\u0633\u06cc\u0647", "NAME_FR": "Russie", "NAME_EL": "\u03a1\u03c9\u03c3\u03af\u03b1", "NAME_HE": "\u05e8\u05d5\u05e1\u05d9\u05d4", "NAME_HI": "\u0930\u0942\u0938", "NAME_HU": "Oroszorsz\u00e1g", "NAME_ID": "Rusia", "NAME_IT": "Russia", "NAME_JA": "\u30ed\u30b7\u30a2", "NAME_KO": "\ub7ec\uc2dc\uc544", "NAME_NL": "Rusland", "NAME_PL": "Rosja", "NAME_PT": "R\u00fassia", "NAME_RU": "\u0420\u043e\u0441\u0441\u0438\u044f", "NAME_SV": "Ryssland", "NAME_TR": "Rusya", "NAME_UK": "\u0420\u043e\u0441\u0456\u044f", "NAME_UR": "\u0631\u0648\u0633", "NAME_VI": "Nga", "NAME_ZH": "\u4fc4\u7f57\u65af", "NAME_ZHT": "\u4fc4\u7f85\u65af", "FCLASS_ISO": "Admin-0 country", "TLC_DIFF": null, "FCLASS_TLC": "Admin-0 country", "FCLASS_US": null, "FCLASS_FR": null, "FCLASS_RU": null, "FCLASS_ES": null, "FCLASS_CN": null, "FCLASS_TW": null, "FCLASS_IN": null, "FCLASS_NP": null, "FCLASS_PK": null, "FCLASS_DE": null, "FCLASS_GB": null, "FCLASS_BR": null, "FCLASS_IL": null, "FCLASS_PS": null, "FCLASS_SA": null, "FCLASS_EG": null, "FCLASS_MA": null, "FCLASS_PT": null, "FCLASS_AR": null, "FCLASS_JP": null, "FCLASS_KO": null, "FCLASS_VN": null, "FCLASS_TR": null, "FCLASS_ID": null, "FCLASS_PL": null, "FCLASS_GR": null, "FCLASS_IT": null, "FCLASS_NL": null, "FCLASS_SE": null, "FCLASS_BD": null, "FCLASS_UA": null, "cartogram_scale": 0.32, "dc_count": 120, "dc_code": "RUS"}, "geometry": {"type": "MultiPolygon", "coordinates": [[[[117.4946, 69.3406], [117.9025, 69.474], [117.9025, 69.2553], [117.5516, 69.2389], [117.4946, 69.3406]]], [[[76.0149, 61.4367], [75.8691, 61.247], [75.5588, 61.1942], [75.2408, 60.8639], [75.5316, 60.5602], [75.5001, 60.3447], [75.8495, 59.9678], [75.8495, 59.9678], [75.6585, 59.8388], [75.6035, 59.7574], [75.462, 59.7793], [75.2421, 59.9736], [75.1521, 59.9844], [74.951, 60.0585], [74.853, 60.1898], [74.5546, 60.2568], [74.3605, 60.2065], [74.3044, 60.266], [73.8687, 60.4195], [73.3976, 60.4712], [73.1272, 60.5259], [73.0881, 60.4882], [72.6801, 60.7586], [72.315, 60.8793], [72.0387, 61.0673], [72.2715, 61.1184], [72.5371, 61.386], [72.3581, 61.5127], [72.8298, 61.6433], [72.8213, 61.7132], [72.5341, 61.6617], [72.5442, 61.8038], [72.7091, 61.8932], [73.0188, 61.9166], [73.0691, 62.0233], [72.9984, 62.1998], [73.1284, 62.3673], [73.1246, 62.4613], [72.6529, 62.5654], [72.4659, 62.562], [72.2684, 62.7118], [72.0229, 62.6611], [71.6165, 62.7737], [71.6235, 62.8366], [71.5096, 62.9754], [71.2545, 62.9909], [71.228, 63.0902], [71.3079, 63.155], [71.1034, 63.3362], [70.7716, 63.3053], [70.6744, 63.3213], [70.5935, 63.2486], [70.474, 63.2615], [70.474, 63.2615], [70.3953, 63.4664], [70.3202, 63.5726], [70.3818, 63.6025], [70.64, 63.5914], [70.7645, 63.6614], [70.6723, 63.7467], [70.4565, 63.803], [70.4758, 63.8608], [70.3456, 63.9192], [70.1449, 64.1287], [70.2135, 64.2151], [70.1822, 64.3653], [69.8693, 64.4416], [69.7014, 64.4034], [69.656, 64.4828], [69.3191, 64.5631], [69.2162, 64.7519], [69.1889, 64.9071], [69.0347, 64.9808], [69.1719, 65.0824], [69.077, 65.3808], [69.3047, 65.5652], [69.2565, 65.6211], [69.2565, 65.6211], [69.6202, 65.7979], [69.2849, 65.9501], [69.2849, 65.9501], [69.9701, 66.3586], [70.2673, 66.5434], [70.3877, 66.7066], [69.914, 66.9259], [70.0448, 67.1344], [69.7567, 67.3725], [69.9722, 67.6469], [69.6, 68.0111], [69.8953, 68.2524], [69.4052, 68.4656], [69.4519, 68.6897], [69.7104, 68.7192], [70.2549, 68.8475], [70.2549, 68.8476], [70.585, 68.9589], [71.1107, 68.7654], [71.987, 68.6893], [73.1961, 68.3273], [73.4417, 68.1752], [73.4628, 67.9623], [73.1076, 67.7941], [72.5851, 67.7088], [71.1565, 67.952], [70.9215, 67.9114], [71.4433, 67.677], [71.4637, 67.5285], [71.4846, 67.2016], [71.8965, 67.104], [72.1466, 67.0209], [72.188, 67.1761], [71.9952, 67.3136], [72.1989, 67.4348], [72.9724, 67.2356], [73.2419, 67.3136], [73.0266, 67.5479], [73.7723, 67.8614], [74.0677, 67.8429], [74.3664, 67.7311], [74.5529, 67.951], [74.286, 68.1417], [74.4427, 68.3331], [74.2074, 68.5316], [75.1025, 68.429], [75.2854, 68.2497], [74.8802, 68.2102], [74.8824, 68.0322], [75.1343, 67.9226], [75.6287, 67.992], [75.7069, 68.1961], [76.3754, 68.3485], [77.4921, 68.6233], [77.7335, 68.6076], [77.418, 68.4134], [77.8149, 68.38], [78.0442, 68.4893], [78.644, 68.4982], [79.1192, 68.6308], [79.4838, 68.4381], [79.8474, 68.65], [79.5121, 68.8354], [79.6785, 68.941], [80.6238, 68.8441], [81.0667, 68.7441], [82.2264, 68.3785], [82.4403, 68.546], [82.1151, 68.7152], [82.1058, 68.783], [81.7202, 68.8144], [81.8257, 68.9662], [81.6545, 69.2158], [81.6448, 69.3182], [82.2353, 69.608], [82.4454, 69.8988], [82.6833, 69.9618], [83.5305, 69.8774], [83.5973, 69.6994], [83.2939, 69.4398], [83.493, 69.3378], [83.5959, 69.1141], [83.5232, 68.6756], [83.8762, 68.4795], [83.7389, 68.2659], [83.1121, 67.8114], [83.4779, 67.7642], [83.6052, 67.8794], [83.9572, 67.9616], [84.0422, 68.1199], [84.3192, 68.2723], [84.1327, 68.4542], [84.282, 68.6655], [83.9321, 68.6918], [83.8551, 68.8698], [84.1105, 69.1911], [83.6949, 69.4521], [84.2676, 69.6677], [84.1935, 69.8953], [84.3531, 69.9025], [84.5213, 69.7251], [84.395, 69.4163], [84.7374, 69.3579], [84.5915, 69.5886], [85.1271, 69.7145], [85.7912, 69.7314], [86.3825, 69.549], [86.098, 69.8155], [86.0661, 70.1564], [86.6225, 70.221], [87.3922, 70.2068], [88.0857, 70.2488], [87.8256, 70.4161], [88.1959, 70.6262], [88.5636, 70.635], [89.1857, 70.7938], [90.0307, 70.8364], [90.1375, 70.9241], [90.9777, 70.9538], [91.2396, 70.8819], [91.9577, 71.052], [92.5456, 71.0466], [92.6338, 71.1848], [92.9396, 71.321], [93.695, 71.4523], [94.2439, 71.3486], [93.8081, 71.2697], [94.533, 71.2207], [94.6193, 71.0626], [94.9117, 71.1404], [95.8473, 71.1362], [96.5686, 70.9801], [96.8255, 70.8602], [96.7459, 70.6938], [96.3919, 70.5992], [95.5509, 70.4215], [95.3105, 70.3266], [95.7073, 70.2818], [96.1807, 70.201], [96.4688, 70.2616], [96.632, 70.0562], [96.7725, 70.1393], [97.2842, 70.1899], [98.311, 70.137], [98.3889, 69.9874], [99.7267, 69.9397], [99.745, 70.1842], [100.4241, 70.1282], [100.935, 70.1299], [101.4517, 69.9613], [101.599, 69.7565], [101.4097, 69.6226], [101.8116, 69.3707], [102.3149, 69.2408], [102.6236, 69.5766], [103.137, 69.4326], [103.6823, 69.5186], [104.3017, 69.4202], [104.5374, 69.5099], [105.0609, 69.4651], [104.8299, 69.7621], [105.2523, 69.9008], [108.1425, 69.693], [108.4149, 69.503], [109.2526, 69.2585], [110.5447, 69.319], [111.1818, 69.2663], [111.4482, 69.134], [111.4093, 68.9], [111.8035, 68.8089], [112.2318, 68.8744], [112.7993, 68.8828], [113.4034, 68.82], [114.0099, 68.8554], [114.5674, 68.571], [114.9639, 68.6733], [114.7052, 68.8778], [114.8476, 69.02], [115.8686, 68.9305], [116.5342, 68.9497], [117.4545, 68.797], [117.9025, 68.6573], [117.9025, 67.3825], [117.9002, 67.3807], [117.4888, 67.2401], [117.0741, 67.2636], [117.3627, 67.0933], [117.5532, 66.8296], [117.701, 66.7434], [117.7382, 66.611], [117.6556, 66.5263], [117.0591, 66.596], [116.1647, 66.3551], [115.8802, 66.3178], [115.3905, 66.093], [114.926, 65.8965], [114.8084, 65.7511], [114.3507, 65.9725], [113.5169, 65.7213], [113.3713, 65.8402], [113.0631, 65.7031], [112.6351, 65.7469], [112.532, 65.5365], [112.1481, 65.2268], [112.1595, 65.0975], [112.5239, 65.0258], [112.4811, 64.5599], [112.184, 64.5481], [112.047, 64.2804], [112.1801, 64.1426], [111.6205, 63.9791], [111.5095, 63.6138], [111.0324, 63.5357], [110.9365, 63.2106], [110.4753, 62.9125], [110.3569, 63.133], [110.2199, 63.5998], [110.0413, 64.3109], [110.1951, 64.7547], [110.4651, 64.9457], [110.4818, 65.0952], [110.9791, 65.1668], [111.5507, 65.5697], [112.1016, 65.8987], [112.6768, 66.154], [112.9341, 66.6052], [112.5452, 66.5782], [112.3531, 66.3146], [111.5414, 65.9631], [111.2793, 66.3566], [110.4531, 66.248], [109.6523, 65.7116], [109.9165, 65.5153], [109.2023, 65.4318], [108.7076, 65.3988], [108.7307, 65.6302], [108.2333, 65.6788], [107.8369, 65.5216], [106.8584, 65.5766], [105.8058, 65.4818], [104.7692, 64.8571], [103.5429, 64.1024], [104.0471, 64.0621], [104.2044, 63.8617], [104.5152, 63.7906], [104.72, 63.9504], [105.071, 63.9297], [105.533, 63.5776], [105.5439, 63.3054], [105.2937, 62.9857], [105.2667, 62.6035], [105.1223, 62.0919], [104.64, 61.6288], [104.5328, 61.4075], [104.0985, 61.0349], [103.6674, 60.6654], [103.4607, 60.4764], [103.0343, 60.2886], [102.8325, 60.2845], [102.6315, 60.44], [102.202, 60.2058], [102.1521, 60.0994], [102.1521, 60.0994], [102.1521, 60.0994], [102.1521, 60.0994], [102.1073, 60.1554], [102.1073, 60.1554], [102.1054, 60.3179], [102.2688, 60.3266], [102.3149, 60.7046], [102.2306, 60.9787], [102.5052, 61.0917], [102.8936, 61.0351], [103.1088, 61.3464], [103.2185, 61.697], [103.3428, 61.8141], [103.5109, 62.102], [102.9821, 62.0077], [102.7047, 61.8814], [102.2185, 61.8818], [102.0889, 62.1825], [101.7098, 62.4099], [101.1529, 62.5122], [101.0345, 62.8257], [100.9231, 63.0222], [100.8031, 63.1599], [100.6054, 63.4827], [100.3244, 63.6005], [99.8454, 63.6958], [99.4212, 63.6871], [99.0235, 63.6294], [98.7592, 63.4702], [98.9348, 63.3941], [98.9388, 63.2175], [98.7608, 63.1149], [98.4719, 62.7755], [98.4748, 62.6347], [98.0239, 62.4325], [97.6397, 62.5533], [97.258, 62.5266], [97.0904, 62.6338], [96.8985, 62.6684], [96.4298, 62.4429], [96.0085, 62.3899], [95.7144, 62.3106], [95.3113, 62.3627], [95.0146, 62.3594], [94.8203, 62.5229], [94.5069, 62.6767], [94.1862, 62.7189], [93.7814, 62.6771], [93.479, 62.6177], [93.0244, 62.7523], [92.9634, 62.9921], [92.5872, 63.0744], [92.2967, 63.1118], [91.9382, 63.2441], [91.6068, 62.9125], [91.7367, 62.7241], [91.4257, 62.5013], [90.963, 62.5817], [90.6436, 62.5933], [90.4298, 62.7427], [90.0959, 62.7474], [89.8176, 62.8457], [89.3309, 62.6951], [88.7203, 62.4195], [88.3829, 62.3641], [88.2577, 62.3378], [88.0879, 62.5335], [87.6757, 62.4907], [87.5395, 62.6265], [87.3158, 62.6886], [87.1618, 62.8735], [86.9851, 62.9311], [86.5252, 62.8489], [86.0844, 63.0332], [85.9139, 62.8657], [85.1988, 63.6784], [84.7906, 63.9256], [84.9077, 64.0259], [84.1057, 63.7239], [83.7987, 63.7057], [83.8253, 63.8804], [83.4143, 63.9895], [83.0802, 63.9116], [82.9794, 64.2433], [82.4043, 64.3122], [82.1166, 64.1795], [81.3159, 64.0614], [81.1597, 63.9823], [79.9622, 63.871], [79.8155, 63.7618], [80.0465, 63.5426], [79.7393, 63.4594], [79.7993, 63.3722], [79.4921, 63.2163], [80.0107, 62.9962], [79.9305, 62.8447], [79.481, 62.8585], [79.3881, 62.7635], [78.9788, 62.9293], [78.4715, 62.9229], [78.1319, 62.7879], [77.7531, 62.9174], [77.0477, 63.1389], [76.5479, 63.1306], [75.8873, 62.7826], [75.8474, 62.5489], [75.5184, 62.7345], [75.263, 62.3829], [75.3565, 62.3176], [75.1718, 62.0751], [75.4434, 61.858], [75.6808, 61.867], [75.8848, 61.6532], [75.8524, 61.4885], [76.0149, 61.4367]]], [[[90.3114, 72.5168], [91.0036, 72.5891], [91.6254, 72.428], [92.3623, 72.1186], [92.2833, 71.8309], [91.5851, 71.7909], [90.6938, 71.8833], [90.1627, 72.0054], [89.9171, 72.235], [89.4805, 72.2982], [90.3114, 72.5168]]], [[[93.2106, 71.959], [94.0217, 71.7772], [93.9267, 71.6472], [92.1227, 71.5237], [92.7073, 71.9438], [92.9702, 71.9798], [93.2106, 71.959]]], [[[104.7285, 70.9527], [105.5734, 70.9387], [106.7301, 70.769], [106.4785, 70.5314], [105.2989, 70.5402], [104.7683, 70.4646], [104.1343, 70.6727], [104.3063, 70.8927], [104.7285, 70.9527]]], [[[107.7336, 70.6996], [108.5367, 70.6159], [108.1668, 70.4894], [107.6553, 70.518], [107.0607, 70.6443], [107.1372, 70.7479], [107.7336, 70.6996]]], [[[105.0587, 70.0673], [105.3623, 70.1938], [105.7624, 70.2234], [106.217, 70.101], [106.2558, 70.0169], [105.7706, 70.0147], [105.1147, 70.0504], [105.0587, 70.0673]]], [[[74.6536, 72.3777], [75.2783, 72.436], [75.7644, 72.4398], [75.8298, 72.3536], [76.0136, 72.4302], [76.3153, 72.483], [76.7899, 72.4129], [76.6661, 72.3641], [76.2365, 72.3219], [75.9487, 72.2976], [75.9041, 72.2451], [75.5301, 72.1922], [75.1834, 72.2681], [75.3657, 72.368], [74.6536, 72.3777]]], [[[67.5765, 63.9738], [66.988, 63.969], [66.5939, 64.0053], [66.6668, 64.1461], [67.1084, 64.2499], [67.4436, 64.1939], [67.585, 64.1431], [67.5509, 64.0554], [67.5765, 63.9738]]], [[[77.4252, 70.1889], [78.1913, 70.4698], [78.1047, 70.615], [78.8205, 70.784], [79.8769, 70.9896], [80.942, 71.0495], [81.49, 71.1681], [82.1128, 71.2097], [82.3352, 71.0833], [82.1203, 70.9837], [80.9865, 70.825], [80.0093, 70.6724], [79.0152, 70.3679], [78.5383, 70.0555], [78.0367, 69.7478], [78.1018, 69.4819], [78.714, 69.2195], [78.5249, 69.1914], [77.4793, 69.233], [77.3944, 69.3751], [76.8151, 69.4609], [76.7684, 69.6337], [77.0956, 69.7024], [77.0847, 69.8769], [77.7194, 70.1498], [77.4252, 70.1889]]], [[[106.0352, 63.7744], [106.146, 63.466], [106.1378, 63.1511], [106.2699, 62.8282], [106.5919, 62.2614], [106.1182, 62.3671], [105.9213, 61.9047], [106.2332, 61.5767], [106.2242, 61.3531], [105.9818, 61.546], [105.772, 61.2983], [105.7127, 61.5669], [105.7484, 61.8786], [105.712, 62.2239], [105.786, 62.4658], [105.8001, 62.8937], [105.6126, 63.2083], [105.6409, 63.6456], [105.9367, 63.7928], [105.8096, 63.9411], [105.9521, 63.986], [106.0352, 63.7744]]], [[[4.3255, 68.0948], [4.298, 67.8959], [4.5138, 67.8163], [4.4395, 68.0489], [5.3082, 68.0011], [5.9347, 67.7017], [5.6174, 67.5622], [5.0928, 67.5291], [5.0849, 67.2164], [4.9568, 67.1498], [4.6571, 67.1594], [4.4133, 67.271], [3.9878, 67.3643], [3.9162, 67.5031], [3.5913, 67.5554], [3.2274, 67.5139], [3.0535, 67.6259], [3.123, 67.7448], [2.7397, 67.6688], [2.8841, 67.5183], [2.7025, 67.3825], [2.7025, 68.6573], [3.4865, 68.413], [4.3255, 68.0948]]], [[[3.1205, 69.2747], [2.7025, 69.2553], [2.7025, 69.474], [2.7435, 69.4874], [3.0147, 69.4867], [3.4776, 69.3952], [3.4502, 69.3514], [3.1205, 69.2747]]], [[[71.002, 61.3], [71.0864, 61.3792], [71.3139, 61.3106], [71.4168, 61.298], [71.4583, 61.2348], [71.5066, 61.225], [71.5092, 61.1973], [71.6657, 61.1202], [71.9921, 61.1394], [71.9296, 61.0252], [71.5793, 60.9698], [71.1449, 60.7846], [70.967, 60.8497], [71.0375, 61.0001], [70.6879, 61.0937], [70.7444, 61.1551], [71.0507, 61.2615], [71.002, 61.3]]]]}}, {"type": "Feature", "properties": {"featurecla": "Admin-0 country", "scalerank": 1, "LABELRANK": 4, "SOVEREIGNT": "The Bahamas", "SOV_A3": "BHS", "ADM0_DIF": 0, "LEVEL": 2, "TYPE": "Sovereign country", "TLC": "1", "ADMIN": "The Bahamas", "ADM0_A3": "BHS", "GEOU_DIF": 0, "GEOUNIT": "The Bahamas", "GU_A3": "BHS", "SU_DIF": 0, "SUBUNIT": "The Bahamas", "SU_A3": "BHS", "BRK_DIFF": 0, "NAME": "Bahamas", "NAME_LONG": "Bahamas", "BRK_A3": "BHS", "BRK_NAME": "Bahamas", "BRK_GROUP": null, "ABBREV": "Bhs.", "POSTAL": "BS", "FORMAL_EN": "Commonwealth of the Bahamas", "FORMAL_FR": null, "NAME_CIAWF": "Bahamas, The", "NOTE_ADM0": null, "NOTE_BRK": null, "NAME_SORT": "Bahamas, The", "NAME_ALT": null, "MAPCOLOR7": 1, "MAPCOLOR8": 1, "MAPCOLOR9": 2, "MAPCOLOR13": 5, "POP_EST": 389482, "POP_RANK": 10, "POP_YEAR": 2019, "GDP_MD": 13578, "GDP_YEAR": 2019, "ECONOMY": "6. Developing region", "INCOME_GRP": "2. High income: nonOECD", "FIPS_10": "BF", "ISO_A2": "BS", "ISO_A2_EH": "BS", "ISO_A3": "BHS", "ISO_A3_EH": "BHS", "ISO_N3": "044", "ISO_N3_EH": "044", "UN_A3": "044", "WB_A2": "BS", "WB_A3": "BHS", "WOE_ID": 23424758, "WOE_ID_EH": 23424758, "WOE_NOTE": "Exact WOE match as country", "ADM0_ISO": "BHS", "ADM0_DIFF": null, "ADM0_TLC": "BHS", "ADM0_A3_US": "BHS", "ADM0_A3_FR": "BHS", "ADM0_A3_RU": "BHS", "ADM0_A3_ES": "BHS", "ADM0_A3_CN": "BHS", "ADM0_A3_TW": "BHS", "ADM0_A3_IN": "BHS", "ADM0_A3_NP": "BHS", "ADM0_A3_PK": "BHS", "ADM0_A3_DE": "BHS", "ADM0_A3_GB": "BHS", "ADM0_A3_BR": "BHS", "ADM0_A3_IL": "BHS", "ADM0_A3_PS": "BHS", "ADM0_A3_SA": "BHS", "ADM0_A3_EG": "BHS", "ADM0_A3_MA": "BHS", "ADM0_A3_PT": "BHS", "ADM0_A3_AR": "BHS", "ADM0_A3_JP": "BHS", "ADM0_A3_KO": "BHS", "ADM0_A3_VN": "BHS", "ADM0_A3_TR": "BHS", "ADM0_A3_ID": "BHS", "ADM0_A3_PL": "BHS", "ADM0_A3_GR": "BHS", "ADM0_A3_IT": "BHS", "ADM0_A3_NL": "BHS", "ADM0_A3_SE": "BHS", "ADM0_A3_BD": "BHS", "ADM0_A3_UA": "BHS", "ADM0_A3_UN": -99, "ADM0_A3_WB": -99, "CONTINENT": "North America", "REGION_UN": "Americas", "SUBREGION": "Caribbean", "REGION_WB": "Latin America & Caribbean", "NAME_LEN": 7, "LONG_LEN": 7, "ABBREV_LEN": 4, "TINY": -99, "HOMEPART": 1, "MIN_ZOOM": 0, "MIN_LABEL": 4, "MAX_LABEL": 9, "LABEL_X": -77.146688, "LABEL_Y": 26.401789, "NE_ID": 1159320415, "WIKIDATAID": "Q778", "NAME_AR": "\u0628\u0627\u0647\u0627\u0645\u0627\u0633", "NAME_BN": "\u09ac\u09be\u09b9\u09be\u09ae\u09be \u09a6\u09cd\u09ac\u09c0\u09aa\u09aa\u09c1\u099e\u09cd\u099c", "NAME_DE": "Bahamas", "NAME_EN": "The Bahamas", "NAME_ES": "Bahamas", "NAME_FA": "\u0628\u0627\u0647\u0627\u0645\u0627", "NAME_FR": "Bahamas", "NAME_EL": "\u039c\u03c0\u03b1\u03c7\u03ac\u03bc\u03b5\u03c2", "NAME_HE": "\u05d0\u05d9\u05d9 \u05d1\u05d4\u05d0\u05de\u05d4", "NAME_HI": "\u092c\u0939\u093e\u092e\u093e\u0938", "NAME_HU": "Bahama-szigetek", "NAME_ID": "Bahama", "NAME_IT": "Bahamas", "NAME_JA": "\u30d0\u30cf\u30de", "NAME_KO": "\ubc14\ud558\ub9c8", "NAME_NL": "Bahama's", "NAME_PL": "Bahamy", "NAME_PT": "Bahamas", "NAME_RU": "\u0411\u0430\u0433\u0430\u043c\u0441\u043a\u0438\u0435 \u041e\u0441\u0442\u0440\u043e\u0432\u0430", "NAME_SV": "Bahamas", "NAME_TR": "Bahamalar", "NAME_UK": "\u0411\u0430\u0433\u0430\u043c\u0441\u044c\u043a\u0456 \u041e\u0441\u0442\u0440\u043e\u0432\u0438", "NAME_UR": "\u0628\u06c1\u0627\u0645\u0627\u0633", "NAME_VI": "Bahamas", "NAME_ZH": "\u5df4\u54c8\u9a6c", "NAME_ZHT": "\u5df4\u54c8\u99ac", "FCLASS_ISO": "Admin-0 country", "TLC_DIFF": null, "FCLASS_TLC": "Admin-0 country", "FCLASS_US": null, "FCLASS_FR": null, "FCLASS_RU": null, "FCLASS_ES": null, "FCLASS_CN": null, "FCLASS_TW": null, "FCLASS_IN": null, "FCLASS_NP": null, "FCLASS_PK": null, "FCLASS_DE": null, "FCLASS_GB": null, "FCLASS_BR": null, "FCLASS_IL": null, "FCLASS_PS": null, "FCLASS_SA": null, "FCLASS_EG": null, "FCLASS_MA": null, "FCLASS_PT": null, "FCLASS_AR": null, "FCLASS_JP": null, "FCLASS_KO": null, "FCLASS_VN": null, "FCLASS_TR": null, "FCLASS_ID": null, "FCLASS_PL": null, "FCLASS_GR": null, "FCLASS_IT": null, "FCLASS_NL": null, "FCLASS_SE": null, "FCLASS_BD": null, "FCLASS_UA": null, "cartogram_scale": 0.3, "dc_count": 0, "dc_code": "OTHER"}, "geometry": {"type": "MultiPolygon", "coordinates": [[[[-78.2559, 26.1225], [-78.1149, 26.1465], [-77.9169, 26.1375], [-77.9079, 26.0595], [-78.2349, 26.0115], [-78.2559, 26.1225]]], [[[-77.8989, 26.1975], [-77.6619, 26.0625], [-77.7136, 25.8492], [-77.7688, 25.8877], [-77.7639, 26.0445], [-77.8983, 26.163], [-77.8989, 26.1975]]], [[[-78.0191, 25.6486], [-77.9289, 25.6365], [-77.8239, 25.3875], [-77.8223, 25.2134], [-77.8959, 25.1985], [-77.9721, 25.3713], [-78.0844, 25.4582], [-78.0191, 25.6486]]]]}}, {"type": "Feature", "properties": {"featurecla": "Admin-0 country", "scalerank": 1, "LABELRANK": 5, "SOVEREIGNT": "United Kingdom", "SOV_A3": "GB1", "ADM0_DIF": 1, "LEVEL": 2, "TYPE": "Disputed", "TLC": "1", "ADMIN": "Falkland Islands", "ADM0_A3": "FLK", "GEOU_DIF": 0, "GEOUNIT": "Falkland Islands", "GU_A3": "FLK", "SU_DIF": 0, "SUBUNIT": "Falkland Islands", "SU_A3": "FLK", "BRK_DIFF": 1, "NAME": "Falkland Is.", "NAME_LONG": "Falkland Islands / Malvinas", "BRK_A3": "B12", "BRK_NAME": "Falkland Is.", "BRK_GROUP": null, "ABBREV": "Flk. Is.", "POSTAL": "FK", "FORMAL_EN": "Falkland Islands", "FORMAL_FR": null, "NAME_CIAWF": "Falkland Islands (Islas Malvinas)", "NOTE_ADM0": "U.K.", "NOTE_BRK": "Admin. by U.K.; Claimed by Argentina", "NAME_SORT": "Falkland Islands", "NAME_ALT": "Islas Malvinas", "MAPCOLOR7": 6, "MAPCOLOR8": 6, "MAPCOLOR9": 6, "MAPCOLOR13": 3, "POP_EST": 3398, "POP_RANK": 4, "POP_YEAR": 2016, "GDP_MD": 282, "GDP_YEAR": 2012, "ECONOMY": "2. Developed region: nonG7", "INCOME_GRP": "1. High income: OECD", "FIPS_10": "FK", "ISO_A2": "FK", "ISO_A2_EH": "FK", "ISO_A3": "FLK", "ISO_A3_EH": "FLK", "ISO_N3": "238", "ISO_N3_EH": "238", "UN_A3": "238", "WB_A2": "-99", "WB_A3": "-99", "WOE_ID": 23424814, "WOE_ID_EH": 23424814, "WOE_NOTE": "Exact WOE match as country", "ADM0_ISO": "B12", "ADM0_DIFF": null, "ADM0_TLC": "B12", "ADM0_A3_US": "FLK", "ADM0_A3_FR": "FLK", "ADM0_A3_RU": "FLK", "ADM0_A3_ES": "FLK", "ADM0_A3_CN": "FLK", "ADM0_A3_TW": "FLK", "ADM0_A3_IN": "FLK", "ADM0_A3_NP": "FLK", "ADM0_A3_PK": "FLK", "ADM0_A3_DE": "FLK", "ADM0_A3_GB": "FLK", "ADM0_A3_BR": "FLK", "ADM0_A3_IL": "FLK", "ADM0_A3_PS": "FLK", "ADM0_A3_SA": "FLK", "ADM0_A3_EG": "FLK", "ADM0_A3_MA": "FLK", "ADM0_A3_PT": "FLK", "ADM0_A3_AR": "ARG", "ADM0_A3_JP": "FLK", "ADM0_A3_KO": "FLK", "ADM0_A3_VN": "FLK", "ADM0_A3_TR": "FLK", "ADM0_A3_ID": "FLK", "ADM0_A3_PL": "FLK", "ADM0_A3_GR": "FLK", "ADM0_A3_IT": "FLK", "ADM0_A3_NL": "FLK", "ADM0_A3_SE": "FLK", "ADM0_A3_BD": "FLK", "ADM0_A3_UA": "FLK", "ADM0_A3_UN": -99, "ADM0_A3_WB": -99, "CONTINENT": "South America", "REGION_UN": "Americas", "SUBREGION": "South America", "REGION_WB": "Latin America & Caribbean", "NAME_LEN": 12, "LONG_LEN": 27, "ABBREV_LEN": 8, "TINY": -99, "HOMEPART": -99, "MIN_ZOOM": 0, "MIN_LABEL": 4.5, "MAX_LABEL": 9, "LABEL_X": -58.738602, "LABEL_Y": -51.608913, "NE_ID": 1159320711, "WIKIDATAID": "Q9648", "NAME_AR": "\u062c\u0632\u0631 \u0641\u0648\u0643\u0644\u0627\u0646\u062f", "NAME_BN": "\u09ab\u0995\u09b2\u09cd\u09af\u09be\u09a8\u09cd\u09a1 \u09a6\u09cd\u09ac\u09c0\u09aa\u09aa\u09c1\u099e\u09cd\u099c", "NAME_DE": "Falklandinseln", "NAME_EN": "Falkland Islands", "NAME_ES": "Islas Malvinas", "NAME_FA": "\u062c\u0632\u0627\u06cc\u0631 \u0641\u0627\u0644\u06a9\u0644\u0646\u062f", "NAME_FR": "\u00eeles Malouines", "NAME_EL": "\u039d\u03ae\u03c3\u03bf\u03b9 \u03a6\u03ce\u03ba\u03bb\u03b1\u03bd\u03c4", "NAME_HE": "\u05d0\u05d9\u05d9 \u05e4\u05d5\u05e7\u05dc\u05e0\u05d3", "NAME_HI": "\u092b\u093c\u0949\u0915\u0932\u0948\u0902\u0921 \u0926\u094d\u0935\u0940\u092a\u0938\u092e\u0942\u0939", "NAME_HU": "Falkland-szigetek", "NAME_ID": "Kepulauan Falkland", "NAME_IT": "Isole Falkland", "NAME_JA": "\u30d5\u30a9\u30fc\u30af\u30e9\u30f3\u30c9\u8af8\u5cf6", "NAME_KO": "\ud3ec\ud074\ub79c\ub4dc \uc81c\ub3c4", "NAME_NL": "Falklandeilanden", "NAME_PL": "Falklandy", "NAME_PT": "Ilhas Malvinas", "NAME_RU": "\u0424\u043e\u043b\u043a\u043b\u0435\u043d\u0434\u0441\u043a\u0438\u0435 \u043e\u0441\u0442\u0440\u043e\u0432\u0430", "NAME_SV": "Falklands\u00f6arna", "NAME_TR": "Falkland Adalar\u0131", "NAME_UK": "\u0424\u043e\u043b\u043a\u043b\u0435\u043d\u0434\u0441\u044c\u043a\u0456 \u043e\u0441\u0442\u0440\u043e\u0432\u0438", "NAME_UR": "\u062c\u0632\u0627\u0626\u0631 \u0641\u0627\u06a9\u0644\u06cc\u0646\u0688", "NAME_VI": "Qu\u1ea7n \u0111\u1ea3o Falkland", "NAME_ZH": "\u798f\u514b\u5170\u7fa4\u5c9b", "NAME_ZHT": "\u798f\u514b\u862d\u7fa4\u5cf6", "FCLASS_ISO": "Admin-0 dependency", "TLC_DIFF": null, "FCLASS_TLC": "Admin-0 dependency", "FCLASS_US": null, "FCLASS_FR": null, "FCLASS_RU": null, "FCLASS_ES": null, "FCLASS_CN": null, "FCLASS_TW": null, "FCLASS_IN": null, "FCLASS_NP": null, "FCLASS_PK": null, "FCLASS_DE": null, "FCLASS_GB": null, "FCLASS_BR": null, "FCLASS_IL": null, "FCLASS_PS": null, "FCLASS_SA": null, "FCLASS_EG": null, "FCLASS_MA": null, "FCLASS_PT": null, "FCLASS_AR": "Unrecognized", "FCLASS_JP": null, "FCLASS_KO": null, "FCLASS_VN": null, "FCLASS_TR": null, "FCLASS_ID": null, "FCLASS_PL": null, "FCLASS_GR": null, "FCLASS_IT": null, "FCLASS_NL": null, "FCLASS_SE": null, "FCLASS_BD": null, "FCLASS_UA": null, "cartogram_scale": 0.3, "dc_count": 0, "dc_code": "OTHER"}, "geometry": {"type": "Polygon", "coordinates": [[[-60.0695, -51.7695], [-59.7095, -51.5895], [-59.4545, -51.6645], [-59.2745, -51.5445], [-59.0345, -51.6795], [-59.1245, -51.7845], [-59.5295, -51.8745], [-59.6645, -51.7695], [-59.9195, -51.9045], [-60.0695, -51.7695]]]}}, {"type": "Feature", "properties": {"featurecla": "Admin-0 country", "scalerank": 1, "LABELRANK": 3, "SOVEREIGNT": "Norway", "SOV_A3": "NOR", "ADM0_DIF": 0, "LEVEL": 2, "TYPE": "Sovereign country", "TLC": null, "ADMIN": "Norway", "ADM0_A3": "NOR", "GEOU_DIF": 0, "GEOUNIT": "Norway", "GU_A3": "NOR", "SU_DIF": 0, "SUBUNIT": "Norway", "SU_A3": "NOR", "BRK_DIFF": 0, "NAME": "Norway", "NAME_LONG": "Norway", "BRK_A3": "NOR", "BRK_NAME": "Norway", "BRK_GROUP": null, "ABBREV": "Nor.", "POSTAL": "N", "FORMAL_EN": "Kingdom of Norway", "FORMAL_FR": null, "NAME_CIAWF": "Norway", "NOTE_ADM0": null, "NOTE_BRK": null, "NAME_SORT": "Norway", "NAME_ALT": null, "MAPCOLOR7": 5, "MAPCOLOR8": 3, "MAPCOLOR9": 8, "MAPCOLOR13": 12, "POP_EST": 5347896, "POP_RANK": 13, "POP_YEAR": 2019, "GDP_MD": 403336, "GDP_YEAR": 2019, "ECONOMY": "2. Developed region: nonG7", "INCOME_GRP": "1. High income: OECD", "FIPS_10": "-99", "ISO_A2": "-99", "ISO_A2_EH": "NO", "ISO_A3": "-99", "ISO_A3_EH": "NOR", "ISO_N3": "-99", "ISO_N3_EH": "578", "UN_A3": "-99", "WB_A2": "-99", "WB_A3": "-99", "WOE_ID": -90, "WOE_ID_EH": 23424910, "WOE_NOTE": "Does not include Svalbard, Jan Mayen, or Bouvet Islands (28289410).", "ADM0_ISO": "NOR", "ADM0_DIFF": null, "ADM0_TLC": "NOR", "ADM0_A3_US": "NOR", "ADM0_A3_FR": "NOR", "ADM0_A3_RU": "NOR", "ADM0_A3_ES": "NOR", "ADM0_A3_CN": "NOR", "ADM0_A3_TW": "NOR", "ADM0_A3_IN": "NOR", "ADM0_A3_NP": "NOR", "ADM0_A3_PK": "NOR", "ADM0_A3_DE": "NOR", "ADM0_A3_GB": "NOR", "ADM0_A3_BR": "NOR", "ADM0_A3_IL": "NOR", "ADM0_A3_PS": "NOR", "ADM0_A3_SA": "NOR", "ADM0_A3_EG": "NOR", "ADM0_A3_MA": "NOR", "ADM0_A3_PT": "NOR", "ADM0_A3_AR": "NOR", "ADM0_A3_JP": "NOR", "ADM0_A3_KO": "NOR", "ADM0_A3_VN": "NOR", "ADM0_A3_TR": "NOR", "ADM0_A3_ID": "NOR", "ADM0_A3_PL": "NOR", "ADM0_A3_GR": "NOR", "ADM0_A3_IT": "NOR", "ADM0_A3_NL": "NOR", "ADM0_A3_SE": "NOR", "ADM0_A3_BD": "NOR", "ADM0_A3_UA": "NOR", "ADM0_A3_UN": -99, "ADM0_A3_WB": -99, "CONTINENT": "Europe", "REGION_UN": "Europe", "SUBREGION": "Northern Europe", "REGION_WB": "Europe & Central Asia", "NAME_LEN": 6, "LONG_LEN": 6, "ABBREV_LEN": 4, "TINY": -99, "HOMEPART": 1, "MIN_ZOOM": 0, "MIN_LABEL": 3, "MAX_LABEL": 7, "LABEL_X": 9.679975, "LABEL_Y": 61.357092, "NE_ID": 1159321109, "WIKIDATAID": "Q20", "NAME_AR": "\u0627\u0644\u0646\u0631\u0648\u064a\u062c", "NAME_BN": "\u09a8\u09b0\u0993\u09af\u09bc\u09c7", "NAME_DE": "Norwegen", "NAME_EN": "Norway", "NAME_ES": "Noruega", "NAME_FA": "\u0646\u0631\u0648\u0698", "NAME_FR": "Norv\u00e8ge", "NAME_EL": "\u039d\u03bf\u03c1\u03b2\u03b7\u03b3\u03af\u03b1", "NAME_HE": "\u05e0\u05d5\u05e8\u05d5\u05d5\u05d2\u05d9\u05d4", "NAME_HI": "\u0928\u0949\u0930\u094d\u0935\u0947", "NAME_HU": "Norv\u00e9gia", "NAME_ID": "Norwegia", "NAME_IT": "Norvegia", "NAME_JA": "\u30ce\u30eb\u30a6\u30a7\u30fc", "NAME_KO": "\ub178\ub974\uc6e8\uc774", "NAME_NL": "Noorwegen", "NAME_PL": "Norwegia", "NAME_PT": "Noruega", "NAME_RU": "\u041d\u043e\u0440\u0432\u0435\u0433\u0438\u044f", "NAME_SV": "Norge", "NAME_TR": "Norve\u00e7", "NAME_UK": "\u041d\u043e\u0440\u0432\u0435\u0433\u0456\u044f", "NAME_UR": "\u0646\u0627\u0631\u0648\u06d2", "NAME_VI": "Na Uy", "NAME_ZH": "\u632a\u5a01", "NAME_ZHT": "\u632a\u5a01", "FCLASS_ISO": "Unrecognized", "TLC_DIFF": null, "FCLASS_TLC": "Unrecognized", "FCLASS_US": null, "FCLASS_FR": null, "FCLASS_RU": null, "FCLASS_ES": null, "FCLASS_CN": null, "FCLASS_TW": null, "FCLASS_IN": null, "FCLASS_NP": null, "FCLASS_PK": null, "FCLASS_DE": null, "FCLASS_GB": null, "FCLASS_BR": null, "FCLASS_IL": null, "FCLASS_PS": null, "FCLASS_SA": null, "FCLASS_EG": null, "FCLASS_MA": null, "FCLASS_PT": null, "FCLASS_AR": null, "FCLASS_JP": null, "FCLASS_KO": null, "FCLASS_VN": null, "FCLASS_TR": null, "FCLASS_ID": null, "FCLASS_PL": null, "FCLASS_GR": null, "FCLASS_IT": null, "FCLASS_NL": null, "FCLASS_SE": null, "FCLASS_BD": null, "FCLASS_UA": null, "cartogram_scale": 0.6, "dc_count": 10, "dc_code": "NOR"}, "geometry": {"type": "MultiPolygon", "coordinates": [[[[16.5246, 76.4991], [16.7524, 76.7042], [17.6334, 76.7251], [18.39, 76.5156], [20.3652, 76.0682], [18.8553, 75.8321], [18.5219, 75.3906], [17.9955, 75.2773], [17.7098, 74.7802], [16.9868, 74.7568], [15.6964, 75.1227], [16.2406, 75.3359], [15.3412, 75.5095], [14.1722, 76.0161], [13.7056, 76.486], [15.3413, 76.7008], [15.67, 76.4908], [16.5246, 76.4991]]], [[[26.0995, 70.4294], [25.0786, 70.1887], [24.594, 70.1334], [24.8482, 70.5544], [24.0782, 70.7931], [23.1466, 70.5897], [22.8524, 70.1498], [22.2803, 69.8843], [21.6361, 70.0293], [20.8526, 69.9996], [20.1858, 70.3168], [19.8262, 70.1583], [19.454, 70.1336], [19.366, 69.7389], [18.2352, 69.835], [18.0764, 69.5009], [17.5002, 69.5029], [17.1041, 69.076], [16.5039, 68.4109], [15.5723, 67.5668], [15.7908, 67.3618], [15.582, 67.124], [14.9868, 67.1343], [14.5972, 66.5715], [14.6341, 65.7748], [15.0175, 65.4707], [14.8191, 64.7653], [14.3198, 64.354], [14.0553, 64.0082], [13.6528, 64.3764], [12.4681, 63.6825], [11.6681, 63.5419], [10.8384, 63.8474], [10.6238, 64.4925], [10.4341, 65.8771], [10.9866, 66.2632], [12.5709, 66.7669], [13.7555, 67.3862], [14.8539, 68.2224], [16.2955, 69.3809], [17.3004, 69.8325], [18.9493, 70.585], [20.2659, 70.8476], [21.2531, 70.8158], [22.1668, 71.3128], [23.2609, 71.2863], [24.3382, 71.4058], [26.2149, 70.9668], [25.4421, 70.8063], [26.0995, 70.4294]]], [[[23.8834, 76.7284], [22.9937, 76.4052], [21.2535, 76.3345], [19.484, 76.4346], [19.3772, 76.6], [18.5162, 76.6105], [17.8597, 76.8859], [19.7125, 77.0534], [20.5836, 76.9091], [21.1904, 77.0888], [22.7074, 76.9389], [23.8834, 76.7284]]], [[[22.2733, 75.4068], [20.9331, 75.1615], [19.8745, 75.3008], [20.2885, 75.4556], [19.926, 75.6473], [21.1694, 75.7675], [21.4077, 75.5423], [22.2733, 75.4068]]]]}}, {"type": "Feature", "properties": {"featurecla": "Admin-0 country", "scalerank": 1, "LABELRANK": 3, "SOVEREIGNT": "Denmark", "SOV_A3": "DN1", "ADM0_DIF": 1, "LEVEL": 2, "TYPE": "Country", "TLC": "1", "ADMIN": "Greenland", "ADM0_A3": "GRL", "GEOU_DIF": 0, "GEOUNIT": "Greenland", "GU_A3": "GRL", "SU_DIF": 0, "SUBUNIT": "Greenland", "SU_A3": "GRL", "BRK_DIFF": 0, "NAME": "Greenland", "NAME_LONG": "Greenland", "BRK_A3": "GRL", "BRK_NAME": "Greenland", "BRK_GROUP": null, "ABBREV": "Grlnd.", "POSTAL": "GL", "FORMAL_EN": "Greenland", "FORMAL_FR": null, "NAME_CIAWF": "Greenland", "NOTE_ADM0": "Den.", "NOTE_BRK": null, "NAME_SORT": "Greenland", "NAME_ALT": null, "MAPCOLOR7": 4, "MAPCOLOR8": 1, "MAPCOLOR9": 3, "MAPCOLOR13": 12, "POP_EST": 56225, "POP_RANK": 8, "POP_YEAR": 2019, "GDP_MD": 3051, "GDP_YEAR": 2018, "ECONOMY": "2. Developed region: nonG7", "INCOME_GRP": "2. High income: nonOECD", "FIPS_10": "GL", "ISO_A2": "GL", "ISO_A2_EH": "GL", "ISO_A3": "GRL", "ISO_A3_EH": "GRL", "ISO_N3": "304", "ISO_N3_EH": "304", "UN_A3": "304", "WB_A2": "GL", "WB_A3": "GRL", "WOE_ID": 23424828, "WOE_ID_EH": 23424828, "WOE_NOTE": "Exact WOE match as country", "ADM0_ISO": "GRL", "ADM0_DIFF": null, "ADM0_TLC": "GRL", "ADM0_A3_US": "GRL", "ADM0_A3_FR": "GRL", "ADM0_A3_RU": "GRL", "ADM0_A3_ES": "GRL", "ADM0_A3_CN": "GRL", "ADM0_A3_TW": "GRL", "ADM0_A3_IN": "GRL", "ADM0_A3_NP": "GRL", "ADM0_A3_PK": "GRL", "ADM0_A3_DE": "GRL", "ADM0_A3_GB": "GRL", "ADM0_A3_BR": "GRL", "ADM0_A3_IL": "GRL", "ADM0_A3_PS": "GRL", "ADM0_A3_SA": "GRL", "ADM0_A3_EG": "GRL", "ADM0_A3_MA": "GRL", "ADM0_A3_PT": "GRL", "ADM0_A3_AR": "GRL", "ADM0_A3_JP": "GRL", "ADM0_A3_KO": "GRL", "ADM0_A3_VN": "GRL", "ADM0_A3_TR": "GRL", "ADM0_A3_ID": "GRL", "ADM0_A3_PL": "GRL", "ADM0_A3_GR": "GRL", "ADM0_A3_IT": "GRL", "ADM0_A3_NL": "GRL", "ADM0_A3_SE": "GRL", "ADM0_A3_BD": "GRL", "ADM0_A3_UA": "GRL", "ADM0_A3_UN": -99, "ADM0_A3_WB": -99, "CONTINENT": "North America", "REGION_UN": "Americas", "SUBREGION": "Northern America", "REGION_WB": "Europe & Central Asia", "NAME_LEN": 9, "LONG_LEN": 9, "ABBREV_LEN": 6, "TINY": -99, "HOMEPART": -99, "MIN_ZOOM": 0, "MIN_LABEL": 1.7, "MAX_LABEL": 6.7, "LABEL_X": -39.335251, "LABEL_Y": 74.319387, "NE_ID": 1159320551, "WIKIDATAID": "Q223", "NAME_AR": "\u062c\u0631\u064a\u0646\u0644\u0627\u0646\u062f", "NAME_BN": "\u0997\u09cd\u09b0\u09bf\u09a8\u09b2\u09cd\u09af\u09be\u09a8\u09cd\u09a1", "NAME_DE": "Gr\u00f6nland", "NAME_EN": "Greenland", "NAME_ES": "Groenlandia", "NAME_FA": "\u06af\u0631\u06cc\u0646\u0644\u0646\u062f", "NAME_FR": "Groenland", "NAME_EL": "\u0393\u03c1\u03bf\u03b9\u03bb\u03b1\u03bd\u03b4\u03af\u03b1", "NAME_HE": "\u05d2\u05e8\u05d9\u05e0\u05dc\u05e0\u05d3", "NAME_HI": "\u0917\u094d\u0930\u0940\u0928\u0932\u0948\u0923\u094d\u0921", "NAME_HU": "Gr\u00f6nland", "NAME_ID": "Greenland", "NAME_IT": "Groenlandia", "NAME_JA": "\u30b0\u30ea\u30fc\u30f3\u30e9\u30f3\u30c9", "NAME_KO": "\uadf8\ub9b0\ub780\ub4dc", "NAME_NL": "Groenland", "NAME_PL": "Grenlandia", "NAME_PT": "Groenl\u00e2ndia", "NAME_RU": "\u0413\u0440\u0435\u043d\u043b\u0430\u043d\u0434\u0438\u044f", "NAME_SV": "Gr\u00f6nland", "NAME_TR": "Gr\u00f6nland", "NAME_UK": "\u0413\u0440\u0435\u043d\u043b\u0430\u043d\u0434\u0456\u044f", "NAME_UR": "\u06af\u0631\u06cc\u0646 \u0644\u06cc\u0646\u0688", "NAME_VI": "Greenland", "NAME_ZH": "\u683c\u9675\u5170", "NAME_ZHT": "\u683c\u9675\u862d", "FCLASS_ISO": "Admin-0 dependency", "TLC_DIFF": null, "FCLASS_TLC": "Admin-0 dependency", "FCLASS_US": null, "FCLASS_FR": null, "FCLASS_RU": null, "FCLASS_ES": null, "FCLASS_CN": null, "FCLASS_TW": null, "FCLASS_IN": null, "FCLASS_NP": null, "FCLASS_PK": null, "FCLASS_DE": null, "FCLASS_GB": null, "FCLASS_BR": null, "FCLASS_IL": null, "FCLASS_PS": null, "FCLASS_SA": null, "FCLASS_EG": null, "FCLASS_MA": null, "FCLASS_PT": null, "FCLASS_AR": null, "FCLASS_JP": null, "FCLASS_KO": null, "FCLASS_VN": null, "FCLASS_TR": null, "FCLASS_ID": null, "FCLASS_PL": null, "FCLASS_GR": null, "FCLASS_IT": null, "FCLASS_NL": null, "FCLASS_SE": null, "FCLASS_BD": null, "FCLASS_UA": null, "cartogram_scale": 0.3, "dc_count": 0, "dc_code": "OTHER"}, "geometry": {"type": "Polygon", "coordinates": [[[-42.7512, 76.6917], [-41.744, 76.8709], [-40.6913, 76.8574], [-40.3087, 76.9681], [-39.2484, 76.9969], [-36.8522, 76.9592], [-34.9756, 76.7213], [-35.5296, 76.6058], [-36.6773, 76.5926], [-38.292, 76.5633], [-38.141, 76.5098], [-37.079, 76.5429], [-36.1754, 76.4394], [-35.593, 76.5313], [-35.3435, 76.4237], [-35.6729, 76.2492], [-34.9091, 76.3607], [-33.4525, 76.4771], [-32.5531, 76.419], [-32.3846, 76.2908], [-33.6076, 76.0774], [-33.777, 76.0083], [-34.7359, 75.9565], [-34.0411, 75.9421], [-34.392, 75.7233], [-34.6335, 75.5287], [-34.6241, 75.1949], [-34.2639, 74.999], [-34.7325, 74.9866], [-35.2259, 74.8917], [-34.6722, 74.7328], [-34.6017, 74.4779], [-34.9225, 74.4501], [-34.5339, 74.192], [-35.2003, 74.1705], [-34.8524, 74.0485], [-34.9507, 73.9427], [-35.3737, 73.8962], [-35.7918, 73.8953], [-35.416, 73.6921], [-35.4119, 73.5586], [-36.0055, 73.6827], [-36.1599, 73.6024], [-35.7549, 73.5274], [-35.3619, 73.344], [-35.2481, 73.1024], [-35.7828, 73.0446], [-36.0141, 73.1603], [-36.385, 73.3326], [-36.2824, 73.129], [-36.6308, 72.9713], [-35.8402, 72.9585], [-35.4267, 72.9422], [-36.2308, 72.681], [-37.0462, 72.4445], [-37.9241, 72.3409], [-38.255, 72.3396], [-38.5653, 72.224], [-38.9826, 71.9073], [-39.6279, 71.697], [-39.8352, 71.6846], [-40.2345, 71.611], [-40.6657, 71.5409], [-40.9227, 71.3553], [-40.9269, 71.145], [-41.0786, 70.9481], [-41.5678, 70.708], [-41.447, 70.4736], [-41.5819, 70.2256], [-41.7355, 69.9327], [-42.1583, 69.9144], [-42.6011, 70.1593], [-43.2009, 70.1609], [-43.4919, 70.3254], [-43.6921, 70.6184], [-44.212, 70.9914], [-44.3641, 71.1869], [-44.405, 71.4564], [-44.8205, 71.7332], [-44.7125, 71.9543], [-44.9128, 72.06], [-44.6161, 72.4106], [-44.1646, 72.5222], [-44.0461, 72.6477], [-43.9834, 72.8821], [-44.3261, 72.7758], [-44.4894, 72.7312], [-44.7589, 72.6884], [-45.127, 72.7864], [-45.147, 72.9901], [-45.0297, 73.1497], [-44.7514, 73.1541], [-44.1391, 73.0743], [-44.6548, 73.2648], [-44.9233, 73.3675], [-45.222, 73.3253], [-45.4724, 73.3997], [-45.1375, 73.6792], [-45.3199, 73.7909], [-45.558, 73.9983], [-45.9191, 74.3164], [-46.3011, 74.4329], [-46.2976, 74.5585], [-47.1026, 74.7341], [-47.7395, 74.7559], [-48.5413, 74.7438], [-49.2733, 74.7218], [-49.6215, 74.8173], [-50.1428, 75.0059], [-49.355, 75.1003], [-48.7512, 75.1161], [-50.0349, 75.1941], [-50.7111, 75.3166], [-50.6698, 75.4332], [-49.5341, 75.5775], [-48.4352, 75.7217], [-48.3192, 75.8308], [-49.1289, 75.9385], [-48.8674, 76.0581], [-47.8288, 76.2675], [-47.3924, 76.2997], [-47.5174, 76.4345], [-46.8068, 76.5134], [-45.8843, 76.5606], [-44.9623, 76.5632], [-44.635, 76.4698], [-43.8392, 76.635], [-43.1232, 76.5228], [-42.702, 76.4991], [-42.0789, 76.4016], [-42.7922, 76.5633], [-42.7512, 76.6917]]]}}, {"type": "Feature", "properties": {"featurecla": "Admin-0 country", "scalerank": 3, "LABELRANK": 6, "SOVEREIGNT": "France", "SOV_A3": "FR1", "ADM0_DIF": 1, "LEVEL": 2, "TYPE": "Dependency", "TLC": "1", "ADMIN": "French Southern and Antarctic Lands", "ADM0_A3": "ATF", "GEOU_DIF": 0, "GEOUNIT": "French Southern and Antarctic Lands", "GU_A3": "ATF", "SU_DIF": 0, "SUBUNIT": "French Southern and Antarctic Lands", "SU_A3": "ATF", "BRK_DIFF": 0, "NAME": "Fr. S. Antarctic Lands", "NAME_LONG": "French Southern and Antarctic Lands", "BRK_A3": "ATF", "BRK_NAME": "Fr. S. and Antarctic Lands", "BRK_GROUP": null, "ABBREV": "Fr. S.A.L.", "POSTAL": "TF", "FORMAL_EN": "Territory of the French Southern and Antarctic Lands", "FORMAL_FR": null, "NAME_CIAWF": null, "NOTE_ADM0": "Fr.", "NOTE_BRK": null, "NAME_SORT": "French Southern and Antarctic Lands", "NAME_ALT": null, "MAPCOLOR7": 7, "MAPCOLOR8": 5, "MAPCOLOR9": 9, "MAPCOLOR13": 11, "POP_EST": 140, "POP_RANK": 1, "POP_YEAR": 2017, "GDP_MD": 16, "GDP_YEAR": 2016, "ECONOMY": "6. Developing region", "INCOME_GRP": "2. High income: nonOECD", "FIPS_10": "FS", "ISO_A2": "TF", "ISO_A2_EH": "TF", "ISO_A3": "ATF", "ISO_A3_EH": "ATF", "ISO_N3": "260", "ISO_N3_EH": "260", "UN_A3": "260", "WB_A2": "-99", "WB_A3": "-99", "WOE_ID": 28289406, "WOE_ID_EH": 28289406, "WOE_NOTE": "Exact WOE match as country", "ADM0_ISO": "ATF", "ADM0_DIFF": null, "ADM0_TLC": "ATF", "ADM0_A3_US": "ATF", "ADM0_A3_FR": "ATF", "ADM0_A3_RU": "ATF", "ADM0_A3_ES": "ATF", "ADM0_A3_CN": "ATF", "ADM0_A3_TW": "ATF", "ADM0_A3_IN": "ATF", "ADM0_A3_NP": "ATF", "ADM0_A3_PK": "ATF", "ADM0_A3_DE": "ATF", "ADM0_A3_GB": "ATF", "ADM0_A3_BR": "ATF", "ADM0_A3_IL": "ATF", "ADM0_A3_PS": "ATF", "ADM0_A3_SA": "ATF", "ADM0_A3_EG": "ATF", "ADM0_A3_MA": "ATF", "ADM0_A3_PT": "ATF", "ADM0_A3_AR": "ATF", "ADM0_A3_JP": "ATF", "ADM0_A3_KO": "ATF", "ADM0_A3_VN": "ATF", "ADM0_A3_TR": "ATF", "ADM0_A3_ID": "ATF", "ADM0_A3_PL": "ATF", "ADM0_A3_GR": "ATF", "ADM0_A3_IT": "ATF", "ADM0_A3_NL": "ATF", "ADM0_A3_SE": "ATF", "ADM0_A3_BD": "ATF", "ADM0_A3_UA": "ATF", "ADM0_A3_UN": -99, "ADM0_A3_WB": -99, "CONTINENT": "Seven seas (open ocean)", "REGION_UN": "Africa", "SUBREGION": "Seven seas (open ocean)", "REGION_WB": "Sub-Saharan Africa", "NAME_LEN": 22, "LONG_LEN": 35, "ABBREV_LEN": 10, "TINY": 2, "HOMEPART": -99, "MIN_ZOOM": 0, "MIN_LABEL": 4, "MAX_LABEL": 9, "LABEL_X": 69.122136, "LABEL_Y": -49.303721, "NE_ID": 1159320631, "WIKIDATAID": "Q129003", "NAME_AR": "\u0623\u0631\u0627\u0636 \u0641\u0631\u0646\u0633\u064a\u0629 \u062c\u0646\u0648\u0628\u064a\u0629 \u0648\u0623\u0646\u062a\u0627\u0631\u062a\u064a\u0643\u064a\u0629", "NAME_BN": "\u09ab\u09cd\u09b0. \u098f\u09b8. \u0985\u09cd\u09af\u09be\u09a8\u09cd\u09a1 \u0985\u09cd\u09af\u09be\u09a8\u09cd\u099f\u09be\u09b0\u09cd\u0995\u099f\u09bf\u0995 \u09b2\u09cd\u09af\u09be\u09a8\u09cd\u09a1", "NAME_DE": "Franz\u00f6sische S\u00fcd- und Antarktisgebiete", "NAME_EN": "French Southern and Antarctic Lands", "NAME_ES": "Tierras Australes y Ant\u00e1rticas Francesas", "NAME_FA": "\u0633\u0631\u0632\u0645\u06cc\u0646\u0647\u0627\u06cc \u062c\u0646\u0648\u0628\u06cc \u0648 \u062c\u0646\u0648\u0628\u06af\u0627\u0646\u06cc \u0641\u0631\u0627\u0646\u0633\u0647", "NAME_FR": "Terres australes et antarctiques fran\u00e7aises", "NAME_EL": "\u0393\u03b1\u03bb\u03bb\u03b9\u03ba\u03ac \u039d\u03cc\u03c4\u03b9\u03b1 \u03ba\u03b1\u03b9 \u0391\u03bd\u03c4\u03b1\u03c1\u03ba\u03c4\u03b9\u03ba\u03ac \u0395\u03b4\u03ac\u03c6\u03b7", "NAME_HE": "\u05d4\u05d0\u05e8\u05e6\u05d5\u05ea \u05d4\u05d3\u05e8\u05d5\u05de\u05d9\u05d5\u05ea \u05d5\u05d4\u05d0\u05e0\u05d8\u05d0\u05e8\u05e7\u05d8\u05d9\u05d5\u05ea \u05e9\u05dc \u05e6\u05e8\u05e4\u05ea", "NAME_HI": "\u0926\u0915\u094d\u0937\u093f\u0923 \u092b\u094d\u0930\u093e\u0902\u0938\u0940\u0938\u0940 \u0914\u0930 \u0905\u0902\u091f\u093e\u0930\u094d\u0915\u091f\u093f\u0915 \u0932\u0948\u0902\u0921", "NAME_HU": "Francia d\u00e9li \u00e9s antarktiszi ter\u00fcletek", "NAME_ID": "Daratan Selatan dan Antarktika Perancis", "NAME_IT": "Terre australi e antartiche francesi", "NAME_JA": "\u30d5\u30e9\u30f3\u30b9\u9818\u5357\u65b9\u30fb\u5357\u6975\u5730\u57df", "NAME_KO": "\ud504\ub791\uc2a4\ub839 \ub0a8\ubc29 \ubc0f \ub0a8\uadf9", "NAME_NL": "Franse Zuidelijke Gebieden", "NAME_PL": "Francuskie Terytoria Po\u0142udniowe i Antarktyczne", "NAME_PT": "Terras Austrais e Ant\u00e1rticas Francesas", "NAME_RU": "\u0424\u0440\u0430\u043d\u0446\u0443\u0437\u0441\u043a\u0438\u0435 \u042e\u0436\u043d\u044b\u0435 \u0438 \u0410\u043d\u0442\u0430\u0440\u043a\u0442\u0438\u0447\u0435\u0441\u043a\u0438\u0435 \u0442\u0435\u0440\u0440\u0438\u0442\u043e\u0440\u0438\u0438", "NAME_SV": "Franska sydterritorierna", "NAME_TR": "Frans\u0131z G\u00fcney ve Antarktika Topraklar\u0131", "NAME_UK": "\u0424\u0440\u0430\u043d\u0446\u0443\u0437\u044c\u043a\u0456 \u041f\u0456\u0432\u0434\u0435\u043d\u043d\u0456 \u0456 \u0410\u043d\u0442\u0430\u0440\u043a\u0442\u0438\u0447\u043d\u0456 \u0442\u0435\u0440\u0438\u0442\u043e\u0440\u0456\u0457", "NAME_UR": "\u0633\u0631\u0632\u0645\u06cc\u0646 \u062c\u0646\u0648\u0628\u06cc \u0641\u0631\u0627\u0646\u0633\u06cc\u0633\u06cc\u06c1 \u0648 \u0627\u0646\u0679\u0627\u0631\u06a9\u0679\u06cc\u06a9\u0627", "NAME_VI": "V\u00f9ng \u0111\u1ea5t ph\u00eda Nam v\u00e0 ch\u00e2u Nam C\u1ef1c thu\u1ed9c Ph\u00e1p", "NAME_ZH": "\u6cd5\u5c5e\u5357\u90e8\u548c\u5357\u6781\u9886\u5730", "NAME_ZHT": "\u6cd5\u5c6c\u5357\u90e8\u548c\u5357\u6975\u9818\u5730", "FCLASS_ISO": "Admin-0 dependency", "TLC_DIFF": null, "FCLASS_TLC": "Admin-0 dependency", "FCLASS_US": null, "FCLASS_FR": null, "FCLASS_RU": null, "FCLASS_ES": null, "FCLASS_CN": null, "FCLASS_TW": null, "FCLASS_IN": null, "FCLASS_NP": null, "FCLASS_PK": null, "FCLASS_DE": null, "FCLASS_GB": null, "FCLASS_BR": null, "FCLASS_IL": null, "FCLASS_PS": null, "FCLASS_SA": null, "FCLASS_EG": null, "FCLASS_MA": null, "FCLASS_PT": null, "FCLASS_AR": null, "FCLASS_JP": null, "FCLASS_KO": null, "FCLASS_VN": null, "FCLASS_TR": null, "FCLASS_ID": null, "FCLASS_PL": null, "FCLASS_GR": null, "FCLASS_IT": null, "FCLASS_NL": null, "FCLASS_SE": null, "FCLASS_BD": null, "FCLASS_UA": null, "cartogram_scale": 0.3, "dc_count": 0, "dc_code": "OTHER"}, "geometry": {"type": "Polygon", "coordinates": [[[69.3031, -48.9705], [69.4966, -49.065], [69.7801, -49.1025], [69.7906, -49.1595], [69.7066, -49.296], [69.2461, -49.3155], [69.2386, -49.1558], [69.2828, -49.032], [69.3031, -48.9705]]]}}, {"type": "Feature", "properties": {"featurecla": "Admin-0 country", "scalerank": 1, "LABELRANK": 5, "SOVEREIGNT": "East Timor", "SOV_A3": "TLS", "ADM0_DIF": 0, "LEVEL": 2, "TYPE": "Sovereign country", "TLC": "1", "ADMIN": "East Timor", "ADM0_A3": "TLS", "GEOU_DIF": 0, "GEOUNIT": "East Timor", "GU_A3": "TLS", "SU_DIF": 0, "SUBUNIT": "East Timor", "SU_A3": "TLS", "BRK_DIFF": 0, "NAME": "Timor-Leste", "NAME_LONG": "Timor-Leste", "BRK_A3": "TLS", "BRK_NAME": "Timor-Leste", "BRK_GROUP": null, "ABBREV": "T.L.", "POSTAL": "TL", "FORMAL_EN": "Democratic Republic of Timor-Leste", "FORMAL_FR": null, "NAME_CIAWF": "Timor-Leste", "NOTE_ADM0": null, "NOTE_BRK": null, "NAME_SORT": "Timor-Leste", "NAME_ALT": "East Timor", "MAPCOLOR7": 2, "MAPCOLOR8": 2, "MAPCOLOR9": 4, "MAPCOLOR13": 3, "POP_EST": 1293119, "POP_RANK": 12, "POP_YEAR": 2019, "GDP_MD": 2017, "GDP_YEAR": 2019, "ECONOMY": "7. Least developed region", "INCOME_GRP": "4. Lower middle income", "FIPS_10": "TT", "ISO_A2": "TL", "ISO_A2_EH": "TL", "ISO_A3": "TLS", "ISO_A3_EH": "TLS", "ISO_N3": "626", "ISO_N3_EH": "626", "UN_A3": "626", "WB_A2": "TP", "WB_A3": "TMP", "WOE_ID": 23424968, "WOE_ID_EH": 23424968, "WOE_NOTE": "Exact WOE match as country", "ADM0_ISO": "TLS", "ADM0_DIFF": null, "ADM0_TLC": "TLS", "ADM0_A3_US": "TLS", "ADM0_A3_FR": "TLS", "ADM0_A3_RU": "TLS", "ADM0_A3_ES": "TLS", "ADM0_A3_CN": "TLS", "ADM0_A3_TW": "TLS", "ADM0_A3_IN": "TLS", "ADM0_A3_NP": "TLS", "ADM0_A3_PK": "TLS", "ADM0_A3_DE": "TLS", "ADM0_A3_GB": "TLS", "ADM0_A3_BR": "TLS", "ADM0_A3_IL": "TLS", "ADM0_A3_PS": "TLS", "ADM0_A3_SA": "TLS", "ADM0_A3_EG": "TLS", "ADM0_A3_MA": "TLS", "ADM0_A3_PT": "TLS", "ADM0_A3_AR": "TLS", "ADM0_A3_JP": "TLS", "ADM0_A3_KO": "TLS", "ADM0_A3_VN": "TLS", "ADM0_A3_TR": "TLS", "ADM0_A3_ID": "TLS", "ADM0_A3_PL": "TLS", "ADM0_A3_GR": "TLS", "ADM0_A3_IT": "TLS", "ADM0_A3_NL": "TLS", "ADM0_A3_SE": "TLS", "ADM0_A3_BD": "TLS", "ADM0_A3_UA": "TLS", "ADM0_A3_UN": -99, "ADM0_A3_WB": -99, "CONTINENT": "Asia", "REGION_UN": "Asia", "SUBREGION": "South-Eastern Asia", "REGION_WB": "East Asia & Pacific", "NAME_LEN": 11, "LONG_LEN": 11, "ABBREV_LEN": 4, "TINY": -99, "HOMEPART": 1, "MIN_ZOOM": 0, "MIN_LABEL": 4, "MAX_LABEL": 9, "LABEL_X": 125.854679, "LABEL_Y": -8.803705, "NE_ID": 1159321313, "WIKIDATAID": "Q574", "NAME_AR": "\u062a\u064a\u0645\u0648\u0631 \u0627\u0644\u0634\u0631\u0642\u064a\u0629", "NAME_BN": "\u09aa\u09c2\u09b0\u09cd\u09ac \u09a4\u09bf\u09ae\u09c1\u09b0", "NAME_DE": "Osttimor", "NAME_EN": "East Timor", "NAME_ES": "Timor Oriental", "NAME_FA": "\u062a\u06cc\u0645\u0648\u0631 \u0634\u0631\u0642\u06cc", "NAME_FR": "Timor oriental", "NAME_EL": "\u0391\u03bd\u03b1\u03c4\u03bf\u03bb\u03b9\u03ba\u03cc \u03a4\u03b9\u03bc\u03cc\u03c1", "NAME_HE": "\u05de\u05d6\u05e8\u05d7 \u05d8\u05d9\u05de\u05d5\u05e8", "NAME_HI": "\u092a\u0942\u0930\u094d\u0935\u0940 \u0924\u093f\u092e\u094b\u0930", "NAME_HU": "Kelet-Timor", "NAME_ID": "Timor Leste", "NAME_IT": "Timor Est", "NAME_JA": "\u6771\u30c6\u30a3\u30e2\u30fc\u30eb", "NAME_KO": "\ub3d9\ud2f0\ubaa8\ub974", "NAME_NL": "Oost-Timor", "NAME_PL": "Timor Wschodni", "NAME_PT": "Timor-Leste", "NAME_RU": "\u0412\u043e\u0441\u0442\u043e\u0447\u043d\u044b\u0439 \u0422\u0438\u043c\u043e\u0440", "NAME_SV": "\u00d6sttimor", "NAME_TR": "Do\u011fu Timor", "NAME_UK": "\u0421\u0445\u0456\u0434\u043d\u0438\u0439 \u0422\u0438\u043c\u043e\u0440", "NAME_UR": "\u0645\u0634\u0631\u0642\u06cc \u062a\u06cc\u0645\u0648\u0631", "NAME_VI": "\u0110\u00f4ng Timor", "NAME_ZH": "\u4e1c\u5e1d\u6c76", "NAME_ZHT": "\u6771\u5e1d\u6c76", "FCLASS_ISO": "Admin-0 country", "TLC_DIFF": null, "FCLASS_TLC": "Admin-0 country", "FCLASS_US": null, "FCLASS_FR": null, "FCLASS_RU": null, "FCLASS_ES": null, "FCLASS_CN": null, "FCLASS_TW": null, "FCLASS_IN": null, "FCLASS_NP": null, "FCLASS_PK": null, "FCLASS_DE": null, "FCLASS_GB": null, "FCLASS_BR": null, "FCLASS_IL": null, "FCLASS_PS": null, "FCLASS_SA": null, "FCLASS_EG": null, "FCLASS_MA": null, "FCLASS_PT": null, "FCLASS_AR": null, "FCLASS_JP": null, "FCLASS_KO": null, "FCLASS_VN": null, "FCLASS_TR": null, "FCLASS_ID": null, "FCLASS_PL": null, "FCLASS_GR": null, "FCLASS_IT": null, "FCLASS_NL": null, "FCLASS_SE": null, "FCLASS_BD": null, "FCLASS_UA": null, "cartogram_scale": 0.3, "dc_count": 0, "dc_code": "OTHER"}, "geometry": {"type": "Polygon", "coordinates": [[[125.6245, -8.7897], [125.6598, -8.7189], [125.918, -8.6515], [126.1273, -8.6413], [126.2211, -8.6039], [126.3347, -8.6411], [126.2243, -8.7224], [125.9116, -8.8537], [125.6604, -8.9398], [125.6549, -8.8489], [125.6245, -8.7897]]]}}, {"type": "Feature", "properties": {"featurecla": "Admin-0 country", "scalerank": 1, "LABELRANK": 2, "SOVEREIGNT": "South Africa", "SOV_A3": "ZAF", "ADM0_DIF": 0, "LEVEL": 2, "TYPE": "Sovereign country", "TLC": "1", "ADMIN": "South Africa", "ADM0_A3": "ZAF", "GEOU_DIF": 0, "GEOUNIT": "South Africa", "GU_A3": "ZAF", "SU_DIF": 0, "SUBUNIT": "South Africa", "SU_A3": "ZAF", "BRK_DIFF": 0, "NAME": "South Africa", "NAME_LONG": "South Africa", "BRK_A3": "ZAF", "BRK_NAME": "South Africa", "BRK_GROUP": null, "ABBREV": "S.Af.", "POSTAL": "ZA", "FORMAL_EN": "Republic of South Africa", "FORMAL_FR": null, "NAME_CIAWF": "South Africa", "NOTE_ADM0": null, "NOTE_BRK": null, "NAME_SORT": "South Africa", "NAME_ALT": null, "MAPCOLOR7": 2, "MAPCOLOR8": 3, "MAPCOLOR9": 4, "MAPCOLOR13": 2, "POP_EST": 58558270, "POP_RANK": 16, "POP_YEAR": 2019, "GDP_MD": 351431, "GDP_YEAR": 2019, "ECONOMY": "5. Emerging region: G20", "INCOME_GRP": "3. Upper middle income", "FIPS_10": "SF", "ISO_A2": "ZA", "ISO_A2_EH": "ZA", "ISO_A3": "ZAF", "ISO_A3_EH": "ZAF", "ISO_N3": "710", "ISO_N3_EH": "710", "UN_A3": "710", "WB_A2": "ZA", "WB_A3": "ZAF", "WOE_ID": 23424942, "WOE_ID_EH": 23424942, "WOE_NOTE": "Exact WOE match as country", "ADM0_ISO": "ZAF", "ADM0_DIFF": null, "ADM0_TLC": "ZAF", "ADM0_A3_US": "ZAF", "ADM0_A3_FR": "ZAF", "ADM0_A3_RU": "ZAF", "ADM0_A3_ES": "ZAF", "ADM0_A3_CN": "ZAF", "ADM0_A3_TW": "ZAF", "ADM0_A3_IN": "ZAF", "ADM0_A3_NP": "ZAF", "ADM0_A3_PK": "ZAF", "ADM0_A3_DE": "ZAF", "ADM0_A3_GB": "ZAF", "ADM0_A3_BR": "ZAF", "ADM0_A3_IL": "ZAF", "ADM0_A3_PS": "ZAF", "ADM0_A3_SA": "ZAF", "ADM0_A3_EG": "ZAF", "ADM0_A3_MA": "ZAF", "ADM0_A3_PT": "ZAF", "ADM0_A3_AR": "ZAF", "ADM0_A3_JP": "ZAF", "ADM0_A3_KO": "ZAF", "ADM0_A3_VN": "ZAF", "ADM0_A3_TR": "ZAF", "ADM0_A3_ID": "ZAF", "ADM0_A3_PL": "ZAF", "ADM0_A3_GR": "ZAF", "ADM0_A3_IT": "ZAF", "ADM0_A3_NL": "ZAF", "ADM0_A3_SE": "ZAF", "ADM0_A3_BD": "ZAF", "ADM0_A3_UA": "ZAF", "ADM0_A3_UN": -99, "ADM0_A3_WB": -99, "CONTINENT": "Africa", "REGION_UN": "Africa", "SUBREGION": "Southern Africa", "REGION_WB": "Sub-Saharan Africa", "NAME_LEN": 12, "LONG_LEN": 12, "ABBREV_LEN": 5, "TINY": -99, "HOMEPART": 1, "MIN_ZOOM": 0, "MIN_LABEL": 1.7, "MAX_LABEL": 6.7, "LABEL_X": 23.665734, "LABEL_Y": -29.708776, "NE_ID": 1159321431, "WIKIDATAID": "Q258", "NAME_AR": "\u062c\u0646\u0648\u0628 \u0623\u0641\u0631\u064a\u0642\u064a\u0627", "NAME_BN": "\u09a6\u0995\u09cd\u09b7\u09bf\u09a3 \u0986\u09ab\u09cd\u09b0\u09bf\u0995\u09be", "NAME_DE": "S\u00fcdafrika", "NAME_EN": "South Africa", "NAME_ES": "Sud\u00e1frica", "NAME_FA": "\u0622\u0641\u0631\u06cc\u0642\u0627\u06cc \u062c\u0646\u0648\u0628\u06cc", "NAME_FR": "Afrique du Sud", "NAME_EL": "\u039d\u03cc\u03c4\u03b9\u03b1 \u0391\u03c6\u03c1\u03b9\u03ba\u03ae", "NAME_HE": "\u05d3\u05e8\u05d5\u05dd \u05d0\u05e4\u05e8\u05d9\u05e7\u05d4", "NAME_HI": "\u0926\u0915\u094d\u0937\u093f\u0923 \u0905\u092b\u093c\u094d\u0930\u0940\u0915\u093e", "NAME_HU": "D\u00e9l-afrikai K\u00f6zt\u00e1rsas\u00e1g", "NAME_ID": "Afrika Selatan", "NAME_IT": "Sudafrica", "NAME_JA": "\u5357\u30a2\u30d5\u30ea\u30ab\u5171\u548c\u56fd", "NAME_KO": "\ub0a8\uc544\ud504\ub9ac\uce74 \uacf5\ud654\uad6d", "NAME_NL": "Zuid-Afrika", "NAME_PL": "Po\u0142udniowa Afryka", "NAME_PT": "\u00c1frica do Sul", "NAME_RU": "\u042e\u0410\u0420", "NAME_SV": "Sydafrika", "NAME_TR": "G\u00fcney Afrika Cumhuriyeti", "NAME_UK": "\u041f\u0456\u0432\u0434\u0435\u043d\u043d\u043e-\u0410\u0444\u0440\u0438\u043a\u0430\u043d\u0441\u044c\u043a\u0430 \u0420\u0435\u0441\u043f\u0443\u0431\u043b\u0456\u043a\u0430", "NAME_UR": "\u062c\u0646\u0648\u0628\u06cc \u0627\u0641\u0631\u06cc\u0642\u0627", "NAME_VI": "C\u1ed9ng h\u00f2a Nam Phi", "NAME_ZH": "\u5357\u975e", "NAME_ZHT": "\u5357\u975e", "FCLASS_ISO": "Admin-0 country", "TLC_DIFF": null, "FCLASS_TLC": "Admin-0 country", "FCLASS_US": null, "FCLASS_FR": null, "FCLASS_RU": null, "FCLASS_ES": null, "FCLASS_CN": null, "FCLASS_TW": null, "FCLASS_IN": null, "FCLASS_NP": null, "FCLASS_PK": null, "FCLASS_DE": null, "FCLASS_GB": null, "FCLASS_BR": null, "FCLASS_IL": null, "FCLASS_PS": null, "FCLASS_SA": null, "FCLASS_EG": null, "FCLASS_MA": null, "FCLASS_PT": null, "FCLASS_AR": null, "FCLASS_JP": null, "FCLASS_KO": null, "FCLASS_VN": null, "FCLASS_TR": null, "FCLASS_ID": null, "FCLASS_PL": null, "FCLASS_GR": null, "FCLASS_IT": null, "FCLASS_NL": null, "FCLASS_SE": null, "FCLASS_BD": null, "FCLASS_UA": null, "cartogram_scale": 0.9, "dc_count": 42, "dc_code": "ZAF"}, "geometry": {"type": "Polygon", "coordinates": [[[17.229, -28.5919], [17.6602, -28.1469], [18.0156, -28.3933], [18.1673, -28.7781], [18.5711, -28.8437], [19.137, -29.0138], [19.6205, -28.9481], [20.4238, -28.4879], [20.4248, -25.1639], [20.6677, -25.2991], [21.2013, -26.1542], [21.1184, -26.7026], [21.3192, -27.0186], [21.9639, -26.9268], [22.4139, -26.5251], [22.8401, -26.2544], [23.0604, -25.8233], [23.4995, -25.6147], [23.8788, -25.724], [24.3087, -25.9761], [25.0412, -26.0206], [25.6168, -25.811], [25.7078, -25.5303], [25.866, -25.0996], [26.3557, -25.0276], [26.6263, -24.6895], [26.926, -24.0898], [27.7341, -23.4179], [29.0075, -22.7551], [29.3737, -22.7649], [29.8092, -22.9174], [30.1124, -22.8093], [30.5908, -22.8993], [31.0219, -24.166], [31.2561, -24.8054], [31.0957, -25.8088], [31.1726, -26.1319], [30.7184, -25.9671], [30.4582, -26.0312], [30.3733, -26.2933], [30.1275, -26.6312], [30.1359, -26.9424], [30.6731, -27.4302], [31.1998, -27.333], [31.3831, -26.9333], [32.0657, -26.9409], [31.8408, -27.5961], [31.7345, -28.3438], [31.5016, -28.7501], [30.8875, -29.2046], [30.7116, -29.3347], [30.3301, -29.7919], [30.0791, -30.2543], [29.5687, -30.8992], [28.5516, -31.8277], [27.9163, -32.3677], [27.2367, -32.7772], [26.2961, -33.1264], [25.8373, -33.1732], [25.7211, -33.4231], [25.1741, -33.2901], [24.7286, -33.4614], [23.7532, -33.2879], [23.2079, -33.3977], [22.8353, -33.3506], [21.9071, -33.7059], [21.1387, -33.8484], [20.5827, -34.1885], [20.1733, -34.2102], [19.7925, -33.8893], [19.4883, -33.8728], [19.1007, -33.471], [19.0582, -33.5958], [18.9386, -33.3539], [18.9436, -32.8262], [18.6512, -32.2231], [18.9417, -32.0591], [18.9181, -31.3684], [18.3288, -30.5261], [17.8765, -29.7637], [17.8752, -29.7613], [17.229, -28.5919]], [[28.599, -28.9329], [28.2061, -28.6557], [27.7855, -28.8392], [27.2978, -29.1914], [26.8179, -29.7613], [27.493, -30.4535], [27.815, -30.3641], [27.9805, -30.0765], [28.4821, -29.936], [28.6351, -29.6423], [28.9112, -29.2046], [28.599, -28.9329]]]}}, {"type": "Feature", "properties": {"featurecla": "Admin-0 country", "scalerank": 1, "LABELRANK": 6, "SOVEREIGNT": "Lesotho", "SOV_A3": "LSO", "ADM0_DIF": 0, "LEVEL": 2, "TYPE": "Sovereign country", "TLC": "1", "ADMIN": "Lesotho", "ADM0_A3": "LSO", "GEOU_DIF": 0, "GEOUNIT": "Lesotho", "GU_A3": "LSO", "SU_DIF": 0, "SUBUNIT": "Lesotho", "SU_A3": "LSO", "BRK_DIFF": 0, "NAME": "Lesotho", "NAME_LONG": "Lesotho", "BRK_A3": "LSO", "BRK_NAME": "Lesotho", "BRK_GROUP": null, "ABBREV": "Les.", "POSTAL": "LS", "FORMAL_EN": "Kingdom of Lesotho", "FORMAL_FR": null, "NAME_CIAWF": "Lesotho", "NOTE_ADM0": null, "NOTE_BRK": null, "NAME_SORT": "Lesotho", "NAME_ALT": null, "MAPCOLOR7": 1, "MAPCOLOR8": 5, "MAPCOLOR9": 2, "MAPCOLOR13": 8, "POP_EST": 2125268, "POP_RANK": 12, "POP_YEAR": 2019, "GDP_MD": 2376, "GDP_YEAR": 2019, "ECONOMY": "7. Least developed region", "INCOME_GRP": "4. Lower middle income", "FIPS_10": "LT", "ISO_A2": "LS", "ISO_A2_EH": "LS", "ISO_A3": "LSO", "ISO_A3_EH": "LSO", "ISO_N3": "426", "ISO_N3_EH": "426", "UN_A3": "426", "WB_A2": "LS", "WB_A3": "LSO", "WOE_ID": 23424880, "WOE_ID_EH": 23424880, "WOE_NOTE": "Exact WOE match as country", "ADM0_ISO": "LSO", "ADM0_DIFF": null, "ADM0_TLC": "LSO", "ADM0_A3_US": "LSO", "ADM0_A3_FR": "LSO", "ADM0_A3_RU": "LSO", "ADM0_A3_ES": "LSO", "ADM0_A3_CN": "LSO", "ADM0_A3_TW": "LSO", "ADM0_A3_IN": "LSO", "ADM0_A3_NP": "LSO", "ADM0_A3_PK": "LSO", "ADM0_A3_DE": "LSO", "ADM0_A3_GB": "LSO", "ADM0_A3_BR": "LSO", "ADM0_A3_IL": "LSO", "ADM0_A3_PS": "LSO", "ADM0_A3_SA": "LSO", "ADM0_A3_EG": "LSO", "ADM0_A3_MA": "LSO", "ADM0_A3_PT": "LSO", "ADM0_A3_AR": "LSO", "ADM0_A3_JP": "LSO", "ADM0_A3_KO": "LSO", "ADM0_A3_VN": "LSO", "ADM0_A3_TR": "LSO", "ADM0_A3_ID": "LSO", "ADM0_A3_PL": "LSO", "ADM0_A3_GR": "LSO", "ADM0_A3_IT": "LSO", "ADM0_A3_NL": "LSO", "ADM0_A3_SE": "LSO", "ADM0_A3_BD": "LSO", "ADM0_A3_UA": "LSO", "ADM0_A3_UN": -99, "ADM0_A3_WB": -99, "CONTINENT": "Africa", "REGION_UN": "Africa", "SUBREGION": "Southern Africa", "REGION_WB": "Sub-Saharan Africa", "NAME_LEN": 7, "LONG_LEN": 7, "ABBREV_LEN": 4, "TINY": -99, "HOMEPART": 1, "MIN_ZOOM": 0, "MIN_LABEL": 4, "MAX_LABEL": 9, "LABEL_X": 28.246639, "LABEL_Y": -29.480158, "NE_ID": 1159321027, "WIKIDATAID": "Q1013", "NAME_AR": "\u0644\u064a\u0633\u0648\u062a\u0648", "NAME_BN": "\u09b2\u09c7\u09b8\u09cb\u09a5\u09cb", "NAME_DE": "Lesotho", "NAME_EN": "Lesotho", "NAME_ES": "Lesoto", "NAME_FA": "\u0644\u0633\u0648\u062a\u0648", "NAME_FR": "Lesotho", "NAME_EL": "\u039b\u03b5\u03c3\u03cc\u03c4\u03bf", "NAME_HE": "\u05dc\u05e1\u05d5\u05d8\u05d5", "NAME_HI": "\u0932\u0947\u0938\u094b\u0925\u094b", "NAME_HU": "Lesotho", "NAME_ID": "Lesotho", "NAME_IT": "Lesotho", "NAME_JA": "\u30ec\u30bd\u30c8", "NAME_KO": "\ub808\uc18c\ud1a0", "NAME_NL": "Lesotho", "NAME_PL": "Lesotho", "NAME_PT": "Lesoto", "NAME_RU": "\u041b\u0435\u0441\u043e\u0442\u043e", "NAME_SV": "Lesotho", "NAME_TR": "Lesotho", "NAME_UK": "\u041b\u0435\u0441\u043e\u0442\u043e", "NAME_UR": "\u0644\u06cc\u0633\u0648\u062a\u06be\u0648", "NAME_VI": "Lesotho", "NAME_ZH": "\u83b1\u7d22\u6258", "NAME_ZHT": "\u8cf4\u7d22\u6258", "FCLASS_ISO": "Admin-0 country", "TLC_DIFF": null, "FCLASS_TLC": "Admin-0 country", "FCLASS_US": null, "FCLASS_FR": null, "FCLASS_RU": null, "FCLASS_ES": null, "FCLASS_CN": null, "FCLASS_TW": null, "FCLASS_IN": null, "FCLASS_NP": null, "FCLASS_PK": null, "FCLASS_DE": null, "FCLASS_GB": null, "FCLASS_BR": null, "FCLASS_IL": null, "FCLASS_PS": null, "FCLASS_SA": null, "FCLASS_EG": null, "FCLASS_MA": null, "FCLASS_PT": null, "FCLASS_AR": null, "FCLASS_JP": null, "FCLASS_KO": null, "FCLASS_VN": null, "FCLASS_TR": null, "FCLASS_ID": null, "FCLASS_PL": null, "FCLASS_GR": null, "FCLASS_IT": null, "FCLASS_NL": null, "FCLASS_SE": null, "FCLASS_BD": null, "FCLASS_UA": null, "cartogram_scale": 0.3, "dc_count": 0, "dc_code": "OTHER"}, "geometry": {"type": "Polygon", "coordinates": [[[28.5527, -29.396], [28.6568, -29.4865], [28.5648, -29.6325], [28.5138, -29.7303], [28.3466, -29.7772], [28.2914, -29.873], [28.1841, -29.9029], [27.959, -29.6721], [28.119, -29.4821], [28.2815, -29.3648], [28.4217, -29.3036], [28.5527, -29.396]]]}}, {"type": "Feature", "properties": {"featurecla": "Admin-0 country", "scalerank": 1, "LABELRANK": 2, "SOVEREIGNT": "Mexico", "SOV_A3": "MEX", "ADM0_DIF": 0, "LEVEL": 2, "TYPE": "Sovereign country", "TLC": "1", "ADMIN": "Mexico", "ADM0_A3": "MEX", "GEOU_DIF": 0, "GEOUNIT": "Mexico", "GU_A3": "MEX", "SU_DIF": 0, "SUBUNIT": "Mexico", "SU_A3": "MEX", "BRK_DIFF": 0, "NAME": "Mexico", "NAME_LONG": "Mexico", "BRK_A3": "MEX", "BRK_NAME": "Mexico", "BRK_GROUP": null, "ABBREV": "Mex.", "POSTAL": "MX", "FORMAL_EN": "United Mexican States", "FORMAL_FR": null, "NAME_CIAWF": "Mexico", "NOTE_ADM0": null, "NOTE_BRK": null, "NAME_SORT": "Mexico", "NAME_ALT": null, "MAPCOLOR7": 6, "MAPCOLOR8": 1, "MAPCOLOR9": 7, "MAPCOLOR13": 3, "POP_EST": 127575529, "POP_RANK": 17, "POP_YEAR": 2019, "GDP_MD": 1268870, "GDP_YEAR": 2019, "ECONOMY": "4. Emerging region: MIKT", "INCOME_GRP": "3. Upper middle income", "FIPS_10": "MX", "ISO_A2": "MX", "ISO_A2_EH": "MX", "ISO_A3": "MEX", "ISO_A3_EH": "MEX", "ISO_N3": "484", "ISO_N3_EH": "484", "UN_A3": "484", "WB_A2": "MX", "WB_A3": "MEX", "WOE_ID": 23424900, "WOE_ID_EH": 23424900, "WOE_NOTE": "Exact WOE match as country", "ADM0_ISO": "MEX", "ADM0_DIFF": null, "ADM0_TLC": "MEX", "ADM0_A3_US": "MEX", "ADM0_A3_FR": "MEX", "ADM0_A3_RU": "MEX", "ADM0_A3_ES": "MEX", "ADM0_A3_CN": "MEX", "ADM0_A3_TW": "MEX", "ADM0_A3_IN": "MEX", "ADM0_A3_NP": "MEX", "ADM0_A3_PK": "MEX", "ADM0_A3_DE": "MEX", "ADM0_A3_GB": "MEX", "ADM0_A3_BR": "MEX", "ADM0_A3_IL": "MEX", "ADM0_A3_PS": "MEX", "ADM0_A3_SA": "MEX", "ADM0_A3_EG": "MEX", "ADM0_A3_MA": "MEX", "ADM0_A3_PT": "MEX", "ADM0_A3_AR": "MEX", "ADM0_A3_JP": "MEX", "ADM0_A3_KO": "MEX", "ADM0_A3_VN": "MEX", "ADM0_A3_TR": "MEX", "ADM0_A3_ID": "MEX", "ADM0_A3_PL": "MEX", "ADM0_A3_GR": "MEX", "ADM0_A3_IT": "MEX", "ADM0_A3_NL": "MEX", "ADM0_A3_SE": "MEX", "ADM0_A3_BD": "MEX", "ADM0_A3_UA": "MEX", "ADM0_A3_UN": -99, "ADM0_A3_WB": -99, "CONTINENT": "North America", "REGION_UN": "Americas", "SUBREGION": "Central America", "REGION_WB": "Latin America & Caribbean", "NAME_LEN": 6, "LONG_LEN": 6, "ABBREV_LEN": 4, "TINY": -99, "HOMEPART": 1, "MIN_ZOOM": 0, "MIN_LABEL": 2, "MAX_LABEL": 6.7, "LABEL_X": -102.289448, "LABEL_Y": 23.919988, "NE_ID": 1159321055, "WIKIDATAID": "Q96", "NAME_AR": "\u0627\u0644\u0645\u0643\u0633\u064a\u0643", "NAME_BN": "\u09ae\u09c7\u0995\u09cd\u09b8\u09bf\u0995\u09cb", "NAME_DE": "Mexiko", "NAME_EN": "Mexico", "NAME_ES": "M\u00e9xico", "NAME_FA": "\u0645\u06a9\u0632\u06cc\u06a9", "NAME_FR": "Mexique", "NAME_EL": "\u039c\u03b5\u03be\u03b9\u03ba\u03cc", "NAME_HE": "\u05de\u05e7\u05e1\u05d9\u05e7\u05d5", "NAME_HI": "\u092e\u0947\u0915\u094d\u0938\u093f\u0915\u094b", "NAME_HU": "Mexik\u00f3", "NAME_ID": "Meksiko", "NAME_IT": "Messico", "NAME_JA": "\u30e1\u30ad\u30b7\u30b3", "NAME_KO": "\uba55\uc2dc\ucf54", "NAME_NL": "Mexico", "NAME_PL": "Meksyk", "NAME_PT": "M\u00e9xico", "NAME_RU": "\u041c\u0435\u043a\u0441\u0438\u043a\u0430", "NAME_SV": "Mexiko", "NAME_TR": "Meksika", "NAME_UK": "\u041c\u0435\u043a\u0441\u0438\u043a\u0430", "NAME_UR": "\u0645\u06cc\u06a9\u0633\u06cc\u06a9\u0648", "NAME_VI": "M\u00e9xico", "NAME_ZH": "\u58a8\u897f\u54e5", "NAME_ZHT": "\u58a8\u897f\u54e5", "FCLASS_ISO": "Admin-0 country", "TLC_DIFF": null, "FCLASS_TLC": "Admin-0 country", "FCLASS_US": null, "FCLASS_FR": null, "FCLASS_RU": null, "FCLASS_ES": null, "FCLASS_CN": null, "FCLASS_TW": null, "FCLASS_IN": null, "FCLASS_NP": null, "FCLASS_PK": null, "FCLASS_DE": null, "FCLASS_GB": null, "FCLASS_BR": null, "FCLASS_IL": null, "FCLASS_PS": null, "FCLASS_SA": null, "FCLASS_EG": null, "FCLASS_MA": null, "FCLASS_PT": null, "FCLASS_AR": null, "FCLASS_JP": null, "FCLASS_KO": null, "FCLASS_VN": null, "FCLASS_TR": null, "FCLASS_ID": null, "FCLASS_PL": null, "FCLASS_GR": null, "FCLASS_IT": null, "FCLASS_NL": null, "FCLASS_SE": null, "FCLASS_BD": null, "FCLASS_UA": null, "cartogram_scale": 0.9, "dc_count": 45, "dc_code": "MEX"}, "geometry": {"type": "Polygon", "coordinates": [[[-120.7281, 25.6693], [-119.7053, 25.7386], [-118.5623, 25.8362], [-118.6466, 25.6602], [-117.2876, 25.2227], [-115.2343, 24.5887], [-113.4446, 24.5952], [-112.7308, 24.5955], [-112.7291, 24.9668], [-111.1699, 24.9665], [-110.8417, 24.6474], [-110.3815, 24.3629], [-109.8467, 23.9671], [-109.5483, 23.497], [-109.3243, 23.0022], [-108.8591, 22.7305], [-108.1121, 22.4605], [-107.5451, 23.1715], [-106.8092, 23.1888], [-106.1749, 22.8301], [-105.7233, 22.214], [-105.4121, 21.6865], [-104.8811, 21.1735], [-104.6831, 20.5435], [-104.4311, 20.1205], [-103.7291, 19.8415], [-103.0901, 19.6435], [-102.7391, 19.6705], [-103.0883, 18.8804], [-103.2457, 18.2326], [-103.3115, 17.0268], [-103.3982, 16.5872], [-103.2422, 16.0963], [-102.9631, 15.6574], [-102.7835, 14.9593], [-102.1861, 14.2893], [-101.976, 13.7758], [-101.6239, 13.3327], [-100.6682, 13.0939], [-100.2962, 12.7174], [-99.5069, 12.9689], [-98.8206, 13.0598], [-98.1467, 13.2216], [-97.5802, 13.3759], [-97.0078, 13.7432], [-96.7933, 14.2681], [-96.7194, 15.0242], [-96.5638, 15.2873], [-95.9543, 15.523], [-95.0026, 15.7318], [-94.2057, 15.7004], [-93.6598, 15.7766], [-93.4439, 15.5858], [-93.4744, 15.1523], [-93.958, 14.6173], [-94.172, 14.0694], [-94.0062, 13.9126], [-94.141, 13.5236], [-94.3665, 12.8213], [-94.5947, 13.0524], [-94.7831, 13.0374], [-94.9542, 13.0256], [-95.2766, 12.4823], [-95.4399, 12.5888], [-95.5489, 12.5474], [-95.5418, 12.4149], [-96.3742, 12.4249], [-97.2144, 12.4233], [-97.2151, 11.9166], [-97.6216, 11.9144], [-97.2866, 11.6141], [-96.9537, 11.4062], [-96.8538, 11.2112], [-96.7081, 11.1566], [-96.7311, 10.8501], [-97.8862, 10.8474], [-98.3194, 10.1138], [-98.1916, 9.9456], [-98.296, 9.7346], [-98.3181, 9.4724], [-99.3366, 10.4413], [-99.8007, 10.7336], [-100.5356, 10.9683], [-101.0383, 10.9029], [-101.7611, 10.5643], [-102.2148, 10.4756], [-102.8503, 10.7128], [-103.5248, 10.884], [-104.366, 11.2969], [-105.0407, 11.423], [-106.0596, 11.8414], [-106.8126, 12.2716], [-107.0398, 12.5119], [-107.5434, 12.5656], [-108.464, 12.8505], [-108.8389, 13.2612], [-109.8059, 13.772], [-110.2568, 14.3395], [-110.4713, 14.7781], [-110.1711, 14.866], [-110.2637, 15.1227], [-110.0568, 15.3561], [-110.0523, 15.6674], [-110.3559, 16.0715], [-110.4371, 16.4296], [-110.7389, 16.8838], [-111.5321, 17.7785], [-112.437, 18.4815], [-112.8748, 19.0425], [-113.6473, 19.41], [-113.8128, 19.6299], [-113.6756, 20.1861], [-114.1344, 20.396], [-114.6656, 20.8334], [-114.89, 21.4613], [-115.3741, 21.5346], [-115.8967, 22.0086], [-116.3185, 22.4464], [-116.3577, 22.7276], [-116.8417, 23.4065], [-117.1605, 24.0957], [-117.1469, 24.4413], [-117.7978, 24.7983], [-118.0982, 24.7591], [-118.6119, 25.007], [-118.7561, 24.6416], [-118.6072, 24.2097], [-118.5196, 23.5339], [-118.211, 23.1628], [-117.5431, 22.5429], [-117.3947, 22.331], [-117.2578, 22.2668], [-117.1391, 21.9576], [-116.9791, 21.9701], [-116.7985, 21.3897], [-116.5252, 21.1607], [-116.3335, 20.842], [-115.7679, 20.384], [-115.4693, 19.5468], [-115.2021, 19.1526], [-114.9521, 18.7309], [-114.9026, 18.2562], [-114.4686, 18.2265], [-114.1077, 17.8175], [-113.7813, 17.4157], [-113.8031, 17.2545], [-114.1819, 16.9239], [-114.3413, 16.9282], [-114.5786, 17.4753], [-115.1676, 17.9883], [-115.8166, 18.4234], [-116.2769, 18.652], [-116.2472, 19.3106], [-116.3837, 19.7983], [-116.8126, 20.0772], [-117.4313, 20.4788], [-117.5501, 20.363], [-117.7771, 20.5975], [-118.3322, 20.8153], [-118.8627, 21.3379], [-118.7971, 21.4058], [-118.4264, 21.3548], [-118.0925, 21.691], [-118.0589, 22.097], [-118.7517, 22.739], [-119.2799, 22.9882], [-119.6117, 23.5502], [-119.9456, 24.1403], [-120.3624, 24.8596], [-120.7281, 25.6693]]]}}, {"type": "Feature", "properties": {"featurecla": "Admin-0 country", "scalerank": 1, "LABELRANK": 4, "SOVEREIGNT": "Uruguay", "SOV_A3": "URY", "ADM0_DIF": 0, "LEVEL": 2, "TYPE": "Sovereign country", "TLC": "1", "ADMIN": "Uruguay", "ADM0_A3": "URY", "GEOU_DIF": 0, "GEOUNIT": "Uruguay", "GU_A3": "URY", "SU_DIF": 0, "SUBUNIT": "Uruguay", "SU_A3": "URY", "BRK_DIFF": 0, "NAME": "Uruguay", "NAME_LONG": "Uruguay", "BRK_A3": "URY", "BRK_NAME": "Uruguay", "BRK_GROUP": null, "ABBREV": "Ury.", "POSTAL": "UY", "FORMAL_EN": "Oriental Republic of Uruguay", "FORMAL_FR": null, "NAME_CIAWF": "Uruguay", "NOTE_ADM0": null, "NOTE_BRK": null, "NAME_SORT": "Uruguay", "NAME_ALT": null, "MAPCOLOR7": 1, "MAPCOLOR8": 2, "MAPCOLOR9": 2, "MAPCOLOR13": 10, "POP_EST": 3461734, "POP_RANK": 12, "POP_YEAR": 2019, "GDP_MD": 56045, "GDP_YEAR": 2019, "ECONOMY": "5. Emerging region: G20", "INCOME_GRP": "3. Upper middle income", "FIPS_10": "UY", "ISO_A2": "UY", "ISO_A2_EH": "UY", "ISO_A3": "URY", "ISO_A3_EH": "URY", "ISO_N3": "858", "ISO_N3_EH": "858", "UN_A3": "858", "WB_A2": "UY", "WB_A3": "URY", "WOE_ID": 23424979, "WOE_ID_EH": 23424979, "WOE_NOTE": "Exact WOE match as country", "ADM0_ISO": "URY", "ADM0_DIFF": null, "ADM0_TLC": "URY", "ADM0_A3_US": "URY", "ADM0_A3_FR": "URY", "ADM0_A3_RU": "URY", "ADM0_A3_ES": "URY", "ADM0_A3_CN": "URY", "ADM0_A3_TW": "URY", "ADM0_A3_IN": "URY", "ADM0_A3_NP": "URY", "ADM0_A3_PK": "URY", "ADM0_A3_DE": "URY", "ADM0_A3_GB": "URY", "ADM0_A3_BR": "URY", "ADM0_A3_IL": "URY", "ADM0_A3_PS": "URY", "ADM0_A3_SA": "URY", "ADM0_A3_EG": "URY", "ADM0_A3_MA": "URY", "ADM0_A3_PT": "URY", "ADM0_A3_AR": "URY", "ADM0_A3_JP": "URY", "ADM0_A3_KO": "URY", "ADM0_A3_VN": "URY", "ADM0_A3_TR": "URY", "ADM0_A3_ID": "URY", "ADM0_A3_PL": "URY", "ADM0_A3_GR": "URY", "ADM0_A3_IT": "URY", "ADM0_A3_NL": "URY", "ADM0_A3_SE": "URY", "ADM0_A3_BD": "URY", "ADM0_A3_UA": "URY", "ADM0_A3_UN": -99, "ADM0_A3_WB": -99, "CONTINENT": "South America", "REGION_UN": "Americas", "SUBREGION": "South America", "REGION_WB": "Latin America & Caribbean", "NAME_LEN": 7, "LONG_LEN": 7, "ABBREV_LEN": 4, "TINY": -99, "HOMEPART": 1, "MIN_ZOOM": 0, "MIN_LABEL": 3, "MAX_LABEL": 8, "LABEL_X": -55.966942, "LABEL_Y": -32.961127, "NE_ID": 1159321353, "WIKIDATAID": "Q77", "NAME_AR": "\u0627\u0644\u0623\u0648\u0631\u0648\u063a\u0648\u0627\u064a", "NAME_BN": "\u0989\u09b0\u09c1\u0997\u09c1\u09af\u09bc\u09c7", "NAME_DE": "Uruguay", "NAME_EN": "Uruguay", "NAME_ES": "Uruguay", "NAME_FA": "\u0627\u0631\u0648\u06af\u0648\u0626\u0647", "NAME_FR": "Uruguay", "NAME_EL": "\u039f\u03c5\u03c1\u03bf\u03c5\u03b3\u03bf\u03c5\u03ac\u03b7", "NAME_HE": "\u05d0\u05d5\u05e8\u05d5\u05d2\u05d5\u05d5\u05d0\u05d9", "NAME_HI": "\u0909\u0930\u0941\u0917\u094d\u0935\u0947", "NAME_HU": "Uruguay", "NAME_ID": "Uruguay", "NAME_IT": "Uruguay", "NAME_JA": "\u30a6\u30eb\u30b0\u30a2\u30a4", "NAME_KO": "\uc6b0\ub8e8\uacfc\uc774", "NAME_NL": "Uruguay", "NAME_PL": "Urugwaj", "NAME_PT": "Uruguai", "NAME_RU": "\u0423\u0440\u0443\u0433\u0432\u0430\u0439", "NAME_SV": "Uruguay", "NAME_TR": "Uruguay", "NAME_UK": "\u0423\u0440\u0443\u0433\u0432\u0430\u0439", "NAME_UR": "\u06cc\u0648\u0631\u0627\u06af\u0648\u0626\u06d2", "NAME_VI": "Uruguay", "NAME_ZH": "\u4e4c\u62c9\u572d", "NAME_ZHT": "\u70cf\u62c9\u572d", "FCLASS_ISO": "Admin-0 country", "TLC_DIFF": null, "FCLASS_TLC": "Admin-0 country", "FCLASS_US": null, "FCLASS_FR": null, "FCLASS_RU": null, "FCLASS_ES": null, "FCLASS_CN": null, "FCLASS_TW": null, "FCLASS_IN": null, "FCLASS_NP": null, "FCLASS_PK": null, "FCLASS_DE": null, "FCLASS_GB": null, "FCLASS_BR": null, "FCLASS_IL": null, "FCLASS_PS": null, "FCLASS_SA": null, "FCLASS_EG": null, "FCLASS_MA": null, "FCLASS_PT": null, "FCLASS_AR": null, "FCLASS_JP": null, "FCLASS_KO": null, "FCLASS_VN": null, "FCLASS_TR": null, "FCLASS_ID": null, "FCLASS_PL": null, "FCLASS_GR": null, "FCLASS_IT": null, "FCLASS_NL": null, "FCLASS_SE": null, "FCLASS_BD": null, "FCLASS_UA": null, "cartogram_scale": 0.45, "dc_count": 3, "dc_code": "URY"}, "geometry": {"type": "Polygon", "coordinates": [[[-56.8076, -31.581], [-56.5155, -31.533], [-56.0642, -31.881], [-55.8969, -31.8679], [-55.4338, -32.1562], [-55.0808, -32.4049], [-54.8206, -32.7111], [-55.019, -32.9245], [-54.8944, -33.1794], [-55.0891, -33.4622], [-55.5974, -33.7123], [-55.9296, -33.6223], [-56.1731, -33.6706], [-56.5891, -33.4774], [-56.8943, -33.4918], [-57.1684, -33.2429], [-57.1336, -32.9521], [-57.0359, -32.8519], [-57.0403, -32.4037], [-56.92, -31.9411], [-56.8076, -31.581]]]}}, {"type": "Feature", "properties": {"featurecla": "Admin-0 country", "scalerank": 1, "LABELRANK": 2, "SOVEREIGNT": "Brazil", "SOV_A3": "BRA", "ADM0_DIF": 0, "LEVEL": 2, "TYPE": "Sovereign country", "TLC": "1", "ADMIN": "Brazil", "ADM0_A3": "BRA", "GEOU_DIF": 0, "GEOUNIT": "Brazil", "GU_A3": "BRA", "SU_DIF": 0, "SUBUNIT": "Brazil", "SU_A3": "BRA", "BRK_DIFF": 0, "NAME": "Brazil", "NAME_LONG": "Brazil", "BRK_A3": "BRA", "BRK_NAME": "Brazil", "BRK_GROUP": null, "ABBREV": "Brazil", "POSTAL": "BR", "FORMAL_EN": "Federative Republic of Brazil", "FORMAL_FR": null, "NAME_CIAWF": "Brazil", "NOTE_ADM0": null, "NOTE_BRK": null, "NAME_SORT": "Brazil", "NAME_ALT": null, "MAPCOLOR7": 5, "MAPCOLOR8": 6, "MAPCOLOR9": 5, "MAPCOLOR13": 7, "POP_EST": 211049527, "POP_RANK": 17, "POP_YEAR": 2019, "GDP_MD": 1839758, "GDP_YEAR": 2019, "ECONOMY": "3. Emerging region: BRIC", "INCOME_GRP": "3. Upper middle income", "FIPS_10": "BR", "ISO_A2": "BR", "ISO_A2_EH": "BR", "ISO_A3": "BRA", "ISO_A3_EH": "BRA", "ISO_N3": "076", "ISO_N3_EH": "076", "UN_A3": "076", "WB_A2": "BR", "WB_A3": "BRA", "WOE_ID": 23424768, "WOE_ID_EH": 23424768, "WOE_NOTE": "Exact WOE match as country", "ADM0_ISO": "BRA", "ADM0_DIFF": null, "ADM0_TLC": "BRA", "ADM0_A3_US": "BRA", "ADM0_A3_FR": "BRA", "ADM0_A3_RU": "BRA", "ADM0_A3_ES": "BRA", "ADM0_A3_CN": "BRA", "ADM0_A3_TW": "BRA", "ADM0_A3_IN": "BRA", "ADM0_A3_NP": "BRA", "ADM0_A3_PK": "BRA", "ADM0_A3_DE": "BRA", "ADM0_A3_GB": "BRA", "ADM0_A3_BR": "BRA", "ADM0_A3_IL": "BRA", "ADM0_A3_PS": "BRA", "ADM0_A3_SA": "BRA", "ADM0_A3_EG": "BRA", "ADM0_A3_MA": "BRA", "ADM0_A3_PT": "BRA", "ADM0_A3_AR": "BRA", "ADM0_A3_JP": "BRA", "ADM0_A3_KO": "BRA", "ADM0_A3_VN": "BRA", "ADM0_A3_TR": "BRA", "ADM0_A3_ID": "BRA", "ADM0_A3_PL": "BRA", "ADM0_A3_GR": "BRA", "ADM0_A3_IT": "BRA", "ADM0_A3_NL": "BRA", "ADM0_A3_SE": "BRA", "ADM0_A3_BD": "BRA", "ADM0_A3_UA": "BRA", "ADM0_A3_UN": -99, "ADM0_A3_WB": -99, "CONTINENT": "South America", "REGION_UN": "Americas", "SUBREGION": "South America", "REGION_WB": "Latin America & Caribbean", "NAME_LEN": 6, "LONG_LEN": 6, "ABBREV_LEN": 6, "TINY": -99, "HOMEPART": 1, "MIN_ZOOM": 0, "MIN_LABEL": 1.7, "MAX_LABEL": 5.7, "LABEL_X": -49.55945, "LABEL_Y": -12.098687, "NE_ID": 1159320441, "WIKIDATAID": "Q155", "NAME_AR": "\u0627\u0644\u0628\u0631\u0627\u0632\u064a\u0644", "NAME_BN": "\u09ac\u09cd\u09b0\u09be\u099c\u09bf\u09b2", "NAME_DE": "Brasilien", "NAME_EN": "Brazil", "NAME_ES": "Brasil", "NAME_FA": "\u0628\u0631\u0632\u06cc\u0644", "NAME_FR": "Br\u00e9sil", "NAME_EL": "\u0392\u03c1\u03b1\u03b6\u03b9\u03bb\u03af\u03b1", "NAME_HE": "\u05d1\u05e8\u05d6\u05d9\u05dc", "NAME_HI": "\u092c\u094d\u0930\u093e\u091c\u093c\u0940\u0932", "NAME_HU": "Braz\u00edlia", "NAME_ID": "Brasil", "NAME_IT": "Brasile", "NAME_JA": "\u30d6\u30e9\u30b8\u30eb", "NAME_KO": "\ube0c\ub77c\uc9c8", "NAME_NL": "Brazili\u00eb", "NAME_PL": "Brazylia", "NAME_PT": "Brasil", "NAME_RU": "\u0411\u0440\u0430\u0437\u0438\u043b\u0438\u044f", "NAME_SV": "Brasilien", "NAME_TR": "Brezilya", "NAME_UK": "\u0411\u0440\u0430\u0437\u0438\u043b\u0456\u044f", "NAME_UR": "\u0628\u0631\u0627\u0632\u06cc\u0644", "NAME_VI": "Brasil", "NAME_ZH": "\u5df4\u897f", "NAME_ZHT": "\u5df4\u897f", "FCLASS_ISO": "Admin-0 country", "TLC_DIFF": null, "FCLASS_TLC": "Admin-0 country", "FCLASS_US": null, "FCLASS_FR": null, "FCLASS_RU": null, "FCLASS_ES": null, "FCLASS_CN": null, "FCLASS_TW": null, "FCLASS_IN": null, "FCLASS_NP": null, "FCLASS_PK": null, "FCLASS_DE": null, "FCLASS_GB": null, "FCLASS_BR": null, "FCLASS_IL": null, "FCLASS_PS": null, "FCLASS_SA": null, "FCLASS_EG": null, "FCLASS_MA": null, "FCLASS_PT": null, "FCLASS_AR": null, "FCLASS_JP": null, "FCLASS_KO": null, "FCLASS_VN": null, "FCLASS_TR": null, "FCLASS_ID": null, "FCLASS_PL": null, "FCLASS_GR": null, "FCLASS_IT": null, "FCLASS_NL": null, "FCLASS_SE": null, "FCLASS_BD": null, "FCLASS_UA": null, "cartogram_scale": 0.5, "dc_count": 155, "dc_code": "BRA"}, "geometry": {"type": "Polygon", "coordinates": [[[-55.1499, -21.7124], [-55.2884, -21.4292], [-55.0679, -21.1921], [-55.3571, -20.8519], [-55.7493, -20.5755], [-56.2638, -20.2552], [-56.4497, -20.2698], [-56.9511, -19.8831], [-57.2757, -19.9364], [-56.6085, -19.2546], [-56.0442, -18.7692], [-55.7085, -18.5656], [-55.2875, -18.29], [-55.2773, -17.8907], [-55.5281, -17.6021], [-55.7757, -17.6979], [-55.6776, -17.4093], [-55.6098, -17.1136], [-55.6096, -16.8388], [-55.7895, -16.748], [-55.977, -16.8289], [-56.1635, -16.8067], [-56.2219, -16.6142], [-56.2684, -16.1561], [-56.3621, -16.0067], [-56.6997, -15.8714], [-56.9038, -15.9693], [-57.4317, -15.8733], [-57.3984, -15.1946], [-57.5463, -14.9166], [-57.39, -14.8132], [-57.4381, -14.5282], [-57.3011, -14.3092], [-57.2123, -13.9153], [-57.3304, -13.6045], [-57.6035, -13.4641], [-57.6571, -13.2668], [-57.5837, -12.978], [-58.5423, -12.9574], [-58.7346, -12.3752], [-58.5887, -12.3669], [-58.5953, -12.1512], [-58.6927, -12.0052], [-58.7147, -11.7162], [-59.0052, -11.5679], [-59.3197, -11.5728], [-59.5266, -11.4276], [-59.8646, -11.3286], [-60.0613, -11.1418], [-60.6213, -11.0592], [-61.1642, -10.6114], [-61.124, -10.2762], [-61.1855, -10.084], [-61.1323, -9.7092], [-61.7865, -9.7939], [-62.05, -9.9816], [-62.4872, -10.1843], [-62.5987, -10.3355], [-62.8562, -10.3464], [-63.2279, -10.3041], [-63.51, -10.3902], [-63.7374, -10.3328], [-63.704, -9.5733], [-64.1143, -9.868], [-64.5555, -9.855], [-64.7446, -9.5883], [-65.0764, -9.5594], [-64.9708, -9.3447], [-65.2486, -9.0405], [-65.4567, -8.5902], [-65.3248, -8.4987], [-65.3253, -8.2875], [-65.0231, -8.1432], [-65.0729, -7.8728], [-64.9453, -7.6989], [-64.9091, -7.4655], [-64.3373, -7.1252], [-63.9275, -7.029], [-63.8605, -6.9539], [-63.4099, -6.9773], [-63.1851, -5.6064], [-63.1733, -5.3896], [-63.2516, -5.1032], [-63.4734, -4.9208], [-63.4709, -4.5575], [-63.1893, -4.4752], [-63.0893, -4.5269], [-63.0724, -4.3354], [-63.3654, -4.2837], [-63.3716, -3.9708], [-62.3974, -3.982], [-62.232, -3.8097], [-62.0931, -3.9682], [-61.9956, -4.2632], [-61.9013, -4.2016], [-61.626, -4.466], [-61.2372, -4.4336], [-61.1404, -4.2806], [-60.7686, -4.1639], [-60.5627, -4.0818], [-60.5046, -3.8701], [-60.1475, -3.7278], [-60.1745, -3.6227], [-60.5981, -3.5797], [-60.6675, -3.2649], [-60.6473, -2.9296], [-60.8711, -2.8], [-60.7774, -2.754], [-60.4073, -2.818], [-60.0097, -2.943], [-59.8654, -2.8248], [-59.5058, -2.7472], [-58.9465, -2.56], [-58.7637, -2.3692], [-58.8299, -2.2281], [-58.5699, -2.206], [-58.4536, -2.3212], [-58.5186, -2.5408], [-58.3468, -2.6165], [-58.2321, -2.8488], [-58.3708, -3.025], [-58.4504, -3.4506], [-58.3224, -3.7034], [-58.2861, -3.9348], [-57.9785, -4.1694], [-57.7331, -4.1942], [-57.6778, -4.0963], [-57.5198, -4.0746], [-57.2936, -3.987], [-57.131, -3.854], [-56.8544, -3.8964], [-56.7328, -3.8785], [-56.4609, -3.9194], [-56.4159, -3.8172], [-56.4998, -3.7178], [-56.4498, -3.5731], [-56.248, -3.6175], [-56.0119, -3.5664], [-55.7255, -3.6723], [-55.5071, -3.7755], [-55.3524, -3.6399], [-55.2405, -3.6608], [-55.1723, -3.8015], [-54.9329, -3.7658], [-54.7413, -3.5759], [-54.5878, -3.2077], [-54.292, -2.7501], [-54.1217, -2.7265], [-53.998, -3.003], [-53.7175, -3.8775], [-53.4501, -3.96], [-53.4366, -4.3051], [-53.8127, -4.7168], [-53.6572, -4.8675], [-52.7734, -4.946], [-52.7553, -5.4471], [-52.3756, -5.1191], [-51.7464, -5.2988], [-50.9159, -5.6041], [-50.6719, -5.8971], [-50.7539, -6.1739], [-50.1725, -6.0198], [-49.1994, -6.2843], [-48.4524, -6.2648], [-47.7133, -6.6786], [-47.0747, -7.2387], [-46.6896, -7.3829], [-46.262, -7.403], [-46.0808, -7.5607], [-45.9111, -8.1973], [-45.8281, -8.4999], [-46.0272, -9.3264], [-46.2816, -9.6529], [-46.9864, -10.3486], [-47.3049, -10.9138], [-47.675, -11.3473], [-47.8, -11.3571], [-47.9397, -11.7249], [-47.9042, -12.6618], [-48.0436, -13.4324], [-48.0968, -13.7621], [-48.2549, -13.9594], [-48.3435, -14.6278], [-48.8505, -15.2805], [-48.9355, -15.7969], [-49.3402, -16.0136], [-49.4572, -16.3133], [-50.0004, -16.3121], [-50.787, -16.5042], [-51.1392, -16.7267], [-51.6991, -16.8727], [-52.2876, -17.2708], [-52.7108, -17.7668], [-52.7836, -18.1401], [-52.7005, -18.4162], [-52.7939, -18.9213], [-52.9073, -19.1653], [-53.2568, -19.4405], [-53.8115, -20.3205], [-54.2512, -20.7171], [-54.5911, -20.9509], [-54.8191, -21.4265], [-55.1499, -21.7124]]]}}, {"type": "Feature", "properties": {"featurecla": "Admin-0 country", "scalerank": 1, "LABELRANK": 3, "SOVEREIGNT": "Bolivia", "SOV_A3": "BOL", "ADM0_DIF": 0, "LEVEL": 2, "TYPE": "Sovereign country", "TLC": "1", "ADMIN": "Bolivia", "ADM0_A3": "BOL", "GEOU_DIF": 0, "GEOUNIT": "Bolivia", "GU_A3": "BOL", "SU_DIF": 0, "SUBUNIT": "Bolivia", "SU_A3": "BOL", "BRK_DIFF": 0, "NAME": "Bolivia", "NAME_LONG": "Bolivia", "BRK_A3": "BOL", "BRK_NAME": "Bolivia", "BRK_GROUP": null, "ABBREV": "Bolivia", "POSTAL": "BO", "FORMAL_EN": "Plurinational State of Bolivia", "FORMAL_FR": null, "NAME_CIAWF": "Bolivia", "NOTE_ADM0": null, "NOTE_BRK": null, "NAME_SORT": "Bolivia", "NAME_ALT": null, "MAPCOLOR7": 1, "MAPCOLOR8": 5, "MAPCOLOR9": 2, "MAPCOLOR13": 3, "POP_EST": 11513100, "POP_RANK": 14, "POP_YEAR": 2019, "GDP_MD": 40895, "GDP_YEAR": 2019, "ECONOMY": "5. Emerging region: G20", "INCOME_GRP": "4. Lower middle income", "FIPS_10": "BL", "ISO_A2": "BO", "ISO_A2_EH": "BO", "ISO_A3": "BOL", "ISO_A3_EH": "BOL", "ISO_N3": "068", "ISO_N3_EH": "068", "UN_A3": "068", "WB_A2": "BO", "WB_A3": "BOL", "WOE_ID": 23424762, "WOE_ID_EH": 23424762, "WOE_NOTE": "Exact WOE match as country", "ADM0_ISO": "BOL", "ADM0_DIFF": null, "ADM0_TLC": "BOL", "ADM0_A3_US": "BOL", "ADM0_A3_FR": "BOL", "ADM0_A3_RU": "BOL", "ADM0_A3_ES": "BOL", "ADM0_A3_CN": "BOL", "ADM0_A3_TW": "BOL", "ADM0_A3_IN": "BOL", "ADM0_A3_NP": "BOL", "ADM0_A3_PK": "BOL", "ADM0_A3_DE": "BOL", "ADM0_A3_GB": "BOL", "ADM0_A3_BR": "BOL", "ADM0_A3_IL": "BOL", "ADM0_A3_PS": "BOL", "ADM0_A3_SA": "BOL", "ADM0_A3_EG": "BOL", "ADM0_A3_MA": "BOL", "ADM0_A3_PT": "BOL", "ADM0_A3_AR": "BOL", "ADM0_A3_JP": "BOL", "ADM0_A3_KO": "BOL", "ADM0_A3_VN": "BOL", "ADM0_A3_TR": "BOL", "ADM0_A3_ID": "BOL", "ADM0_A3_PL": "BOL", "ADM0_A3_GR": "BOL", "ADM0_A3_IT": "BOL", "ADM0_A3_NL": "BOL", "ADM0_A3_SE": "BOL", "ADM0_A3_BD": "BOL", "ADM0_A3_UA": "BOL", "ADM0_A3_UN": -99, "ADM0_A3_WB": -99, "CONTINENT": "South America", "REGION_UN": "Americas", "SUBREGION": "South America", "REGION_WB": "Latin America & Caribbean", "NAME_LEN": 7, "LONG_LEN": 7, "ABBREV_LEN": 7, "TINY": -99, "HOMEPART": 1, "MIN_ZOOM": 0, "MIN_LABEL": 3, "MAX_LABEL": 7.5, "LABEL_X": -64.593433, "LABEL_Y": -16.666015, "NE_ID": 1159320439, "WIKIDATAID": "Q750", "NAME_AR": "\u0628\u0648\u0644\u064a\u0641\u064a\u0627", "NAME_BN": "\u09ac\u09b2\u09bf\u09ad\u09bf\u09af\u09bc\u09be", "NAME_DE": "Bolivien", "NAME_EN": "Bolivia", "NAME_ES": "Bolivia", "NAME_FA": "\u0628\u0648\u0644\u06cc\u0648\u06cc", "NAME_FR": "Bolivie", "NAME_EL": "\u0392\u03bf\u03bb\u03b9\u03b2\u03af\u03b1", "NAME_HE": "\u05d1\u05d5\u05dc\u05d9\u05d1\u05d9\u05d4", "NAME_HI": "\u092c\u094b\u0932\u093f\u0935\u093f\u092f\u093e", "NAME_HU": "Bol\u00edvia", "NAME_ID": "Bolivia", "NAME_IT": "Bolivia", "NAME_JA": "\u30dc\u30ea\u30d3\u30a2", "NAME_KO": "\ubcfc\ub9ac\ube44\uc544", "NAME_NL": "Bolivia", "NAME_PL": "Boliwia", "NAME_PT": "Bol\u00edvia", "NAME_RU": "\u0411\u043e\u043b\u0438\u0432\u0438\u044f", "NAME_SV": "Bolivia", "NAME_TR": "Bolivya", "NAME_UK": "\u0411\u043e\u043b\u0456\u0432\u0456\u044f", "NAME_UR": "\u0628\u0648\u0644\u06cc\u0648\u06cc\u0627", "NAME_VI": "Bolivia", "NAME_ZH": "\u73bb\u5229\u7ef4\u4e9a", "NAME_ZHT": "\u73bb\u5229\u7dad\u4e9e", "FCLASS_ISO": "Admin-0 country", "TLC_DIFF": null, "FCLASS_TLC": "Admin-0 country", "FCLASS_US": null, "FCLASS_FR": null, "FCLASS_RU": null, "FCLASS_ES": null, "FCLASS_CN": null, "FCLASS_TW": null, "FCLASS_IN": null, "FCLASS_NP": null, "FCLASS_PK": null, "FCLASS_DE": null, "FCLASS_GB": null, "FCLASS_BR": null, "FCLASS_IL": null, "FCLASS_PS": null, "FCLASS_SA": null, "FCLASS_EG": null, "FCLASS_MA": null, "FCLASS_PT": null, "FCLASS_AR": null, "FCLASS_JP": null, "FCLASS_KO": null, "FCLASS_VN": null, "FCLASS_TR": null, "FCLASS_ID": null, "FCLASS_PL": null, "FCLASS_GR": null, "FCLASS_IT": null, "FCLASS_NL": null, "FCLASS_SE": null, "FCLASS_BD": null, "FCLASS_UA": null, "cartogram_scale": 0.45, "dc_count": 2, "dc_code": "BOL"}, "geometry": {"type": "Polygon", "coordinates": [[[-66.5599, -13.9134], [-66.2253, -13.9515], [-65.9936, -13.9417], [-65.8932, -13.8056], [-65.4998, -13.6232], [-65.2627, -13.4542], [-64.6738, -13.378], [-64.7217, -13.7153], [-64.6664, -13.8883], [-64.7026, -14.1899], [-64.2139, -14.593], [-63.71, -14.6673], [-63.5329, -14.8354], [-63.2287, -14.9246], [-63.0425, -15.0553], [-62.7594, -15.0508], [-62.498, -15.1843], [-62.4782, -15.4444], [-62.3905, -15.5758], [-62.3846, -15.7699], [-62.5159, -15.7774], [-62.3428, -16.3014], [-61.4801, -16.3199], [-61.5462, -16.5798], [-61.4979, -16.7574], [-61.2521, -16.8837], [-61.1458, -17.1635], [-61.2258, -17.518], [-61.349, -17.7151], [-61.3058, -17.9716], [-61.4464, -18.0646], [-61.4541, -17.9259], [-61.8733, -17.6957], [-62.2912, -17.6894], [-63.0754, -17.8203], [-63.2912, -18.2163], [-63.3026, -18.4584], [-63.4798, -18.9972], [-63.5525, -18.9009], [-64.0656, -18.8823], [-64.2412, -19.2443], [-64.5058, -18.9193], [-65.0946, -18.8097], [-65.4696, -19.2163], [-65.7942, -19.2779], [-65.9705, -18.6576], [-66.2123, -18.1528], [-66.0706, -17.7174], [-66.3066, -17.5269], [-66.3667, -17.2022], [-66.5872, -16.8961], [-66.3034, -16.4104], [-66.4969, -16.0322], [-66.3937, -15.8809], [-66.4743, -15.7141], [-66.2985, -15.4893], [-66.2897, -15.1063], [-66.2676, -14.79], [-66.1708, -14.6377], [-66.5599, -13.9134]]]}}, {"type": "Feature", "properties": {"featurecla": "Admin-0 country", "scalerank": 1, "LABELRANK": 2, "SOVEREIGNT": "Peru", "SOV_A3": "PER", "ADM0_DIF": 0, "LEVEL": 2, "TYPE": "Sovereign country", "TLC": "1", "ADMIN": "Peru", "ADM0_A3": "PER", "GEOU_DIF": 0, "GEOUNIT": "Peru", "GU_A3": "PER", "SU_DIF": 0, "SUBUNIT": "Peru", "SU_A3": "PER", "BRK_DIFF": 0, "NAME": "Peru", "NAME_LONG": "Peru", "BRK_A3": "PER", "BRK_NAME": "Peru", "BRK_GROUP": null, "ABBREV": "Peru", "POSTAL": "PE", "FORMAL_EN": "Republic of Peru", "FORMAL_FR": null, "NAME_CIAWF": "Peru", "NOTE_ADM0": null, "NOTE_BRK": null, "NAME_SORT": "Peru", "NAME_ALT": null, "MAPCOLOR7": 4, "MAPCOLOR8": 4, "MAPCOLOR9": 4, "MAPCOLOR13": 11, "POP_EST": 32510453, "POP_RANK": 15, "POP_YEAR": 2019, "GDP_MD": 226848, "GDP_YEAR": 2019, "ECONOMY": "5. Emerging region: G20", "INCOME_GRP": "3. Upper middle income", "FIPS_10": "PE", "ISO_A2": "PE", "ISO_A2_EH": "PE", "ISO_A3": "PER", "ISO_A3_EH": "PER", "ISO_N3": "604", "ISO_N3_EH": "604", "UN_A3": "604", "WB_A2": "PE", "WB_A3": "PER", "WOE_ID": 23424919, "WOE_ID_EH": 23424919, "WOE_NOTE": "Exact WOE match as country", "ADM0_ISO": "PER", "ADM0_DIFF": null, "ADM0_TLC": "PER", "ADM0_A3_US": "PER", "ADM0_A3_FR": "PER", "ADM0_A3_RU": "PER", "ADM0_A3_ES": "PER", "ADM0_A3_CN": "PER", "ADM0_A3_TW": "PER", "ADM0_A3_IN": "PER", "ADM0_A3_NP": "PER", "ADM0_A3_PK": "PER", "ADM0_A3_DE": "PER", "ADM0_A3_GB": "PER", "ADM0_A3_BR": "PER", "ADM0_A3_IL": "PER", "ADM0_A3_PS": "PER", "ADM0_A3_SA": "PER", "ADM0_A3_EG": "PER", "ADM0_A3_MA": "PER", "ADM0_A3_PT": "PER", "ADM0_A3_AR": "PER", "ADM0_A3_JP": "PER", "ADM0_A3_KO": "PER", "ADM0_A3_VN": "PER", "ADM0_A3_TR": "PER", "ADM0_A3_ID": "PER", "ADM0_A3_PL": "PER", "ADM0_A3_GR": "PER", "ADM0_A3_IT": "PER", "ADM0_A3_NL": "PER", "ADM0_A3_SE": "PER", "ADM0_A3_BD": "PER", "ADM0_A3_UA": "PER", "ADM0_A3_UN": -99, "ADM0_A3_WB": -99, "CONTINENT": "South America", "REGION_UN": "Americas", "SUBREGION": "South America", "REGION_WB": "Latin America & Caribbean", "NAME_LEN": 4, "LONG_LEN": 4, "ABBREV_LEN": 4, "TINY": -99, "HOMEPART": 1, "MIN_ZOOM": 0, "MIN_LABEL": 2, "MAX_LABEL": 7, "LABEL_X": -72.90016, "LABEL_Y": -12.976679, "NE_ID": 1159321163, "WIKIDATAID": "Q419", "NAME_AR": "\u0628\u064a\u0631\u0648", "NAME_BN": "\u09aa\u09c7\u09b0\u09c1", "NAME_DE": "Peru", "NAME_EN": "Peru", "NAME_ES": "Per\u00fa", "NAME_FA": "\u067e\u0631\u0648", "NAME_FR": "P\u00e9rou", "NAME_EL": "\u03a0\u03b5\u03c1\u03bf\u03cd", "NAME_HE": "\u05e4\u05e8\u05d5", "NAME_HI": "\u092a\u0947\u0930\u0942", "NAME_HU": "Peru", "NAME_ID": "Peru", "NAME_IT": "Per\u00f9", "NAME_JA": "\u30da\u30eb\u30fc", "NAME_KO": "\ud398\ub8e8", "NAME_NL": "Peru", "NAME_PL": "Peru", "NAME_PT": "Peru", "NAME_RU": "\u041f\u0435\u0440\u0443", "NAME_SV": "Peru", "NAME_TR": "Peru", "NAME_UK": "\u041f\u0435\u0440\u0443", "NAME_UR": "\u067e\u06cc\u0631\u0648", "NAME_VI": "Peru", "NAME_ZH": "\u79d8\u9c81", "NAME_ZHT": "\u79d8\u9b6f", "FCLASS_ISO": "Admin-0 country", "TLC_DIFF": null, "FCLASS_TLC": "Admin-0 country", "FCLASS_US": null, "FCLASS_FR": null, "FCLASS_RU": null, "FCLASS_ES": null, "FCLASS_CN": null, "FCLASS_TW": null, "FCLASS_IN": null, "FCLASS_NP": null, "FCLASS_PK": null, "FCLASS_DE": null, "FCLASS_GB": null, "FCLASS_BR": null, "FCLASS_IL": null, "FCLASS_PS": null, "FCLASS_SA": null, "FCLASS_EG": null, "FCLASS_MA": null, "FCLASS_PT": null, "FCLASS_AR": null, "FCLASS_JP": null, "FCLASS_KO": null, "FCLASS_VN": null, "FCLASS_TR": null, "FCLASS_ID": null, "FCLASS_PL": null, "FCLASS_GR": null, "FCLASS_IT": null, "FCLASS_NL": null, "FCLASS_SE": null, "FCLASS_BD": null, "FCLASS_UA": null, "cartogram_scale": 0.45, "dc_count": 3, "dc_code": "PER"}, "geometry": {"type": "Polygon", "coordinates": [[[-72.1971, -6.1984], [-72.6026, -6.1773], [-72.663, -6.2449], [-73.0318, -6.3315], [-73.5463, -6.6378], [-73.579, -6.8478], [-73.6939, -7.0043], [-73.649, -7.2477], [-73.921, -7.3776], [-73.9205, -7.5677], [-74.0392, -7.6499], [-73.852, -8.0552], [-73.6019, -8.329], [-73.697, -8.5222], [-73.3983, -8.5483], [-73.2282, -8.7883], [-72.8311, -8.8], [-72.4618, -8.5348], [-72.4919, -9.2183], [-72.2872, -9.27], [-72.0333, -9.1925], [-71.6443, -9.9168], [-71.741, -10.0691], [-71.7631, -10.3854], [-71.772, -10.7683], [-71.9478, -10.9931], [-71.8671, -11.16], [-71.9704, -11.3113], [-71.7768, -11.6895], [-72.0607, -12.1752], [-72.1813, -12.4059], [-72.4126, -12.5208], [-72.8638, -12.2624], [-72.9029, -12.0778], [-73.795, -11.6259], [-74.602, -11.1338], [-74.9491, -10.8564], [-75.1355, -10.4846], [-75.0616, -10.355], [-75.4428, -9.7644], [-75.8865, -8.9342], [-76.3116, -8.0382], [-76.4956, -7.8331], [-76.6372, -7.5017], [-76.9868, -7.208], [-77.3075, -7.0258], [-77.1618, -6.825], [-77.3799, -6.3958], [-77.2398, -6.0806], [-76.8811, -5.7964], [-76.8278, -5.9837], [-76.9562, -6.0909], [-76.944, -6.2558], [-76.758, -6.22], [-76.5762, -6.2686], [-76.3874, -6.4958], [-76.1329, -6.3107], [-76.0478, -6.0071], [-75.772, -5.6156], [-75.2309, -5.4381], [-74.7402, -4.9669], [-74.6002, -4.6743], [-74.6629, -4.3326], [-74.543, -4.29], [-74.2437, -4.5031], [-74.1001, -4.7155], [-73.8918, -4.8314], [-73.6267, -5.3032], [-73.2916, -5.3596], [-73.0436, -5.2406], [-72.8811, -5.3185], [-72.611, -5.2798], [-72.2665, -5.4905], [-72.5567, -5.9485], [-72.4223, -5.9592], [-72.1971, -6.1984]]]}}, {"type": "Feature", "properties": {"featurecla": "Admin-0 country", "scalerank": 1, "LABELRANK": 2, "SOVEREIGNT": "Colombia", "SOV_A3": "COL", "ADM0_DIF": 0, "LEVEL": 2, "TYPE": "Sovereign country", "TLC": "1", "ADMIN": "Colombia", "ADM0_A3": "COL", "GEOU_DIF": 0, "GEOUNIT": "Colombia", "GU_A3": "COL", "SU_DIF": 0, "SUBUNIT": "Colombia", "SU_A3": "COL", "BRK_DIFF": 0, "NAME": "Colombia", "NAME_LONG": "Colombia", "BRK_A3": "COL", "BRK_NAME": "Colombia", "BRK_GROUP": null, "ABBREV": "Col.", "POSTAL": "CO", "FORMAL_EN": "Republic of Colombia", "FORMAL_FR": null, "NAME_CIAWF": "Colombia", "NOTE_ADM0": null, "NOTE_BRK": null, "NAME_SORT": "Colombia", "NAME_ALT": null, "MAPCOLOR7": 2, "MAPCOLOR8": 1, "MAPCOLOR9": 3, "MAPCOLOR13": 1, "POP_EST": 50339443, "POP_RANK": 16, "POP_YEAR": 2019, "GDP_MD": 323615, "GDP_YEAR": 2019, "ECONOMY": "6. Developing region", "INCOME_GRP": "3. Upper middle income", "FIPS_10": "CO", "ISO_A2": "CO", "ISO_A2_EH": "CO", "ISO_A3": "COL", "ISO_A3_EH": "COL", "ISO_N3": "170", "ISO_N3_EH": "170", "UN_A3": "170", "WB_A2": "CO", "WB_A3": "COL", "WOE_ID": 23424787, "WOE_ID_EH": 23424787, "WOE_NOTE": "Exact WOE match as country", "ADM0_ISO": "COL", "ADM0_DIFF": null, "ADM0_TLC": "COL", "ADM0_A3_US": "COL", "ADM0_A3_FR": "COL", "ADM0_A3_RU": "COL", "ADM0_A3_ES": "COL", "ADM0_A3_CN": "COL", "ADM0_A3_TW": "COL", "ADM0_A3_IN": "COL", "ADM0_A3_NP": "COL", "ADM0_A3_PK": "COL", "ADM0_A3_DE": "COL", "ADM0_A3_GB": "COL", "ADM0_A3_BR": "COL", "ADM0_A3_IL": "COL", "ADM0_A3_PS": "COL", "ADM0_A3_SA": "COL", "ADM0_A3_EG": "COL", "ADM0_A3_MA": "COL", "ADM0_A3_PT": "COL", "ADM0_A3_AR": "COL", "ADM0_A3_JP": "COL", "ADM0_A3_KO": "COL", "ADM0_A3_VN": "COL", "ADM0_A3_TR": "COL", "ADM0_A3_ID": "COL", "ADM0_A3_PL": "COL", "ADM0_A3_GR": "COL", "ADM0_A3_IT": "COL", "ADM0_A3_NL": "COL", "ADM0_A3_SE": "COL", "ADM0_A3_BD": "COL", "ADM0_A3_UA": "COL", "ADM0_A3_UN": -99, "ADM0_A3_WB": -99, "CONTINENT": "South America", "REGION_UN": "Americas", "SUBREGION": "South America", "REGION_WB": "Latin America & Caribbean", "NAME_LEN": 8, "LONG_LEN": 8, "ABBREV_LEN": 4, "TINY": -99, "HOMEPART": 1, "MIN_ZOOM": 0, "MIN_LABEL": 3, "MAX_LABEL": 7, "LABEL_X": -73.174347, "LABEL_Y": 3.373111, "NE_ID": 1159320517, "WIKIDATAID": "Q739", "NAME_AR": "\u0643\u0648\u0644\u0648\u0645\u0628\u064a\u0627", "NAME_BN": "\u0995\u09b2\u09ae\u09cd\u09ac\u09bf\u09af\u09bc\u09be", "NAME_DE": "Kolumbien", "NAME_EN": "Colombia", "NAME_ES": "Colombia", "NAME_FA": "\u06a9\u0644\u0645\u0628\u06cc\u0627", "NAME_FR": "Colombie", "NAME_EL": "\u039a\u03bf\u03bb\u03bf\u03bc\u03b2\u03af\u03b1", "NAME_HE": "\u05e7\u05d5\u05dc\u05d5\u05de\u05d1\u05d9\u05d4", "NAME_HI": "\u0915\u094b\u0932\u092e\u094d\u092c\u093f\u092f\u093e", "NAME_HU": "Kolumbia", "NAME_ID": "Kolombia", "NAME_IT": "Colombia", "NAME_JA": "\u30b3\u30ed\u30f3\u30d3\u30a2", "NAME_KO": "\ucf5c\ub86c\ube44\uc544", "NAME_NL": "Colombia", "NAME_PL": "Kolumbia", "NAME_PT": "Col\u00f4mbia", "NAME_RU": "\u041a\u043e\u043b\u0443\u043c\u0431\u0438\u044f", "NAME_SV": "Colombia", "NAME_TR": "Kolombiya", "NAME_UK": "\u041a\u043e\u043b\u0443\u043c\u0431\u0456\u044f", "NAME_UR": "\u06a9\u0648\u0644\u0645\u0628\u06cc\u0627", "NAME_VI": "Colombia", "NAME_ZH": "\u54e5\u4f26\u6bd4\u4e9a", "NAME_ZHT": "\u54e5\u502b\u6bd4\u4e9e", "FCLASS_ISO": "Admin-0 country", "TLC_DIFF": null, "FCLASS_TLC": "Admin-0 country", "FCLASS_US": null, "FCLASS_FR": null, "FCLASS_RU": null, "FCLASS_ES": null, "FCLASS_CN": null, "FCLASS_TW": null, "FCLASS_IN": null, "FCLASS_NP": null, "FCLASS_PK": null, "FCLASS_DE": null, "FCLASS_GB": null, "FCLASS_BR": null, "FCLASS_IL": null, "FCLASS_PS": null, "FCLASS_SA": null, "FCLASS_EG": null, "FCLASS_MA": null, "FCLASS_PT": null, "FCLASS_AR": null, "FCLASS_JP": null, "FCLASS_KO": null, "FCLASS_VN": null, "FCLASS_TR": null, "FCLASS_ID": null, "FCLASS_PL": null, "FCLASS_GR": null, "FCLASS_IT": null, "FCLASS_NL": null, "FCLASS_SE": null, "FCLASS_BD": null, "FCLASS_UA": null, "cartogram_scale": 0.9, "dc_count": 22, "dc_code": "COL"}, "geometry": {"type": "Polygon", "coordinates": [[[-67.454, 1.5771], [-67.6238, 1.4662], [-67.7993, 1.9971], [-68.0493, 2.2825], [-68.347, 1.9723], [-70.1006, 1.9924], [-70.0894, 1.4292], [-69.5621, 1.3362], [-69.5925, 0.9915], [-69.7725, 1.0846], [-70.2793, 0.9363], [-70.2839, 0.2824], [-69.8847, -0.0459], [-69.7437, -0.5613], [-69.765, -0.9516], [-70.1696, -3.4193], [-70.6199, -2.9409], [-70.8887, -2.9195], [-70.3082, -2.0036], [-70.9974, -1.5821], [-71.5376, -1.6595], [-71.8626, -1.5037], [-72.3585, -1.7417], [-73.0286, -1.629], [-73.5588, -0.6854], [-73.9755, -0.4535], [-74.2627, -0.0287], [-74.8613, 0.3976], [-75.1012, 0.3122], [-75.4866, 0.5254], [-75.9284, 0.8235], [-76.184, 0.6803], [-76.9478, 0.8052], [-77.167, 1.1924], [-77.3349, 1.178], [-78.235, 1.6919], [-78.3571, 1.9713], [-78.0213, 2.0388], [-78.0612, 2.4897], [-77.8501, 2.8157], [-77.4037, 2.876], [-77.0247, 3.4416], [-76.6802, 3.9137], [-77.0119, 4.1279], [-76.8421, 4.6503], [-77.0452, 5.4736], [-76.8522, 5.7099], [-76.9943, 6.4711], [-77.3587, 6.9505], [-77.2434, 7.3879], [-76.9533, 7.3233], [-76.7836, 7.5908], [-76.9925, 8.1209], [-76.8833, 8.2525], [-76.4183, 8.2239], [-75.743, 8.8522], [-75.3724, 8.948], [-75.3635, 9.2457], [-75.1977, 10.0062], [-74.6815, 10.4238], [-74.1144, 10.4409], [-74.0428, 10.6285], [-73.3386, 10.5534], [-72.6303, 11.0078], [-72.2797, 11.2091], [-71.844, 11.6426], [-71.5251, 11.5875], [-71.289, 11.3508], [-71.4637, 11.0477], [-72.0418, 10.8969], [-72.2701, 10.4469], [-72.6185, 10.1888], [-72.8801, 9.8544], [-72.9901, 9.2122], [-73.2398, 8.6859], [-72.7752, 8.6256], [-72.6597, 8.2118], [-72.4612, 8.0138], [-72.3901, 7.6514], [-72.497, 7.3183], [-72.4653, 7.1305], [-72.2438, 7.0555], [-72.0295, 6.7415], [-70.8721, 6.8281], [-70.3493, 6.7134], [-69.7158, 5.9389], [-69.3521, 6.0352], [-68.7038, 5.987], [-68.1909, 6.0897], [-67.8726, 5.935], [-68.0347, 5.4503], [-68.2355, 5.1481], [-68.306, 4.5026], [-68.1249, 3.9046], [-67.8691, 3.6372], [-67.8382, 3.4357], [-68.2942, 2.9877], [-67.9677, 2.7893], [-67.7285, 2.4746], [-67.454, 1.5771]]]}}, {"type": "Feature", "properties": {"featurecla": "Admin-0 country", "scalerank": 1, "LABELRANK": 4, "SOVEREIGNT": "Panama", "SOV_A3": "PAN", "ADM0_DIF": 0, "LEVEL": 2, "TYPE": "Sovereign country", "TLC": "1", "ADMIN": "Panama", "ADM0_A3": "PAN", "GEOU_DIF": 0, "GEOUNIT": "Panama", "GU_A3": "PAN", "SU_DIF": 0, "SUBUNIT": "Panama", "SU_A3": "PAN", "BRK_DIFF": 0, "NAME": "Panama", "NAME_LONG": "Panama", "BRK_A3": "PAN", "BRK_NAME": "Panama", "BRK_GROUP": null, "ABBREV": "Pan.", "POSTAL": "PA", "FORMAL_EN": "Republic of Panama", "FORMAL_FR": null, "NAME_CIAWF": "Panama", "NOTE_ADM0": null, "NOTE_BRK": null, "NAME_SORT": "Panama", "NAME_ALT": null, "MAPCOLOR7": 4, "MAPCOLOR8": 4, "MAPCOLOR9": 6, "MAPCOLOR13": 3, "POP_EST": 4246439, "POP_RANK": 12, "POP_YEAR": 2019, "GDP_MD": 66800, "GDP_YEAR": 2019, "ECONOMY": "6. Developing region", "INCOME_GRP": "3. Upper middle income", "FIPS_10": "PM", "ISO_A2": "PA", "ISO_A2_EH": "PA", "ISO_A3": "PAN", "ISO_A3_EH": "PAN", "ISO_N3": "591", "ISO_N3_EH": "591", "UN_A3": "591", "WB_A2": "PA", "WB_A3": "PAN", "WOE_ID": 23424924, "WOE_ID_EH": 23424924, "WOE_NOTE": "Exact WOE match as country", "ADM0_ISO": "PAN", "ADM0_DIFF": null, "ADM0_TLC": "PAN", "ADM0_A3_US": "PAN", "ADM0_A3_FR": "PAN", "ADM0_A3_RU": "PAN", "ADM0_A3_ES": "PAN", "ADM0_A3_CN": "PAN", "ADM0_A3_TW": "PAN", "ADM0_A3_IN": "PAN", "ADM0_A3_NP": "PAN", "ADM0_A3_PK": "PAN", "ADM0_A3_DE": "PAN", "ADM0_A3_GB": "PAN", "ADM0_A3_BR": "PAN", "ADM0_A3_IL": "PAN", "ADM0_A3_PS": "PAN", "ADM0_A3_SA": "PAN", "ADM0_A3_EG": "PAN", "ADM0_A3_MA": "PAN", "ADM0_A3_PT": "PAN", "ADM0_A3_AR": "PAN", "ADM0_A3_JP": "PAN", "ADM0_A3_KO": "PAN", "ADM0_A3_VN": "PAN", "ADM0_A3_TR": "PAN", "ADM0_A3_ID": "PAN", "ADM0_A3_PL": "PAN", "ADM0_A3_GR": "PAN", "ADM0_A3_IT": "PAN", "ADM0_A3_NL": "PAN", "ADM0_A3_SE": "PAN", "ADM0_A3_BD": "PAN", "ADM0_A3_UA": "PAN", "ADM0_A3_UN": -99, "ADM0_A3_WB": -99, "CONTINENT": "North America", "REGION_UN": "Americas", "SUBREGION": "Central America", "REGION_WB": "Latin America & Caribbean", "NAME_LEN": 6, "LONG_LEN": 6, "ABBREV_LEN": 4, "TINY": -99, "HOMEPART": 1, "MIN_ZOOM": 0, "MIN_LABEL": 4, "MAX_LABEL": 9, "LABEL_X": -80.352106, "LABEL_Y": 8.72198, "NE_ID": 1159321161, "WIKIDATAID": "Q804", "NAME_AR": "\u0628\u0646\u0645\u0627", "NAME_BN": "\u09aa\u09be\u09a8\u09be\u09ae\u09be", "NAME_DE": "Panama", "NAME_EN": "Panama", "NAME_ES": "Panam\u00e1", "NAME_FA": "\u067e\u0627\u0646\u0627\u0645\u0627", "NAME_FR": "Panama", "NAME_EL": "\u03a0\u03b1\u03bd\u03b1\u03bc\u03ac\u03c2", "NAME_HE": "\u05e4\u05e0\u05de\u05d4", "NAME_HI": "\u092a\u0928\u093e\u092e\u093e", "NAME_HU": "Panama", "NAME_ID": "Panama", "NAME_IT": "Panama", "NAME_JA": "\u30d1\u30ca\u30de", "NAME_KO": "\ud30c\ub098\ub9c8", "NAME_NL": "Panama", "NAME_PL": "Panama", "NAME_PT": "Panam\u00e1", "NAME_RU": "\u041f\u0430\u043d\u0430\u043c\u0430", "NAME_SV": "Panama", "NAME_TR": "Panama", "NAME_UK": "\u041f\u0430\u043d\u0430\u043c\u0430", "NAME_UR": "\u067e\u0627\u0646\u0627\u0645\u0627", "NAME_VI": "Panama", "NAME_ZH": "\u5df4\u62ff\u9a6c", "NAME_ZHT": "\u5df4\u62ff\u99ac", "FCLASS_ISO": "Admin-0 country", "TLC_DIFF": null, "FCLASS_TLC": "Admin-0 country", "FCLASS_US": null, "FCLASS_FR": null, "FCLASS_RU": null, "FCLASS_ES": null, "FCLASS_CN": null, "FCLASS_TW": null, "FCLASS_IN": null, "FCLASS_NP": null, "FCLASS_PK": null, "FCLASS_DE": null, "FCLASS_GB": null, "FCLASS_BR": null, "FCLASS_IL": null, "FCLASS_PS": null, "FCLASS_SA": null, "FCLASS_EG": null, "FCLASS_MA": null, "FCLASS_PT": null, "FCLASS_AR": null, "FCLASS_JP": null, "FCLASS_KO": null, "FCLASS_VN": null, "FCLASS_TR": null, "FCLASS_ID": null, "FCLASS_PL": null, "FCLASS_GR": null, "FCLASS_IT": null, "FCLASS_NL": null, "FCLASS_SE": null, "FCLASS_BD": null, "FCLASS_UA": null, "cartogram_scale": 0.3, "dc_count": 0, "dc_code": "OTHER"}, "geometry": {"type": "Polygon", "coordinates": [[[-79.428, 8.5482], [-79.4645, 8.5044], [-79.3948, 8.3277], [-79.4514, 8.2385], [-79.5481, 8.26], [-79.5865, 8.1142], [-79.6865, 8.2008], [-79.7508, 8.3627], [-79.6767, 8.4428], [-79.7527, 8.4634], [-79.8087, 8.5625], [-79.9581, 8.6459], [-80.0894, 8.6268], [-80.1502, 8.5224], [-80.2714, 8.4471], [-80.3368, 8.4366], [-80.3662, 8.3742], [-80.2231, 8.2113], [-80.305, 8.173], [-80.3484, 8.1286], [-80.488, 8.1132], [-80.5399, 8.2925], [-80.579, 8.2415], [-80.6779, 8.2591], [-80.7384, 8.3798], [-80.8615, 8.3997], [-80.9393, 8.4348], [-81.0681, 8.4343], [-81.0773, 8.3692], [-81.1118, 8.4146], [-81.096, 8.4741], [-81.071, 8.535], [-81.0826, 8.5893], [-81.0378, 8.6248], [-81.1002, 8.6694], [-81.1019, 8.7901], [-80.9859, 8.8169], [-80.8782, 8.7093], [-80.8843, 8.6458], [-80.7646, 8.6323], [-80.7363, 8.6567], [-80.6538, 8.583], [-80.5062, 8.6046], [-80.3786, 8.6804], [-80.1964, 8.7409], [-80.094, 8.8306], [-79.9284, 8.813], [-79.9396, 8.7835], [-79.7723, 8.7732], [-79.6388, 8.7214], [-79.5409, 8.6311], [-79.428, 8.5482]]]}}, {"type": "Feature", "properties": {"featurecla": "Admin-0 country", "scalerank": 1, "LABELRANK": 5, "SOVEREIGNT": "Costa Rica", "SOV_A3": "CRI", "ADM0_DIF": 0, "LEVEL": 2, "TYPE": "Sovereign country", "TLC": "1", "ADMIN": "Costa Rica", "ADM0_A3": "CRI", "GEOU_DIF": 0, "GEOUNIT": "Costa Rica", "GU_A3": "CRI", "SU_DIF": 0, "SUBUNIT": "Costa Rica", "SU_A3": "CRI", "BRK_DIFF": 0, "NAME": "Costa Rica", "NAME_LONG": "Costa Rica", "BRK_A3": "CRI", "BRK_NAME": "Costa Rica", "BRK_GROUP": null, "ABBREV": "C.R.", "POSTAL": "CR", "FORMAL_EN": "Republic of Costa Rica", "FORMAL_FR": null, "NAME_CIAWF": "Costa Rica", "NOTE_ADM0": null, "NOTE_BRK": null, "NAME_SORT": "Costa Rica", "NAME_ALT": null, "MAPCOLOR7": 3, "MAPCOLOR8": 2, "MAPCOLOR9": 4, "MAPCOLOR13": 2, "POP_EST": 5047561, "POP_RANK": 13, "POP_YEAR": 2019, "GDP_MD": 61801, "GDP_YEAR": 2019, "ECONOMY": "5. Emerging region: G20", "INCOME_GRP": "3. Upper middle income", "FIPS_10": "CS", "ISO_A2": "CR", "ISO_A2_EH": "CR", "ISO_A3": "CRI", "ISO_A3_EH": "CRI", "ISO_N3": "188", "ISO_N3_EH": "188", "UN_A3": "188", "WB_A2": "CR", "WB_A3": "CRI", "WOE_ID": 23424791, "WOE_ID_EH": 23424791, "WOE_NOTE": "Exact WOE match as country", "ADM0_ISO": "CRI", "ADM0_DIFF": null, "ADM0_TLC": "CRI", "ADM0_A3_US": "CRI", "ADM0_A3_FR": "CRI", "ADM0_A3_RU": "CRI", "ADM0_A3_ES": "CRI", "ADM0_A3_CN": "CRI", "ADM0_A3_TW": "CRI", "ADM0_A3_IN": "CRI", "ADM0_A3_NP": "CRI", "ADM0_A3_PK": "CRI", "ADM0_A3_DE": "CRI", "ADM0_A3_GB": "CRI", "ADM0_A3_BR": "CRI", "ADM0_A3_IL": "CRI", "ADM0_A3_PS": "CRI", "ADM0_A3_SA": "CRI", "ADM0_A3_EG": "CRI", "ADM0_A3_MA": "CRI", "ADM0_A3_PT": "CRI", "ADM0_A3_AR": "CRI", "ADM0_A3_JP": "CRI", "ADM0_A3_KO": "CRI", "ADM0_A3_VN": "CRI", "ADM0_A3_TR": "CRI", "ADM0_A3_ID": "CRI", "ADM0_A3_PL": "CRI", "ADM0_A3_GR": "CRI", "ADM0_A3_IT": "CRI", "ADM0_A3_NL": "CRI", "ADM0_A3_SE": "CRI", "ADM0_A3_BD": "CRI", "ADM0_A3_UA": "CRI", "ADM0_A3_UN": -99, "ADM0_A3_WB": -99, "CONTINENT": "North America", "REGION_UN": "Americas", "SUBREGION": "Central America", "REGION_WB": "Latin America & Caribbean", "NAME_LEN": 10, "LONG_LEN": 10, "ABBREV_LEN": 4, "TINY": -99, "HOMEPART": 1, "MIN_ZOOM": 0, "MIN_LABEL": 2.5, "MAX_LABEL": 8, "LABEL_X": -84.077922, "LABEL_Y": 10.0651, "NE_ID": 1159320525, "WIKIDATAID": "Q800", "NAME_AR": "\u0643\u0648\u0633\u062a\u0627\u0631\u064a\u0643\u0627", "NAME_BN": "\u0995\u09cb\u09b8\u09cd\u099f\u09be \u09b0\u09bf\u0995\u09be", "NAME_DE": "Costa Rica", "NAME_EN": "Costa Rica", "NAME_ES": "Costa Rica", "NAME_FA": "\u06a9\u0627\u0633\u062a\u0627\u0631\u06cc\u06a9\u0627", "NAME_FR": "Costa Rica", "NAME_EL": "\u039a\u03cc\u03c3\u03c4\u03b1 \u03a1\u03af\u03ba\u03b1", "NAME_HE": "\u05e7\u05d5\u05e1\u05d8\u05d4 \u05e8\u05d9\u05e7\u05d4", "NAME_HI": "\u0915\u094b\u0938\u094d\u091f\u093e \u0930\u0940\u0915\u093e", "NAME_HU": "Costa Rica", "NAME_ID": "Kosta Rika", "NAME_IT": "Costa Rica", "NAME_JA": "\u30b3\u30b9\u30bf\u30ea\u30ab", "NAME_KO": "\ucf54\uc2a4\ud0c0\ub9ac\uce74", "NAME_NL": "Costa Rica", "NAME_PL": "Kostaryka", "NAME_PT": "Costa Rica", "NAME_RU": "\u041a\u043e\u0441\u0442\u0430-\u0420\u0438\u043a\u0430", "NAME_SV": "Costa Rica", "NAME_TR": "Kosta Rika", "NAME_UK": "\u041a\u043e\u0441\u0442\u0430-\u0420\u0438\u043a\u0430", "NAME_UR": "\u06a9\u0648\u0633\u0679\u0627\u0631\u06cc\u06a9\u0627", "NAME_VI": "Costa Rica", "NAME_ZH": "\u54e5\u65af\u8fbe\u9ece\u52a0", "NAME_ZHT": "\u54e5\u65af\u5927\u9ece\u52a0", "FCLASS_ISO": "Admin-0 country", "TLC_DIFF": null, "FCLASS_TLC": "Admin-0 country", "FCLASS_US": null, "FCLASS_FR": null, "FCLASS_RU": null, "FCLASS_ES": null, "FCLASS_CN": null, "FCLASS_TW": null, "FCLASS_IN": null, "FCLASS_NP": null, "FCLASS_PK": null, "FCLASS_DE": null, "FCLASS_GB": null, "FCLASS_BR": null, "FCLASS_IL": null, "FCLASS_PS": null, "FCLASS_SA": null, "FCLASS_EG": null, "FCLASS_MA": null, "FCLASS_PT": null, "FCLASS_AR": null, "FCLASS_JP": null, "FCLASS_KO": null, "FCLASS_VN": null, "FCLASS_TR": null, "FCLASS_ID": null, "FCLASS_PL": null, "FCLASS_GR": null, "FCLASS_IT": null, "FCLASS_NL": null, "FCLASS_SE": null, "FCLASS_BD": null, "FCLASS_UA": null, "cartogram_scale": 0.3, "dc_count": 0, "dc_code": "OTHER"}, "geometry": {"type": "Polygon", "coordinates": [[[-83.6771, 9.7453], [-83.7931, 9.7185], [-83.7914, 9.5978], [-83.729, 9.5532], [-83.7739, 9.5177], [-83.7622, 9.4634], [-83.7872, 9.4026], [-83.803, 9.343], [-83.9658, 9.4096], [-84.0267, 9.4726], [-83.9922, 9.5246], [-84.0031, 9.5909], [-84.0862, 9.6627], [-84.2043, 9.7217], [-84.3076, 9.7602], [-84.3273, 9.8479], [-84.406, 9.9015], [-84.3867, 9.8143], [-84.4466, 9.7426], [-84.5151, 9.8259], [-84.6115, 9.8555], [-84.6525, 9.916], [-84.6508, 10.0073], [-84.6111, 10.1018], [-84.6958, 10.1441], [-84.627, 10.202], [-84.5818, 10.2406], [-84.3842, 10.1612], [-84.3152, 10.2003], [-84.2201, 10.1753], [-84.1703, 10.1135], [-84.0818, 10.0936], [-84.01, 10.1571], [-83.934, 9.9941], [-83.818, 9.8734], [-83.6771, 9.7453]]]}}, {"type": "Feature", "properties": {"featurecla": "Admin-0 country", "scalerank": 1, "LABELRANK": 5, "SOVEREIGNT": "Nicaragua", "SOV_A3": "NIC", "ADM0_DIF": 0, "LEVEL": 2, "TYPE": "Sovereign country", "TLC": "1", "ADMIN": "Nicaragua", "ADM0_A3": "NIC", "GEOU_DIF": 0, "GEOUNIT": "Nicaragua", "GU_A3": "NIC", "SU_DIF": 0, "SUBUNIT": "Nicaragua", "SU_A3": "NIC", "BRK_DIFF": 0, "NAME": "Nicaragua", "NAME_LONG": "Nicaragua", "BRK_A3": "NIC", "BRK_NAME": "Nicaragua", "BRK_GROUP": null, "ABBREV": "Nic.", "POSTAL": "NI", "FORMAL_EN": "Republic of Nicaragua", "FORMAL_FR": null, "NAME_CIAWF": "Nicaragua", "NOTE_ADM0": null, "NOTE_BRK": null, "NAME_SORT": "Nicaragua", "NAME_ALT": null, "MAPCOLOR7": 1, "MAPCOLOR8": 4, "MAPCOLOR9": 1, "MAPCOLOR13": 9, "POP_EST": 6545502, "POP_RANK": 13, "POP_YEAR": 2019, "GDP_MD": 12520, "GDP_YEAR": 2019, "ECONOMY": "6. Developing region", "INCOME_GRP": "4. Lower middle income", "FIPS_10": "NU", "ISO_A2": "NI", "ISO_A2_EH": "NI", "ISO_A3": "NIC", "ISO_A3_EH": "NIC", "ISO_N3": "558", "ISO_N3_EH": "558", "UN_A3": "558", "WB_A2": "NI", "WB_A3": "NIC", "WOE_ID": 23424915, "WOE_ID_EH": 23424915, "WOE_NOTE": "Exact WOE match as country", "ADM0_ISO": "NIC", "ADM0_DIFF": null, "ADM0_TLC": "NIC", "ADM0_A3_US": "NIC", "ADM0_A3_FR": "NIC", "ADM0_A3_RU": "NIC", "ADM0_A3_ES": "NIC", "ADM0_A3_CN": "NIC", "ADM0_A3_TW": "NIC", "ADM0_A3_IN": "NIC", "ADM0_A3_NP": "NIC", "ADM0_A3_PK": "NIC", "ADM0_A3_DE": "NIC", "ADM0_A3_GB": "NIC", "ADM0_A3_BR": "NIC", "ADM0_A3_IL": "NIC", "ADM0_A3_PS": "NIC", "ADM0_A3_SA": "NIC", "ADM0_A3_EG": "NIC", "ADM0_A3_MA": "NIC", "ADM0_A3_PT": "NIC", "ADM0_A3_AR": "NIC", "ADM0_A3_JP": "NIC", "ADM0_A3_KO": "NIC", "ADM0_A3_VN": "NIC", "ADM0_A3_TR": "NIC", "ADM0_A3_ID": "NIC", "ADM0_A3_PL": "NIC", "ADM0_A3_GR": "NIC", "ADM0_A3_IT": "NIC", "ADM0_A3_NL": "NIC", "ADM0_A3_SE": "NIC", "ADM0_A3_BD": "NIC", "ADM0_A3_UA": "NIC", "ADM0_A3_UN": -99, "ADM0_A3_WB": -99, "CONTINENT": "North America", "REGION_UN": "Americas", "SUBREGION": "Central America", "REGION_WB": "Latin America & Caribbean", "NAME_LEN": 9, "LONG_LEN": 9, "ABBREV_LEN": 4, "TINY": -99, "HOMEPART": 1, "MIN_ZOOM": 0, "MIN_LABEL": 4, "MAX_LABEL": 9, "LABEL_X": -85.069347, "LABEL_Y": 12.670697, "NE_ID": 1159321091, "WIKIDATAID": "Q811", "NAME_AR": "\u0646\u064a\u0643\u0627\u0631\u0627\u063a\u0648\u0627", "NAME_BN": "\u09a8\u09bf\u0995\u09be\u09b0\u09be\u0997\u09c1\u09af\u09bc\u09be", "NAME_DE": "Nicaragua", "NAME_EN": "Nicaragua", "NAME_ES": "Nicaragua", "NAME_FA": "\u0646\u06cc\u06a9\u0627\u0631\u0627\u06af\u0648\u0626\u0647", "NAME_FR": "Nicaragua", "NAME_EL": "\u039d\u03b9\u03ba\u03b1\u03c1\u03ac\u03b3\u03bf\u03c5\u03b1", "NAME_HE": "\u05e0\u05d9\u05e7\u05e8\u05d2\u05d5\u05d0\u05d4", "NAME_HI": "\u0928\u093f\u0915\u093e\u0930\u093e\u0917\u0941\u0906", "NAME_HU": "Nicaragua", "NAME_ID": "Nikaragua", "NAME_IT": "Nicaragua", "NAME_JA": "\u30cb\u30ab\u30e9\u30b0\u30a2", "NAME_KO": "\ub2c8\uce74\ub77c\uacfc", "NAME_NL": "Nicaragua", "NAME_PL": "Nikaragua", "NAME_PT": "Nicar\u00e1gua", "NAME_RU": "\u041d\u0438\u043a\u0430\u0440\u0430\u0433\u0443\u0430", "NAME_SV": "Nicaragua", "NAME_TR": "Nikaragua", "NAME_UK": "\u041d\u0456\u043a\u0430\u0440\u0430\u0433\u0443\u0430", "NAME_UR": "\u0646\u06a9\u0627\u0631\u0627\u06af\u0648\u0627", "NAME_VI": "Nicaragua", "NAME_ZH": "\u5c3c\u52a0\u62c9\u74dc", "NAME_ZHT": "\u5c3c\u52a0\u62c9\u74dc", "FCLASS_ISO": "Admin-0 country", "TLC_DIFF": null, "FCLASS_TLC": "Admin-0 country", "FCLASS_US": null, "FCLASS_FR": null, "FCLASS_RU": null, "FCLASS_ES": null, "FCLASS_CN": null, "FCLASS_TW": null, "FCLASS_IN": null, "FCLASS_NP": null, "FCLASS_PK": null, "FCLASS_DE": null, "FCLASS_GB": null, "FCLASS_BR": null, "FCLASS_IL": null, "FCLASS_PS": null, "FCLASS_SA": null, "FCLASS_EG": null, "FCLASS_MA": null, "FCLASS_PT": null, "FCLASS_AR": null, "FCLASS_JP": null, "FCLASS_KO": null, "FCLASS_VN": null, "FCLASS_TR": null, "FCLASS_ID": null, "FCLASS_PL": null, "FCLASS_GR": null, "FCLASS_IT": null, "FCLASS_NL": null, "FCLASS_SE": null, "FCLASS_BD": null, "FCLASS_UA": null, "cartogram_scale": 0.3, "dc_count": 0, "dc_code": "OTHER"}, "geometry": {"type": "Polygon", "coordinates": [[[-84.5812, 12.4368], [-84.6531, 12.3732], [-84.7416, 12.3932], [-84.7913, 12.4549], [-84.8865, 12.48], [-84.9554, 12.4409], [-85.1531, 12.5203], [-85.1983, 12.4817], [-85.3021, 12.5762], [-85.4423, 12.6972], [-85.5083, 12.7984], [-85.6348, 12.8927], [-85.7851, 13.0282], [-85.7518, 13.0745], [-85.7023, 13.0294], [-85.6795, 13.0506], [-85.5863, 13.0629], [-85.5487, 13.1314], [-85.5047, 13.1341], [-85.5111, 13.2816], [-85.4408, 13.2887], [-85.3782, 13.2866], [-85.3134, 13.3666], [-85.2249, 13.306], [-85.1941, 13.3432], [-85.1389, 13.3789], [-85.0341, 13.4615], [-85.0292, 13.5232], [-85.0004, 13.5206], [-84.9619, 13.5923], [-84.9306, 13.6011], [-84.8794, 13.5552], [-84.8193, 13.5417], [-84.753, 13.5798], [-84.6773, 13.58], [-84.5731, 13.6192], [-84.5315, 13.6601], [-84.4287, 13.6539], [-84.4545, 13.6251], [-84.4698, 13.5582], [-84.4392, 13.4484], [-84.5083, 13.3462], [-84.5405, 13.2255], [-84.5502, 13.0933], [-84.5341, 13.016], [-84.5265, 12.8809], [-84.5724, 12.8514], [-84.6004, 12.7231], [-84.5798, 12.6439], [-84.6412, 12.5672], [-84.6272, 12.4861], [-84.5812, 12.4368]]]}}, {"type": "Feature", "properties": {"featurecla": "Admin-0 country", "scalerank": 1, "LABELRANK": 5, "SOVEREIGNT": "Honduras", "SOV_A3": "HND", "ADM0_DIF": 0, "LEVEL": 2, "TYPE": "Sovereign country", "TLC": "1", "ADMIN": "Honduras", "ADM0_A3": "HND", "GEOU_DIF": 0, "GEOUNIT": "Honduras", "GU_A3": "HND", "SU_DIF": 0, "SUBUNIT": "Honduras", "SU_A3": "HND", "BRK_DIFF": 0, "NAME": "Honduras", "NAME_LONG": "Honduras", "BRK_A3": "HND", "BRK_NAME": "Honduras", "BRK_GROUP": null, "ABBREV": "Hond.", "POSTAL": "HN", "FORMAL_EN": "Republic of Honduras", "FORMAL_FR": null, "NAME_CIAWF": "Honduras", "NOTE_ADM0": null, "NOTE_BRK": null, "NAME_SORT": "Honduras", "NAME_ALT": null, "MAPCOLOR7": 2, "MAPCOLOR8": 5, "MAPCOLOR9": 2, "MAPCOLOR13": 5, "POP_EST": 9746117, "POP_RANK": 13, "POP_YEAR": 2019, "GDP_MD": 25095, "GDP_YEAR": 2019, "ECONOMY": "6. Developing region", "INCOME_GRP": "4. Lower middle income", "FIPS_10": "HO", "ISO_A2": "HN", "ISO_A2_EH": "HN", "ISO_A3": "HND", "ISO_A3_EH": "HND", "ISO_N3": "340", "ISO_N3_EH": "340", "UN_A3": "340", "WB_A2": "HN", "WB_A3": "HND", "WOE_ID": 23424841, "WOE_ID_EH": 23424841, "WOE_NOTE": "Exact WOE match as country", "ADM0_ISO": "HND", "ADM0_DIFF": null, "ADM0_TLC": "HND", "ADM0_A3_US": "HND", "ADM0_A3_FR": "HND", "ADM0_A3_RU": "HND", "ADM0_A3_ES": "HND", "ADM0_A3_CN": "HND", "ADM0_A3_TW": "HND", "ADM0_A3_IN": "HND", "ADM0_A3_NP": "HND", "ADM0_A3_PK": "HND", "ADM0_A3_DE": "HND", "ADM0_A3_GB": "HND", "ADM0_A3_BR": "HND", "ADM0_A3_IL": "HND", "ADM0_A3_PS": "HND", "ADM0_A3_SA": "HND", "ADM0_A3_EG": "HND", "ADM0_A3_MA": "HND", "ADM0_A3_PT": "HND", "ADM0_A3_AR": "HND", "ADM0_A3_JP": "HND", "ADM0_A3_KO": "HND", "ADM0_A3_VN": "HND", "ADM0_A3_TR": "HND", "ADM0_A3_ID": "HND", "ADM0_A3_PL": "HND", "ADM0_A3_GR": "HND", "ADM0_A3_IT": "HND", "ADM0_A3_NL": "HND", "ADM0_A3_SE": "HND", "ADM0_A3_BD": "HND", "ADM0_A3_UA": "HND", "ADM0_A3_UN": -99, "ADM0_A3_WB": -99, "CONTINENT": "North America", "REGION_UN": "Americas", "SUBREGION": "Central America", "REGION_WB": "Latin America & Caribbean", "NAME_LEN": 8, "LONG_LEN": 8, "ABBREV_LEN": 5, "TINY": -99, "HOMEPART": 1, "MIN_ZOOM": 0, "MIN_LABEL": 4.5, "MAX_LABEL": 9.5, "LABEL_X": -86.887604, "LABEL_Y": 14.794801, "NE_ID": 1159320827, "WIKIDATAID": "Q783", "NAME_AR": "\u0647\u0646\u062f\u0648\u0631\u0627\u0633", "NAME_BN": "\u09b9\u09a8\u09cd\u09a1\u09c1\u09b0\u09be\u09b8", "NAME_DE": "Honduras", "NAME_EN": "Honduras", "NAME_ES": "Honduras", "NAME_FA": "\u0647\u0646\u062f\u0648\u0631\u0627\u0633", "NAME_FR": "Honduras", "NAME_EL": "\u039f\u03bd\u03b4\u03bf\u03cd\u03c1\u03b1", "NAME_HE": "\u05d4\u05d5\u05e0\u05d3\u05d5\u05e8\u05e1", "NAME_HI": "\u0939\u094c\u0923\u094d\u0921\u0941\u0930\u0938", "NAME_HU": "Honduras", "NAME_ID": "Honduras", "NAME_IT": "Honduras", "NAME_JA": "\u30db\u30f3\u30b8\u30e5\u30e9\u30b9", "NAME_KO": "\uc628\ub450\ub77c\uc2a4", "NAME_NL": "Honduras", "NAME_PL": "Honduras", "NAME_PT": "Honduras", "NAME_RU": "\u0413\u043e\u043d\u0434\u0443\u0440\u0430\u0441", "NAME_SV": "Honduras", "NAME_TR": "Honduras", "NAME_UK": "\u0413\u043e\u043d\u0434\u0443\u0440\u0430\u0441", "NAME_UR": "\u06c1\u0648\u0646\u0688\u0648\u0631\u0627\u0633", "NAME_VI": "Honduras", "NAME_ZH": "\u6d2a\u90fd\u62c9\u65af", "NAME_ZHT": "\u5b8f\u90fd\u62c9\u65af", "FCLASS_ISO": "Admin-0 country", "TLC_DIFF": null, "FCLASS_TLC": "Admin-0 country", "FCLASS_US": null, "FCLASS_FR": null, "FCLASS_RU": null, "FCLASS_ES": null, "FCLASS_CN": null, "FCLASS_TW": null, "FCLASS_IN": null, "FCLASS_NP": null, "FCLASS_PK": null, "FCLASS_DE": null, "FCLASS_GB": null, "FCLASS_BR": null, "FCLASS_IL": null, "FCLASS_PS": null, "FCLASS_SA": null, "FCLASS_EG": null, "FCLASS_MA": null, "FCLASS_PT": null, "FCLASS_AR": null, "FCLASS_JP": null, "FCLASS_KO": null, "FCLASS_VN": null, "FCLASS_TR": null, "FCLASS_ID": null, "FCLASS_PL": null, "FCLASS_GR": null, "FCLASS_IT": null, "FCLASS_NL": null, "FCLASS_SE": null, "FCLASS_BD": null, "FCLASS_UA": null, "cartogram_scale": 0.3, "dc_count": 0, "dc_code": "OTHER"}, "geometry": {"type": "Polygon", "coordinates": [[[-85.3598, 14.8212], [-85.4626, 14.8273], [-85.5042, 14.7864], [-85.6083, 14.7472], [-85.6841, 14.747], [-85.7504, 14.7089], [-85.8105, 14.7225], [-85.8616, 14.7683], [-85.8929, 14.7596], [-85.9314, 14.6879], [-85.9602, 14.6905], [-85.9652, 14.6287], [-86.0699, 14.5461], [-86.1252, 14.5104], [-86.156, 14.4732], [-86.2445, 14.5339], [-86.3092, 14.4538], [-86.3718, 14.456], [-86.4421, 14.4489], [-86.4357, 14.3013], [-86.4798, 14.2987], [-86.5173, 14.2301], [-86.6106, 14.2178], [-86.6624, 14.3117], [-86.7535, 14.3378], [-86.7326, 14.4579], [-86.7735, 14.4904], [-86.8352, 14.5118], [-86.9668, 14.4761], [-86.978, 14.5165], [-87.0685, 14.5646], [-87.1332, 14.6244], [-87.2216, 14.6497], [-87.1593, 14.7258], [-87.1832, 14.7847], [-87.162, 14.8423], [-87.0198, 14.9263], [-86.8831, 15.0407], [-86.8519, 15.029], [-86.7861, 15.0817], [-86.7003, 15.0861], [-86.6725, 15.0616], [-86.6259, 15.0765], [-86.4866, 15.0494], [-86.3479, 15.0573], [-86.2514, 15.0904], [-86.2162, 15.124], [-86.1206, 15.1085], [-86.0488, 15.0881], [-85.9703, 15.0952], [-85.9107, 15.1212], [-85.7737, 15.0796], [-85.7261, 15.073], [-85.6345, 15.0169], [-85.5478, 14.9496], [-85.4387, 14.9037], [-85.3598, 14.8212]]]}}, {"type": "Feature", "properties": {"featurecla": "Admin-0 country", "scalerank": 1, "LABELRANK": 6, "SOVEREIGNT": "El Salvador", "SOV_A3": "SLV", "ADM0_DIF": 0, "LEVEL": 2, "TYPE": "Sovereign country", "TLC": "1", "ADMIN": "El Salvador", "ADM0_A3": "SLV", "GEOU_DIF": 0, "GEOUNIT": "El Salvador", "GU_A3": "SLV", "SU_DIF": 0, "SUBUNIT": "El Salvador", "SU_A3": "SLV", "BRK_DIFF": 0, "NAME": "El Salvador", "NAME_LONG": "El Salvador", "BRK_A3": "SLV", "BRK_NAME": "El Salvador", "BRK_GROUP": null, "ABBREV": "El. S.", "POSTAL": "SV", "FORMAL_EN": "Republic of El Salvador", "FORMAL_FR": null, "NAME_CIAWF": "El Salvador", "NOTE_ADM0": null, "NOTE_BRK": null, "NAME_SORT": "El Salvador", "NAME_ALT": null, "MAPCOLOR7": 1, "MAPCOLOR8": 4, "MAPCOLOR9": 6, "MAPCOLOR13": 8, "POP_EST": 6453553, "POP_RANK": 13, "POP_YEAR": 2019, "GDP_MD": 27022, "GDP_YEAR": 2019, "ECONOMY": "6. Developing region", "INCOME_GRP": "4. Lower middle income", "FIPS_10": "ES", "ISO_A2": "SV", "ISO_A2_EH": "SV", "ISO_A3": "SLV", "ISO_A3_EH": "SLV", "ISO_N3": "222", "ISO_N3_EH": "222", "UN_A3": "222", "WB_A2": "SV", "WB_A3": "SLV", "WOE_ID": 23424807, "WOE_ID_EH": 23424807, "WOE_NOTE": "Exact WOE match as country", "ADM0_ISO": "SLV", "ADM0_DIFF": null, "ADM0_TLC": "SLV", "ADM0_A3_US": "SLV", "ADM0_A3_FR": "SLV", "ADM0_A3_RU": "SLV", "ADM0_A3_ES": "SLV", "ADM0_A3_CN": "SLV", "ADM0_A3_TW": "SLV", "ADM0_A3_IN": "SLV", "ADM0_A3_NP": "SLV", "ADM0_A3_PK": "SLV", "ADM0_A3_DE": "SLV", "ADM0_A3_GB": "SLV", "ADM0_A3_BR": "SLV", "ADM0_A3_IL": "SLV", "ADM0_A3_PS": "SLV", "ADM0_A3_SA": "SLV", "ADM0_A3_EG": "SLV", "ADM0_A3_MA": "SLV", "ADM0_A3_PT": "SLV", "ADM0_A3_AR": "SLV", "ADM0_A3_JP": "SLV", "ADM0_A3_KO": "SLV", "ADM0_A3_VN": "SLV", "ADM0_A3_TR": "SLV", "ADM0_A3_ID": "SLV", "ADM0_A3_PL": "SLV", "ADM0_A3_GR": "SLV", "ADM0_A3_IT": "SLV", "ADM0_A3_NL": "SLV", "ADM0_A3_SE": "SLV", "ADM0_A3_BD": "SLV", "ADM0_A3_UA": "SLV", "ADM0_A3_UN": -99, "ADM0_A3_WB": -99, "CONTINENT": "North America", "REGION_UN": "Americas", "SUBREGION": "Central America", "REGION_WB": "Latin America & Caribbean", "NAME_LEN": 11, "LONG_LEN": 11, "ABBREV_LEN": 6, "TINY": -99, "HOMEPART": 1, "MIN_ZOOM": 0, "MIN_LABEL": 5, "MAX_LABEL": 10, "LABEL_X": -88.890124, "LABEL_Y": 13.685371, "NE_ID": 1159321253, "WIKIDATAID": "Q792", "NAME_AR": "\u0627\u0644\u0633\u0644\u0641\u0627\u062f\u0648\u0631", "NAME_BN": "\u098f\u09b2 \u09b8\u09be\u09b2\u09ad\u09be\u09a6\u09cb\u09b0", "NAME_DE": "El Salvador", "NAME_EN": "El Salvador", "NAME_ES": "El Salvador", "NAME_FA": "\u0627\u0644\u0633\u0627\u0644\u0648\u0627\u062f\u0648\u0631", "NAME_FR": "Salvador", "NAME_EL": "\u0395\u03bb \u03a3\u03b1\u03bb\u03b2\u03b1\u03b4\u03cc\u03c1", "NAME_HE": "\u05d0\u05dc \u05e1\u05dc\u05d5\u05d5\u05d3\u05d5\u05e8", "NAME_HI": "\u0905\u0932 \u0938\u093e\u0932\u094d\u0935\u093e\u0921\u094b\u0930", "NAME_HU": "Salvador", "NAME_ID": "El Salvador", "NAME_IT": "El Salvador", "NAME_JA": "\u30a8\u30eb\u30b5\u30eb\u30d0\u30c9\u30eb", "NAME_KO": "\uc5d8\uc0b4\ubc14\ub3c4\ub974", "NAME_NL": "El Salvador", "NAME_PL": "Salwador", "NAME_PT": "El Salvador", "NAME_RU": "\u0421\u0430\u043b\u044c\u0432\u0430\u0434\u043e\u0440", "NAME_SV": "El Salvador", "NAME_TR": "El Salvador", "NAME_UK": "\u0421\u0430\u043b\u044c\u0432\u0430\u0434\u043e\u0440", "NAME_UR": "\u0627\u06cc\u0644 \u0633\u06cc\u0644\u0648\u0627\u0688\u0648\u0631", "NAME_VI": "El Salvador", "NAME_ZH": "\u8428\u5c14\u74e6\u591a", "NAME_ZHT": "\u85a9\u723e\u74e6\u591a", "FCLASS_ISO": "Admin-0 country", "TLC_DIFF": null, "FCLASS_TLC": "Admin-0 country", "FCLASS_US": null, "FCLASS_FR": null, "FCLASS_RU": null, "FCLASS_ES": null, "FCLASS_CN": null, "FCLASS_TW": null, "FCLASS_IN": null, "FCLASS_NP": null, "FCLASS_PK": null, "FCLASS_DE": null, "FCLASS_GB": null, "FCLASS_BR": null, "FCLASS_IL": null, "FCLASS_PS": null, "FCLASS_SA": null, "FCLASS_EG": null, "FCLASS_MA": null, "FCLASS_PT": null, "FCLASS_AR": null, "FCLASS_JP": null, "FCLASS_KO": null, "FCLASS_VN": null, "FCLASS_TR": null, "FCLASS_ID": null, "FCLASS_PL": null, "FCLASS_GR": null, "FCLASS_IT": null, "FCLASS_NL": null, "FCLASS_SE": null, "FCLASS_BD": null, "FCLASS_UA": null, "cartogram_scale": 0.3, "dc_count": 0, "dc_code": "OTHER"}, "geometry": {"type": "Polygon", "coordinates": [[[-89.0499, 14.0255], [-88.9615, 14.0003], [-88.8969, 13.9404], [-88.8063, 13.8923], [-88.7951, 13.8519], [-88.6635, 13.8876], [-88.6018, 13.8662], [-88.561, 13.8338], [-88.5819, 13.7136], [-88.6152, 13.6429], [-88.7889, 13.6474], [-88.8969, 13.6762], [-89.021, 13.7358], [-89.1877, 13.7544], [-89.2726, 13.8188], [-89.2633, 13.8628], [-89.1605, 13.9385], [-89.1042, 13.9717], [-89.1201, 14.007], [-89.0499, 14.0255]]]}}, {"type": "Feature", "properties": {"featurecla": "Admin-0 country", "scalerank": 1, "LABELRANK": 3, "SOVEREIGNT": "Guatemala", "SOV_A3": "GTM", "ADM0_DIF": 0, "LEVEL": 2, "TYPE": "Sovereign country", "TLC": "1", "ADMIN": "Guatemala", "ADM0_A3": "GTM", "GEOU_DIF": 0, "GEOUNIT": "Guatemala", "GU_A3": "GTM", "SU_DIF": 0, "SUBUNIT": "Guatemala", "SU_A3": "GTM", "BRK_DIFF": 0, "NAME": "Guatemala", "NAME_LONG": "Guatemala", "BRK_A3": "GTM", "BRK_NAME": "Guatemala", "BRK_GROUP": null, "ABBREV": "Guat.", "POSTAL": "GT", "FORMAL_EN": "Republic of Guatemala", "FORMAL_FR": null, "NAME_CIAWF": "Guatemala", "NOTE_ADM0": null, "NOTE_BRK": null, "NAME_SORT": "Guatemala", "NAME_ALT": null, "MAPCOLOR7": 3, "MAPCOLOR8": 3, "MAPCOLOR9": 3, "MAPCOLOR13": 6, "POP_EST": 16604026, "POP_RANK": 14, "POP_YEAR": 2019, "GDP_MD": 76710, "GDP_YEAR": 2019, "ECONOMY": "6. Developing region", "INCOME_GRP": "4. Lower middle income", "FIPS_10": "GT", "ISO_A2": "GT", "ISO_A2_EH": "GT", "ISO_A3": "GTM", "ISO_A3_EH": "GTM", "ISO_N3": "320", "ISO_N3_EH": "320", "UN_A3": "320", "WB_A2": "GT", "WB_A3": "GTM", "WOE_ID": 23424834, "WOE_ID_EH": 23424834, "WOE_NOTE": "Exact WOE match as country", "ADM0_ISO": "GTM", "ADM0_DIFF": null, "ADM0_TLC": "GTM", "ADM0_A3_US": "GTM", "ADM0_A3_FR": "GTM", "ADM0_A3_RU": "GTM", "ADM0_A3_ES": "GTM", "ADM0_A3_CN": "GTM", "ADM0_A3_TW": "GTM", "ADM0_A3_IN": "GTM", "ADM0_A3_NP": "GTM", "ADM0_A3_PK": "GTM", "ADM0_A3_DE": "GTM", "ADM0_A3_GB": "GTM", "ADM0_A3_BR": "GTM", "ADM0_A3_IL": "GTM", "ADM0_A3_PS": "GTM", "ADM0_A3_SA": "GTM", "ADM0_A3_EG": "GTM", "ADM0_A3_MA": "GTM", "ADM0_A3_PT": "GTM", "ADM0_A3_AR": "GTM", "ADM0_A3_JP": "GTM", "ADM0_A3_KO": "GTM", "ADM0_A3_VN": "GTM", "ADM0_A3_TR": "GTM", "ADM0_A3_ID": "GTM", "ADM0_A3_PL": "GTM", "ADM0_A3_GR": "GTM", "ADM0_A3_IT": "GTM", "ADM0_A3_NL": "GTM", "ADM0_A3_SE": "GTM", "ADM0_A3_BD": "GTM", "ADM0_A3_UA": "GTM", "ADM0_A3_UN": -99, "ADM0_A3_WB": -99, "CONTINENT": "North America", "REGION_UN": "Americas", "SUBREGION": "Central America", "REGION_WB": "Latin America & Caribbean", "NAME_LEN": 9, "LONG_LEN": 9, "ABBREV_LEN": 5, "TINY": 4, "HOMEPART": 1, "MIN_ZOOM": 0, "MIN_LABEL": 3, "MAX_LABEL": 8, "LABEL_X": -90.497134, "LABEL_Y": 14.982133, "NE_ID": 1159320815, "WIKIDATAID": "Q774", "NAME_AR": "\u063a\u0648\u0627\u062a\u064a\u0645\u0627\u0644\u0627", "NAME_BN": "\u0997\u09c1\u09af\u09bc\u09be\u09a4\u09c7\u09ae\u09be\u09b2\u09be", "NAME_DE": "Guatemala", "NAME_EN": "Guatemala", "NAME_ES": "Guatemala", "NAME_FA": "\u06af\u0648\u0627\u062a\u0645\u0627\u0644\u0627", "NAME_FR": "Guatemala", "NAME_EL": "\u0393\u03bf\u03c5\u03b1\u03c4\u03b5\u03bc\u03ac\u03bb\u03b1", "NAME_HE": "\u05d2\u05d5\u05d0\u05d8\u05de\u05dc\u05d4", "NAME_HI": "\u0917\u094d\u0935\u093e\u091f\u0947\u092e\u093e\u0932\u093e", "NAME_HU": "Guatemala", "NAME_ID": "Guatemala", "NAME_IT": "Guatemala", "NAME_JA": "\u30b0\u30a2\u30c6\u30de\u30e9", "NAME_KO": "\uacfc\ud14c\ub9d0\ub77c", "NAME_NL": "Guatemala", "NAME_PL": "Gwatemala", "NAME_PT": "Guatemala", "NAME_RU": "\u0413\u0432\u0430\u0442\u0435\u043c\u0430\u043b\u0430", "NAME_SV": "Guatemala", "NAME_TR": "Guatemala", "NAME_UK": "\u0413\u0432\u0430\u0442\u0435\u043c\u0430\u043b\u0430", "NAME_UR": "\u06af\u0648\u0627\u062a\u06cc\u0645\u0627\u0644\u0627", "NAME_VI": "Guatemala", "NAME_ZH": "\u5371\u5730\u9a6c\u62c9", "NAME_ZHT": "\u74dc\u5730\u99ac\u62c9", "FCLASS_ISO": "Admin-0 country", "TLC_DIFF": null, "FCLASS_TLC": "Admin-0 country", "FCLASS_US": null, "FCLASS_FR": null, "FCLASS_RU": null, "FCLASS_ES": null, "FCLASS_CN": null, "FCLASS_TW": null, "FCLASS_IN": null, "FCLASS_NP": null, "FCLASS_PK": null, "FCLASS_DE": null, "FCLASS_GB": null, "FCLASS_BR": null, "FCLASS_IL": null, "FCLASS_PS": null, "FCLASS_SA": null, "FCLASS_EG": null, "FCLASS_MA": null, "FCLASS_PT": null, "FCLASS_AR": null, "FCLASS_JP": null, "FCLASS_KO": null, "FCLASS_VN": null, "FCLASS_TR": null, "FCLASS_ID": null, "FCLASS_PL": null, "FCLASS_GR": null, "FCLASS_IT": null, "FCLASS_NL": null, "FCLASS_SE": null, "FCLASS_BD": null, "FCLASS_UA": null, "cartogram_scale": 0.3, "dc_count": 0, "dc_code": "OTHER"}, "geometry": {"type": "Polygon", "coordinates": [[[-90.8572, 15.2334], [-90.8498, 15.3208], [-90.815, 15.3912], [-90.8576, 15.4472], [-90.7132, 15.6918], [-90.3282, 15.6927], [-90.3205, 15.7948], [-90.3691, 15.813], [-90.4024, 15.878], [-90.5133, 15.9473], [-90.625, 16.0475], [-90.4895, 16.0482], [-90.4893, 16.2171], [-90.2092, 16.2176], [-89.9318, 16.2143], [-89.9341, 15.9765], [-89.9576, 15.6379], [-89.868, 15.638], [-89.7702, 15.5837], [-89.7444, 15.6284], [-89.6563, 15.5901], [-89.793, 15.4757], [-89.9353, 15.3917], [-89.9564, 15.3341], [-89.9325, 15.2752], [-89.9948, 15.199], [-90.065, 15.1806], [-90.0491, 15.1452], [-90.1054, 15.1121], [-90.2082, 15.0364], [-90.2175, 14.9924], [-90.3714, 15.0447], [-90.5586, 15.0501], [-90.6958, 15.1097], [-90.8572, 15.2334]]]}}, {"type": "Feature", "properties": {"featurecla": "Admin-0 country", "scalerank": 1, "LABELRANK": 6, "SOVEREIGNT": "Belize", "SOV_A3": "BLZ", "ADM0_DIF": 0, "LEVEL": 2, "TYPE": "Sovereign country", "TLC": "1", "ADMIN": "Belize", "ADM0_A3": "BLZ", "GEOU_DIF": 0, "GEOUNIT": "Belize", "GU_A3": "BLZ", "SU_DIF": 0, "SUBUNIT": "Belize", "SU_A3": "BLZ", "BRK_DIFF": 0, "NAME": "Belize", "NAME_LONG": "Belize", "BRK_A3": "BLZ", "BRK_NAME": "Belize", "BRK_GROUP": null, "ABBREV": "Belize", "POSTAL": "BZ", "FORMAL_EN": "Belize", "FORMAL_FR": null, "NAME_CIAWF": "Belize", "NOTE_ADM0": null, "NOTE_BRK": null, "NAME_SORT": "Belize", "NAME_ALT": null, "MAPCOLOR7": 1, "MAPCOLOR8": 4, "MAPCOLOR9": 5, "MAPCOLOR13": 7, "POP_EST": 390353, "POP_RANK": 10, "POP_YEAR": 2019, "GDP_MD": 1879, "GDP_YEAR": 2019, "ECONOMY": "6. Developing region", "INCOME_GRP": "4. Lower middle income", "FIPS_10": "BH", "ISO_A2": "BZ", "ISO_A2_EH": "BZ", "ISO_A3": "BLZ", "ISO_A3_EH": "BLZ", "ISO_N3": "084", "ISO_N3_EH": "084", "UN_A3": "084", "WB_A2": "BZ", "WB_A3": "BLZ", "WOE_ID": 23424760, "WOE_ID_EH": 23424760, "WOE_NOTE": "Exact WOE match as country", "ADM0_ISO": "BLZ", "ADM0_DIFF": null, "ADM0_TLC": "BLZ", "ADM0_A3_US": "BLZ", "ADM0_A3_FR": "BLZ", "ADM0_A3_RU": "BLZ", "ADM0_A3_ES": "BLZ", "ADM0_A3_CN": "BLZ", "ADM0_A3_TW": "BLZ", "ADM0_A3_IN": "BLZ", "ADM0_A3_NP": "BLZ", "ADM0_A3_PK": "BLZ", "ADM0_A3_DE": "BLZ", "ADM0_A3_GB": "BLZ", "ADM0_A3_BR": "BLZ", "ADM0_A3_IL": "BLZ", "ADM0_A3_PS": "BLZ", "ADM0_A3_SA": "BLZ", "ADM0_A3_EG": "BLZ", "ADM0_A3_MA": "BLZ", "ADM0_A3_PT": "BLZ", "ADM0_A3_AR": "BLZ", "ADM0_A3_JP": "BLZ", "ADM0_A3_KO": "BLZ", "ADM0_A3_VN": "BLZ", "ADM0_A3_TR": "BLZ", "ADM0_A3_ID": "BLZ", "ADM0_A3_PL": "BLZ", "ADM0_A3_GR": "BLZ", "ADM0_A3_IT": "BLZ", "ADM0_A3_NL": "BLZ", "ADM0_A3_SE": "BLZ", "ADM0_A3_BD": "BLZ", "ADM0_A3_UA": "BLZ", "ADM0_A3_UN": -99, "ADM0_A3_WB": -99, "CONTINENT": "North America", "REGION_UN": "Americas", "SUBREGION": "Central America", "REGION_WB": "Latin America & Caribbean", "NAME_LEN": 6, "LONG_LEN": 6, "ABBREV_LEN": 6, "TINY": -99, "HOMEPART": 1, "MIN_ZOOM": 0, "MIN_LABEL": 5, "MAX_LABEL": 10, "LABEL_X": -88.712962, "LABEL_Y": 17.202068, "NE_ID": 1159320431, "WIKIDATAID": "Q242", "NAME_AR": "\u0628\u0644\u064a\u0632", "NAME_BN": "\u09ac\u09c7\u09b2\u09bf\u099c", "NAME_DE": "Belize", "NAME_EN": "Belize", "NAME_ES": "Belice", "NAME_FA": "\u0628\u0644\u06cc\u0632", "NAME_FR": "Belize", "NAME_EL": "\u039c\u03c0\u03b5\u03bb\u03af\u03b6", "NAME_HE": "\u05d1\u05dc\u05d9\u05d6", "NAME_HI": "\u092c\u0947\u0932\u0940\u091c\u093c", "NAME_HU": "Belize", "NAME_ID": "Belize", "NAME_IT": "Belize", "NAME_JA": "\u30d9\u30ea\u30fc\u30ba", "NAME_KO": "\ubca8\ub9ac\uc988", "NAME_NL": "Belize", "NAME_PL": "Belize", "NAME_PT": "Belize", "NAME_RU": "\u0411\u0435\u043b\u0438\u0437", "NAME_SV": "Belize", "NAME_TR": "Belize", "NAME_UK": "\u0411\u0435\u043b\u0456\u0437", "NAME_UR": "\u0628\u06cc\u0644\u06cc\u0632", "NAME_VI": "Belize", "NAME_ZH": "\u4f2f\u5229\u5179", "NAME_ZHT": "\u8c9d\u91cc\u65af", "FCLASS_ISO": "Admin-0 country", "TLC_DIFF": null, "FCLASS_TLC": "Admin-0 country", "FCLASS_US": null, "FCLASS_FR": null, "FCLASS_RU": null, "FCLASS_ES": null, "FCLASS_CN": null, "FCLASS_TW": null, "FCLASS_IN": null, "FCLASS_NP": null, "FCLASS_PK": null, "FCLASS_DE": null, "FCLASS_GB": null, "FCLASS_BR": null, "FCLASS_IL": null, "FCLASS_PS": null, "FCLASS_SA": null, "FCLASS_EG": null, "FCLASS_MA": null, "FCLASS_PT": null, "FCLASS_AR": null, "FCLASS_JP": null, "FCLASS_KO": null, "FCLASS_VN": null, "FCLASS_TR": null, "FCLASS_ID": null, "FCLASS_PL": null, "FCLASS_GR": null, "FCLASS_IT": null, "FCLASS_NL": null, "FCLASS_SE": null, "FCLASS_BD": null, "FCLASS_UA": null, "cartogram_scale": 0.3, "dc_count": 0, "dc_code": "OTHER"}, "geometry": {"type": "Polygon", "coordinates": [[[-88.7842, 17.5345], [-88.7865, 17.5787], [-88.7502, 17.5925], [-88.6958, 17.557], [-88.5883, 17.7381], [-88.5313, 17.742], [-88.5302, 17.698], [-88.4733, 17.6966], [-88.4783, 17.615], [-88.5269, 17.4853], [-88.5006, 17.4389], [-88.5321, 17.3315], [-88.5131, 17.3028], [-88.5479, 17.1512], [-88.6068, 17.0717], [-88.661, 17.0621], [-88.7205, 16.9582], [-88.81, 16.9581], [-88.7865, 17.2967], [-88.7842, 17.5345]]]}}, {"type": "Feature", "properties": {"featurecla": "Admin-0 country", "scalerank": 1, "LABELRANK": 3, "SOVEREIGNT": "Venezuela", "SOV_A3": "VEN", "ADM0_DIF": 0, "LEVEL": 2, "TYPE": "Sovereign country", "TLC": "1", "ADMIN": "Venezuela", "ADM0_A3": "VEN", "GEOU_DIF": 0, "GEOUNIT": "Venezuela", "GU_A3": "VEN", "SU_DIF": 0, "SUBUNIT": "Venezuela", "SU_A3": "VEN", "BRK_DIFF": 0, "NAME": "Venezuela", "NAME_LONG": "Venezuela", "BRK_A3": "VEN", "BRK_NAME": "Venezuela", "BRK_GROUP": null, "ABBREV": "Ven.", "POSTAL": "VE", "FORMAL_EN": "Bolivarian Republic of Venezuela", "FORMAL_FR": "Rep\u00fablica Bolivariana de Venezuela", "NAME_CIAWF": "Venezuela", "NOTE_ADM0": null, "NOTE_BRK": null, "NAME_SORT": "Venezuela, RB", "NAME_ALT": null, "MAPCOLOR7": 1, "MAPCOLOR8": 3, "MAPCOLOR9": 1, "MAPCOLOR13": 4, "POP_EST": 28515829, "POP_RANK": 15, "POP_YEAR": 2019, "GDP_MD": 482359, "GDP_YEAR": 2014, "ECONOMY": "5. Emerging region: G20", "INCOME_GRP": "3. Upper middle income", "FIPS_10": "VE", "ISO_A2": "VE", "ISO_A2_EH": "VE", "ISO_A3": "VEN", "ISO_A3_EH": "VEN", "ISO_N3": "862", "ISO_N3_EH": "862", "UN_A3": "862", "WB_A2": "VE", "WB_A3": "VEN", "WOE_ID": 23424982, "WOE_ID_EH": 23424982, "WOE_NOTE": "Exact WOE match as country", "ADM0_ISO": "VEN", "ADM0_DIFF": null, "ADM0_TLC": "VEN", "ADM0_A3_US": "VEN", "ADM0_A3_FR": "VEN", "ADM0_A3_RU": "VEN", "ADM0_A3_ES": "VEN", "ADM0_A3_CN": "VEN", "ADM0_A3_TW": "VEN", "ADM0_A3_IN": "VEN", "ADM0_A3_NP": "VEN", "ADM0_A3_PK": "VEN", "ADM0_A3_DE": "VEN", "ADM0_A3_GB": "VEN", "ADM0_A3_BR": "VEN", "ADM0_A3_IL": "VEN", "ADM0_A3_PS": "VEN", "ADM0_A3_SA": "VEN", "ADM0_A3_EG": "VEN", "ADM0_A3_MA": "VEN", "ADM0_A3_PT": "VEN", "ADM0_A3_AR": "VEN", "ADM0_A3_JP": "VEN", "ADM0_A3_KO": "VEN", "ADM0_A3_VN": "VEN", "ADM0_A3_TR": "VEN", "ADM0_A3_ID": "VEN", "ADM0_A3_PL": "VEN", "ADM0_A3_GR": "VEN", "ADM0_A3_IT": "VEN", "ADM0_A3_NL": "VEN", "ADM0_A3_SE": "VEN", "ADM0_A3_BD": "VEN", "ADM0_A3_UA": "VEN", "ADM0_A3_UN": -99, "ADM0_A3_WB": -99, "CONTINENT": "South America", "REGION_UN": "Americas", "SUBREGION": "South America", "REGION_WB": "Latin America & Caribbean", "NAME_LEN": 9, "LONG_LEN": 9, "ABBREV_LEN": 4, "TINY": -99, "HOMEPART": 1, "MIN_ZOOM": 0, "MIN_LABEL": 2.5, "MAX_LABEL": 7.5, "LABEL_X": -64.599381, "LABEL_Y": 7.182476, "NE_ID": 1159321411, "WIKIDATAID": "Q717", "NAME_AR": "\u0641\u0646\u0632\u0648\u064a\u0644\u0627", "NAME_BN": "\u09ad\u09c7\u09a8\u09c7\u099c\u09c1\u09af\u09bc\u09c7\u09b2\u09be", "NAME_DE": "Venezuela", "NAME_EN": "Venezuela", "NAME_ES": "Venezuela", "NAME_FA": "\u0648\u0646\u0632\u0648\u0626\u0644\u0627", "NAME_FR": "Venezuela", "NAME_EL": "\u0392\u03b5\u03bd\u03b5\u03b6\u03bf\u03c5\u03ad\u03bb\u03b1", "NAME_HE": "\u05d5\u05e0\u05e6\u05d5\u05d0\u05dc\u05d4", "NAME_HI": "\u0935\u0947\u0928\u0947\u091c\u093c\u0941\u090f\u0932\u093e", "NAME_HU": "Venezuela", "NAME_ID": "Venezuela", "NAME_IT": "Venezuela", "NAME_JA": "\u30d9\u30cd\u30ba\u30a8\u30e9", "NAME_KO": "\ubca0\ub124\uc218\uc5d8\ub77c", "NAME_NL": "Venezuela", "NAME_PL": "Wenezuela", "NAME_PT": "Venezuela", "NAME_RU": "\u0412\u0435\u043d\u0435\u0441\u0443\u044d\u043b\u0430", "NAME_SV": "Venezuela", "NAME_TR": "Venezuela", "NAME_UK": "\u0412\u0435\u043d\u0435\u0441\u0443\u0435\u043b\u0430", "NAME_UR": "\u0648\u06cc\u0646\u06cc\u0632\u0648\u06cc\u0644\u0627", "NAME_VI": "Venezuela", "NAME_ZH": "\u59d4\u5185\u745e\u62c9", "NAME_ZHT": "\u59d4\u5167\u745e\u62c9", "FCLASS_ISO": "Admin-0 country", "TLC_DIFF": null, "FCLASS_TLC": "Admin-0 country", "FCLASS_US": null, "FCLASS_FR": null, "FCLASS_RU": null, "FCLASS_ES": null, "FCLASS_CN": null, "FCLASS_TW": null, "FCLASS_IN": null, "FCLASS_NP": null, "FCLASS_PK": null, "FCLASS_DE": null, "FCLASS_GB": null, "FCLASS_BR": null, "FCLASS_IL": null, "FCLASS_PS": null, "FCLASS_SA": null, "FCLASS_EG": null, "FCLASS_MA": null, "FCLASS_PT": null, "FCLASS_AR": null, "FCLASS_JP": null, "FCLASS_KO": null, "FCLASS_VN": null, "FCLASS_TR": null, "FCLASS_ID": null, "FCLASS_PL": null, "FCLASS_GR": null, "FCLASS_IT": null, "FCLASS_NL": null, "FCLASS_SE": null, "FCLASS_BD": null, "FCLASS_UA": null, "cartogram_scale": 0.3, "dc_count": 0, "dc_code": "OTHER"}, "geometry": {"type": "Polygon", "coordinates": [[[-65.0162, 6.6095], [-64.9765, 6.5249], [-65.0862, 6.4104], [-65.4217, 6.2981], [-65.6375, 6.2515], [-65.7241, 6.1806], [-65.9626, 6.2556], [-66.1847, 6.294], [-66.2409, 6.2664], [-66.1067, 6.1886], [-66.1188, 5.9875], [-66.0771, 5.7985], [-65.823, 5.7728], [-65.8068, 5.7097], [-66.021, 5.6244], [-66.0559, 5.4973], [-66.1794, 5.4481], [-66.4025, 5.378], [-66.4606, 5.2862], [-66.6938, 5.2668], [-66.859, 5.4255], [-66.9505, 5.7246], [-67.0302, 5.8295], [-67.1391, 5.8956], [-66.9871, 6.045], [-66.9974, 6.1121], [-67.0827, 6.2013], [-67.143, 6.4006], [-67.1195, 6.6158], [-67.0526, 6.7165], [-66.9985, 6.8781], [-67.1046, 6.9296], [-67.2756, 6.8954], [-67.4917, 6.9115], [-67.613, 6.8794], [-67.8241, 7.1376], [-67.9984, 7.1758], [-68.3842, 7.1469], [-68.4556, 7.2516], [-68.5295, 7.2766], [-68.54, 7.3392], [-68.5044, 7.4502], [-68.5281, 7.571], [-68.5943, 7.637], [-68.6327, 7.775], [-68.7876, 7.795], [-68.7044, 7.9705], [-68.6677, 8.1845], [-68.5805, 8.296], [-68.4644, 8.3821], [-68.3883, 8.532], [-68.1956, 8.5823], [-68.2041, 8.5114], [-68.3802, 8.4764], [-68.2824, 8.3403], [-68.286, 8.1834], [-68.4184, 8.0091], [-68.3048, 7.7711], [-68.1755, 7.7906], [-68.1081, 8.0074], [-68.2011, 8.113], [-68.2163, 8.3401], [-67.8427, 8.4621], [-67.8843, 8.6035], [-67.7791, 8.6981], [-67.6714, 8.4873], [-67.461, 8.4825], [-67.2661, 8.3152], [-67.2544, 8.2158], [-66.985, 8.2132], [-66.6645, 8.244], [-66.4927, 8.1097], [-66.2633, 8.0726], [-66.095, 8.1663], [-66.0915, 8.2419], [-65.7199, 8.26], [-65.3604, 8.2641], [-65.6152, 8.1755], [-65.5127, 8.0339], [-65.2727, 8.0114], [-65.0453, 7.8638], [-64.9975, 7.6235], [-64.8411, 7.6303], [-64.7236, 7.5596], [-64.9613, 7.3833], [-64.9875, 7.2739], [-64.8848, 7.1626], [-64.9593, 7.1064], [-65.1439, 7.0583], [-65.1379, 6.9197], [-65.2192, 6.8372], [-65.0162, 6.6095]]]}}, {"type": "Feature", "properties": {"featurecla": "Admin-0 country", "scalerank": 1, "LABELRANK": 4, "SOVEREIGNT": "Guyana", "SOV_A3": "GUY", "ADM0_DIF": 0, "LEVEL": 2, "TYPE": "Sovereign country", "TLC": "1", "ADMIN": "Guyana", "ADM0_A3": "GUY", "GEOU_DIF": 0, "GEOUNIT": "Guyana", "GU_A3": "GUY", "SU_DIF": 0, "SUBUNIT": "Guyana", "SU_A3": "GUY", "BRK_DIFF": 0, "NAME": "Guyana", "NAME_LONG": "Guyana", "BRK_A3": "GUY", "BRK_NAME": "Guyana", "BRK_GROUP": null, "ABBREV": "Guy.", "POSTAL": "GY", "FORMAL_EN": "Co-operative Republic of Guyana", "FORMAL_FR": null, "NAME_CIAWF": "Guyana", "NOTE_ADM0": null, "NOTE_BRK": null, "NAME_SORT": "Guyana", "NAME_ALT": null, "MAPCOLOR7": 3, "MAPCOLOR8": 1, "MAPCOLOR9": 4, "MAPCOLOR13": 8, "POP_EST": 782766, "POP_RANK": 11, "POP_YEAR": 2019, "GDP_MD": 5173, "GDP_YEAR": 2019, "ECONOMY": "6. Developing region", "INCOME_GRP": "4. Lower middle income", "FIPS_10": "GY", "ISO_A2": "GY", "ISO_A2_EH": "GY", "ISO_A3": "GUY", "ISO_A3_EH": "GUY", "ISO_N3": "328", "ISO_N3_EH": "328", "UN_A3": "328", "WB_A2": "GY", "WB_A3": "GUY", "WOE_ID": 23424836, "WOE_ID_EH": 23424836, "WOE_NOTE": "Exact WOE match as country", "ADM0_ISO": "GUY", "ADM0_DIFF": null, "ADM0_TLC": "GUY", "ADM0_A3_US": "GUY", "ADM0_A3_FR": "GUY", "ADM0_A3_RU": "GUY", "ADM0_A3_ES": "GUY", "ADM0_A3_CN": "GUY", "ADM0_A3_TW": "GUY", "ADM0_A3_IN": "GUY", "ADM0_A3_NP": "GUY", "ADM0_A3_PK": "GUY", "ADM0_A3_DE": "GUY", "ADM0_A3_GB": "GUY", "ADM0_A3_BR": "GUY", "ADM0_A3_IL": "GUY", "ADM0_A3_PS": "GUY", "ADM0_A3_SA": "GUY", "ADM0_A3_EG": "GUY", "ADM0_A3_MA": "GUY", "ADM0_A3_PT": "GUY", "ADM0_A3_AR": "GUY", "ADM0_A3_JP": "GUY", "ADM0_A3_KO": "GUY", "ADM0_A3_VN": "GUY", "ADM0_A3_TR": "GUY", "ADM0_A3_ID": "GUY", "ADM0_A3_PL": "GUY", "ADM0_A3_GR": "GUY", "ADM0_A3_IT": "GUY", "ADM0_A3_NL": "GUY", "ADM0_A3_SE": "GUY", "ADM0_A3_BD": "GUY", "ADM0_A3_UA": "GUY", "ADM0_A3_UN": -99, "ADM0_A3_WB": -99, "CONTINENT": "South America", "REGION_UN": "Americas", "SUBREGION": "South America", "REGION_WB": "Latin America & Caribbean", "NAME_LEN": 6, "LONG_LEN": 6, "ABBREV_LEN": 4, "TINY": -99, "HOMEPART": 1, "MIN_ZOOM": 0, "MIN_LABEL": 4, "MAX_LABEL": 9, "LABEL_X": -58.942643, "LABEL_Y": 5.124317, "NE_ID": 1159320817, "WIKIDATAID": "Q734", "NAME_AR": "\u063a\u064a\u0627\u0646\u0627", "NAME_BN": "\u0997\u09be\u09af\u09bc\u09be\u09a8\u09be", "NAME_DE": "Guyana", "NAME_EN": "Guyana", "NAME_ES": "Guyana", "NAME_FA": "\u06af\u0648\u06cc\u0627\u0646", "NAME_FR": "Guyana", "NAME_EL": "\u0393\u03bf\u03c5\u03b9\u03ac\u03bd\u03b1", "NAME_HE": "\u05d2\u05d9\u05d0\u05e0\u05d4", "NAME_HI": "\u0917\u092f\u093e\u0928\u093e", "NAME_HU": "Guyana", "NAME_ID": "Guyana", "NAME_IT": "Guyana", "NAME_JA": "\u30ac\u30a4\u30a2\u30ca", "NAME_KO": "\uac00\uc774\uc544\ub098", "NAME_NL": "Guyana", "NAME_PL": "Gujana", "NAME_PT": "Guiana", "NAME_RU": "\u0413\u0430\u0439\u0430\u043d\u0430", "NAME_SV": "Guyana", "NAME_TR": "Guyana", "NAME_UK": "\u0413\u0430\u044f\u043d\u0430", "NAME_UR": "\u06af\u06cc\u0627\u0646\u0627", "NAME_VI": "Guyana", "NAME_ZH": "\u572d\u4e9a\u90a3", "NAME_ZHT": "\u572d\u4e9e\u90a3", "FCLASS_ISO": "Admin-0 country", "TLC_DIFF": null, "FCLASS_TLC": "Admin-0 country", "FCLASS_US": null, "FCLASS_FR": null, "FCLASS_RU": null, "FCLASS_ES": null, "FCLASS_CN": null, "FCLASS_TW": null, "FCLASS_IN": null, "FCLASS_NP": null, "FCLASS_PK": null, "FCLASS_DE": null, "FCLASS_GB": null, "FCLASS_BR": null, "FCLASS_IL": null, "FCLASS_PS": null, "FCLASS_SA": null, "FCLASS_EG": null, "FCLASS_MA": null, "FCLASS_PT": null, "FCLASS_AR": null, "FCLASS_JP": null, "FCLASS_KO": null, "FCLASS_VN": null, "FCLASS_TR": null, "FCLASS_ID": null, "FCLASS_PL": null, "FCLASS_GR": null, "FCLASS_IT": null, "FCLASS_NL": null, "FCLASS_SE": null, "FCLASS_BD": null, "FCLASS_UA": null, "cartogram_scale": 0.3, "dc_count": 0, "dc_code": "OTHER"}, "geometry": {"type": "Polygon", "coordinates": [[[-58.1907, 3.7069], [-58.2637, 3.6962], [-58.4296, 3.7216], [-58.5271, 3.6418], [-58.6629, 3.5892], [-58.7577, 3.5762], [-58.7908, 3.5175], [-58.9381, 3.5324], [-59.1227, 3.6731], [-59.1444, 3.812], [-59.2212, 3.9636], [-59.1735, 4.219], [-59.0903, 4.3247], [-59.1591, 4.4641], [-59.2621, 4.5096], [-59.2231, 4.6413], [-59.2929, 4.7104], [-59.4489, 4.6971], [-59.6519, 4.9248], [-59.5707, 5.0074], [-59.5766, 5.1459], [-59.392, 5.194], [-59.3175, 5.2502], [-59.4202, 5.3616], [-59.394, 5.4709], [-59.1563, 5.6472], [-58.9593, 5.5368], [-58.7737, 5.3414], [-58.7653, 5.1869], [-58.6523, 5.1798], [-58.4915, 5.0334], [-58.3731, 4.929], [-58.421, 4.6591], [-58.6031, 4.5809], [-58.5869, 4.5101], [-58.6422, 4.3553], [-58.5093, 4.1375], [-58.4133, 4.1371], [-58.3739, 3.9677], [-58.1907, 3.7069]]]}}, {"type": "Feature", "properties": {"featurecla": "Admin-0 country", "scalerank": 1, "LABELRANK": 4, "SOVEREIGNT": "Suriname", "SOV_A3": "SUR", "ADM0_DIF": 0, "LEVEL": 2, "TYPE": "Sovereign country", "TLC": "1", "ADMIN": "Suriname", "ADM0_A3": "SUR", "GEOU_DIF": 0, "GEOUNIT": "Suriname", "GU_A3": "SUR", "SU_DIF": 0, "SUBUNIT": "Suriname", "SU_A3": "SUR", "BRK_DIFF": 0, "NAME": "Suriname", "NAME_LONG": "Suriname", "BRK_A3": "SUR", "BRK_NAME": "Suriname", "BRK_GROUP": null, "ABBREV": "Sur.", "POSTAL": "SR", "FORMAL_EN": "Republic of Suriname", "FORMAL_FR": null, "NAME_CIAWF": "Suriname", "NOTE_ADM0": null, "NOTE_BRK": null, "NAME_SORT": "Suriname", "NAME_ALT": null, "MAPCOLOR7": 1, "MAPCOLOR8": 4, "MAPCOLOR9": 7, "MAPCOLOR13": 6, "POP_EST": 581363, "POP_RANK": 11, "POP_YEAR": 2019, "GDP_MD": 3697, "GDP_YEAR": 2019, "ECONOMY": "6. Developing region", "INCOME_GRP": "3. Upper middle income", "FIPS_10": "NS", "ISO_A2": "SR", "ISO_A2_EH": "SR", "ISO_A3": "SUR", "ISO_A3_EH": "SUR", "ISO_N3": "740", "ISO_N3_EH": "740", "UN_A3": "740", "WB_A2": "SR", "WB_A3": "SUR", "WOE_ID": 23424913, "WOE_ID_EH": 23424913, "WOE_NOTE": "Exact WOE match as country", "ADM0_ISO": "SUR", "ADM0_DIFF": null, "ADM0_TLC": "SUR", "ADM0_A3_US": "SUR", "ADM0_A3_FR": "SUR", "ADM0_A3_RU": "SUR", "ADM0_A3_ES": "SUR", "ADM0_A3_CN": "SUR", "ADM0_A3_TW": "SUR", "ADM0_A3_IN": "SUR", "ADM0_A3_NP": "SUR", "ADM0_A3_PK": "SUR", "ADM0_A3_DE": "SUR", "ADM0_A3_GB": "SUR", "ADM0_A3_BR": "SUR", "ADM0_A3_IL": "SUR", "ADM0_A3_PS": "SUR", "ADM0_A3_SA": "SUR", "ADM0_A3_EG": "SUR", "ADM0_A3_MA": "SUR", "ADM0_A3_PT": "SUR", "ADM0_A3_AR": "SUR", "ADM0_A3_JP": "SUR", "ADM0_A3_KO": "SUR", "ADM0_A3_VN": "SUR", "ADM0_A3_TR": "SUR", "ADM0_A3_ID": "SUR", "ADM0_A3_PL": "SUR", "ADM0_A3_GR": "SUR", "ADM0_A3_IT": "SUR", "ADM0_A3_NL": "SUR", "ADM0_A3_SE": "SUR", "ADM0_A3_BD": "SUR", "ADM0_A3_UA": "SUR", "ADM0_A3_UN": -99, "ADM0_A3_WB": -99, "CONTINENT": "South America", "REGION_UN": "Americas", "SUBREGION": "South America", "REGION_WB": "Latin America & Caribbean", "NAME_LEN": 8, "LONG_LEN": 8, "ABBREV_LEN": 4, "TINY": -99, "HOMEPART": 1, "MIN_ZOOM": 0, "MIN_LABEL": 4, "MAX_LABEL": 9, "LABEL_X": -55.91094, "LABEL_Y": 4.143987, "NE_ID": 1159321281, "WIKIDATAID": "Q730", "NAME_AR": "\u0633\u0648\u0631\u064a\u0646\u0627\u0645", "NAME_BN": "\u09b8\u09c1\u09b0\u09bf\u09a8\u09be\u09ae", "NAME_DE": "Suriname", "NAME_EN": "Suriname", "NAME_ES": "Surinam", "NAME_FA": "\u0633\u0648\u0631\u06cc\u0646\u0627\u0645", "NAME_FR": "Suriname", "NAME_EL": "\u03a3\u03bf\u03c5\u03c1\u03b9\u03bd\u03ac\u03bc", "NAME_HE": "\u05e1\u05d5\u05e8\u05d9\u05e0\u05d0\u05dd", "NAME_HI": "\u0938\u0942\u0930\u0940\u0928\u093e\u092e", "NAME_HU": "Suriname", "NAME_ID": "Suriname", "NAME_IT": "Suriname", "NAME_JA": "\u30b9\u30ea\u30ca\u30e0", "NAME_KO": "\uc218\ub9ac\ub0a8", "NAME_NL": "Suriname", "NAME_PL": "Surinam", "NAME_PT": "Suriname", "NAME_RU": "\u0421\u0443\u0440\u0438\u043d\u0430\u043c", "NAME_SV": "Surinam", "NAME_TR": "Surinam", "NAME_UK": "\u0421\u0443\u0440\u0438\u043d\u0430\u043c", "NAME_UR": "\u0633\u0631\u06cc\u0646\u0627\u0645", "NAME_VI": "Suriname", "NAME_ZH": "\u82cf\u91cc\u5357", "NAME_ZHT": "\u8607\u5229\u5357", "FCLASS_ISO": "Admin-0 country", "TLC_DIFF": null, "FCLASS_TLC": "Admin-0 country", "FCLASS_US": null, "FCLASS_FR": null, "FCLASS_RU": null, "FCLASS_ES": null, "FCLASS_CN": null, "FCLASS_TW": null, "FCLASS_IN": null, "FCLASS_NP": null, "FCLASS_PK": null, "FCLASS_DE": null, "FCLASS_GB": null, "FCLASS_BR": null, "FCLASS_IL": null, "FCLASS_PS": null, "FCLASS_SA": null, "FCLASS_EG": null, "FCLASS_MA": null, "FCLASS_PT": null, "FCLASS_AR": null, "FCLASS_JP": null, "FCLASS_KO": null, "FCLASS_VN": null, "FCLASS_TR": null, "FCLASS_ID": null, "FCLASS_PL": null, "FCLASS_GR": null, "FCLASS_IT": null, "FCLASS_NL": null, "FCLASS_SE": null, "FCLASS_BD": null, "FCLASS_UA": null, "cartogram_scale": 0.3, "dc_count": 0, "dc_code": "OTHER"}, "geometry": {"type": "Polygon", "coordinates": [[[-55.4667, 3.2817], [-55.6385, 3.3453], [-55.7802, 3.3146], [-55.9013, 3.3413], [-55.9313, 3.2544], [-55.881, 3.1948], [-55.908, 3.1335], [-56.0711, 3.158], [-56.2543, 3.4189], [-56.2937, 3.5882], [-56.3897, 3.5886], [-56.5227, 3.8064], [-56.4673, 3.9612], [-56.4836, 4.032], [-56.3014, 4.1103], [-56.2535, 4.3801], [-55.8941, 4.3201], [-55.8618, 4.3741], [-55.6192, 4.3958], [-55.2967, 4.3152], [-55.4529, 4.0572], [-55.4291, 3.852], [-55.3114, 3.6742], [-55.3638, 3.5451], [-55.3902, 3.4079], [-55.4667, 3.2817]]]}}, {"type": "Feature", "properties": {"featurecla": "Admin-0 country", "scalerank": 1, "LABELRANK": 2, "SOVEREIGNT": "France", "SOV_A3": "FR1", "ADM0_DIF": 1, "LEVEL": 2, "TYPE": "Country", "TLC": "1", "ADMIN": "France", "ADM0_A3": "FRA", "GEOU_DIF": 0, "GEOUNIT": "France", "GU_A3": "FRA", "SU_DIF": 0, "SUBUNIT": "France", "SU_A3": "FRA", "BRK_DIFF": 0, "NAME": "France", "NAME_LONG": "France", "BRK_A3": "FRA", "BRK_NAME": "France", "BRK_GROUP": null, "ABBREV": "Fr.", "POSTAL": "F", "FORMAL_EN": "French Republic", "FORMAL_FR": null, "NAME_CIAWF": "France", "NOTE_ADM0": null, "NOTE_BRK": null, "NAME_SORT": "France", "NAME_ALT": null, "MAPCOLOR7": 7, "MAPCOLOR8": 5, "MAPCOLOR9": 9, "MAPCOLOR13": 11, "POP_EST": 67059887, "POP_RANK": 16, "POP_YEAR": 2019, "GDP_MD": 2715518, "GDP_YEAR": 2019, "ECONOMY": "1. Developed region: G7", "INCOME_GRP": "1. High income: OECD", "FIPS_10": "FR", "ISO_A2": "-99", "ISO_A2_EH": "FR", "ISO_A3": "-99", "ISO_A3_EH": "FRA", "ISO_N3": "-99", "ISO_N3_EH": "250", "UN_A3": "250", "WB_A2": "FR", "WB_A3": "FRA", "WOE_ID": -90, "WOE_ID_EH": 23424819, "WOE_NOTE": "Includes only Metropolitan France (including Corsica)", "ADM0_ISO": "FRA", "ADM0_DIFF": null, "ADM0_TLC": "FRA", "ADM0_A3_US": "FRA", "ADM0_A3_FR": "FRA", "ADM0_A3_RU": "FRA", "ADM0_A3_ES": "FRA", "ADM0_A3_CN": "FRA", "ADM0_A3_TW": "FRA", "ADM0_A3_IN": "FRA", "ADM0_A3_NP": "FRA", "ADM0_A3_PK": "FRA", "ADM0_A3_DE": "FRA", "ADM0_A3_GB": "FRA", "ADM0_A3_BR": "FRA", "ADM0_A3_IL": "FRA", "ADM0_A3_PS": "FRA", "ADM0_A3_SA": "FRA", "ADM0_A3_EG": "FRA", "ADM0_A3_MA": "FRA", "ADM0_A3_PT": "FRA", "ADM0_A3_AR": "FRA", "ADM0_A3_JP": "FRA", "ADM0_A3_KO": "FRA", "ADM0_A3_VN": "FRA", "ADM0_A3_TR": "FRA", "ADM0_A3_ID": "FRA", "ADM0_A3_PL": "FRA", "ADM0_A3_GR": "FRA", "ADM0_A3_IT": "FRA", "ADM0_A3_NL": "FRA", "ADM0_A3_SE": "FRA", "ADM0_A3_BD": "FRA", "ADM0_A3_UA": "FRA", "ADM0_A3_UN": -99, "ADM0_A3_WB": -99, "CONTINENT": "Europe", "REGION_UN": "Europe", "SUBREGION": "Western Europe", "REGION_WB": "Europe & Central Asia", "NAME_LEN": 6, "LONG_LEN": 6, "ABBREV_LEN": 3, "TINY": -99, "HOMEPART": 1, "MIN_ZOOM": 0, "MIN_LABEL": 1.7, "MAX_LABEL": 6.7, "LABEL_X": 2.552275, "LABEL_Y": 46.696113, "NE_ID": 1159320637, "WIKIDATAID": "Q142", "NAME_AR": "\u0641\u0631\u0646\u0633\u0627", "NAME_BN": "\u09ab\u09cd\u09b0\u09be\u09a8\u09cd\u09b8", "NAME_DE": "Frankreich", "NAME_EN": "France", "NAME_ES": "Francia", "NAME_FA": "\u0641\u0631\u0627\u0646\u0633\u0647", "NAME_FR": "France", "NAME_EL": "\u0393\u03b1\u03bb\u03bb\u03af\u03b1", "NAME_HE": "\u05e6\u05e8\u05e4\u05ea", "NAME_HI": "\u092b\u093c\u094d\u0930\u093e\u0928\u094d\u0938", "NAME_HU": "Franciaorsz\u00e1g", "NAME_ID": "Prancis", "NAME_IT": "Francia", "NAME_JA": "\u30d5\u30e9\u30f3\u30b9", "NAME_KO": "\ud504\ub791\uc2a4", "NAME_NL": "Frankrijk", "NAME_PL": "Francja", "NAME_PT": "Fran\u00e7a", "NAME_RU": "\u0424\u0440\u0430\u043d\u0446\u0438\u044f", "NAME_SV": "Frankrike", "NAME_TR": "Fransa", "NAME_UK": "\u0424\u0440\u0430\u043d\u0446\u0456\u044f", "NAME_UR": "\u0641\u0631\u0627\u0646\u0633", "NAME_VI": "Ph\u00e1p", "NAME_ZH": "\u6cd5\u56fd", "NAME_ZHT": "\u6cd5\u570b", "FCLASS_ISO": "Admin-0 country", "TLC_DIFF": null, "FCLASS_TLC": "Admin-0 country", "FCLASS_US": null, "FCLASS_FR": null, "FCLASS_RU": null, "FCLASS_ES": null, "FCLASS_CN": null, "FCLASS_TW": null, "FCLASS_IN": null, "FCLASS_NP": null, "FCLASS_PK": null, "FCLASS_DE": null, "FCLASS_GB": null, "FCLASS_BR": null, "FCLASS_IL": null, "FCLASS_PS": null, "FCLASS_SA": null, "FCLASS_EG": null, "FCLASS_MA": null, "FCLASS_PT": null, "FCLASS_AR": null, "FCLASS_JP": null, "FCLASS_KO": null, "FCLASS_VN": null, "FCLASS_TR": null, "FCLASS_ID": null, "FCLASS_PL": null, "FCLASS_GR": null, "FCLASS_IT": null, "FCLASS_NL": null, "FCLASS_SE": null, "FCLASS_BD": null, "FCLASS_UA": null, "cartogram_scale": 2.2, "dc_count": 310, "dc_code": "FRA"}, "geometry": {"type": "MultiPolygon", "coordinates": [[[[-96.7933, -32.3307], [-98.0947, -34.344], [-98.7703, -35.9641], [-99.6134, -36.7998], [-100.6668, -36.957], [-100.9668, -36.3377], [-101.4589, -36.2457], [-102.1399, -36.8422], [-103.1006, -36.3884], [-102.5395, -35.4632], [-102.346, -34.4569], [-101.9614, -33.5104], [-102.8252, -32.2067], [-102.9992, -30.7016], [-101.8539, -28.81], [-101.1068, -29.0521], [-99.4869, -29.5728], [-97.1575, -31.4298], [-96.7933, -32.3307]]], [[[30.4637, 67.3459], [31.5019, 66.7699], [34.6722, 66.3647], [33.5599, 64.8582], [33.2807, 63.2908], [32.6767, 62.915], [31.6743, 63.1175], [31.745, 62.5585], [30.1361, 61.3223], [30.1036, 60.3261], [31.154, 60.6708], [31.9097, 59.7061], [31.819, 59.0844], [32.4665, 58.2584], [31.7037, 57.5883], [32.2705, 55.886], [33.4629, 55.6069], [33.2112, 54.652], [31.2182, 53.4091], [26.8791, 54.0048], [23.6747, 53.291], [23.423, 51.9662], [20.8728, 51.681], [18.3973, 52.6762], [17.5975, 52.2005], [13.5477, 53.2004], [12.6709, 54.0557], [13.8085, 55.3753], [14.2275, 59.7584], [11.9572, 62.0671], [10.3346, 63.1803], [6.9724, 64.0264], [6.7507, 65.6307], [9.603, 66.1093], [13.2975, 65.5433], [12.6001, 68.0335], [14.677, 67.0898], [19.7991, 68.8053], [20.4596, 70.6081], [22.3837, 71.0523], [22.7024, 70.2786], [23.725, 70.2423], [24.7478, 69.3593], [26.2831, 68.322], [27.4121, 68.4934], [29.3367, 67.4904], [29.8289, 67.2994], [30.4637, 67.3459]]], [[[36.095, 52.3074], [37.5118, 53.1475], [37.8859, 51.261], [37.1593, 49.5616], [36.1604, 50.0095], [35.6511, 51.4899], [36.095, 52.3074]]]]}}, {"type": "Feature", "properties": {"featurecla": "Admin-0 country", "scalerank": 1, "LABELRANK": 3, "SOVEREIGNT": "Ecuador", "SOV_A3": "ECU", "ADM0_DIF": 0, "LEVEL": 2, "TYPE": "Sovereign country", "TLC": "1", "ADMIN": "Ecuador", "ADM0_A3": "ECU", "GEOU_DIF": 0, "GEOUNIT": "Ecuador", "GU_A3": "ECU", "SU_DIF": 0, "SUBUNIT": "Ecuador", "SU_A3": "ECU", "BRK_DIFF": 0, "NAME": "Ecuador", "NAME_LONG": "Ecuador", "BRK_A3": "ECU", "BRK_NAME": "Ecuador", "BRK_GROUP": null, "ABBREV": "Ecu.", "POSTAL": "EC", "FORMAL_EN": "Republic of Ecuador", "FORMAL_FR": null, "NAME_CIAWF": "Ecuador", "NOTE_ADM0": null, "NOTE_BRK": null, "NAME_SORT": "Ecuador", "NAME_ALT": null, "MAPCOLOR7": 1, "MAPCOLOR8": 5, "MAPCOLOR9": 2, "MAPCOLOR13": 12, "POP_EST": 17373662, "POP_RANK": 14, "POP_YEAR": 2019, "GDP_MD": 107435, "GDP_YEAR": 2019, "ECONOMY": "6. Developing region", "INCOME_GRP": "3. Upper middle income", "FIPS_10": "EC", "ISO_A2": "EC", "ISO_A2_EH": "EC", "ISO_A3": "ECU", "ISO_A3_EH": "ECU", "ISO_N3": "218", "ISO_N3_EH": "218", "UN_A3": "218", "WB_A2": "EC", "WB_A3": "ECU", "WOE_ID": 23424801, "WOE_ID_EH": 23424801, "WOE_NOTE": "Exact WOE match as country", "ADM0_ISO": "ECU", "ADM0_DIFF": null, "ADM0_TLC": "ECU", "ADM0_A3_US": "ECU", "ADM0_A3_FR": "ECU", "ADM0_A3_RU": "ECU", "ADM0_A3_ES": "ECU", "ADM0_A3_CN": "ECU", "ADM0_A3_TW": "ECU", "ADM0_A3_IN": "ECU", "ADM0_A3_NP": "ECU", "ADM0_A3_PK": "ECU", "ADM0_A3_DE": "ECU", "ADM0_A3_GB": "ECU", "ADM0_A3_BR": "ECU", "ADM0_A3_IL": "ECU", "ADM0_A3_PS": "ECU", "ADM0_A3_SA": "ECU", "ADM0_A3_EG": "ECU", "ADM0_A3_MA": "ECU", "ADM0_A3_PT": "ECU", "ADM0_A3_AR": "ECU", "ADM0_A3_JP": "ECU", "ADM0_A3_KO": "ECU", "ADM0_A3_VN": "ECU", "ADM0_A3_TR": "ECU", "ADM0_A3_ID": "ECU", "ADM0_A3_PL": "ECU", "ADM0_A3_GR": "ECU", "ADM0_A3_IT": "ECU", "ADM0_A3_NL": "ECU", "ADM0_A3_SE": "ECU", "ADM0_A3_BD": "ECU", "ADM0_A3_UA": "ECU", "ADM0_A3_UN": -99, "ADM0_A3_WB": -99, "CONTINENT": "South America", "REGION_UN": "Americas", "SUBREGION": "South America", "REGION_WB": "Latin America & Caribbean", "NAME_LEN": 7, "LONG_LEN": 7, "ABBREV_LEN": 4, "TINY": -99, "HOMEPART": 1, "MIN_ZOOM": 0, "MIN_LABEL": 3, "MAX_LABEL": 8, "LABEL_X": -78.188375, "LABEL_Y": -1.259076, "NE_ID": 1159320567, "WIKIDATAID": "Q736", "NAME_AR": "\u0627\u0644\u0625\u0643\u0648\u0627\u062f\u0648\u0631", "NAME_BN": "\u0987\u0995\u09c1\u09af\u09bc\u09c7\u09a1\u09b0", "NAME_DE": "Ecuador", "NAME_EN": "Ecuador", "NAME_ES": "Ecuador", "NAME_FA": "\u0627\u06a9\u0648\u0627\u062f\u0648\u0631", "NAME_FR": "\u00c9quateur", "NAME_EL": "\u0395\u03ba\u03bf\u03c5\u03b1\u03b4\u03cc\u03c1", "NAME_HE": "\u05d0\u05e7\u05d5\u05d5\u05d3\u05d5\u05e8", "NAME_HI": "\u0908\u0915\u094d\u0935\u093e\u0921\u094b\u0930", "NAME_HU": "Ecuador", "NAME_ID": "Ekuador", "NAME_IT": "Ecuador", "NAME_JA": "\u30a8\u30af\u30a2\u30c9\u30eb", "NAME_KO": "\uc5d0\ucf70\ub3c4\ub974", "NAME_NL": "Ecuador", "NAME_PL": "Ekwador", "NAME_PT": "Equador", "NAME_RU": "\u042d\u043a\u0432\u0430\u0434\u043e\u0440", "NAME_SV": "Ecuador", "NAME_TR": "Ekvador", "NAME_UK": "\u0415\u043a\u0432\u0430\u0434\u043e\u0440", "NAME_UR": "\u0627\u06cc\u06a9\u0648\u0627\u0688\u0648\u0631", "NAME_VI": "Ecuador", "NAME_ZH": "\u5384\u74dc\u591a\u5c14", "NAME_ZHT": "\u5384\u74dc\u591a\u723e", "FCLASS_ISO": "Admin-0 country", "TLC_DIFF": null, "FCLASS_TLC": "Admin-0 country", "FCLASS_US": null, "FCLASS_FR": null, "FCLASS_RU": null, "FCLASS_ES": null, "FCLASS_CN": null, "FCLASS_TW": null, "FCLASS_IN": null, "FCLASS_NP": null, "FCLASS_PK": null, "FCLASS_DE": null, "FCLASS_GB": null, "FCLASS_BR": null, "FCLASS_IL": null, "FCLASS_PS": null, "FCLASS_SA": null, "FCLASS_EG": null, "FCLASS_MA": null, "FCLASS_PT": null, "FCLASS_AR": null, "FCLASS_JP": null, "FCLASS_KO": null, "FCLASS_VN": null, "FCLASS_TR": null, "FCLASS_ID": null, "FCLASS_PL": null, "FCLASS_GR": null, "FCLASS_IT": null, "FCLASS_NL": null, "FCLASS_SE": null, "FCLASS_BD": null, "FCLASS_UA": null, "cartogram_scale": 0.45, "dc_count": 2, "dc_code": "ECU"}, "geometry": {"type": "Polygon", "coordinates": [[[-77.2054, -0.9688], [-77.1427, -1.3105], [-77.2827, -1.6031], [-77.7734, -2.0743], [-78.3145, -2.2517], [-78.5903, -2.6433], [-78.6754, -2.9469], [-78.9299, -3.132], [-79.1187, -2.9047], [-79.3005, -2.8561], [-79.4865, -2.8919], [-79.4987, -2.727], [-79.3703, -2.6199], [-79.4236, -2.4325], [-79.1841, -2.0962], [-79.2814, -1.8997], [-79.4534, -2.1087], [-79.723, -1.9115], [-79.6317, -1.7846], [-79.7076, -1.3762], [-79.55, -1.3084], [-79.4672, -1.028], [-79.2969, -0.7382], [-79.3283, -0.5546], [-79.0817, -0.458], [-78.7724, -0.2789], [-78.3223, -0.5359], [-78.2384, -0.5287], [-78.1287, -0.7223], [-77.7469, -0.7847], [-77.619, -0.7131], [-77.3981, -0.8622], [-77.2054, -0.9688]]]}}, {"type": "Feature", "properties": {"featurecla": "Admin-0 country", "scalerank": 1, "LABELRANK": 5, "SOVEREIGNT": "United States of America", "SOV_A3": "US1", "ADM0_DIF": 1, "LEVEL": 2, "TYPE": "Dependency", "TLC": "1", "ADMIN": "Puerto Rico", "ADM0_A3": "PRI", "GEOU_DIF": 0, "GEOUNIT": "Puerto Rico", "GU_A3": "PRI", "SU_DIF": 0, "SUBUNIT": "Puerto Rico", "SU_A3": "PRI", "BRK_DIFF": 0, "NAME": "Puerto Rico", "NAME_LONG": "Puerto Rico", "BRK_A3": "PRI", "BRK_NAME": "Puerto Rico", "BRK_GROUP": null, "ABBREV": "P.R.", "POSTAL": "PR", "FORMAL_EN": "Commonwealth of Puerto Rico", "FORMAL_FR": null, "NAME_CIAWF": "Puerto Rico", "NOTE_ADM0": "U.S.A.", "NOTE_BRK": null, "NAME_SORT": "Puerto Rico", "NAME_ALT": null, "MAPCOLOR7": 4, "MAPCOLOR8": 5, "MAPCOLOR9": 1, "MAPCOLOR13": 1, "POP_EST": 3193694, "POP_RANK": 12, "POP_YEAR": 2019, "GDP_MD": 104988, "GDP_YEAR": 2019, "ECONOMY": "6. Developing region", "INCOME_GRP": "2. High income: nonOECD", "FIPS_10": "RQ", "ISO_A2": "PR", "ISO_A2_EH": "PR", "ISO_A3": "PRI", "ISO_A3_EH": "PRI", "ISO_N3": "630", "ISO_N3_EH": "630", "UN_A3": "630", "WB_A2": "PR", "WB_A3": "PRI", "WOE_ID": 23424935, "WOE_ID_EH": 23424935, "WOE_NOTE": "Exact WOE match as country", "ADM0_ISO": "PRI", "ADM0_DIFF": null, "ADM0_TLC": "PRI", "ADM0_A3_US": "PRI", "ADM0_A3_FR": "PRI", "ADM0_A3_RU": "PRI", "ADM0_A3_ES": "PRI", "ADM0_A3_CN": "PRI", "ADM0_A3_TW": "PRI", "ADM0_A3_IN": "PRI", "ADM0_A3_NP": "PRI", "ADM0_A3_PK": "PRI", "ADM0_A3_DE": "PRI", "ADM0_A3_GB": "PRI", "ADM0_A3_BR": "PRI", "ADM0_A3_IL": "PRI", "ADM0_A3_PS": "PRI", "ADM0_A3_SA": "PRI", "ADM0_A3_EG": "PRI", "ADM0_A3_MA": "PRI", "ADM0_A3_PT": "PRI", "ADM0_A3_AR": "PRI", "ADM0_A3_JP": "PRI", "ADM0_A3_KO": "PRI", "ADM0_A3_VN": "PRI", "ADM0_A3_TR": "PRI", "ADM0_A3_ID": "PRI", "ADM0_A3_PL": "PRI", "ADM0_A3_GR": "PRI", "ADM0_A3_IT": "PRI", "ADM0_A3_NL": "PRI", "ADM0_A3_SE": "PRI", "ADM0_A3_BD": "PRI", "ADM0_A3_UA": "PRI", "ADM0_A3_UN": -99, "ADM0_A3_WB": -99, "CONTINENT": "North America", "REGION_UN": "Americas", "SUBREGION": "Caribbean", "REGION_WB": "Latin America & Caribbean", "NAME_LEN": 11, "LONG_LEN": 11, "ABBREV_LEN": 4, "TINY": -99, "HOMEPART": -99, "MIN_ZOOM": 0, "MIN_LABEL": 3, "MAX_LABEL": 8, "LABEL_X": -66.481065, "LABEL_Y": 18.234668, "NE_ID": 1159321363, "WIKIDATAID": "Q1183", "NAME_AR": "\u0628\u0648\u0631\u062a\u0648\u0631\u064a\u0643\u0648", "NAME_BN": "\u09aa\u09c1\u09af\u09bc\u09c7\u09b0\u09cd\u09a4\u09cb \u09b0\u09bf\u0995\u09cb", "NAME_DE": "Puerto Rico", "NAME_EN": "Puerto Rico", "NAME_ES": "Puerto Rico", "NAME_FA": "\u067e\u0648\u0631\u062a\u0648\u0631\u06cc\u06a9\u0648", "NAME_FR": "Porto Rico", "NAME_EL": "\u03a0\u03bf\u03c5\u03ad\u03c1\u03c4\u03bf \u03a1\u03af\u03ba\u03bf", "NAME_HE": "\u05e4\u05d5\u05d0\u05e8\u05d8\u05d5 \u05e8\u05d9\u05e7\u05d5", "NAME_HI": "\u092a\u094b\u0930\u094d\u091f\u094b \u0930\u0940\u0915\u094b", "NAME_HU": "Puerto Rico", "NAME_ID": "Puerto Riko", "NAME_IT": "Porto Rico", "NAME_JA": "\u30d7\u30a8\u30eb\u30c8\u30ea\u30b3", "NAME_KO": "\ud478\uc5d0\ub974\ud1a0\ub9ac\ucf54", "NAME_NL": "Puerto Rico", "NAME_PL": "Portoryko", "NAME_PT": "Porto Rico", "NAME_RU": "\u041f\u0443\u044d\u0440\u0442\u043e-\u0420\u0438\u043a\u043e", "NAME_SV": "Puerto Rico", "NAME_TR": "Porto Riko", "NAME_UK": "\u041f\u0443\u0435\u0440\u0442\u043e-\u0420\u0438\u043a\u043e", "NAME_UR": "\u067e\u0648\u0631\u0679\u0648 \u0631\u06cc\u06a9\u0648", "NAME_VI": "Puerto Rico", "NAME_ZH": "\u6ce2\u591a\u9ece\u5404", "NAME_ZHT": "\u6ce2\u591a\u9ece\u5404", "FCLASS_ISO": "Admin-0 dependency", "TLC_DIFF": null, "FCLASS_TLC": "Admin-0 dependency", "FCLASS_US": null, "FCLASS_FR": null, "FCLASS_RU": null, "FCLASS_ES": null, "FCLASS_CN": null, "FCLASS_TW": null, "FCLASS_IN": null, "FCLASS_NP": null, "FCLASS_PK": null, "FCLASS_DE": null, "FCLASS_GB": null, "FCLASS_BR": null, "FCLASS_IL": null, "FCLASS_PS": null, "FCLASS_SA": null, "FCLASS_EG": null, "FCLASS_MA": null, "FCLASS_PT": null, "FCLASS_AR": null, "FCLASS_JP": null, "FCLASS_KO": null, "FCLASS_VN": null, "FCLASS_TR": null, "FCLASS_ID": null, "FCLASS_PL": null, "FCLASS_GR": null, "FCLASS_IT": null, "FCLASS_NL": null, "FCLASS_SE": null, "FCLASS_BD": null, "FCLASS_UA": null, "cartogram_scale": 0.3, "dc_count": 0, "dc_code": "OTHER"}, "geometry": {"type": "Polygon", "coordinates": [[[-66.3882, 18.3476], [-66.2348, 18.3212], [-66.1808, 18.2616], [-66.2576, 18.1859], [-66.4834, 18.1877], [-66.6587, 18.1771], [-66.6762, 18.3055], [-66.6337, 18.3493], [-66.3882, 18.3476]]]}}, {"type": "Feature", "properties": {"featurecla": "Admin-0 country", "scalerank": 1, "LABELRANK": 4, "SOVEREIGNT": "Jamaica", "SOV_A3": "JAM", "ADM0_DIF": 0, "LEVEL": 2, "TYPE": "Sovereign country", "TLC": "1", "ADMIN": "Jamaica", "ADM0_A3": "JAM", "GEOU_DIF": 0, "GEOUNIT": "Jamaica", "GU_A3": "JAM", "SU_DIF": 0, "SUBUNIT": "Jamaica", "SU_A3": "JAM", "BRK_DIFF": 0, "NAME": "Jamaica", "NAME_LONG": "Jamaica", "BRK_A3": "JAM", "BRK_NAME": "Jamaica", "BRK_GROUP": null, "ABBREV": "Jam.", "POSTAL": "J", "FORMAL_EN": "Jamaica", "FORMAL_FR": null, "NAME_CIAWF": "Jamaica", "NOTE_ADM0": null, "NOTE_BRK": null, "NAME_SORT": "Jamaica", "NAME_ALT": null, "MAPCOLOR7": 1, "MAPCOLOR8": 2, "MAPCOLOR9": 4, "MAPCOLOR13": 10, "POP_EST": 2948279, "POP_RANK": 12, "POP_YEAR": 2019, "GDP_MD": 16458, "GDP_YEAR": 2019, "ECONOMY": "6. Developing region", "INCOME_GRP": "3. Upper middle income", "FIPS_10": "JM", "ISO_A2": "JM", "ISO_A2_EH": "JM", "ISO_A3": "JAM", "ISO_A3_EH": "JAM", "ISO_N3": "388", "ISO_N3_EH": "388", "UN_A3": "388", "WB_A2": "JM", "WB_A3": "JAM", "WOE_ID": 23424858, "WOE_ID_EH": 23424858, "WOE_NOTE": "Exact WOE match as country", "ADM0_ISO": "JAM", "ADM0_DIFF": null, "ADM0_TLC": "JAM", "ADM0_A3_US": "JAM", "ADM0_A3_FR": "JAM", "ADM0_A3_RU": "JAM", "ADM0_A3_ES": "JAM", "ADM0_A3_CN": "JAM", "ADM0_A3_TW": "JAM", "ADM0_A3_IN": "JAM", "ADM0_A3_NP": "JAM", "ADM0_A3_PK": "JAM", "ADM0_A3_DE": "JAM", "ADM0_A3_GB": "JAM", "ADM0_A3_BR": "JAM", "ADM0_A3_IL": "JAM", "ADM0_A3_PS": "JAM", "ADM0_A3_SA": "JAM", "ADM0_A3_EG": "JAM", "ADM0_A3_MA": "JAM", "ADM0_A3_PT": "JAM", "ADM0_A3_AR": "JAM", "ADM0_A3_JP": "JAM", "ADM0_A3_KO": "JAM", "ADM0_A3_VN": "JAM", "ADM0_A3_TR": "JAM", "ADM0_A3_ID": "JAM", "ADM0_A3_PL": "JAM", "ADM0_A3_GR": "JAM", "ADM0_A3_IT": "JAM", "ADM0_A3_NL": "JAM", "ADM0_A3_SE": "JAM", "ADM0_A3_BD": "JAM", "ADM0_A3_UA": "JAM", "ADM0_A3_UN": -99, "ADM0_A3_WB": -99, "CONTINENT": "North America", "REGION_UN": "Americas", "SUBREGION": "Caribbean", "REGION_WB": "Latin America & Caribbean", "NAME_LEN": 7, "LONG_LEN": 7, "ABBREV_LEN": 4, "TINY": -99, "HOMEPART": 1, "MIN_ZOOM": 0, "MIN_LABEL": 4, "MAX_LABEL": 9, "LABEL_X": -77.318767, "LABEL_Y": 18.137124, "NE_ID": 1159320931, "WIKIDATAID": "Q766", "NAME_AR": "\u062c\u0627\u0645\u0627\u064a\u0643\u0627", "NAME_BN": "\u099c\u09cd\u09af\u09be\u09ae\u09be\u0987\u0995\u09be", "NAME_DE": "Jamaika", "NAME_EN": "Jamaica", "NAME_ES": "Jamaica", "NAME_FA": "\u062c\u0627\u0645\u0627\u0626\u06cc\u06a9\u0627", "NAME_FR": "Jama\u00efque", "NAME_EL": "\u03a4\u03b6\u03b1\u03bc\u03ac\u03b9\u03ba\u03b1", "NAME_HE": "\u05d2'\u05de\u05d9\u05d9\u05e7\u05d4", "NAME_HI": "\u091c\u092e\u0948\u0915\u093e", "NAME_HU": "Jamaica", "NAME_ID": "Jamaika", "NAME_IT": "Giamaica", "NAME_JA": "\u30b8\u30e3\u30de\u30a4\u30ab", "NAME_KO": "\uc790\uba54\uc774\uce74", "NAME_NL": "Jamaica", "NAME_PL": "Jamajka", "NAME_PT": "Jamaica", "NAME_RU": "\u042f\u043c\u0430\u0439\u043a\u0430", "NAME_SV": "Jamaica", "NAME_TR": "Jamaika", "NAME_UK": "\u042f\u043c\u0430\u0439\u043a\u0430", "NAME_UR": "\u062c\u0645\u06cc\u06a9\u0627", "NAME_VI": "Jamaica", "NAME_ZH": "\u7259\u4e70\u52a0", "NAME_ZHT": "\u7259\u8cb7\u52a0", "FCLASS_ISO": "Admin-0 country", "TLC_DIFF": null, "FCLASS_TLC": "Admin-0 country", "FCLASS_US": null, "FCLASS_FR": null, "FCLASS_RU": null, "FCLASS_ES": null, "FCLASS_CN": null, "FCLASS_TW": null, "FCLASS_IN": null, "FCLASS_NP": null, "FCLASS_PK": null, "FCLASS_DE": null, "FCLASS_GB": null, "FCLASS_BR": null, "FCLASS_IL": null, "FCLASS_PS": null, "FCLASS_SA": null, "FCLASS_EG": null, "FCLASS_MA": null, "FCLASS_PT": null, "FCLASS_AR": null, "FCLASS_JP": null, "FCLASS_KO": null, "FCLASS_VN": null, "FCLASS_TR": null, "FCLASS_ID": null, "FCLASS_PL": null, "FCLASS_GR": null, "FCLASS_IT": null, "FCLASS_NL": null, "FCLASS_SE": null, "FCLASS_BD": null, "FCLASS_UA": null, "cartogram_scale": 0.3, "dc_count": 0, "dc_code": "OTHER"}, "geometry": {"type": "Polygon", "coordinates": [[[-77.4145, 18.2786], [-77.2126, 18.2517], [-77.0532, 18.1796], [-77.0035, 18.0975], [-77.2144, 18.0919], [-77.3055, 18.0418], [-77.4734, 18.0899], [-77.645, 18.1992], [-77.609, 18.2678], [-77.4828, 18.2887], [-77.4145, 18.2786]]]}}, {"type": "Feature", "properties": {"featurecla": "Admin-0 country", "scalerank": 1, "LABELRANK": 3, "SOVEREIGNT": "Cuba", "SOV_A3": "CU1", "ADM0_DIF": 1, "LEVEL": 1, "TYPE": "Sovereignty", "TLC": "1", "ADMIN": "Cuba", "ADM0_A3": "CUB", "GEOU_DIF": 0, "GEOUNIT": "Cuba", "GU_A3": "CUB", "SU_DIF": 0, "SUBUNIT": "Cuba", "SU_A3": "CUB", "BRK_DIFF": 0, "NAME": "Cuba", "NAME_LONG": "Cuba", "BRK_A3": "CUB", "BRK_NAME": "Cuba", "BRK_GROUP": null, "ABBREV": "Cuba", "POSTAL": "CU", "FORMAL_EN": "Republic of Cuba", "FORMAL_FR": null, "NAME_CIAWF": "Cuba", "NOTE_ADM0": null, "NOTE_BRK": null, "NAME_SORT": "Cuba", "NAME_ALT": null, "MAPCOLOR7": 3, "MAPCOLOR8": 5, "MAPCOLOR9": 3, "MAPCOLOR13": 4, "POP_EST": 11333483, "POP_RANK": 14, "POP_YEAR": 2019, "GDP_MD": 100023, "GDP_YEAR": 2018, "ECONOMY": "5. Emerging region: G20", "INCOME_GRP": "3. Upper middle income", "FIPS_10": "CU", "ISO_A2": "CU", "ISO_A2_EH": "CU", "ISO_A3": "CUB", "ISO_A3_EH": "CUB", "ISO_N3": "192", "ISO_N3_EH": "192", "UN_A3": "192", "WB_A2": "CU", "WB_A3": "CUB", "WOE_ID": 23424793, "WOE_ID_EH": 23424793, "WOE_NOTE": "Exact WOE match as country", "ADM0_ISO": "CUB", "ADM0_DIFF": null, "ADM0_TLC": "CUB", "ADM0_A3_US": "CUB", "ADM0_A3_FR": "CUB", "ADM0_A3_RU": "CUB", "ADM0_A3_ES": "CUB", "ADM0_A3_CN": "CUB", "ADM0_A3_TW": "CUB", "ADM0_A3_IN": "CUB", "ADM0_A3_NP": "CUB", "ADM0_A3_PK": "CUB", "ADM0_A3_DE": "CUB", "ADM0_A3_GB": "CUB", "ADM0_A3_BR": "CUB", "ADM0_A3_IL": "CUB", "ADM0_A3_PS": "CUB", "ADM0_A3_SA": "CUB", "ADM0_A3_EG": "CUB", "ADM0_A3_MA": "CUB", "ADM0_A3_PT": "CUB", "ADM0_A3_AR": "CUB", "ADM0_A3_JP": "CUB", "ADM0_A3_KO": "CUB", "ADM0_A3_VN": "CUB", "ADM0_A3_TR": "CUB", "ADM0_A3_ID": "CUB", "ADM0_A3_PL": "CUB", "ADM0_A3_GR": "CUB", "ADM0_A3_IT": "CUB", "ADM0_A3_NL": "CUB", "ADM0_A3_SE": "CUB", "ADM0_A3_BD": "CUB", "ADM0_A3_UA": "CUB", "ADM0_A3_UN": -99, "ADM0_A3_WB": -99, "CONTINENT": "North America", "REGION_UN": "Americas", "SUBREGION": "Caribbean", "REGION_WB": "Latin America & Caribbean", "NAME_LEN": 4, "LONG_LEN": 4, "ABBREV_LEN": 4, "TINY": -99, "HOMEPART": 1, "MIN_ZOOM": 0, "MIN_LABEL": 2.7, "MAX_LABEL": 8, "LABEL_X": -77.975855, "LABEL_Y": 21.334024, "NE_ID": 1159320527, "WIKIDATAID": "Q241", "NAME_AR": "\u0643\u0648\u0628\u0627", "NAME_BN": "\u0995\u09bf\u0989\u09ac\u09be", "NAME_DE": "Kuba", "NAME_EN": "Cuba", "NAME_ES": "Cuba", "NAME_FA": "\u06a9\u0648\u0628\u0627", "NAME_FR": "Cuba", "NAME_EL": "\u039a\u03bf\u03cd\u03b2\u03b1", "NAME_HE": "\u05e7\u05d5\u05d1\u05d4", "NAME_HI": "\u0915\u094d\u092f\u0942\u092c\u093e", "NAME_HU": "Kuba", "NAME_ID": "Kuba", "NAME_IT": "Cuba", "NAME_JA": "\u30ad\u30e5\u30fc\u30d0", "NAME_KO": "\ucfe0\ubc14", "NAME_NL": "Cuba", "NAME_PL": "Kuba", "NAME_PT": "Cuba", "NAME_RU": "\u041a\u0443\u0431\u0430", "NAME_SV": "Kuba", "NAME_TR": "K\u00fcba", "NAME_UK": "\u041a\u0443\u0431\u0430", "NAME_UR": "\u06a9\u06cc\u0648\u0628\u0627", "NAME_VI": "Cuba", "NAME_ZH": "\u53e4\u5df4", "NAME_ZHT": "\u53e4\u5df4", "FCLASS_ISO": "Admin-0 country", "TLC_DIFF": null, "FCLASS_TLC": "Admin-0 country", "FCLASS_US": null, "FCLASS_FR": null, "FCLASS_RU": null, "FCLASS_ES": null, "FCLASS_CN": null, "FCLASS_TW": null, "FCLASS_IN": null, "FCLASS_NP": null, "FCLASS_PK": null, "FCLASS_DE": null, "FCLASS_GB": null, "FCLASS_BR": null, "FCLASS_IL": null, "FCLASS_PS": null, "FCLASS_SA": null, "FCLASS_EG": null, "FCLASS_MA": null, "FCLASS_PT": null, "FCLASS_AR": null, "FCLASS_JP": null, "FCLASS_KO": null, "FCLASS_VN": null, "FCLASS_TR": null, "FCLASS_ID": null, "FCLASS_PL": null, "FCLASS_GR": null, "FCLASS_IT": null, "FCLASS_NL": null, "FCLASS_SE": null, "FCLASS_BD": null, "FCLASS_UA": null, "cartogram_scale": 0.3, "dc_count": 0, "dc_code": "OTHER"}, "geometry": {"type": "Polygon", "coordinates": [[[-80.4936, 22.1626], [-80.2345, 22.1412], [-79.9988, 22.1378], [-79.717, 22.0356], [-79.5976, 21.9257], [-79.3174, 21.9596], [-79.2112, 21.8891], [-78.9571, 21.7033], [-78.7703, 21.568], [-78.6716, 21.5721], [-78.4926, 21.511], [-78.5145, 21.4265], [-78.2933, 21.4141], [-78.0666, 21.2914], [-78.1022, 21.2211], [-78.3016, 21.183], [-78.5036, 21.1681], [-78.7103, 21.1918], [-79.1398, 21.1626], [-78.9387, 21.33], [-79.061, 21.4079], [-79.2544, 21.428], [-79.358, 21.5146], [-79.4291, 21.6854], [-79.5987, 21.6737], [-79.8784, 21.7542], [-79.9684, 21.8171], [-80.3594, 21.8636], [-80.4642, 21.9221], [-80.3517, 21.9971], [-80.6459, 22.0124], [-80.8615, 21.8565], [-80.9858, 21.8523], [-81.0288, 21.7791], [-81.1773, 21.7463], [-81.3056, 21.7748], [-81.1473, 21.8675], [-81.0823, 21.9757], [-80.9466, 22.0424], [-80.7934, 22.1009], [-80.5663, 22.1296], [-80.4936, 22.1626]]]}}, {"type": "Feature", "properties": {"featurecla": "Admin-0 country", "scalerank": 1, "LABELRANK": 3, "SOVEREIGNT": "Zimbabwe", "SOV_A3": "ZWE", "ADM0_DIF": 0, "LEVEL": 2, "TYPE": "Sovereign country", "TLC": "1", "ADMIN": "Zimbabwe", "ADM0_A3": "ZWE", "GEOU_DIF": 0, "GEOUNIT": "Zimbabwe", "GU_A3": "ZWE", "SU_DIF": 0, "SUBUNIT": "Zimbabwe", "SU_A3": "ZWE", "BRK_DIFF": 0, "NAME": "Zimbabwe", "NAME_LONG": "Zimbabwe", "BRK_A3": "ZWE", "BRK_NAME": "Zimbabwe", "BRK_GROUP": null, "ABBREV": "Zimb.", "POSTAL": "ZW", "FORMAL_EN": "Republic of Zimbabwe", "FORMAL_FR": null, "NAME_CIAWF": "Zimbabwe", "NOTE_ADM0": null, "NOTE_BRK": null, "NAME_SORT": "Zimbabwe", "NAME_ALT": null, "MAPCOLOR7": 1, "MAPCOLOR8": 5, "MAPCOLOR9": 3, "MAPCOLOR13": 9, "POP_EST": 14645468, "POP_RANK": 14, "POP_YEAR": 2019, "GDP_MD": 21440, "GDP_YEAR": 2019, "ECONOMY": "5. Emerging region: G20", "INCOME_GRP": "5. Low income", "FIPS_10": "ZI", "ISO_A2": "ZW", "ISO_A2_EH": "ZW", "ISO_A3": "ZWE", "ISO_A3_EH": "ZWE", "ISO_N3": "716", "ISO_N3_EH": "716", "UN_A3": "716", "WB_A2": "ZW", "WB_A3": "ZWE", "WOE_ID": 23425004, "WOE_ID_EH": 23425004, "WOE_NOTE": "Exact WOE match as country", "ADM0_ISO": "ZWE", "ADM0_DIFF": null, "ADM0_TLC": "ZWE", "ADM0_A3_US": "ZWE", "ADM0_A3_FR": "ZWE", "ADM0_A3_RU": "ZWE", "ADM0_A3_ES": "ZWE", "ADM0_A3_CN": "ZWE", "ADM0_A3_TW": "ZWE", "ADM0_A3_IN": "ZWE", "ADM0_A3_NP": "ZWE", "ADM0_A3_PK": "ZWE", "ADM0_A3_DE": "ZWE", "ADM0_A3_GB": "ZWE", "ADM0_A3_BR": "ZWE", "ADM0_A3_IL": "ZWE", "ADM0_A3_PS": "ZWE", "ADM0_A3_SA": "ZWE", "ADM0_A3_EG": "ZWE", "ADM0_A3_MA": "ZWE", "ADM0_A3_PT": "ZWE", "ADM0_A3_AR": "ZWE", "ADM0_A3_JP": "ZWE", "ADM0_A3_KO": "ZWE", "ADM0_A3_VN": "ZWE", "ADM0_A3_TR": "ZWE", "ADM0_A3_ID": "ZWE", "ADM0_A3_PL": "ZWE", "ADM0_A3_GR": "ZWE", "ADM0_A3_IT": "ZWE", "ADM0_A3_NL": "ZWE", "ADM0_A3_SE": "ZWE", "ADM0_A3_BD": "ZWE", "ADM0_A3_UA": "ZWE", "ADM0_A3_UN": -99, "ADM0_A3_WB": -99, "CONTINENT": "Africa", "REGION_UN": "Africa", "SUBREGION": "Eastern Africa", "REGION_WB": "Sub-Saharan Africa", "NAME_LEN": 8, "LONG_LEN": 8, "ABBREV_LEN": 5, "TINY": -99, "HOMEPART": 1, "MIN_ZOOM": 0, "MIN_LABEL": 2.5, "MAX_LABEL": 8, "LABEL_X": 29.925444, "LABEL_Y": -18.91164, "NE_ID": 1159321441, "WIKIDATAID": "Q954", "NAME_AR": "\u0632\u064a\u0645\u0628\u0627\u0628\u0648\u064a", "NAME_BN": "\u099c\u09bf\u09ae\u09cd\u09ac\u09be\u09ac\u09c1\u09af\u09bc\u09c7", "NAME_DE": "Simbabwe", "NAME_EN": "Zimbabwe", "NAME_ES": "Zimbabue", "NAME_FA": "\u0632\u06cc\u0645\u0628\u0627\u0628\u0648\u0647", "NAME_FR": "Zimbabwe", "NAME_EL": "\u0396\u03b9\u03bc\u03c0\u03ac\u03bc\u03c0\u03bf\u03c5\u03b5", "NAME_HE": "\u05d6\u05d9\u05de\u05d1\u05d1\u05d5\u05d0\u05d4", "NAME_HI": "\u091c\u093c\u093f\u092e\u094d\u092c\u093e\u092c\u094d\u0935\u0947", "NAME_HU": "Zimbabwe", "NAME_ID": "Zimbabwe", "NAME_IT": "Zimbabwe", "NAME_JA": "\u30b8\u30f3\u30d0\u30d6\u30a8", "NAME_KO": "\uc9d0\ubc14\ube0c\uc6e8", "NAME_NL": "Zimbabwe", "NAME_PL": "Zimbabwe", "NAME_PT": "Zimb\u00e1bue", "NAME_RU": "\u0417\u0438\u043c\u0431\u0430\u0431\u0432\u0435", "NAME_SV": "Zimbabwe", "NAME_TR": "Zimbabve", "NAME_UK": "\u0417\u0456\u043c\u0431\u0430\u0431\u0432\u0435", "NAME_UR": "\u0632\u0645\u0628\u0627\u0628\u0648\u06d2", "NAME_VI": "Zimbabwe", "NAME_ZH": "\u6d25\u5df4\u5e03\u97e6", "NAME_ZHT": "\u8f9b\u5df4\u5a01", "FCLASS_ISO": "Admin-0 country", "TLC_DIFF": null, "FCLASS_TLC": "Admin-0 country", "FCLASS_US": null, "FCLASS_FR": null, "FCLASS_RU": null, "FCLASS_ES": null, "FCLASS_CN": null, "FCLASS_TW": null, "FCLASS_IN": null, "FCLASS_NP": null, "FCLASS_PK": null, "FCLASS_DE": null, "FCLASS_GB": null, "FCLASS_BR": null, "FCLASS_IL": null, "FCLASS_PS": null, "FCLASS_SA": null, "FCLASS_EG": null, "FCLASS_MA": null, "FCLASS_PT": null, "FCLASS_AR": null, "FCLASS_JP": null, "FCLASS_KO": null, "FCLASS_VN": null, "FCLASS_TR": null, "FCLASS_ID": null, "FCLASS_PL": null, "FCLASS_GR": null, "FCLASS_IT": null, "FCLASS_NL": null, "FCLASS_SE": null, "FCLASS_BD": null, "FCLASS_UA": null, "cartogram_scale": 0.3, "dc_count": 0, "dc_code": "OTHER"}, "geometry": {"type": "Polygon", "coordinates": [[[30.1185, -19.8846], [29.9591, -19.8546], [29.858, -19.8906], [29.7128, -19.8398], [29.5908, -19.8365], [29.3995, -19.701], [29.1675, -19.6549], [29.0793, -19.4647], [29.0785, -19.3589], [28.9501, -19.3266], [28.6105, -18.9971], [28.5162, -18.8235], [28.4559, -18.77], [28.3404, -18.5301], [28.6757, -18.563], [28.7731, -18.5975], [28.8744, -18.5906], [29.0406, -18.3964], [29.3015, -18.1497], [29.4089, -18.1261], [29.4453, -18.0221], [29.6162, -17.9026], [29.8434, -17.8615], [29.8628, -17.9734], [30.113, -17.9674], [30.2521, -18.0308], [30.3167, -18.105], [30.4596, -18.1268], [30.6154, -18.2232], [30.6161, -18.6029], [30.5576, -18.8108], [30.5447, -19.035], [30.5929, -19.1238], [30.559, -19.3004], [30.5137, -19.3277], [30.4346, -19.5441], [30.1185, -19.8846]]]}}, {"type": "Feature", "properties": {"featurecla": "Admin-0 country", "scalerank": 1, "LABELRANK": 4, "SOVEREIGNT": "Botswana", "SOV_A3": "BWA", "ADM0_DIF": 0, "LEVEL": 2, "TYPE": "Sovereign country", "TLC": "1", "ADMIN": "Botswana", "ADM0_A3": "BWA", "GEOU_DIF": 0, "GEOUNIT": "Botswana", "GU_A3": "BWA", "SU_DIF": 0, "SUBUNIT": "Botswana", "SU_A3": "BWA", "BRK_DIFF": 0, "NAME": "Botswana", "NAME_LONG": "Botswana", "BRK_A3": "BWA", "BRK_NAME": "Botswana", "BRK_GROUP": null, "ABBREV": "Bwa.", "POSTAL": "BW", "FORMAL_EN": "Republic of Botswana", "FORMAL_FR": null, "NAME_CIAWF": "Botswana", "NOTE_ADM0": null, "NOTE_BRK": null, "NAME_SORT": "Botswana", "NAME_ALT": null, "MAPCOLOR7": 6, "MAPCOLOR8": 5, "MAPCOLOR9": 7, "MAPCOLOR13": 3, "POP_EST": 2303697, "POP_RANK": 12, "POP_YEAR": 2019, "GDP_MD": 18340, "GDP_YEAR": 2019, "ECONOMY": "6. Developing region", "INCOME_GRP": "3. Upper middle income", "FIPS_10": "BC", "ISO_A2": "BW", "ISO_A2_EH": "BW", "ISO_A3": "BWA", "ISO_A3_EH": "BWA", "ISO_N3": "072", "ISO_N3_EH": "072", "UN_A3": "072", "WB_A2": "BW", "WB_A3": "BWA", "WOE_ID": 23424755, "WOE_ID_EH": 23424755, "WOE_NOTE": "Exact WOE match as country", "ADM0_ISO": "BWA", "ADM0_DIFF": null, "ADM0_TLC": "BWA", "ADM0_A3_US": "BWA", "ADM0_A3_FR": "BWA", "ADM0_A3_RU": "BWA", "ADM0_A3_ES": "BWA", "ADM0_A3_CN": "BWA", "ADM0_A3_TW": "BWA", "ADM0_A3_IN": "BWA", "ADM0_A3_NP": "BWA", "ADM0_A3_PK": "BWA", "ADM0_A3_DE": "BWA", "ADM0_A3_GB": "BWA", "ADM0_A3_BR": "BWA", "ADM0_A3_IL": "BWA", "ADM0_A3_PS": "BWA", "ADM0_A3_SA": "BWA", "ADM0_A3_EG": "BWA", "ADM0_A3_MA": "BWA", "ADM0_A3_PT": "BWA", "ADM0_A3_AR": "BWA", "ADM0_A3_JP": "BWA", "ADM0_A3_KO": "BWA", "ADM0_A3_VN": "BWA", "ADM0_A3_TR": "BWA", "ADM0_A3_ID": "BWA", "ADM0_A3_PL": "BWA", "ADM0_A3_GR": "BWA", "ADM0_A3_IT": "BWA", "ADM0_A3_NL": "BWA", "ADM0_A3_SE": "BWA", "ADM0_A3_BD": "BWA", "ADM0_A3_UA": "BWA", "ADM0_A3_UN": -99, "ADM0_A3_WB": -99, "CONTINENT": "Africa", "REGION_UN": "Africa", "SUBREGION": "Southern Africa", "REGION_WB": "Sub-Saharan Africa", "NAME_LEN": 8, "LONG_LEN": 8, "ABBREV_LEN": 4, "TINY": -99, "HOMEPART": 1, "MIN_ZOOM": 0, "MIN_LABEL": 4, "MAX_LABEL": 9, "LABEL_X": 24.179216, "LABEL_Y": -22.102634, "NE_ID": 1159320461, "WIKIDATAID": "Q963", "NAME_AR": "\u0628\u0648\u062a\u0633\u0648\u0627\u0646\u0627", "NAME_BN": "\u09ac\u09a4\u09b8\u09cb\u09af\u09bc\u09be\u09a8\u09be", "NAME_DE": "Botswana", "NAME_EN": "Botswana", "NAME_ES": "Botsuana", "NAME_FA": "\u0628\u0648\u062a\u0633\u0648\u0627\u0646\u0627", "NAME_FR": "Botswana", "NAME_EL": "\u039c\u03c0\u03bf\u03c4\u03c3\u03bf\u03c5\u03ac\u03bd\u03b1", "NAME_HE": "\u05d1\u05d5\u05d8\u05e1\u05d5\u05d0\u05e0\u05d4", "NAME_HI": "\u092c\u094b\u0924\u094d\u0938\u0935\u093e\u0928\u093e", "NAME_HU": "Botswana", "NAME_ID": "Botswana", "NAME_IT": "Botswana", "NAME_JA": "\u30dc\u30c4\u30ef\u30ca", "NAME_KO": "\ubcf4\uce20\uc640\ub098", "NAME_NL": "Botswana", "NAME_PL": "Botswana", "NAME_PT": "Botsuana", "NAME_RU": "\u0411\u043e\u0442\u0441\u0432\u0430\u043d\u0430", "NAME_SV": "Botswana", "NAME_TR": "Botsvana", "NAME_UK": "\u0411\u043e\u0442\u0441\u0432\u0430\u043d\u0430", "NAME_UR": "\u0628\u0648\u0679\u0633\u0648\u0627\u0646\u0627", "NAME_VI": "Botswana", "NAME_ZH": "\u535a\u8328\u74e6\u7eb3", "NAME_ZHT": "\u6ce2\u672d\u90a3", "FCLASS_ISO": "Admin-0 country", "TLC_DIFF": null, "FCLASS_TLC": "Admin-0 country", "FCLASS_US": null, "FCLASS_FR": null, "FCLASS_RU": null, "FCLASS_ES": null, "FCLASS_CN": null, "FCLASS_TW": null, "FCLASS_IN": null, "FCLASS_NP": null, "FCLASS_PK": null, "FCLASS_DE": null, "FCLASS_GB": null, "FCLASS_BR": null, "FCLASS_IL": null, "FCLASS_PS": null, "FCLASS_SA": null, "FCLASS_EG": null, "FCLASS_MA": null, "FCLASS_PT": null, "FCLASS_AR": null, "FCLASS_JP": null, "FCLASS_KO": null, "FCLASS_VN": null, "FCLASS_TR": null, "FCLASS_ID": null, "FCLASS_PL": null, "FCLASS_GR": null, "FCLASS_IT": null, "FCLASS_NL": null, "FCLASS_SE": null, "FCLASS_BD": null, "FCLASS_UA": null, "cartogram_scale": 0.3, "dc_count": 0, "dc_code": "OTHER"}, "geometry": {"type": "Polygon", "coordinates": [[[25.9596, -22.3611], [25.5351, -22.582], [25.2658, -22.806], [25.1659, -23.0059], [25.0757, -23.1186], [24.9124, -23.1426], [24.8597, -23.2861], [24.8293, -23.3797], [24.6375, -23.4496], [24.3933, -23.4347], [24.25, -23.3507], [24.1236, -23.3143], [23.9772, -23.3838], [23.9038, -23.5275], [23.7617, -23.6177], [23.6117, -23.7516], [23.3968, -23.7822], [23.3299, -23.6769], [23.3575, -23.4941], [23.1796, -23.209], [23.0987, -23.164], [23.0986, -22.2884], [23.3943, -22.278], [23.4031, -21.2093], [23.6264, -21.1994], [24.089, -21.0944], [24.2036, -21.218], [24.3951, -21.1005], [24.4861, -21.0998], [24.6553, -21.0322], [24.7092, -21.0546], [24.8247, -21.2945], [24.885, -21.348], [24.9794, -21.5216], [25.3189, -21.8511], [25.4474, -21.8834], [25.4481, -21.9892], [25.5363, -22.1795], [25.7683, -22.2255], [25.9596, -22.3611]]]}}, {"type": "Feature", "properties": {"featurecla": "Admin-0 country", "scalerank": 1, "LABELRANK": 3, "SOVEREIGNT": "Namibia", "SOV_A3": "NAM", "ADM0_DIF": 0, "LEVEL": 2, "TYPE": "Sovereign country", "TLC": "1", "ADMIN": "Namibia", "ADM0_A3": "NAM", "GEOU_DIF": 0, "GEOUNIT": "Namibia", "GU_A3": "NAM", "SU_DIF": 0, "SUBUNIT": "Namibia", "SU_A3": "NAM", "BRK_DIFF": 0, "NAME": "Namibia", "NAME_LONG": "Namibia", "BRK_A3": "NAM", "BRK_NAME": "Namibia", "BRK_GROUP": null, "ABBREV": "Nam.", "POSTAL": "NA", "FORMAL_EN": "Republic of Namibia", "FORMAL_FR": null, "NAME_CIAWF": "Namibia", "NOTE_ADM0": null, "NOTE_BRK": null, "NAME_SORT": "Namibia", "NAME_ALT": null, "MAPCOLOR7": 4, "MAPCOLOR8": 1, "MAPCOLOR9": 1, "MAPCOLOR13": 7, "POP_EST": 2494530, "POP_RANK": 12, "POP_YEAR": 2019, "GDP_MD": 12366, "GDP_YEAR": 2019, "ECONOMY": "6. Developing region", "INCOME_GRP": "3. Upper middle income", "FIPS_10": "WA", "ISO_A2": "NA", "ISO_A2_EH": "NA", "ISO_A3": "NAM", "ISO_A3_EH": "NAM", "ISO_N3": "516", "ISO_N3_EH": "516", "UN_A3": "516", "WB_A2": "NA", "WB_A3": "NAM", "WOE_ID": 23424987, "WOE_ID_EH": 23424987, "WOE_NOTE": "Exact WOE match as country", "ADM0_ISO": "NAM", "ADM0_DIFF": null, "ADM0_TLC": "NAM", "ADM0_A3_US": "NAM", "ADM0_A3_FR": "NAM", "ADM0_A3_RU": "NAM", "ADM0_A3_ES": "NAM", "ADM0_A3_CN": "NAM", "ADM0_A3_TW": "NAM", "ADM0_A3_IN": "NAM", "ADM0_A3_NP": "NAM", "ADM0_A3_PK": "NAM", "ADM0_A3_DE": "NAM", "ADM0_A3_GB": "NAM", "ADM0_A3_BR": "NAM", "ADM0_A3_IL": "NAM", "ADM0_A3_PS": "NAM", "ADM0_A3_SA": "NAM", "ADM0_A3_EG": "NAM", "ADM0_A3_MA": "NAM", "ADM0_A3_PT": "NAM", "ADM0_A3_AR": "NAM", "ADM0_A3_JP": "NAM", "ADM0_A3_KO": "NAM", "ADM0_A3_VN": "NAM", "ADM0_A3_TR": "NAM", "ADM0_A3_ID": "NAM", "ADM0_A3_PL": "NAM", "ADM0_A3_GR": "NAM", "ADM0_A3_IT": "NAM", "ADM0_A3_NL": "NAM", "ADM0_A3_SE": "NAM", "ADM0_A3_BD": "NAM", "ADM0_A3_UA": "NAM", "ADM0_A3_UN": -99, "ADM0_A3_WB": -99, "CONTINENT": "Africa", "REGION_UN": "Africa", "SUBREGION": "Southern Africa", "REGION_WB": "Sub-Saharan Africa", "NAME_LEN": 7, "LONG_LEN": 7, "ABBREV_LEN": 4, "TINY": -99, "HOMEPART": 1, "MIN_ZOOM": 0, "MIN_LABEL": 3, "MAX_LABEL": 7.5, "LABEL_X": 17.108166, "LABEL_Y": -20.575298, "NE_ID": 1159321085, "WIKIDATAID": "Q1030", "NAME_AR": "\u0646\u0627\u0645\u064a\u0628\u064a\u0627", "NAME_BN": "\u09a8\u09be\u09ae\u09bf\u09ac\u09bf\u09af\u09bc\u09be", "NAME_DE": "Namibia", "NAME_EN": "Namibia", "NAME_ES": "Namibia", "NAME_FA": "\u0646\u0627\u0645\u06cc\u0628\u06cc\u0627", "NAME_FR": "Namibie", "NAME_EL": "\u039d\u03b1\u03bc\u03af\u03bc\u03c0\u03b9\u03b1", "NAME_HE": "\u05e0\u05de\u05d9\u05d1\u05d9\u05d4", "NAME_HI": "\u0928\u093e\u092e\u0940\u092c\u093f\u092f\u093e", "NAME_HU": "Nam\u00edbia", "NAME_ID": "Namibia", "NAME_IT": "Namibia", "NAME_JA": "\u30ca\u30df\u30d3\u30a2", "NAME_KO": "\ub098\ubbf8\ube44\uc544", "NAME_NL": "Namibi\u00eb", "NAME_PL": "Namibia", "NAME_PT": "Nam\u00edbia", "NAME_RU": "\u041d\u0430\u043c\u0438\u0431\u0438\u044f", "NAME_SV": "Namibia", "NAME_TR": "Namibya", "NAME_UK": "\u041d\u0430\u043c\u0456\u0431\u0456\u044f", "NAME_UR": "\u0646\u0645\u06cc\u0628\u06cc\u0627", "NAME_VI": "Namibia", "NAME_ZH": "\u7eb3\u7c73\u6bd4\u4e9a", "NAME_ZHT": "\u7d0d\u7c73\u6bd4\u4e9e", "FCLASS_ISO": "Admin-0 country", "TLC_DIFF": null, "FCLASS_TLC": "Admin-0 country", "FCLASS_US": null, "FCLASS_FR": null, "FCLASS_RU": null, "FCLASS_ES": null, "FCLASS_CN": null, "FCLASS_TW": null, "FCLASS_IN": null, "FCLASS_NP": null, "FCLASS_PK": null, "FCLASS_DE": null, "FCLASS_GB": null, "FCLASS_BR": null, "FCLASS_IL": null, "FCLASS_PS": null, "FCLASS_SA": null, "FCLASS_EG": null, "FCLASS_MA": null, "FCLASS_PT": null, "FCLASS_AR": null, "FCLASS_JP": null, "FCLASS_KO": null, "FCLASS_VN": null, "FCLASS_TR": null, "FCLASS_ID": null, "FCLASS_PL": null, "FCLASS_GR": null, "FCLASS_IT": null, "FCLASS_NL": null, "FCLASS_SE": null, "FCLASS_BD": null, "FCLASS_UA": null, "cartogram_scale": 0.3, "dc_count": 0, "dc_code": "OTHER"}, "geometry": {"type": "Polygon", "coordinates": [[[18.5187, -22.523], [18.5184, -23.631], [18.2506, -23.7844], [18.0894, -23.8063], [17.9008, -23.7495], [17.7662, -23.7277], [17.7156, -23.5994], [17.5971, -23.5173], [17.4534, -23.6656], [17.2305, -23.439], [17.1131, -23.2199], [17.0468, -22.9278], [16.9729, -22.7105], [16.8724, -22.2485], [16.8656, -21.8896], [16.8272, -21.726], [16.7105, -21.6023], [16.5557, -21.3545], [16.398, -20.9946], [16.3325, -20.8062], [16.0884, -20.5134], [16.0702, -20.2832], [16.2146, -20.2261], [16.3942, -20.175], [16.5886, -20.184], [16.7675, -20.3196], [16.8128, -20.2986], [18.0289, -20.2856], [18.2368, -20.4294], [18.9631, -20.4718], [19.5144, -20.3496], [19.7601, -20.2814], [19.9546, -20.2986], [20.073, -20.3663], [20.0753, -20.3912], [19.9061, -20.4588], [19.8151, -20.4594], [19.6236, -20.577], [19.509, -20.4533], [19.0464, -20.5584], [18.8231, -20.5683], [18.8143, -21.6369], [18.5186, -21.6474], [18.5187, -22.523]]]}}, {"type": "Feature", "properties": {"featurecla": "Admin-0 country", "scalerank": 1, "LABELRANK": 3, "SOVEREIGNT": "Senegal", "SOV_A3": "SEN", "ADM0_DIF": 0, "LEVEL": 2, "TYPE": "Sovereign country", "TLC": "1", "ADMIN": "Senegal", "ADM0_A3": "SEN", "GEOU_DIF": 0, "GEOUNIT": "Senegal", "GU_A3": "SEN", "SU_DIF": 0, "SUBUNIT": "Senegal", "SU_A3": "SEN", "BRK_DIFF": 0, "NAME": "Senegal", "NAME_LONG": "Senegal", "BRK_A3": "SEN", "BRK_NAME": "Senegal", "BRK_GROUP": null, "ABBREV": "Sen.", "POSTAL": "SN", "FORMAL_EN": "Republic of Senegal", "FORMAL_FR": null, "NAME_CIAWF": "Senegal", "NOTE_ADM0": null, "NOTE_BRK": null, "NAME_SORT": "Senegal", "NAME_ALT": null, "MAPCOLOR7": 2, "MAPCOLOR8": 6, "MAPCOLOR9": 5, "MAPCOLOR13": 5, "POP_EST": 16296364, "POP_RANK": 14, "POP_YEAR": 2019, "GDP_MD": 23578, "GDP_YEAR": 2019, "ECONOMY": "7. Least developed region", "INCOME_GRP": "4. Lower middle income", "FIPS_10": "SG", "ISO_A2": "SN", "ISO_A2_EH": "SN", "ISO_A3": "SEN", "ISO_A3_EH": "SEN", "ISO_N3": "686", "ISO_N3_EH": "686", "UN_A3": "686", "WB_A2": "SN", "WB_A3": "SEN", "WOE_ID": 23424943, "WOE_ID_EH": 23424943, "WOE_NOTE": "Exact WOE match as country", "ADM0_ISO": "SEN", "ADM0_DIFF": null, "ADM0_TLC": "SEN", "ADM0_A3_US": "SEN", "ADM0_A3_FR": "SEN", "ADM0_A3_RU": "SEN", "ADM0_A3_ES": "SEN", "ADM0_A3_CN": "SEN", "ADM0_A3_TW": "SEN", "ADM0_A3_IN": "SEN", "ADM0_A3_NP": "SEN", "ADM0_A3_PK": "SEN", "ADM0_A3_DE": "SEN", "ADM0_A3_GB": "SEN", "ADM0_A3_BR": "SEN", "ADM0_A3_IL": "SEN", "ADM0_A3_PS": "SEN", "ADM0_A3_SA": "SEN", "ADM0_A3_EG": "SEN", "ADM0_A3_MA": "SEN", "ADM0_A3_PT": "SEN", "ADM0_A3_AR": "SEN", "ADM0_A3_JP": "SEN", "ADM0_A3_KO": "SEN", "ADM0_A3_VN": "SEN", "ADM0_A3_TR": "SEN", "ADM0_A3_ID": "SEN", "ADM0_A3_PL": "SEN", "ADM0_A3_GR": "SEN", "ADM0_A3_IT": "SEN", "ADM0_A3_NL": "SEN", "ADM0_A3_SE": "SEN", "ADM0_A3_BD": "SEN", "ADM0_A3_UA": "SEN", "ADM0_A3_UN": -99, "ADM0_A3_WB": -99, "CONTINENT": "Africa", "REGION_UN": "Africa", "SUBREGION": "Western Africa", "REGION_WB": "Sub-Saharan Africa", "NAME_LEN": 7, "LONG_LEN": 7, "ABBREV_LEN": 4, "TINY": -99, "HOMEPART": 1, "MIN_ZOOM": 0, "MIN_LABEL": 2.7, "MAX_LABEL": 8, "LABEL_X": -14.778586, "LABEL_Y": 15.138125, "NE_ID": 1159321243, "WIKIDATAID": "Q1041", "NAME_AR": "\u0627\u0644\u0633\u0646\u063a\u0627\u0644", "NAME_BN": "\u09b8\u09c7\u09a8\u09c7\u0997\u09be\u09b2", "NAME_DE": "Senegal", "NAME_EN": "Senegal", "NAME_ES": "Senegal", "NAME_FA": "\u0633\u0646\u06af\u0627\u0644", "NAME_FR": "S\u00e9n\u00e9gal", "NAME_EL": "\u03a3\u03b5\u03bd\u03b5\u03b3\u03ac\u03bb\u03b7", "NAME_HE": "\u05e1\u05e0\u05d2\u05dc", "NAME_HI": "\u0938\u0947\u0928\u0947\u0917\u0932", "NAME_HU": "Szeneg\u00e1l", "NAME_ID": "Senegal", "NAME_IT": "Senegal", "NAME_JA": "\u30bb\u30cd\u30ac\u30eb", "NAME_KO": "\uc138\ub124\uac08", "NAME_NL": "Senegal", "NAME_PL": "Senegal", "NAME_PT": "Senegal", "NAME_RU": "\u0421\u0435\u043d\u0435\u0433\u0430\u043b", "NAME_SV": "Senegal", "NAME_TR": "Senegal", "NAME_UK": "\u0421\u0435\u043d\u0435\u0433\u0430\u043b", "NAME_UR": "\u0633\u06cc\u0646\u06cc\u06af\u0627\u0644", "NAME_VI": "S\u00e9n\u00e9gal", "NAME_ZH": "\u585e\u5185\u52a0\u5c14", "NAME_ZHT": "\u585e\u5167\u52a0\u723e", "FCLASS_ISO": "Admin-0 country", "TLC_DIFF": null, "FCLASS_TLC": "Admin-0 country", "FCLASS_US": null, "FCLASS_FR": null, "FCLASS_RU": null, "FCLASS_ES": null, "FCLASS_CN": null, "FCLASS_TW": null, "FCLASS_IN": null, "FCLASS_NP": null, "FCLASS_PK": null, "FCLASS_DE": null, "FCLASS_GB": null, "FCLASS_BR": null, "FCLASS_IL": null, "FCLASS_PS": null, "FCLASS_SA": null, "FCLASS_EG": null, "FCLASS_MA": null, "FCLASS_PT": null, "FCLASS_AR": null, "FCLASS_JP": null, "FCLASS_KO": null, "FCLASS_VN": null, "FCLASS_TR": null, "FCLASS_ID": null, "FCLASS_PL": null, "FCLASS_GR": null, "FCLASS_IT": null, "FCLASS_NL": null, "FCLASS_SE": null, "FCLASS_BD": null, "FCLASS_UA": null, "cartogram_scale": 0.3, "dc_count": 0, "dc_code": "OTHER"}, "geometry": {"type": "Polygon", "coordinates": [[[-15.2282, 13.7928], [-15.3519, 14.0263], [-15.5015, 14.1331], [-15.3696, 14.1901], [-15.2242, 14.4007], [-15.153, 14.5548], [-15.0502, 14.651], [-14.9011, 14.6251], [-14.7548, 14.6904], [-14.5872, 14.6937], [-14.4439, 14.6056], [-14.2448, 14.5261], [-14.0632, 14.3054], [-13.8653, 14.0993], [-13.8515, 13.9127], [-13.7923, 13.7409], [-13.6801, 13.6566], [-13.6544, 13.5406], [-13.6682, 13.4472], [-13.7115, 13.4302], [-13.8751, 13.454], [-13.8976, 13.4206], [-13.9638, 13.4139], [-14.1794, 13.487], [-14.3242, 13.4901], [-14.8786, 13.5027], [-14.959, 13.4689], [-15.0584, 13.4786], [-15.2173, 13.4297], [-15.2665, 13.6597], [-14.9934, 13.6534], [-14.9213, 13.6954], [-14.8676, 13.6978], [-14.7564, 13.7671], [-14.6277, 13.7037], [-14.4973, 13.6984], [-14.3675, 13.7658], [-14.4281, 13.8525], [-14.527, 13.802], [-14.6201, 13.8034], [-14.7386, 13.8772], [-14.8337, 13.8724], [-14.9014, 13.8013], [-15.2282, 13.7928]]]}}, {"type": "Feature", "properties": {"featurecla": "Admin-0 country", "scalerank": 1, "LABELRANK": 3, "SOVEREIGNT": "Mali", "SOV_A3": "MLI", "ADM0_DIF": 0, "LEVEL": 2, "TYPE": "Sovereign country", "TLC": "1", "ADMIN": "Mali", "ADM0_A3": "MLI", "GEOU_DIF": 0, "GEOUNIT": "Mali", "GU_A3": "MLI", "SU_DIF": 0, "SUBUNIT": "Mali", "SU_A3": "MLI", "BRK_DIFF": 0, "NAME": "Mali", "NAME_LONG": "Mali", "BRK_A3": "MLI", "BRK_NAME": "Mali", "BRK_GROUP": null, "ABBREV": "Mali", "POSTAL": "ML", "FORMAL_EN": "Republic of Mali", "FORMAL_FR": null, "NAME_CIAWF": "Mali", "NOTE_ADM0": null, "NOTE_BRK": null, "NAME_SORT": "Mali", "NAME_ALT": null, "MAPCOLOR7": 1, "MAPCOLOR8": 4, "MAPCOLOR9": 1, "MAPCOLOR13": 7, "POP_EST": 19658031, "POP_RANK": 14, "POP_YEAR": 2019, "GDP_MD": 17279, "GDP_YEAR": 2019, "ECONOMY": "7. Least developed region", "INCOME_GRP": "5. Low income", "FIPS_10": "ML", "ISO_A2": "ML", "ISO_A2_EH": "ML", "ISO_A3": "MLI", "ISO_A3_EH": "MLI", "ISO_N3": "466", "ISO_N3_EH": "466", "UN_A3": "466", "WB_A2": "ML", "WB_A3": "MLI", "WOE_ID": 23424891, "WOE_ID_EH": 23424891, "WOE_NOTE": "Exact WOE match as country", "ADM0_ISO": "MLI", "ADM0_DIFF": null, "ADM0_TLC": "MLI", "ADM0_A3_US": "MLI", "ADM0_A3_FR": "MLI", "ADM0_A3_RU": "MLI", "ADM0_A3_ES": "MLI", "ADM0_A3_CN": "MLI", "ADM0_A3_TW": "MLI", "ADM0_A3_IN": "MLI", "ADM0_A3_NP": "MLI", "ADM0_A3_PK": "MLI", "ADM0_A3_DE": "MLI", "ADM0_A3_GB": "MLI", "ADM0_A3_BR": "MLI", "ADM0_A3_IL": "MLI", "ADM0_A3_PS": "MLI", "ADM0_A3_SA": "MLI", "ADM0_A3_EG": "MLI", "ADM0_A3_MA": "MLI", "ADM0_A3_PT": "MLI", "ADM0_A3_AR": "MLI", "ADM0_A3_JP": "MLI", "ADM0_A3_KO": "MLI", "ADM0_A3_VN": "MLI", "ADM0_A3_TR": "MLI", "ADM0_A3_ID": "MLI", "ADM0_A3_PL": "MLI", "ADM0_A3_GR": "MLI", "ADM0_A3_IT": "MLI", "ADM0_A3_NL": "MLI", "ADM0_A3_SE": "MLI", "ADM0_A3_BD": "MLI", "ADM0_A3_UA": "MLI", "ADM0_A3_UN": -99, "ADM0_A3_WB": -99, "CONTINENT": "Africa", "REGION_UN": "Africa", "SUBREGION": "Western Africa", "REGION_WB": "Sub-Saharan Africa", "NAME_LEN": 4, "LONG_LEN": 4, "ABBREV_LEN": 4, "TINY": -99, "HOMEPART": 1, "MIN_ZOOM": 0, "MIN_LABEL": 3, "MAX_LABEL": 7, "LABEL_X": -2.038455, "LABEL_Y": 18.692713, "NE_ID": 1159321063, "WIKIDATAID": "Q912", "NAME_AR": "\u0645\u0627\u0644\u064a", "NAME_BN": "\u09ae\u09be\u09b2\u09bf", "NAME_DE": "Mali", "NAME_EN": "Mali", "NAME_ES": "Mal\u00ed", "NAME_FA": "\u0645\u0627\u0644\u06cc", "NAME_FR": "Mali", "NAME_EL": "\u039c\u03ac\u03bb\u03b9", "NAME_HE": "\u05de\u05d0\u05dc\u05d9", "NAME_HI": "\u092e\u093e\u0932\u0940", "NAME_HU": "Mali", "NAME_ID": "Mali", "NAME_IT": "Mali", "NAME_JA": "\u30de\u30ea\u5171\u548c\u56fd", "NAME_KO": "\ub9d0\ub9ac", "NAME_NL": "Mali", "NAME_PL": "Mali", "NAME_PT": "Mali", "NAME_RU": "\u041c\u0430\u043b\u0438", "NAME_SV": "Mali", "NAME_TR": "Mali", "NAME_UK": "\u041c\u0430\u043b\u0456", "NAME_UR": "\u0645\u0627\u0644\u06cc", "NAME_VI": "Mali", "NAME_ZH": "\u9a6c\u91cc", "NAME_ZHT": "\u99ac\u5229\u5171\u548c\u570b", "FCLASS_ISO": "Admin-0 country", "TLC_DIFF": null, "FCLASS_TLC": "Admin-0 country", "FCLASS_US": null, "FCLASS_FR": null, "FCLASS_RU": null, "FCLASS_ES": null, "FCLASS_CN": null, "FCLASS_TW": null, "FCLASS_IN": null, "FCLASS_NP": null, "FCLASS_PK": null, "FCLASS_DE": null, "FCLASS_GB": null, "FCLASS_BR": null, "FCLASS_IL": null, "FCLASS_PS": null, "FCLASS_SA": null, "FCLASS_EG": null, "FCLASS_MA": null, "FCLASS_PT": null, "FCLASS_AR": null, "FCLASS_JP": null, "FCLASS_KO": null, "FCLASS_VN": null, "FCLASS_TR": null, "FCLASS_ID": null, "FCLASS_PL": null, "FCLASS_GR": null, "FCLASS_IT": null, "FCLASS_NL": null, "FCLASS_SE": null, "FCLASS_BD": null, "FCLASS_UA": null, "cartogram_scale": 0.3, "dc_count": 0, "dc_code": "OTHER"}, "geometry": {"type": "Polygon", "coordinates": [[[-7.5156, 13.5886], [-7.5018, 13.682], [-7.5275, 13.798], [-7.6398, 13.8823], [-7.6989, 14.0541], [-7.7127, 14.2407], [-7.6117, 14.2954], [-7.5613, 14.4721], [-7.4662, 14.4791], [-7.2567, 14.3955], [-7.0875, 14.4548], [-6.9715, 14.4349], [-6.9265, 14.5016], [-5.7228, 14.5062], [-5.656, 14.7162], [-5.708, 14.7532], [-5.8528, 16.0479], [-5.9976, 17.3427], [-5.5385, 17.3481], [-4.5265, 16.6935], [-3.5145, 16.0389], [-3.4432, 15.8984], [-3.2564, 15.8126], [-3.1175, 15.7638], [-3.114, 15.5729], [-2.7812, 15.6023], [-2.7804, 14.9113], [-2.9444, 14.711], [-2.97, 14.5261], [-3.2365, 14.4785], [-3.6458, 14.4527], [-3.7567, 14.3461], [-3.949, 14.3344], [-4.1413, 14.333], [-4.2162, 14.3905], [-4.3814, 14.3478], [-4.6618, 14.2234], [-4.719, 14.1296], [-4.9518, 13.9951], [-4.9926, 13.9181], [-5.1183, 13.857], [-5.2634, 13.8974], [-5.3456, 13.8242], [-5.3896, 13.6185], [-5.6277, 13.3698], [-5.6208, 13.2682], [-5.7026, 13.1411], [-5.6828, 12.9669], [-5.8065, 12.9224], [-5.8766, 12.8846], [-5.923, 13.0129], [-6.0097, 12.9791], [-6.0614, 12.9849], [-6.1166, 12.8974], [-6.3483, 12.8999], [-6.4313, 12.9449], [-6.4704, 12.9176], [-6.5621, 13.0041], [-6.5462, 13.0935], [-6.5837, 13.1285], [-6.6476, 13.0989], [-6.6359, 13.1966], [-6.5744, 13.2738], [-6.6973, 13.3994], [-6.733, 13.4822], [-6.7997, 13.5481], [-6.8597, 13.556], [-6.9318, 13.514], [-7.0288, 13.4738], [-7.111, 13.4089], [-7.2394, 13.4329], [-7.3227, 13.509], [-7.3724, 13.5191], [-7.4507, 13.4791], [-7.4983, 13.4787], [-7.5156, 13.5886]]]}}, {"type": "Feature", "properties": {"featurecla": "Admin-0 country", "scalerank": 1, "LABELRANK": 3, "SOVEREIGNT": "Mauritania", "SOV_A3": "MRT", "ADM0_DIF": 0, "LEVEL": 2, "TYPE": "Sovereign country", "TLC": "1", "ADMIN": "Mauritania", "ADM0_A3": "MRT", "GEOU_DIF": 0, "GEOUNIT": "Mauritania", "GU_A3": "MRT", "SU_DIF": 0, "SUBUNIT": "Mauritania", "SU_A3": "MRT", "BRK_DIFF": 0, "NAME": "Mauritania", "NAME_LONG": "Mauritania", "BRK_A3": "MRT", "BRK_NAME": "Mauritania", "BRK_GROUP": null, "ABBREV": "Mrt.", "POSTAL": "MR", "FORMAL_EN": "Islamic Republic of Mauritania", "FORMAL_FR": null, "NAME_CIAWF": "Mauritania", "NOTE_ADM0": null, "NOTE_BRK": null, "NAME_SORT": "Mauritania", "NAME_ALT": null, "MAPCOLOR7": 3, "MAPCOLOR8": 3, "MAPCOLOR9": 2, "MAPCOLOR13": 1, "POP_EST": 4525696, "POP_RANK": 12, "POP_YEAR": 2019, "GDP_MD": 7600, "GDP_YEAR": 2019, "ECONOMY": "7. Least developed region", "INCOME_GRP": "5. Low income", "FIPS_10": "MR", "ISO_A2": "MR", "ISO_A2_EH": "MR", "ISO_A3": "MRT", "ISO_A3_EH": "MRT", "ISO_N3": "478", "ISO_N3_EH": "478", "UN_A3": "478", "WB_A2": "MR", "WB_A3": "MRT", "WOE_ID": 23424896, "WOE_ID_EH": 23424896, "WOE_NOTE": "Exact WOE match as country", "ADM0_ISO": "MRT", "ADM0_DIFF": null, "ADM0_TLC": "MRT", "ADM0_A3_US": "MRT", "ADM0_A3_FR": "MRT", "ADM0_A3_RU": "MRT", "ADM0_A3_ES": "MRT", "ADM0_A3_CN": "MRT", "ADM0_A3_TW": "MRT", "ADM0_A3_IN": "MRT", "ADM0_A3_NP": "MRT", "ADM0_A3_PK": "MRT", "ADM0_A3_DE": "MRT", "ADM0_A3_GB": "MRT", "ADM0_A3_BR": "MRT", "ADM0_A3_IL": "MRT", "ADM0_A3_PS": "MRT", "ADM0_A3_SA": "MRT", "ADM0_A3_EG": "MRT", "ADM0_A3_MA": "MRT", "ADM0_A3_PT": "MRT", "ADM0_A3_AR": "MRT", "ADM0_A3_JP": "MRT", "ADM0_A3_KO": "MRT", "ADM0_A3_VN": "MRT", "ADM0_A3_TR": "MRT", "ADM0_A3_ID": "MRT", "ADM0_A3_PL": "MRT", "ADM0_A3_GR": "MRT", "ADM0_A3_IT": "MRT", "ADM0_A3_NL": "MRT", "ADM0_A3_SE": "MRT", "ADM0_A3_BD": "MRT", "ADM0_A3_UA": "MRT", "ADM0_A3_UN": -99, "ADM0_A3_WB": -99, "CONTINENT": "Africa", "REGION_UN": "Africa", "SUBREGION": "Western Africa", "REGION_WB": "Sub-Saharan Africa", "NAME_LEN": 10, "LONG_LEN": 10, "ABBREV_LEN": 4, "TINY": -99, "HOMEPART": 1, "MIN_ZOOM": 0, "MIN_LABEL": 3, "MAX_LABEL": 8, "LABEL_X": -9.740299, "LABEL_Y": 19.587062, "NE_ID": 1159321075, "WIKIDATAID": "Q1025", "NAME_AR": "\u0645\u0648\u0631\u064a\u062a\u0627\u0646\u064a\u0627", "NAME_BN": "\u09ae\u09cc\u09b0\u09bf\u09a4\u09be\u09a8\u09bf\u09af\u09bc\u09be", "NAME_DE": "Mauretanien", "NAME_EN": "Mauritania", "NAME_ES": "Mauritania", "NAME_FA": "\u0645\u0648\u0631\u06cc\u062a\u0627\u0646\u06cc", "NAME_FR": "Mauritanie", "NAME_EL": "\u039c\u03b1\u03c5\u03c1\u03b9\u03c4\u03b1\u03bd\u03af\u03b1", "NAME_HE": "\u05de\u05d0\u05d5\u05e8\u05d9\u05d8\u05e0\u05d9\u05d4", "NAME_HI": "\u092e\u0949\u0930\u0940\u0924\u093e\u0928\u093f\u092f\u093e", "NAME_HU": "Maurit\u00e1nia", "NAME_ID": "Mauritania", "NAME_IT": "Mauritania", "NAME_JA": "\u30e2\u30fc\u30ea\u30bf\u30cb\u30a2", "NAME_KO": "\ubaa8\ub9ac\ud0c0\ub2c8", "NAME_NL": "Mauritani\u00eb", "NAME_PL": "Mauretania", "NAME_PT": "Maurit\u00e2nia", "NAME_RU": "\u041c\u0430\u0432\u0440\u0438\u0442\u0430\u043d\u0438\u044f", "NAME_SV": "Mauretanien", "NAME_TR": "Moritanya", "NAME_UK": "\u041c\u0430\u0432\u0440\u0438\u0442\u0430\u043d\u0456\u044f", "NAME_UR": "\u0645\u0648\u0631\u06cc\u062a\u0627\u0646\u06cc\u06c1", "NAME_VI": "Mauritanie", "NAME_ZH": "\u6bdb\u91cc\u5854\u5c3c\u4e9a", "NAME_ZHT": "\u8305\u5229\u5854\u5c3c\u4e9e", "FCLASS_ISO": "Admin-0 country", "TLC_DIFF": null, "FCLASS_TLC": "Admin-0 country", "FCLASS_US": null, "FCLASS_FR": null, "FCLASS_RU": null, "FCLASS_ES": null, "FCLASS_CN": null, "FCLASS_TW": null, "FCLASS_IN": null, "FCLASS_NP": null, "FCLASS_PK": null, "FCLASS_DE": null, "FCLASS_GB": null, "FCLASS_BR": null, "FCLASS_IL": null, "FCLASS_PS": null, "FCLASS_SA": null, "FCLASS_EG": null, "FCLASS_MA": null, "FCLASS_PT": null, "FCLASS_AR": null, "FCLASS_JP": null, "FCLASS_KO": null, "FCLASS_VN": null, "FCLASS_TR": null, "FCLASS_ID": null, "FCLASS_PL": null, "FCLASS_GR": null, "FCLASS_IT": null, "FCLASS_NL": null, "FCLASS_SE": null, "FCLASS_BD": null, "FCLASS_UA": null, "cartogram_scale": 0.3, "dc_count": 0, "dc_code": "OTHER"}, "geometry": {"type": "Polygon", "coordinates": [[[-13.8165, 19.4819], [-13.751, 19.582], [-12.5762, 19.5801], [-12.6331, 20.0133], [-12.5597, 20.1674], [-12.2786, 20.1943], [-12.2883, 20.962], [-11.3036, 20.9463], [-11.3028, 21.4007], [-10.1745, 20.6743], [-10.6336, 20.6689], [-10.4888, 19.3742], [-10.344, 18.0795], [-10.292, 18.0425], [-10.3588, 17.8325], [-11.5625, 17.8279], [-11.6075, 17.7612], [-11.7235, 17.7811], [-11.8927, 17.7218], [-12.1022, 17.8053], [-12.1973, 17.7984], [-12.2477, 17.6217], [-12.3487, 17.567], [-12.5466, 17.7731], [-12.7282, 17.9938], [-12.9273, 18.0733], [-13.0707, 18.1614], [-13.2382, 18.1582], [-13.3846, 18.0928], [-13.5337, 18.1187], [-13.6364, 18.0225], [-13.6624, 18.1841], [-13.5786, 18.3321], [-13.5414, 18.6145], [-13.5745, 18.911], [-13.6107, 19.0601], [-13.5808, 19.2097], [-13.6583, 19.3523], [-13.8165, 19.4819]]]}}, {"type": "Feature", "properties": {"featurecla": "Admin-0 country", "scalerank": 1, "LABELRANK": 5, "SOVEREIGNT": "Benin", "SOV_A3": "BEN", "ADM0_DIF": 0, "LEVEL": 2, "TYPE": "Sovereign country", "TLC": "1", "ADMIN": "Benin", "ADM0_A3": "BEN", "GEOU_DIF": 0, "GEOUNIT": "Benin", "GU_A3": "BEN", "SU_DIF": 0, "SUBUNIT": "Benin", "SU_A3": "BEN", "BRK_DIFF": 0, "NAME": "Benin", "NAME_LONG": "Benin", "BRK_A3": "BEN", "BRK_NAME": "Benin", "BRK_GROUP": null, "ABBREV": "Benin", "POSTAL": "BJ", "FORMAL_EN": "Republic of Benin", "FORMAL_FR": null, "NAME_CIAWF": "Benin", "NOTE_ADM0": null, "NOTE_BRK": null, "NAME_SORT": "Benin", "NAME_ALT": null, "MAPCOLOR7": 1, "MAPCOLOR8": 2, "MAPCOLOR9": 2, "MAPCOLOR13": 12, "POP_EST": 11801151, "POP_RANK": 14, "POP_YEAR": 2019, "GDP_MD": 14390, "GDP_YEAR": 2019, "ECONOMY": "7. Least developed region", "INCOME_GRP": "5. Low income", "FIPS_10": "BN", "ISO_A2": "BJ", "ISO_A2_EH": "BJ", "ISO_A3": "BEN", "ISO_A3_EH": "BEN", "ISO_N3": "204", "ISO_N3_EH": "204", "UN_A3": "204", "WB_A2": "BJ", "WB_A3": "BEN", "WOE_ID": 23424764, "WOE_ID_EH": 23424764, "WOE_NOTE": "Exact WOE match as country", "ADM0_ISO": "BEN", "ADM0_DIFF": null, "ADM0_TLC": "BEN", "ADM0_A3_US": "BEN", "ADM0_A3_FR": "BEN", "ADM0_A3_RU": "BEN", "ADM0_A3_ES": "BEN", "ADM0_A3_CN": "BEN", "ADM0_A3_TW": "BEN", "ADM0_A3_IN": "BEN", "ADM0_A3_NP": "BEN", "ADM0_A3_PK": "BEN", "ADM0_A3_DE": "BEN", "ADM0_A3_GB": "BEN", "ADM0_A3_BR": "BEN", "ADM0_A3_IL": "BEN", "ADM0_A3_PS": "BEN", "ADM0_A3_SA": "BEN", "ADM0_A3_EG": "BEN", "ADM0_A3_MA": "BEN", "ADM0_A3_PT": "BEN", "ADM0_A3_AR": "BEN", "ADM0_A3_JP": "BEN", "ADM0_A3_KO": "BEN", "ADM0_A3_VN": "BEN", "ADM0_A3_TR": "BEN", "ADM0_A3_ID": "BEN", "ADM0_A3_PL": "BEN", "ADM0_A3_GR": "BEN", "ADM0_A3_IT": "BEN", "ADM0_A3_NL": "BEN", "ADM0_A3_SE": "BEN", "ADM0_A3_BD": "BEN", "ADM0_A3_UA": "BEN", "ADM0_A3_UN": -99, "ADM0_A3_WB": -99, "CONTINENT": "Africa", "REGION_UN": "Africa", "SUBREGION": "Western Africa", "REGION_WB": "Sub-Saharan Africa", "NAME_LEN": 5, "LONG_LEN": 5, "ABBREV_LEN": 5, "TINY": -99, "HOMEPART": 1, "MIN_ZOOM": 0, "MIN_LABEL": 4, "MAX_LABEL": 9, "LABEL_X": 2.352018, "LABEL_Y": 10.324775, "NE_ID": 1159320399, "WIKIDATAID": "Q962", "NAME_AR": "\u0628\u0646\u064a\u0646", "NAME_BN": "\u09ac\u09c7\u09a8\u09bf\u09a8", "NAME_DE": "Benin", "NAME_EN": "Benin", "NAME_ES": "Ben\u00edn", "NAME_FA": "\u0628\u0646\u06cc\u0646", "NAME_FR": "B\u00e9nin", "NAME_EL": "\u039c\u03c0\u03b5\u03bd\u03af\u03bd", "NAME_HE": "\u05d1\u05e0\u05d9\u05df", "NAME_HI": "\u092c\u0947\u0928\u093f\u0928", "NAME_HU": "Benin", "NAME_ID": "Benin", "NAME_IT": "Benin", "NAME_JA": "\u30d9\u30ca\u30f3", "NAME_KO": "\ubca0\ub0c9", "NAME_NL": "Benin", "NAME_PL": "Benin", "NAME_PT": "Benim", "NAME_RU": "\u0411\u0435\u043d\u0438\u043d", "NAME_SV": "Benin", "NAME_TR": "Benin", "NAME_UK": "\u0411\u0435\u043d\u0456\u043d", "NAME_UR": "\u0628\u06cc\u0646\u0646", "NAME_VI": "B\u00e9nin", "NAME_ZH": "\u8d1d\u5b81", "NAME_ZHT": "\u8c9d\u5357", "FCLASS_ISO": "Admin-0 country", "TLC_DIFF": null, "FCLASS_TLC": "Admin-0 country", "FCLASS_US": null, "FCLASS_FR": null, "FCLASS_RU": null, "FCLASS_ES": null, "FCLASS_CN": null, "FCLASS_TW": null, "FCLASS_IN": null, "FCLASS_NP": null, "FCLASS_PK": null, "FCLASS_DE": null, "FCLASS_GB": null, "FCLASS_BR": null, "FCLASS_IL": null, "FCLASS_PS": null, "FCLASS_SA": null, "FCLASS_EG": null, "FCLASS_MA": null, "FCLASS_PT": null, "FCLASS_AR": null, "FCLASS_JP": null, "FCLASS_KO": null, "FCLASS_VN": null, "FCLASS_TR": null, "FCLASS_ID": null, "FCLASS_PL": null, "FCLASS_GR": null, "FCLASS_IT": null, "FCLASS_NL": null, "FCLASS_SE": null, "FCLASS_BD": null, "FCLASS_UA": null, "cartogram_scale": 0.3, "dc_count": 0, "dc_code": "OTHER"}, "geometry": {"type": "Polygon", "coordinates": [[[2.4366, 8.7435], [2.1886, 8.7085], [2.1148, 8.9155], [2.1284, 9.6045], [2.068, 9.6663], [2.0566, 9.8135], [1.9524, 9.9186], [1.8608, 10.0071], [1.8989, 10.1651], [2.0021, 10.199], [2.0632, 10.3302], [2.2099, 10.3582], [2.2754, 10.4479], [2.3761, 10.5358], [2.4837, 10.5366], [2.7124, 10.3639], [2.7007, 10.2643], [2.7682, 10.0863], [2.7091, 9.9655], [2.7407, 9.8848], [2.5952, 9.6991], [2.5028, 9.6072], [2.4462, 9.4179], [2.4538, 9.2271], [2.4366, 8.7435]]]}}, {"type": "Feature", "properties": {"featurecla": "Admin-0 country", "scalerank": 1, "LABELRANK": 3, "SOVEREIGNT": "Niger", "SOV_A3": "NER", "ADM0_DIF": 0, "LEVEL": 2, "TYPE": "Sovereign country", "TLC": "1", "ADMIN": "Niger", "ADM0_A3": "NER", "GEOU_DIF": 0, "GEOUNIT": "Niger", "GU_A3": "NER", "SU_DIF": 0, "SUBUNIT": "Niger", "SU_A3": "NER", "BRK_DIFF": 0, "NAME": "Niger", "NAME_LONG": "Niger", "BRK_A3": "NER", "BRK_NAME": "Niger", "BRK_GROUP": null, "ABBREV": "Niger", "POSTAL": "NE", "FORMAL_EN": "Republic of Niger", "FORMAL_FR": null, "NAME_CIAWF": "Niger", "NOTE_ADM0": null, "NOTE_BRK": null, "NAME_SORT": "Niger", "NAME_ALT": null, "MAPCOLOR7": 4, "MAPCOLOR8": 5, "MAPCOLOR9": 3, "MAPCOLOR13": 13, "POP_EST": 23310715, "POP_RANK": 15, "POP_YEAR": 2019, "GDP_MD": 12911, "GDP_YEAR": 2019, "ECONOMY": "7. Least developed region", "INCOME_GRP": "5. Low income", "FIPS_10": "NG", "ISO_A2": "NE", "ISO_A2_EH": "NE", "ISO_A3": "NER", "ISO_A3_EH": "NER", "ISO_N3": "562", "ISO_N3_EH": "562", "UN_A3": "562", "WB_A2": "NE", "WB_A3": "NER", "WOE_ID": 23424906, "WOE_ID_EH": 23424906, "WOE_NOTE": "Exact WOE match as country", "ADM0_ISO": "NER", "ADM0_DIFF": null, "ADM0_TLC": "NER", "ADM0_A3_US": "NER", "ADM0_A3_FR": "NER", "ADM0_A3_RU": "NER", "ADM0_A3_ES": "NER", "ADM0_A3_CN": "NER", "ADM0_A3_TW": "NER", "ADM0_A3_IN": "NER", "ADM0_A3_NP": "NER", "ADM0_A3_PK": "NER", "ADM0_A3_DE": "NER", "ADM0_A3_GB": "NER", "ADM0_A3_BR": "NER", "ADM0_A3_IL": "NER", "ADM0_A3_PS": "NER", "ADM0_A3_SA": "NER", "ADM0_A3_EG": "NER", "ADM0_A3_MA": "NER", "ADM0_A3_PT": "NER", "ADM0_A3_AR": "NER", "ADM0_A3_JP": "NER", "ADM0_A3_KO": "NER", "ADM0_A3_VN": "NER", "ADM0_A3_TR": "NER", "ADM0_A3_ID": "NER", "ADM0_A3_PL": "NER", "ADM0_A3_GR": "NER", "ADM0_A3_IT": "NER", "ADM0_A3_NL": "NER", "ADM0_A3_SE": "NER", "ADM0_A3_BD": "NER", "ADM0_A3_UA": "NER", "ADM0_A3_UN": -99, "ADM0_A3_WB": -99, "CONTINENT": "Africa", "REGION_UN": "Africa", "SUBREGION": "Western Africa", "REGION_WB": "Sub-Saharan Africa", "NAME_LEN": 5, "LONG_LEN": 5, "ABBREV_LEN": 5, "TINY": -99, "HOMEPART": 1, "MIN_ZOOM": 0, "MIN_LABEL": 3, "MAX_LABEL": 8, "LABEL_X": 9.504356, "LABEL_Y": 17.446195, "NE_ID": 1159321087, "WIKIDATAID": "Q1032", "NAME_AR": "\u0627\u0644\u0646\u064a\u062c\u0631", "NAME_BN": "\u09a8\u09be\u0987\u099c\u09be\u09b0", "NAME_DE": "Niger", "NAME_EN": "Niger", "NAME_ES": "N\u00edger", "NAME_FA": "\u0646\u06cc\u062c\u0631", "NAME_FR": "Niger", "NAME_EL": "\u039d\u03af\u03b3\u03b7\u03c1\u03b1\u03c2", "NAME_HE": "\u05e0\u05d9\u05d6'\u05e8", "NAME_HI": "\u0928\u093e\u0907\u091c\u0930", "NAME_HU": "Niger", "NAME_ID": "Niger", "NAME_IT": "Niger", "NAME_JA": "\u30cb\u30b8\u30a7\u30fc\u30eb", "NAME_KO": "\ub2c8\uc81c\ub974", "NAME_NL": "Niger", "NAME_PL": "Niger", "NAME_PT": "N\u00edger", "NAME_RU": "\u041d\u0438\u0433\u0435\u0440", "NAME_SV": "Niger", "NAME_TR": "Nijer", "NAME_UK": "\u041d\u0456\u0433\u0435\u0440", "NAME_UR": "\u0646\u0627\u0626\u062c\u0631", "NAME_VI": "Niger", "NAME_ZH": "\u5c3c\u65e5\u5c14", "NAME_ZHT": "\u5c3c\u65e5", "FCLASS_ISO": "Admin-0 country", "TLC_DIFF": null, "FCLASS_TLC": "Admin-0 country", "FCLASS_US": null, "FCLASS_FR": null, "FCLASS_RU": null, "FCLASS_ES": null, "FCLASS_CN": null, "FCLASS_TW": null, "FCLASS_IN": null, "FCLASS_NP": null, "FCLASS_PK": null, "FCLASS_DE": null, "FCLASS_GB": null, "FCLASS_BR": null, "FCLASS_IL": null, "FCLASS_PS": null, "FCLASS_SA": null, "FCLASS_EG": null, "FCLASS_MA": null, "FCLASS_PT": null, "FCLASS_AR": null, "FCLASS_JP": null, "FCLASS_KO": null, "FCLASS_VN": null, "FCLASS_TR": null, "FCLASS_ID": null, "FCLASS_PL": null, "FCLASS_GR": null, "FCLASS_IT": null, "FCLASS_NL": null, "FCLASS_SE": null, "FCLASS_BD": null, "FCLASS_UA": null, "cartogram_scale": 0.3, "dc_count": 0, "dc_code": "OTHER"}, "geometry": {"type": "Polygon", "coordinates": [[[10.5716, 17.6937], [10.6453, 17.2273], [10.7575, 17.1493], [10.7624, 17.0539], [10.8872, 16.9511], [10.8219, 16.8219], [10.7063, 16.2132], [10.6905, 15.823], [10.3079, 15.5401], [10.1783, 15.1449], [10.3032, 15.0338], [10.3026, 14.8408], [10.4949, 14.8339], [10.4649, 14.6926], [10.3803, 14.6754], [10.3706, 14.5799], [10.3148, 14.5732], [10.1118, 14.9017], [10.0414, 14.9136], [9.8068, 14.7459], [9.5746, 14.8335], [9.4131, 14.851], [9.3265, 14.8088], [9.1507, 14.8179], [8.9737, 14.6901], [8.8207, 14.6828], [8.4576, 14.8378], [8.3154, 14.7642], [8.1623, 14.7693], [8.0498, 14.8826], [7.7491, 14.9945], [7.4267, 14.959], [7.3486, 14.8941], [7.3064, 14.7216], [7.2204, 14.6006], [7.1996, 14.3328], [6.9708, 14.5055], [6.8633, 14.5047], [6.7626, 14.4168], [6.7693, 14.6223], [6.4234, 14.6903], [6.4141, 14.8355], [6.2452, 15.0314], [6.2049, 15.168], [6.2287, 15.3134], [6.4209, 15.3252], [6.5319, 15.4318], [6.9412, 15.4576], [7.2077, 15.5052], [7.2332, 15.6901], [7.3973, 15.8904], [7.3964, 16.5813], [7.8195, 16.7151], [8.6881, 17.3045], [9.7161, 17.8763], [10.1906, 17.7469], [10.3594, 17.5822], [10.5716, 17.6937]]]}}, {"type": "Feature", "properties": {"featurecla": "Admin-0 country", "scalerank": 1, "LABELRANK": 2, "SOVEREIGNT": "Nigeria", "SOV_A3": "NGA", "ADM0_DIF": 0, "LEVEL": 2, "TYPE": "Sovereign country", "TLC": "1", "ADMIN": "Nigeria", "ADM0_A3": "NGA", "GEOU_DIF": 0, "GEOUNIT": "Nigeria", "GU_A3": "NGA", "SU_DIF": 0, "SUBUNIT": "Nigeria", "SU_A3": "NGA", "BRK_DIFF": 0, "NAME": "Nigeria", "NAME_LONG": "Nigeria", "BRK_A3": "NGA", "BRK_NAME": "Nigeria", "BRK_GROUP": null, "ABBREV": "Nigeria", "POSTAL": "NG", "FORMAL_EN": "Federal Republic of Nigeria", "FORMAL_FR": null, "NAME_CIAWF": "Nigeria", "NOTE_ADM0": null, "NOTE_BRK": null, "NAME_SORT": "Nigeria", "NAME_ALT": null, "MAPCOLOR7": 3, "MAPCOLOR8": 2, "MAPCOLOR9": 5, "MAPCOLOR13": 2, "POP_EST": 200963599, "POP_RANK": 17, "POP_YEAR": 2019, "GDP_MD": 448120, "GDP_YEAR": 2019, "ECONOMY": "5. Emerging region: G20", "INCOME_GRP": "4. Lower middle income", "FIPS_10": "NI", "ISO_A2": "NG", "ISO_A2_EH": "NG", "ISO_A3": "NGA", "ISO_A3_EH": "NGA", "ISO_N3": "566", "ISO_N3_EH": "566", "UN_A3": "566", "WB_A2": "NG", "WB_A3": "NGA", "WOE_ID": 23424908, "WOE_ID_EH": 23424908, "WOE_NOTE": "Exact WOE match as country", "ADM0_ISO": "NGA", "ADM0_DIFF": null, "ADM0_TLC": "NGA", "ADM0_A3_US": "NGA", "ADM0_A3_FR": "NGA", "ADM0_A3_RU": "NGA", "ADM0_A3_ES": "NGA", "ADM0_A3_CN": "NGA", "ADM0_A3_TW": "NGA", "ADM0_A3_IN": "NGA", "ADM0_A3_NP": "NGA", "ADM0_A3_PK": "NGA", "ADM0_A3_DE": "NGA", "ADM0_A3_GB": "NGA", "ADM0_A3_BR": "NGA", "ADM0_A3_IL": "NGA", "ADM0_A3_PS": "NGA", "ADM0_A3_SA": "NGA", "ADM0_A3_EG": "NGA", "ADM0_A3_MA": "NGA", "ADM0_A3_PT": "NGA", "ADM0_A3_AR": "NGA", "ADM0_A3_JP": "NGA", "ADM0_A3_KO": "NGA", "ADM0_A3_VN": "NGA", "ADM0_A3_TR": "NGA", "ADM0_A3_ID": "NGA", "ADM0_A3_PL": "NGA", "ADM0_A3_GR": "NGA", "ADM0_A3_IT": "NGA", "ADM0_A3_NL": "NGA", "ADM0_A3_SE": "NGA", "ADM0_A3_BD": "NGA", "ADM0_A3_UA": "NGA", "ADM0_A3_UN": -99, "ADM0_A3_WB": -99, "CONTINENT": "Africa", "REGION_UN": "Africa", "SUBREGION": "Western Africa", "REGION_WB": "Sub-Saharan Africa", "NAME_LEN": 7, "LONG_LEN": 7, "ABBREV_LEN": 7, "TINY": -99, "HOMEPART": 1, "MIN_ZOOM": 0, "MIN_LABEL": 1.7, "MAX_LABEL": 6.7, "LABEL_X": 7.50322, "LABEL_Y": 9.439799, "NE_ID": 1159321089, "WIKIDATAID": "Q1033", "NAME_AR": "\u0646\u064a\u062c\u064a\u0631\u064a\u0627", "NAME_BN": "\u09a8\u09be\u0987\u099c\u09c7\u09b0\u09bf\u09af\u09bc\u09be", "NAME_DE": "Nigeria", "NAME_EN": "Nigeria", "NAME_ES": "Nigeria", "NAME_FA": "\u0646\u06cc\u062c\u0631\u06cc\u0647", "NAME_FR": "Nigeria", "NAME_EL": "\u039d\u03b9\u03b3\u03b7\u03c1\u03af\u03b1", "NAME_HE": "\u05e0\u05d9\u05d2\u05e8\u05d9\u05d4", "NAME_HI": "\u0928\u093e\u0908\u091c\u0940\u0930\u093f\u092f\u093e", "NAME_HU": "Nig\u00e9ria", "NAME_ID": "Nigeria", "NAME_IT": "Nigeria", "NAME_JA": "\u30ca\u30a4\u30b8\u30a7\u30ea\u30a2", "NAME_KO": "\ub098\uc774\uc9c0\ub9ac\uc544", "NAME_NL": "Nigeria", "NAME_PL": "Nigeria", "NAME_PT": "Nig\u00e9ria", "NAME_RU": "\u041d\u0438\u0433\u0435\u0440\u0438\u044f", "NAME_SV": "Nigeria", "NAME_TR": "Nijerya", "NAME_UK": "\u041d\u0456\u0433\u0435\u0440\u0456\u044f", "NAME_UR": "\u0646\u0627\u0626\u062c\u06cc\u0631\u06cc\u0627", "NAME_VI": "Nigeria", "NAME_ZH": "\u5c3c\u65e5\u5229\u4e9a", "NAME_ZHT": "\u5948\u53ca\u5229\u4e9e", "FCLASS_ISO": "Admin-0 country", "TLC_DIFF": null, "FCLASS_TLC": "Admin-0 country", "FCLASS_US": null, "FCLASS_FR": null, "FCLASS_RU": null, "FCLASS_ES": null, "FCLASS_CN": null, "FCLASS_TW": null, "FCLASS_IN": null, "FCLASS_NP": null, "FCLASS_PK": null, "FCLASS_DE": null, "FCLASS_GB": null, "FCLASS_BR": null, "FCLASS_IL": null, "FCLASS_PS": null, "FCLASS_SA": null, "FCLASS_EG": null, "FCLASS_MA": null, "FCLASS_PT": null, "FCLASS_AR": null, "FCLASS_JP": null, "FCLASS_KO": null, "FCLASS_VN": null, "FCLASS_TR": null, "FCLASS_ID": null, "FCLASS_PL": null, "FCLASS_GR": null, "FCLASS_IT": null, "FCLASS_NL": null, "FCLASS_SE": null, "FCLASS_BD": null, "FCLASS_UA": null, "cartogram_scale": 0.6, "dc_count": 14, "dc_code": "NGA"}, "geometry": {"type": "Polygon", "coordinates": [[[4.9544, 7.6479], [4.9888, 8.6151], [4.9737, 8.9967], [5.0868, 9.3752], [5.2716, 9.5591], [5.5626, 9.9305], [5.4994, 10.0919], [5.6176, 10.3335], [5.4827, 10.6894], [5.5061, 10.8887], [5.5478, 11.4244], [5.7198, 11.6663], [5.8041, 12.0113], [5.9604, 12.1411], [6.6052, 12.2122], [7.2066, 11.9883], [7.4316, 11.7617], [7.7378, 11.7514], [8.0222, 11.8987], [8.7483, 11.5886], [9.0543, 11.6033], [9.4083, 11.859], [9.76, 11.8408], [9.9331, 11.925], [10.2561, 11.89], [10.7206, 11.7149], [11.1898, 12.0503], [11.3306, 12.0264], [11.7366, 11.3696], [11.8482, 11.3828], [12.0857, 11.1438], [12.0203, 11.0355], [11.9886, 10.836], [11.4832, 10.3718], [11.3246, 9.9888], [11.2399, 9.677], [11.1127, 9.5433], [10.9916, 9.1233], [10.6707, 8.8761], [10.5777, 8.5725], [10.443, 8.3308], [10.3868, 8.0814], [9.9747, 7.8793], [9.6378, 8.1258], [9.4103, 8.1159], [9.053, 7.7647], [8.8793, 7.7593], [8.5939, 7.1804], [8.4396, 6.7558], [7.8166, 6.5399], [7.5889, 6.5714], [7.3582, 6.437], [6.8783, 6.4501], [6.5571, 6.8254], [6.3595, 7.2597], [5.9347, 7.655], [5.4839, 7.6476], [4.9544, 7.6479]]]}}, {"type": "Feature", "properties": {"featurecla": "Admin-0 country", "scalerank": 1, "LABELRANK": 3, "SOVEREIGNT": "Cameroon", "SOV_A3": "CMR", "ADM0_DIF": 0, "LEVEL": 2, "TYPE": "Sovereign country", "TLC": "1", "ADMIN": "Cameroon", "ADM0_A3": "CMR", "GEOU_DIF": 0, "GEOUNIT": "Cameroon", "GU_A3": "CMR", "SU_DIF": 0, "SUBUNIT": "Cameroon", "SU_A3": "CMR", "BRK_DIFF": 0, "NAME": "Cameroon", "NAME_LONG": "Cameroon", "BRK_A3": "CMR", "BRK_NAME": "Cameroon", "BRK_GROUP": null, "ABBREV": "Cam.", "POSTAL": "CM", "FORMAL_EN": "Republic of Cameroon", "FORMAL_FR": null, "NAME_CIAWF": "Cameroon", "NOTE_ADM0": null, "NOTE_BRK": null, "NAME_SORT": "Cameroon", "NAME_ALT": null, "MAPCOLOR7": 1, "MAPCOLOR8": 4, "MAPCOLOR9": 1, "MAPCOLOR13": 3, "POP_EST": 25876380, "POP_RANK": 15, "POP_YEAR": 2019, "GDP_MD": 39007, "GDP_YEAR": 2019, "ECONOMY": "6. Developing region", "INCOME_GRP": "4. Lower middle income", "FIPS_10": "CM", "ISO_A2": "CM", "ISO_A2_EH": "CM", "ISO_A3": "CMR", "ISO_A3_EH": "CMR", "ISO_N3": "120", "ISO_N3_EH": "120", "UN_A3": "120", "WB_A2": "CM", "WB_A3": "CMR", "WOE_ID": 23424785, "WOE_ID_EH": 23424785, "WOE_NOTE": "Exact WOE match as country", "ADM0_ISO": "CMR", "ADM0_DIFF": null, "ADM0_TLC": "CMR", "ADM0_A3_US": "CMR", "ADM0_A3_FR": "CMR", "ADM0_A3_RU": "CMR", "ADM0_A3_ES": "CMR", "ADM0_A3_CN": "CMR", "ADM0_A3_TW": "CMR", "ADM0_A3_IN": "CMR", "ADM0_A3_NP": "CMR", "ADM0_A3_PK": "CMR", "ADM0_A3_DE": "CMR", "ADM0_A3_GB": "CMR", "ADM0_A3_BR": "CMR", "ADM0_A3_IL": "CMR", "ADM0_A3_PS": "CMR", "ADM0_A3_SA": "CMR", "ADM0_A3_EG": "CMR", "ADM0_A3_MA": "CMR", "ADM0_A3_PT": "CMR", "ADM0_A3_AR": "CMR", "ADM0_A3_JP": "CMR", "ADM0_A3_KO": "CMR", "ADM0_A3_VN": "CMR", "ADM0_A3_TR": "CMR", "ADM0_A3_ID": "CMR", "ADM0_A3_PL": "CMR", "ADM0_A3_GR": "CMR", "ADM0_A3_IT": "CMR", "ADM0_A3_NL": "CMR", "ADM0_A3_SE": "CMR", "ADM0_A3_BD": "CMR", "ADM0_A3_UA": "CMR", "ADM0_A3_UN": -99, "ADM0_A3_WB": -99, "CONTINENT": "Africa", "REGION_UN": "Africa", "SUBREGION": "Middle Africa", "REGION_WB": "Sub-Saharan Africa", "NAME_LEN": 8, "LONG_LEN": 8, "ABBREV_LEN": 4, "TINY": -99, "HOMEPART": 1, "MIN_ZOOM": 0, "MIN_LABEL": 3, "MAX_LABEL": 8, "LABEL_X": 12.473488, "LABEL_Y": 4.585041, "NE_ID": 1159320509, "WIKIDATAID": "Q1009", "NAME_AR": "\u0627\u0644\u0643\u0627\u0645\u064a\u0631\u0648\u0646", "NAME_BN": "\u0995\u09cd\u09af\u09be\u09ae\u09c7\u09b0\u09c1\u09a8", "NAME_DE": "Kamerun", "NAME_EN": "Cameroon", "NAME_ES": "Camer\u00fan", "NAME_FA": "\u06a9\u0627\u0645\u0631\u0648\u0646", "NAME_FR": "Cameroun", "NAME_EL": "\u039a\u03b1\u03bc\u03b5\u03c1\u03bf\u03cd\u03bd", "NAME_HE": "\u05e7\u05de\u05e8\u05d5\u05df", "NAME_HI": "\u0915\u0948\u092e\u0930\u0941\u0928", "NAME_HU": "Kamerun", "NAME_ID": "Kamerun", "NAME_IT": "Camerun", "NAME_JA": "\u30ab\u30e1\u30eb\u30fc\u30f3", "NAME_KO": "\uce74\uba54\ub8ec", "NAME_NL": "Kameroen", "NAME_PL": "Kamerun", "NAME_PT": "Camar\u00f5es", "NAME_RU": "\u041a\u0430\u043c\u0435\u0440\u0443\u043d", "NAME_SV": "Kamerun", "NAME_TR": "Kamerun", "NAME_UK": "\u041a\u0430\u043c\u0435\u0440\u0443\u043d", "NAME_UR": "\u06a9\u06cc\u0645\u0631\u0648\u0646", "NAME_VI": "Cameroon", "NAME_ZH": "\u5580\u9ea6\u9686", "NAME_ZHT": "\u5580\u9ea5\u9686", "FCLASS_ISO": "Admin-0 country", "TLC_DIFF": null, "FCLASS_TLC": "Admin-0 country", "FCLASS_US": null, "FCLASS_FR": null, "FCLASS_RU": null, "FCLASS_ES": null, "FCLASS_CN": null, "FCLASS_TW": null, "FCLASS_IN": null, "FCLASS_NP": null, "FCLASS_PK": null, "FCLASS_DE": null, "FCLASS_GB": null, "FCLASS_BR": null, "FCLASS_IL": null, "FCLASS_PS": null, "FCLASS_SA": null, "FCLASS_EG": null, "FCLASS_MA": null, "FCLASS_PT": null, "FCLASS_AR": null, "FCLASS_JP": null, "FCLASS_KO": null, "FCLASS_VN": null, "FCLASS_TR": null, "FCLASS_ID": null, "FCLASS_PL": null, "FCLASS_GR": null, "FCLASS_IT": null, "FCLASS_NL": null, "FCLASS_SE": null, "FCLASS_BD": null, "FCLASS_UA": null, "cartogram_scale": 0.3, "dc_count": 0, "dc_code": "OTHER"}, "geometry": {"type": "Polygon", "coordinates": [[[13.5668, 8.6922], [13.686, 8.5001], [13.7061, 8.3011], [13.6951, 8.1018], [13.8584, 7.8291], [13.6908, 7.832], [13.6062, 7.8107], [13.4695, 7.8408], [13.4043, 7.6993], [13.5814, 7.5242], [13.712, 7.4732], [13.7543, 7.3491], [13.8489, 7.1423], [13.8019, 7.061], [13.651, 6.757], [13.579, 6.7025], [13.5559, 6.4699], [13.5857, 6.3436], [13.5615, 6.2542], [13.7033, 6.0975], [13.7289, 5.9898], [13.8396, 5.835], [13.9768, 5.7385], [13.9902, 5.6016], [14.0219, 5.5147], [14.0003, 5.3527], [13.7619, 5.4236], [13.5194, 5.5028], [13.1408, 5.5145], [13.1034, 5.5309], [12.9258, 5.4923], [12.7435, 5.5324], [12.601, 5.5127], [12.1128, 5.5196], [12.1566, 5.7564], [12.0393, 5.9548], [11.9025, 6.0056], [11.8415, 6.1401], [11.7647, 6.1831], [11.7681, 6.266], [11.8453, 6.4783], [11.988, 6.7678], [12.0748, 6.7705], [12.2535, 6.946], [12.3672, 6.951], [12.5357, 6.8277], [12.7418, 6.9288], [12.7698, 7.0535], [12.8372, 7.1743], [12.8837, 7.3262], [13.0441, 7.4497], [13.1047, 7.6597], [13.1683, 7.7266], [13.2106, 7.8825], [13.2899, 8.074], [13.5426, 8.3061], [13.5585, 8.4058], [13.5912, 8.46], [13.4724, 8.5795], [13.4821, 8.675], [13.5668, 8.6922]]]}}, {"type": "Feature", "properties": {"featurecla": "Admin-0 country", "scalerank": 1, "LABELRANK": 6, "SOVEREIGNT": "Togo", "SOV_A3": "TGO", "ADM0_DIF": 0, "LEVEL": 2, "TYPE": "Sovereign country", "TLC": "1", "ADMIN": "Togo", "ADM0_A3": "TGO", "GEOU_DIF": 0, "GEOUNIT": "Togo", "GU_A3": "TGO", "SU_DIF": 0, "SUBUNIT": "Togo", "SU_A3": "TGO", "BRK_DIFF": 0, "NAME": "Togo", "NAME_LONG": "Togo", "BRK_A3": "TGO", "BRK_NAME": "Togo", "BRK_GROUP": null, "ABBREV": "Togo", "POSTAL": "TG", "FORMAL_EN": "Togolese Republic", "FORMAL_FR": "R\u00e9publique Togolaise", "NAME_CIAWF": "Togo", "NOTE_ADM0": null, "NOTE_BRK": null, "NAME_SORT": "Togo", "NAME_ALT": null, "MAPCOLOR7": 3, "MAPCOLOR8": 1, "MAPCOLOR9": 3, "MAPCOLOR13": 5, "POP_EST": 8082366, "POP_RANK": 13, "POP_YEAR": 2019, "GDP_MD": 5490, "GDP_YEAR": 2019, "ECONOMY": "7. Least developed region", "INCOME_GRP": "5. Low income", "FIPS_10": "TO", "ISO_A2": "TG", "ISO_A2_EH": "TG", "ISO_A3": "TGO", "ISO_A3_EH": "TGO", "ISO_N3": "768", "ISO_N3_EH": "768", "UN_A3": "768", "WB_A2": "TG", "WB_A3": "TGO", "WOE_ID": 23424965, "WOE_ID_EH": 23424965, "WOE_NOTE": "Exact WOE match as country", "ADM0_ISO": "TGO", "ADM0_DIFF": null, "ADM0_TLC": "TGO", "ADM0_A3_US": "TGO", "ADM0_A3_FR": "TGO", "ADM0_A3_RU": "TGO", "ADM0_A3_ES": "TGO", "ADM0_A3_CN": "TGO", "ADM0_A3_TW": "TGO", "ADM0_A3_IN": "TGO", "ADM0_A3_NP": "TGO", "ADM0_A3_PK": "TGO", "ADM0_A3_DE": "TGO", "ADM0_A3_GB": "TGO", "ADM0_A3_BR": "TGO", "ADM0_A3_IL": "TGO", "ADM0_A3_PS": "TGO", "ADM0_A3_SA": "TGO", "ADM0_A3_EG": "TGO", "ADM0_A3_MA": "TGO", "ADM0_A3_PT": "TGO", "ADM0_A3_AR": "TGO", "ADM0_A3_JP": "TGO", "ADM0_A3_KO": "TGO", "ADM0_A3_VN": "TGO", "ADM0_A3_TR": "TGO", "ADM0_A3_ID": "TGO", "ADM0_A3_PL": "TGO", "ADM0_A3_GR": "TGO", "ADM0_A3_IT": "TGO", "ADM0_A3_NL": "TGO", "ADM0_A3_SE": "TGO", "ADM0_A3_BD": "TGO", "ADM0_A3_UA": "TGO", "ADM0_A3_UN": -99, "ADM0_A3_WB": -99, "CONTINENT": "Africa", "REGION_UN": "Africa", "SUBREGION": "Western Africa", "REGION_WB": "Sub-Saharan Africa", "NAME_LEN": 4, "LONG_LEN": 4, "ABBREV_LEN": 4, "TINY": -99, "HOMEPART": 1, "MIN_ZOOM": 0, "MIN_LABEL": 5, "MAX_LABEL": 10, "LABEL_X": 1.058113, "LABEL_Y": 8.80722, "NE_ID": 1159321303, "WIKIDATAID": "Q945", "NAME_AR": "\u062a\u0648\u063a\u0648", "NAME_BN": "\u099f\u09cb\u0997\u09cb", "NAME_DE": "Togo", "NAME_EN": "Togo", "NAME_ES": "Togo", "NAME_FA": "\u062a\u0648\u06af\u0648", "NAME_FR": "Togo", "NAME_EL": "\u03a4\u03cc\u03b3\u03ba\u03bf", "NAME_HE": "\u05d8\u05d5\u05d2\u05d5", "NAME_HI": "\u091f\u094b\u0917\u094b", "NAME_HU": "Togo", "NAME_ID": "Togo", "NAME_IT": "Togo", "NAME_JA": "\u30c8\u30fc\u30b4", "NAME_KO": "\ud1a0\uace0", "NAME_NL": "Togo", "NAME_PL": "Togo", "NAME_PT": "Togo", "NAME_RU": "\u0422\u043e\u0433\u043e", "NAME_SV": "Togo", "NAME_TR": "Togo", "NAME_UK": "\u0422\u043e\u0433\u043e", "NAME_UR": "\u0679\u0648\u06af\u0648", "NAME_VI": "Togo", "NAME_ZH": "\u591a\u54e5", "NAME_ZHT": "\u591a\u54e5", "FCLASS_ISO": "Admin-0 country", "TLC_DIFF": null, "FCLASS_TLC": "Admin-0 country", "FCLASS_US": null, "FCLASS_FR": null, "FCLASS_RU": null, "FCLASS_ES": null, "FCLASS_CN": null, "FCLASS_TW": null, "FCLASS_IN": null, "FCLASS_NP": null, "FCLASS_PK": null, "FCLASS_DE": null, "FCLASS_GB": null, "FCLASS_BR": null, "FCLASS_IL": null, "FCLASS_PS": null, "FCLASS_SA": null, "FCLASS_EG": null, "FCLASS_MA": null, "FCLASS_PT": null, "FCLASS_AR": null, "FCLASS_JP": null, "FCLASS_KO": null, "FCLASS_VN": null, "FCLASS_TR": null, "FCLASS_ID": null, "FCLASS_PL": null, "FCLASS_GR": null, "FCLASS_IT": null, "FCLASS_NL": null, "FCLASS_SE": null, "FCLASS_BD": null, "FCLASS_UA": null, "cartogram_scale": 0.3, "dc_count": 0, "dc_code": "OTHER"}, "geometry": {"type": "Polygon", "coordinates": [[[0.8787, 9.5185], [0.8405, 9.3606], [0.9322, 9.272], [1.0363, 9.1669], [1.0477, 9.0197], [1.1082, 8.9579], [1.0945, 8.2689], [1.1684, 8.062], [0.9269, 7.998], [0.8599, 8.1033], [0.7799, 8.2936], [0.7561, 8.4429], [0.8224, 8.7131], [0.7472, 8.8225], [0.7186, 9.0588], [0.7191, 9.2767], [0.5939, 9.4314], [0.616, 9.5249], [0.8787, 9.5185]]]}}, {"type": "Feature", "properties": {"featurecla": "Admin-0 country", "scalerank": 1, "LABELRANK": 3, "SOVEREIGNT": "Ghana", "SOV_A3": "GHA", "ADM0_DIF": 0, "LEVEL": 2, "TYPE": "Sovereign country", "TLC": "1", "ADMIN": "Ghana", "ADM0_A3": "GHA", "GEOU_DIF": 0, "GEOUNIT": "Ghana", "GU_A3": "GHA", "SU_DIF": 0, "SUBUNIT": "Ghana", "SU_A3": "GHA", "BRK_DIFF": 0, "NAME": "Ghana", "NAME_LONG": "Ghana", "BRK_A3": "GHA", "BRK_NAME": "Ghana", "BRK_GROUP": null, "ABBREV": "Ghana", "POSTAL": "GH", "FORMAL_EN": "Republic of Ghana", "FORMAL_FR": null, "NAME_CIAWF": "Ghana", "NOTE_ADM0": null, "NOTE_BRK": null, "NAME_SORT": "Ghana", "NAME_ALT": null, "MAPCOLOR7": 5, "MAPCOLOR8": 3, "MAPCOLOR9": 1, "MAPCOLOR13": 4, "POP_EST": 30417856, "POP_RANK": 15, "POP_YEAR": 2019, "GDP_MD": 66983, "GDP_YEAR": 2019, "ECONOMY": "6. Developing region", "INCOME_GRP": "4. Lower middle income", "FIPS_10": "GH", "ISO_A2": "GH", "ISO_A2_EH": "GH", "ISO_A3": "GHA", "ISO_A3_EH": "GHA", "ISO_N3": "288", "ISO_N3_EH": "288", "UN_A3": "288", "WB_A2": "GH", "WB_A3": "GHA", "WOE_ID": 23424824, "WOE_ID_EH": 23424824, "WOE_NOTE": "Exact WOE match as country", "ADM0_ISO": "GHA", "ADM0_DIFF": null, "ADM0_TLC": "GHA", "ADM0_A3_US": "GHA", "ADM0_A3_FR": "GHA", "ADM0_A3_RU": "GHA", "ADM0_A3_ES": "GHA", "ADM0_A3_CN": "GHA", "ADM0_A3_TW": "GHA", "ADM0_A3_IN": "GHA", "ADM0_A3_NP": "GHA", "ADM0_A3_PK": "GHA", "ADM0_A3_DE": "GHA", "ADM0_A3_GB": "GHA", "ADM0_A3_BR": "GHA", "ADM0_A3_IL": "GHA", "ADM0_A3_PS": "GHA", "ADM0_A3_SA": "GHA", "ADM0_A3_EG": "GHA", "ADM0_A3_MA": "GHA", "ADM0_A3_PT": "GHA", "ADM0_A3_AR": "GHA", "ADM0_A3_JP": "GHA", "ADM0_A3_KO": "GHA", "ADM0_A3_VN": "GHA", "ADM0_A3_TR": "GHA", "ADM0_A3_ID": "GHA", "ADM0_A3_PL": "GHA", "ADM0_A3_GR": "GHA", "ADM0_A3_IT": "GHA", "ADM0_A3_NL": "GHA", "ADM0_A3_SE": "GHA", "ADM0_A3_BD": "GHA", "ADM0_A3_UA": "GHA", "ADM0_A3_UN": -99, "ADM0_A3_WB": -99, "CONTINENT": "Africa", "REGION_UN": "Africa", "SUBREGION": "Western Africa", "REGION_WB": "Sub-Saharan Africa", "NAME_LEN": 5, "LONG_LEN": 5, "ABBREV_LEN": 5, "TINY": -99, "HOMEPART": 1, "MIN_ZOOM": 0, "MIN_LABEL": 2.7, "MAX_LABEL": 8, "LABEL_X": -1.036941, "LABEL_Y": 7.717639, "NE_ID": 1159320793, "WIKIDATAID": "Q117", "NAME_AR": "\u063a\u0627\u0646\u0627", "NAME_BN": "\u0998\u09be\u09a8\u09be", "NAME_DE": "Ghana", "NAME_EN": "Ghana", "NAME_ES": "Ghana", "NAME_FA": "\u063a\u0646\u0627", "NAME_FR": "Ghana", "NAME_EL": "\u0393\u03ba\u03ac\u03bd\u03b1", "NAME_HE": "\u05d2\u05d0\u05e0\u05d4", "NAME_HI": "\u0918\u093e\u0928\u093e", "NAME_HU": "Gh\u00e1na", "NAME_ID": "Ghana", "NAME_IT": "Ghana", "NAME_JA": "\u30ac\u30fc\u30ca", "NAME_KO": "\uac00\ub098", "NAME_NL": "Ghana", "NAME_PL": "Ghana", "NAME_PT": "Gana", "NAME_RU": "\u0413\u0430\u043d\u0430", "NAME_SV": "Ghana", "NAME_TR": "Gana", "NAME_UK": "\u0413\u0430\u043d\u0430", "NAME_UR": "\u06af\u06be\u0627\u0646\u0627", "NAME_VI": "Ghana", "NAME_ZH": "\u52a0\u7eb3", "NAME_ZHT": "\u8fe6\u7d0d", "FCLASS_ISO": "Admin-0 country", "TLC_DIFF": null, "FCLASS_TLC": "Admin-0 country", "FCLASS_US": null, "FCLASS_FR": null, "FCLASS_RU": null, "FCLASS_ES": null, "FCLASS_CN": null, "FCLASS_TW": null, "FCLASS_IN": null, "FCLASS_NP": null, "FCLASS_PK": null, "FCLASS_DE": null, "FCLASS_GB": null, "FCLASS_BR": null, "FCLASS_IL": null, "FCLASS_PS": null, "FCLASS_SA": null, "FCLASS_EG": null, "FCLASS_MA": null, "FCLASS_PT": null, "FCLASS_AR": null, "FCLASS_JP": null, "FCLASS_KO": null, "FCLASS_VN": null, "FCLASS_TR": null, "FCLASS_ID": null, "FCLASS_PL": null, "FCLASS_GR": null, "FCLASS_IT": null, "FCLASS_NL": null, "FCLASS_SE": null, "FCLASS_BD": null, "FCLASS_UA": null, "cartogram_scale": 0.3, "dc_count": 0, "dc_code": "OTHER"}, "geometry": {"type": "Polygon", "coordinates": [[[-0.6723, 9.1088], [-0.6944, 9.0153], [-0.5692, 8.8606], [-0.5697, 8.6427], [-0.5411, 8.4064], [-0.4658, 8.297], [-0.5321, 8.0268], [-0.5083, 7.8775], [-0.4284, 7.6872], [-0.3614, 7.5819], [-0.8317, 7.4063], [-0.9985, 7.3034], [-1.2688, 7.2164], [-1.5363, 7.3016], [-1.5226, 7.42], [-1.6527, 7.6784], [-1.5745, 8.0171], [-1.4481, 8.2691], [-1.5277, 8.696], [-1.5686, 8.9218], [-1.5616, 9.092], [-1.0404, 9.1062], [-0.9079, 9.0843], [-0.811, 9.1327], [-0.6723, 9.1088]]]}}, {"type": "Feature", "properties": {"featurecla": "Admin-0 country", "scalerank": 1, "LABELRANK": 3, "SOVEREIGNT": "Ivory Coast", "SOV_A3": "CIV", "ADM0_DIF": 0, "LEVEL": 2, "TYPE": "Sovereign country", "TLC": "1", "ADMIN": "Ivory Coast", "ADM0_A3": "CIV", "GEOU_DIF": 0, "GEOUNIT": "Ivory Coast", "GU_A3": "CIV", "SU_DIF": 0, "SUBUNIT": "Ivory Coast", "SU_A3": "CIV", "BRK_DIFF": 0, "NAME": "C\u00f4te d'Ivoire", "NAME_LONG": "C\u00f4te d'Ivoire", "BRK_A3": "CIV", "BRK_NAME": "C\u00f4te d'Ivoire", "BRK_GROUP": null, "ABBREV": "I.C.", "POSTAL": "CI", "FORMAL_EN": "Republic of Ivory Coast", "FORMAL_FR": "Republic of Cote D'Ivoire", "NAME_CIAWF": "Cote D'ivoire", "NOTE_ADM0": null, "NOTE_BRK": null, "NAME_SORT": "C\u00f4te d'Ivoire", "NAME_ALT": null, "MAPCOLOR7": 4, "MAPCOLOR8": 6, "MAPCOLOR9": 3, "MAPCOLOR13": 3, "POP_EST": 25716544, "POP_RANK": 15, "POP_YEAR": 2019, "GDP_MD": 58539, "GDP_YEAR": 2019, "ECONOMY": "6. Developing region", "INCOME_GRP": "4. Lower middle income", "FIPS_10": "IV", "ISO_A2": "CI", "ISO_A2_EH": "CI", "ISO_A3": "CIV", "ISO_A3_EH": "CIV", "ISO_N3": "384", "ISO_N3_EH": "384", "UN_A3": "384", "WB_A2": "CI", "WB_A3": "CIV", "WOE_ID": 23424854, "WOE_ID_EH": 23424854, "WOE_NOTE": "Exact WOE match as country", "ADM0_ISO": "CIV", "ADM0_DIFF": null, "ADM0_TLC": "CIV", "ADM0_A3_US": "CIV", "ADM0_A3_FR": "CIV", "ADM0_A3_RU": "CIV", "ADM0_A3_ES": "CIV", "ADM0_A3_CN": "CIV", "ADM0_A3_TW": "CIV", "ADM0_A3_IN": "CIV", "ADM0_A3_NP": "CIV", "ADM0_A3_PK": "CIV", "ADM0_A3_DE": "CIV", "ADM0_A3_GB": "CIV", "ADM0_A3_BR": "CIV", "ADM0_A3_IL": "CIV", "ADM0_A3_PS": "CIV", "ADM0_A3_SA": "CIV", "ADM0_A3_EG": "CIV", "ADM0_A3_MA": "CIV", "ADM0_A3_PT": "CIV", "ADM0_A3_AR": "CIV", "ADM0_A3_JP": "CIV", "ADM0_A3_KO": "CIV", "ADM0_A3_VN": "CIV", "ADM0_A3_TR": "CIV", "ADM0_A3_ID": "CIV", "ADM0_A3_PL": "CIV", "ADM0_A3_GR": "CIV", "ADM0_A3_IT": "CIV", "ADM0_A3_NL": "CIV", "ADM0_A3_SE": "CIV", "ADM0_A3_BD": "CIV", "ADM0_A3_UA": "CIV", "ADM0_A3_UN": -99, "ADM0_A3_WB": -99, "CONTINENT": "Africa", "REGION_UN": "Africa", "SUBREGION": "Western Africa", "REGION_WB": "Sub-Saharan Africa", "NAME_LEN": 13, "LONG_LEN": 13, "ABBREV_LEN": 4, "TINY": -99, "HOMEPART": 1, "MIN_ZOOM": 0, "MIN_LABEL": 2.5, "MAX_LABEL": 8, "LABEL_X": -5.568618, "LABEL_Y": 7.49139, "NE_ID": 1159320507, "WIKIDATAID": "Q1008", "NAME_AR": "\u0633\u0627\u062d\u0644 \u0627\u0644\u0639\u0627\u062c", "NAME_BN": "\u0995\u09cb\u09a4 \u09a6\u09bf\u09ad\u09cb\u09af\u09bc\u09be\u09b0", "NAME_DE": "Elfenbeink\u00fcste", "NAME_EN": "Ivory Coast", "NAME_ES": "Costa de Marfil", "NAME_FA": "\u0633\u0627\u062d\u0644 \u0639\u0627\u062c", "NAME_FR": "C\u00f4te d'Ivoire", "NAME_EL": "\u0391\u03ba\u03c4\u03ae \u0395\u03bb\u03b5\u03c6\u03b1\u03bd\u03c4\u03bf\u03c3\u03c4\u03bf\u03cd", "NAME_HE": "\u05d7\u05d5\u05e3 \u05d4\u05e9\u05e0\u05d4\u05d1", "NAME_HI": "\u0915\u094b\u0924 \u0926\u093f\u0935\u094d\u0935\u093e\u0930", "NAME_HU": "Elef\u00e1ntcsontpart", "NAME_ID": "Pantai Gading", "NAME_IT": "Costa d'Avorio", "NAME_JA": "\u30b3\u30fc\u30c8\u30b8\u30dc\u30ef\u30fc\u30eb", "NAME_KO": "\ucf54\ud2b8\ub514\ubd80\uc544\ub974", "NAME_NL": "Ivoorkust", "NAME_PL": "Wybrze\u017ce Ko\u015bci S\u0142oniowej", "NAME_PT": "Costa do Marfim", "NAME_RU": "\u041a\u043e\u0442-\u0434\u2019\u0418\u0432\u0443\u0430\u0440", "NAME_SV": "Elfenbenskusten", "NAME_TR": "Fildi\u015fi Sahili", "NAME_UK": "\u041a\u043e\u0442-\u0434'\u0406\u0432\u0443\u0430\u0440", "NAME_UR": "\u06a9\u0648\u062a \u062f\u0627\u0648\u0648\u0627\u063a", "NAME_VI": "B\u1edd Bi\u1ec3n Ng\u00e0", "NAME_ZH": "\u79d1\u7279\u8fea\u74e6", "NAME_ZHT": "\u8c61\u7259\u6d77\u5cb8", "FCLASS_ISO": "Admin-0 country", "TLC_DIFF": null, "FCLASS_TLC": "Admin-0 country", "FCLASS_US": null, "FCLASS_FR": null, "FCLASS_RU": null, "FCLASS_ES": null, "FCLASS_CN": null, "FCLASS_TW": null, "FCLASS_IN": null, "FCLASS_NP": null, "FCLASS_PK": null, "FCLASS_DE": null, "FCLASS_GB": null, "FCLASS_BR": null, "FCLASS_IL": null, "FCLASS_PS": null, "FCLASS_SA": null, "FCLASS_EG": null, "FCLASS_MA": null, "FCLASS_PT": null, "FCLASS_AR": null, "FCLASS_JP": null, "FCLASS_KO": null, "FCLASS_VN": null, "FCLASS_TR": null, "FCLASS_ID": null, "FCLASS_PL": null, "FCLASS_GR": null, "FCLASS_IT": null, "FCLASS_NL": null, "FCLASS_SE": null, "FCLASS_BD": null, "FCLASS_UA": null, "cartogram_scale": 0.3, "dc_count": 0, "dc_code": "OTHER"}, "geometry": {"type": "Polygon", "coordinates": [[[-6.8509, 8.6232], [-6.8117, 8.6504], [-6.7287, 8.6054], [-6.497, 8.6029], [-6.4418, 8.6905], [-6.3901, 8.6846], [-6.3034, 8.7184], [-6.257, 8.5901], [-6.187, 8.628], [-6.0632, 8.6724], [-5.9283, 8.607], [-5.8758, 8.5078], [-5.7409, 8.4445], [-5.636, 8.5199], [-5.4954, 8.5313], [-5.2901, 8.454], [-5.2105, 8.0271], [-5.3369, 7.7751], [-5.4152, 7.4364], [-5.2851, 7.1779], [-5.2987, 7.0596], [-5.4352, 7.0565], [-5.6445, 7.1152], [-5.8368, 7.1117], [-6.1922, 7.0593], [-6.4005, 6.9728], [-6.6976, 6.8627], [-6.7555, 6.8706], [-6.7325, 7.1177], [-6.7038, 7.1552], [-6.7129, 7.2734], [-6.84, 7.3991], [-6.9353, 7.4191], [-7.0227, 7.5015], [-6.9575, 7.6348], [-6.9875, 7.7798], [-6.9737, 7.867], [-6.9261, 7.8674], [-6.9084, 7.9982], [-6.9316, 8.0562], [-6.9029, 8.0979], [-6.7915, 8.1339], [-6.8656, 8.3741], [-6.9348, 8.4981], [-6.9107, 8.5999], [-6.8509, 8.6232]]]}}, {"type": "Feature", "properties": {"featurecla": "Admin-0 country", "scalerank": 1, "LABELRANK": 3, "SOVEREIGNT": "Guinea", "SOV_A3": "GIN", "ADM0_DIF": 0, "LEVEL": 2, "TYPE": "Sovereign country", "TLC": "1", "ADMIN": "Guinea", "ADM0_A3": "GIN", "GEOU_DIF": 0, "GEOUNIT": "Guinea", "GU_A3": "GIN", "SU_DIF": 0, "SUBUNIT": "Guinea", "SU_A3": "GIN", "BRK_DIFF": 0, "NAME": "Guinea", "NAME_LONG": "Guinea", "BRK_A3": "GIN", "BRK_NAME": "Guinea", "BRK_GROUP": null, "ABBREV": "Gin.", "POSTAL": "GN", "FORMAL_EN": "Republic of Guinea", "FORMAL_FR": null, "NAME_CIAWF": "Guinea", "NOTE_ADM0": null, "NOTE_BRK": null, "NAME_SORT": "Guinea", "NAME_ALT": null, "MAPCOLOR7": 6, "MAPCOLOR8": 3, "MAPCOLOR9": 7, "MAPCOLOR13": 2, "POP_EST": 12771246, "POP_RANK": 14, "POP_YEAR": 2019, "GDP_MD": 12296, "GDP_YEAR": 2019, "ECONOMY": "7. Least developed region", "INCOME_GRP": "5. Low income", "FIPS_10": "GV", "ISO_A2": "GN", "ISO_A2_EH": "GN", "ISO_A3": "GIN", "ISO_A3_EH": "GIN", "ISO_N3": "324", "ISO_N3_EH": "324", "UN_A3": "324", "WB_A2": "GN", "WB_A3": "GIN", "WOE_ID": 23424835, "WOE_ID_EH": 23424835, "WOE_NOTE": "Exact WOE match as country", "ADM0_ISO": "GIN", "ADM0_DIFF": null, "ADM0_TLC": "GIN", "ADM0_A3_US": "GIN", "ADM0_A3_FR": "GIN", "ADM0_A3_RU": "GIN", "ADM0_A3_ES": "GIN", "ADM0_A3_CN": "GIN", "ADM0_A3_TW": "GIN", "ADM0_A3_IN": "GIN", "ADM0_A3_NP": "GIN", "ADM0_A3_PK": "GIN", "ADM0_A3_DE": "GIN", "ADM0_A3_GB": "GIN", "ADM0_A3_BR": "GIN", "ADM0_A3_IL": "GIN", "ADM0_A3_PS": "GIN", "ADM0_A3_SA": "GIN", "ADM0_A3_EG": "GIN", "ADM0_A3_MA": "GIN", "ADM0_A3_PT": "GIN", "ADM0_A3_AR": "GIN", "ADM0_A3_JP": "GIN", "ADM0_A3_KO": "GIN", "ADM0_A3_VN": "GIN", "ADM0_A3_TR": "GIN", "ADM0_A3_ID": "GIN", "ADM0_A3_PL": "GIN", "ADM0_A3_GR": "GIN", "ADM0_A3_IT": "GIN", "ADM0_A3_NL": "GIN", "ADM0_A3_SE": "GIN", "ADM0_A3_BD": "GIN", "ADM0_A3_UA": "GIN", "ADM0_A3_UN": -99, "ADM0_A3_WB": -99, "CONTINENT": "Africa", "REGION_UN": "Africa", "SUBREGION": "Western Africa", "REGION_WB": "Sub-Saharan Africa", "NAME_LEN": 6, "LONG_LEN": 6, "ABBREV_LEN": 4, "TINY": -99, "HOMEPART": 1, "MIN_ZOOM": 0, "MIN_LABEL": 3, "MAX_LABEL": 8, "LABEL_X": -10.016402, "LABEL_Y": 10.618516, "NE_ID": 1159320795, "WIKIDATAID": "Q1006", "NAME_AR": "\u063a\u064a\u0646\u064a\u0627", "NAME_BN": "\u0997\u09bf\u09a8\u09bf", "NAME_DE": "Guinea", "NAME_EN": "Guinea", "NAME_ES": "Guinea", "NAME_FA": "\u06af\u06cc\u0646\u0647", "NAME_FR": "Guin\u00e9e", "NAME_EL": "\u0393\u03bf\u03c5\u03b9\u03bd\u03ad\u03b1", "NAME_HE": "\u05d2\u05d9\u05e0\u05d0\u05d4", "NAME_HI": "\u0917\u093f\u0928\u0940", "NAME_HU": "Guinea", "NAME_ID": "Guinea", "NAME_IT": "Guinea", "NAME_JA": "\u30ae\u30cb\u30a2", "NAME_KO": "\uae30\ub2c8", "NAME_NL": "Guinee", "NAME_PL": "Gwinea", "NAME_PT": "Guin\u00e9", "NAME_RU": "\u0413\u0432\u0438\u043d\u0435\u044f", "NAME_SV": "Guinea", "NAME_TR": "Gine", "NAME_UK": "\u0413\u0432\u0456\u043d\u0435\u044f", "NAME_UR": "\u062c\u0645\u06c1\u0648\u0631\u06cc\u06c1 \u06af\u0646\u06cc", "NAME_VI": "Guin\u00e9e", "NAME_ZH": "\u51e0\u5185\u4e9a", "NAME_ZHT": "\u5e7e\u5167\u4e9e", "FCLASS_ISO": "Admin-0 country", "TLC_DIFF": null, "FCLASS_TLC": "Admin-0 country", "FCLASS_US": null, "FCLASS_FR": null, "FCLASS_RU": null, "FCLASS_ES": null, "FCLASS_CN": null, "FCLASS_TW": null, "FCLASS_IN": null, "FCLASS_NP": null, "FCLASS_PK": null, "FCLASS_DE": null, "FCLASS_GB": null, "FCLASS_BR": null, "FCLASS_IL": null, "FCLASS_PS": null, "FCLASS_SA": null, "FCLASS_EG": null, "FCLASS_MA": null, "FCLASS_PT": null, "FCLASS_AR": null, "FCLASS_JP": null, "FCLASS_KO": null, "FCLASS_VN": null, "FCLASS_TR": null, "FCLASS_ID": null, "FCLASS_PL": null, "FCLASS_GR": null, "FCLASS_IT": null, "FCLASS_NL": null, "FCLASS_SE": null, "FCLASS_BD": null, "FCLASS_UA": null, "cartogram_scale": 0.3, "dc_count": 0, "dc_code": "OTHER"}, "geometry": {"type": "Polygon", "coordinates": [[[-11.7993, 11.069], [-11.6545, 11.0659], [-11.4389, 10.9928], [-11.3728, 10.9995], [-11.3503, 11.0329], [-11.1867, 11.0092], [-11.1434, 11.0261], [-11.126, 10.9162], [-11.0785, 10.9166], [-11.0002, 10.9566], [-10.9504, 10.9465], [-10.8672, 10.8704], [-10.7388, 10.8464], [-10.6565, 10.9113], [-10.5596, 10.9515], [-10.4875, 10.9935], [-10.4274, 10.9856], [-10.3608, 10.9197], [-10.325, 10.8369], [-10.2021, 10.7113], [-10.2636, 10.6341], [-10.2753, 10.5364], [-10.2114, 10.566], [-10.1739, 10.531], [-10.1898, 10.4416], [-10.0982, 10.3551], [-10.158, 10.3319], [-10.1821, 10.23], [-10.1129, 10.106], [-10.0388, 9.8659], [-10.1502, 9.8298], [-10.1789, 9.7881], [-10.1557, 9.7302], [-10.1734, 9.5993], [-10.221, 9.599], [-10.3058, 9.6067], [-10.367, 9.4859], [-10.4518, 9.4874], [-10.5102, 9.5513], [-10.4904, 9.6717], [-10.6158, 9.8555], [-10.6942, 9.8217], [-10.7582, 9.815], [-10.8408, 9.7978], [-10.8375, 9.9078], [-10.8856, 9.9863], [-10.8759, 10.0736], [-10.9409, 10.1997], [-11.0244, 10.3069], [-11.2644, 10.3073], [-11.3343, 10.2508], [-11.417, 10.2439], [-11.4682, 10.1792], [-11.5028, 10.096], [-11.6632, 9.9641], [-11.7947, 10.1416], [-11.9114, 10.259], [-11.9882, 10.2979], [-12.0631, 10.3575], [-12.0972, 10.4901], [-12.1411, 10.5562], [-12.2283, 10.6053], [-12.0949, 10.7515], [-12.0038, 10.746], [-11.9256, 10.7963], [-11.8594, 10.7968], [-11.8121, 10.8366], [-11.8377, 10.936], [-11.8048, 10.9673], [-11.7993, 11.069]]]}}, {"type": "Feature", "properties": {"featurecla": "Admin-0 country", "scalerank": 1, "LABELRANK": 6, "SOVEREIGNT": "Guinea-Bissau", "SOV_A3": "GNB", "ADM0_DIF": 0, "LEVEL": 2, "TYPE": "Sovereign country", "TLC": "1", "ADMIN": "Guinea-Bissau", "ADM0_A3": "GNB", "GEOU_DIF": 0, "GEOUNIT": "Guinea-Bissau", "GU_A3": "GNB", "SU_DIF": 0, "SUBUNIT": "Guinea-Bissau", "SU_A3": "GNB", "BRK_DIFF": 0, "NAME": "Guinea-Bissau", "NAME_LONG": "Guinea-Bissau", "BRK_A3": "GNB", "BRK_NAME": "Guinea-Bissau", "BRK_GROUP": null, "ABBREV": "GnB.", "POSTAL": "GW", "FORMAL_EN": "Republic of Guinea-Bissau", "FORMAL_FR": null, "NAME_CIAWF": "Guinea-Bissau", "NOTE_ADM0": null, "NOTE_BRK": null, "NAME_SORT": "Guinea-Bissau", "NAME_ALT": null, "MAPCOLOR7": 3, "MAPCOLOR8": 5, "MAPCOLOR9": 3, "MAPCOLOR13": 4, "POP_EST": 1920922, "POP_RANK": 12, "POP_YEAR": 2019, "GDP_MD": 1339, "GDP_YEAR": 2019, "ECONOMY": "7. Least developed region", "INCOME_GRP": "5. Low income", "FIPS_10": "PU", "ISO_A2": "GW", "ISO_A2_EH": "GW", "ISO_A3": "GNB", "ISO_A3_EH": "GNB", "ISO_N3": "624", "ISO_N3_EH": "624", "UN_A3": "624", "WB_A2": "GW", "WB_A3": "GNB", "WOE_ID": 23424929, "WOE_ID_EH": 23424929, "WOE_NOTE": "Exact WOE match as country", "ADM0_ISO": "GNB", "ADM0_DIFF": null, "ADM0_TLC": "GNB", "ADM0_A3_US": "GNB", "ADM0_A3_FR": "GNB", "ADM0_A3_RU": "GNB", "ADM0_A3_ES": "GNB", "ADM0_A3_CN": "GNB", "ADM0_A3_TW": "GNB", "ADM0_A3_IN": "GNB", "ADM0_A3_NP": "GNB", "ADM0_A3_PK": "GNB", "ADM0_A3_DE": "GNB", "ADM0_A3_GB": "GNB", "ADM0_A3_BR": "GNB", "ADM0_A3_IL": "GNB", "ADM0_A3_PS": "GNB", "ADM0_A3_SA": "GNB", "ADM0_A3_EG": "GNB", "ADM0_A3_MA": "GNB", "ADM0_A3_PT": "GNB", "ADM0_A3_AR": "GNB", "ADM0_A3_JP": "GNB", "ADM0_A3_KO": "GNB", "ADM0_A3_VN": "GNB", "ADM0_A3_TR": "GNB", "ADM0_A3_ID": "GNB", "ADM0_A3_PL": "GNB", "ADM0_A3_GR": "GNB", "ADM0_A3_IT": "GNB", "ADM0_A3_NL": "GNB", "ADM0_A3_SE": "GNB", "ADM0_A3_BD": "GNB", "ADM0_A3_UA": "GNB", "ADM0_A3_UN": -99, "ADM0_A3_WB": -99, "CONTINENT": "Africa", "REGION_UN": "Africa", "SUBREGION": "Western Africa", "REGION_WB": "Sub-Saharan Africa", "NAME_LEN": 13, "LONG_LEN": 13, "ABBREV_LEN": 4, "TINY": -99, "HOMEPART": 1, "MIN_ZOOM": 0, "MIN_LABEL": 5, "MAX_LABEL": 10, "LABEL_X": -14.52413, "LABEL_Y": 12.163712, "NE_ID": 1159320799, "WIKIDATAID": "Q1007", "NAME_AR": "\u063a\u064a\u0646\u064a\u0627 \u0628\u064a\u0633\u0627\u0648", "NAME_BN": "\u0997\u09bf\u09a8\u09bf-\u09ac\u09bf\u09b8\u09be\u0989", "NAME_DE": "Guinea-Bissau", "NAME_EN": "Guinea-Bissau", "NAME_ES": "Guinea-Bis\u00e1u", "NAME_FA": "\u06af\u06cc\u0646\u0647 \u0628\u06cc\u0633\u0627\u0626\u0648", "NAME_FR": "Guin\u00e9e-Bissau", "NAME_EL": "\u0393\u03bf\u03c5\u03b9\u03bd\u03ad\u03b1-\u039c\u03c0\u03b9\u03c3\u03c3\u03ac\u03bf\u03c5", "NAME_HE": "\u05d2\u05d9\u05e0\u05d0\u05d4 \u05d1\u05d9\u05e1\u05d0\u05d5", "NAME_HI": "\u0917\u093f\u0928\u0940-\u092c\u093f\u0938\u093e\u090a", "NAME_HU": "Bissau-Guinea", "NAME_ID": "Guinea-Bissau", "NAME_IT": "Guinea-Bissau", "NAME_JA": "\u30ae\u30cb\u30a2\u30d3\u30b5\u30a6", "NAME_KO": "\uae30\ub2c8\ube44\uc0ac\uc6b0", "NAME_NL": "Guinee-Bissau", "NAME_PL": "Gwinea Bissau", "NAME_PT": "Guin\u00e9-Bissau", "NAME_RU": "\u0413\u0432\u0438\u043d\u0435\u044f-\u0411\u0438\u0441\u0430\u0443", "NAME_SV": "Guinea-Bissau", "NAME_TR": "Gine-Bissau", "NAME_UK": "\u0413\u0432\u0456\u043d\u0435\u044f-\u0411\u0456\u0441\u0430\u0443", "NAME_UR": "\u06af\u0646\u06cc \u0628\u0633\u0627\u0624", "NAME_VI": "Guin\u00e9-Bissau", "NAME_ZH": "\u51e0\u5185\u4e9a\u6bd4\u7ecd", "NAME_ZHT": "\u5e7e\u5167\u4e9e\u6bd4\u7d22", "FCLASS_ISO": "Admin-0 country", "TLC_DIFF": null, "FCLASS_TLC": "Admin-0 country", "FCLASS_US": null, "FCLASS_FR": null, "FCLASS_RU": null, "FCLASS_ES": null, "FCLASS_CN": null, "FCLASS_TW": null, "FCLASS_IN": null, "FCLASS_NP": null, "FCLASS_PK": null, "FCLASS_DE": null, "FCLASS_GB": null, "FCLASS_BR": null, "FCLASS_IL": null, "FCLASS_PS": null, "FCLASS_SA": null, "FCLASS_EG": null, "FCLASS_MA": null, "FCLASS_PT": null, "FCLASS_AR": null, "FCLASS_JP": null, "FCLASS_KO": null, "FCLASS_VN": null, "FCLASS_TR": null, "FCLASS_ID": null, "FCLASS_PL": null, "FCLASS_GR": null, "FCLASS_IT": null, "FCLASS_NL": null, "FCLASS_SE": null, "FCLASS_BD": null, "FCLASS_UA": null, "cartogram_scale": 0.3, "dc_count": 0, "dc_code": "OTHER"}, "geometry": {"type": "Polygon", "coordinates": [[[-15.653, 12.1008], [-15.4941, 12.1496], [-15.3948, 12.14], [-15.3143, 12.1738], [-14.7599, 12.1612], [-14.7654, 12.0595], [-14.7983, 12.0281], [-14.7727, 11.9287], [-14.82, 11.8889], [-14.8862, 11.8884], [-14.9644, 11.8381], [-15.0555, 11.8436], [-15.1889, 11.6974], [-15.349, 11.8228], [-15.4754, 11.8427], [-15.5442, 11.9273], [-15.5425, 11.9729], [-15.6339, 12.0366], [-15.653, 12.1008]]]}}, {"type": "Feature", "properties": {"featurecla": "Admin-0 country", "scalerank": 1, "LABELRANK": 4, "SOVEREIGNT": "Liberia", "SOV_A3": "LBR", "ADM0_DIF": 0, "LEVEL": 2, "TYPE": "Sovereign country", "TLC": "1", "ADMIN": "Liberia", "ADM0_A3": "LBR", "GEOU_DIF": 0, "GEOUNIT": "Liberia", "GU_A3": "LBR", "SU_DIF": 0, "SUBUNIT": "Liberia", "SU_A3": "LBR", "BRK_DIFF": 0, "NAME": "Liberia", "NAME_LONG": "Liberia", "BRK_A3": "LBR", "BRK_NAME": "Liberia", "BRK_GROUP": null, "ABBREV": "Liberia", "POSTAL": "LR", "FORMAL_EN": "Republic of Liberia", "FORMAL_FR": null, "NAME_CIAWF": "Liberia", "NOTE_ADM0": null, "NOTE_BRK": null, "NAME_SORT": "Liberia", "NAME_ALT": null, "MAPCOLOR7": 2, "MAPCOLOR8": 3, "MAPCOLOR9": 4, "MAPCOLOR13": 9, "POP_EST": 4937374, "POP_RANK": 12, "POP_YEAR": 2019, "GDP_MD": 3070, "GDP_YEAR": 2019, "ECONOMY": "7. Least developed region", "INCOME_GRP": "5. Low income", "FIPS_10": "LI", "ISO_A2": "LR", "ISO_A2_EH": "LR", "ISO_A3": "LBR", "ISO_A3_EH": "LBR", "ISO_N3": "430", "ISO_N3_EH": "430", "UN_A3": "430", "WB_A2": "LR", "WB_A3": "LBR", "WOE_ID": 23424876, "WOE_ID_EH": 23424876, "WOE_NOTE": "Exact WOE match as country", "ADM0_ISO": "LBR", "ADM0_DIFF": null, "ADM0_TLC": "LBR", "ADM0_A3_US": "LBR", "ADM0_A3_FR": "LBR", "ADM0_A3_RU": "LBR", "ADM0_A3_ES": "LBR", "ADM0_A3_CN": "LBR", "ADM0_A3_TW": "LBR", "ADM0_A3_IN": "LBR", "ADM0_A3_NP": "LBR", "ADM0_A3_PK": "LBR", "ADM0_A3_DE": "LBR", "ADM0_A3_GB": "LBR", "ADM0_A3_BR": "LBR", "ADM0_A3_IL": "LBR", "ADM0_A3_PS": "LBR", "ADM0_A3_SA": "LBR", "ADM0_A3_EG": "LBR", "ADM0_A3_MA": "LBR", "ADM0_A3_PT": "LBR", "ADM0_A3_AR": "LBR", "ADM0_A3_JP": "LBR", "ADM0_A3_KO": "LBR", "ADM0_A3_VN": "LBR", "ADM0_A3_TR": "LBR", "ADM0_A3_ID": "LBR", "ADM0_A3_PL": "LBR", "ADM0_A3_GR": "LBR", "ADM0_A3_IT": "LBR", "ADM0_A3_NL": "LBR", "ADM0_A3_SE": "LBR", "ADM0_A3_BD": "LBR", "ADM0_A3_UA": "LBR", "ADM0_A3_UN": -99, "ADM0_A3_WB": -99, "CONTINENT": "Africa", "REGION_UN": "Africa", "SUBREGION": "Western Africa", "REGION_WB": "Sub-Saharan Africa", "NAME_LEN": 7, "LONG_LEN": 7, "ABBREV_LEN": 7, "TINY": -99, "HOMEPART": 1, "MIN_ZOOM": 0, "MIN_LABEL": 4, "MAX_LABEL": 9, "LABEL_X": -9.460379, "LABEL_Y": 6.447177, "NE_ID": 1159321015, "WIKIDATAID": "Q1014", "NAME_AR": "\u0644\u064a\u0628\u064a\u0631\u064a\u0627", "NAME_BN": "\u09b2\u09be\u0987\u09ac\u09c7\u09b0\u09bf\u09af\u09bc\u09be", "NAME_DE": "Liberia", "NAME_EN": "Liberia", "NAME_ES": "Liberia", "NAME_FA": "\u0644\u06cc\u0628\u0631\u06cc\u0627", "NAME_FR": "Liberia", "NAME_EL": "\u039b\u03b9\u03b2\u03b5\u03c1\u03af\u03b1", "NAME_HE": "\u05dc\u05d9\u05d1\u05e8\u05d9\u05d4", "NAME_HI": "\u0932\u093e\u0907\u092c\u0947\u0930\u093f\u092f\u093e", "NAME_HU": "Lib\u00e9ria", "NAME_ID": "Liberia", "NAME_IT": "Liberia", "NAME_JA": "\u30ea\u30d9\u30ea\u30a2", "NAME_KO": "\ub77c\uc774\ubca0\ub9ac\uc544", "NAME_NL": "Liberia", "NAME_PL": "Liberia", "NAME_PT": "Lib\u00e9ria", "NAME_RU": "\u041b\u0438\u0431\u0435\u0440\u0438\u044f", "NAME_SV": "Liberia", "NAME_TR": "Liberya", "NAME_UK": "\u041b\u0456\u0431\u0435\u0440\u0456\u044f", "NAME_UR": "\u0644\u0627\u0626\u0628\u06cc\u0631\u06cc\u0627", "NAME_VI": "Liberia", "NAME_ZH": "\u5229\u6bd4\u91cc\u4e9a", "NAME_ZHT": "\u8cf4\u6bd4\u745e\u4e9e", "FCLASS_ISO": "Admin-0 country", "TLC_DIFF": null, "FCLASS_TLC": "Admin-0 country", "FCLASS_US": null, "FCLASS_FR": null, "FCLASS_RU": null, "FCLASS_ES": null, "FCLASS_CN": null, "FCLASS_TW": null, "FCLASS_IN": null, "FCLASS_NP": null, "FCLASS_PK": null, "FCLASS_DE": null, "FCLASS_GB": null, "FCLASS_BR": null, "FCLASS_IL": null, "FCLASS_PS": null, "FCLASS_SA": null, "FCLASS_EG": null, "FCLASS_MA": null, "FCLASS_PT": null, "FCLASS_AR": null, "FCLASS_JP": null, "FCLASS_KO": null, "FCLASS_VN": null, "FCLASS_TR": null, "FCLASS_ID": null, "FCLASS_PL": null, "FCLASS_GR": null, "FCLASS_IT": null, "FCLASS_NL": null, "FCLASS_SE": null, "FCLASS_BD": null, "FCLASS_UA": null, "cartogram_scale": 0.3, "dc_count": 0, "dc_code": "OTHER"}, "geometry": {"type": "Polygon", "coordinates": [[[-8.9317, 7.0335], [-8.9455, 6.9463], [-8.9155, 6.8013], [-8.9808, 6.668], [-8.8933, 6.5856], [-8.798, 6.5656], [-8.6709, 6.4399], [-8.6618, 6.3217], [-8.6905, 6.2842], [-8.7135, 6.0371], [-8.7921, 6.0345], [-9.1013, 6.1775], [-9.3739, 6.4058], [-9.6295, 6.5699], [-9.8315, 6.7635], [-9.7598, 6.8595], [-9.7439, 6.9467], [-9.6086, 7.1096], [-9.4689, 7.2496], [-9.4049, 7.2563], [-9.3265, 7.2901], [-9.2011, 7.1063], [-9.2209, 6.9858], [-9.1625, 6.9219], [-9.0777, 6.9204], [-9.0165, 7.0412], [-8.9317, 7.0335]]]}}, {"type": "Feature", "properties": {"featurecla": "Admin-0 country", "scalerank": 1, "LABELRANK": 4, "SOVEREIGNT": "Sierra Leone", "SOV_A3": "SLE", "ADM0_DIF": 0, "LEVEL": 2, "TYPE": "Sovereign country", "TLC": "1", "ADMIN": "Sierra Leone", "ADM0_A3": "SLE", "GEOU_DIF": 0, "GEOUNIT": "Sierra Leone", "GU_A3": "SLE", "SU_DIF": 0, "SUBUNIT": "Sierra Leone", "SU_A3": "SLE", "BRK_DIFF": 0, "NAME": "Sierra Leone", "NAME_LONG": "Sierra Leone", "BRK_A3": "SLE", "BRK_NAME": "Sierra Leone", "BRK_GROUP": null, "ABBREV": "S.L.", "POSTAL": "SL", "FORMAL_EN": "Republic of Sierra Leone", "FORMAL_FR": null, "NAME_CIAWF": "Sierra Leone", "NOTE_ADM0": null, "NOTE_BRK": null, "NAME_SORT": "Sierra Leone", "NAME_ALT": null, "MAPCOLOR7": 1, "MAPCOLOR8": 4, "MAPCOLOR9": 1, "MAPCOLOR13": 7, "POP_EST": 7813215, "POP_RANK": 13, "POP_YEAR": 2019, "GDP_MD": 4121, "GDP_YEAR": 2019, "ECONOMY": "7. Least developed region", "INCOME_GRP": "5. Low income", "FIPS_10": "SL", "ISO_A2": "SL", "ISO_A2_EH": "SL", "ISO_A3": "SLE", "ISO_A3_EH": "SLE", "ISO_N3": "694", "ISO_N3_EH": "694", "UN_A3": "694", "WB_A2": "SL", "WB_A3": "SLE", "WOE_ID": 23424946, "WOE_ID_EH": 23424946, "WOE_NOTE": "Exact WOE match as country", "ADM0_ISO": "SLE", "ADM0_DIFF": null, "ADM0_TLC": "SLE", "ADM0_A3_US": "SLE", "ADM0_A3_FR": "SLE", "ADM0_A3_RU": "SLE", "ADM0_A3_ES": "SLE", "ADM0_A3_CN": "SLE", "ADM0_A3_TW": "SLE", "ADM0_A3_IN": "SLE", "ADM0_A3_NP": "SLE", "ADM0_A3_PK": "SLE", "ADM0_A3_DE": "SLE", "ADM0_A3_GB": "SLE", "ADM0_A3_BR": "SLE", "ADM0_A3_IL": "SLE", "ADM0_A3_PS": "SLE", "ADM0_A3_SA": "SLE", "ADM0_A3_EG": "SLE", "ADM0_A3_MA": "SLE", "ADM0_A3_PT": "SLE", "ADM0_A3_AR": "SLE", "ADM0_A3_JP": "SLE", "ADM0_A3_KO": "SLE", "ADM0_A3_VN": "SLE", "ADM0_A3_TR": "SLE", "ADM0_A3_ID": "SLE", "ADM0_A3_PL": "SLE", "ADM0_A3_GR": "SLE", "ADM0_A3_IT": "SLE", "ADM0_A3_NL": "SLE", "ADM0_A3_SE": "SLE", "ADM0_A3_BD": "SLE", "ADM0_A3_UA": "SLE", "ADM0_A3_UN": -99, "ADM0_A3_WB": -99, "CONTINENT": "Africa", "REGION_UN": "Africa", "SUBREGION": "Western Africa", "REGION_WB": "Sub-Saharan Africa", "NAME_LEN": 12, "LONG_LEN": 12, "ABBREV_LEN": 4, "TINY": -99, "HOMEPART": 1, "MIN_ZOOM": 0, "MIN_LABEL": 4, "MAX_LABEL": 9, "LABEL_X": -11.763677, "LABEL_Y": 8.617449, "NE_ID": 1159321251, "WIKIDATAID": "Q1044", "NAME_AR": "\u0633\u064a\u0631\u0627\u0644\u064a\u0648\u0646", "NAME_BN": "\u09b8\u09bf\u09af\u09bc\u09c7\u09b0\u09be \u09b2\u09bf\u0993\u09a8", "NAME_DE": "Sierra Leone", "NAME_EN": "Sierra Leone", "NAME_ES": "Sierra Leona", "NAME_FA": "\u0633\u06cc\u0631\u0627\u0644\u0626\u0648\u0646", "NAME_FR": "Sierra Leone", "NAME_EL": "\u03a3\u03b9\u03ad\u03c1\u03b1 \u039b\u03b5\u03cc\u03bd\u03b5", "NAME_HE": "\u05e1\u05d9\u05d9\u05e8\u05d4 \u05dc\u05d0\u05d5\u05df", "NAME_HI": "\u0938\u093f\u090f\u0930\u093e \u0932\u093f\u092f\u094b\u0928", "NAME_HU": "Sierra Leone", "NAME_ID": "Sierra Leone", "NAME_IT": "Sierra Leone", "NAME_JA": "\u30b7\u30a8\u30e9\u30ec\u30aa\u30cd", "NAME_KO": "\uc2dc\uc5d0\ub77c\ub9ac\uc628", "NAME_NL": "Sierra Leone", "NAME_PL": "Sierra Leone", "NAME_PT": "Serra Leoa", "NAME_RU": "\u0421\u044c\u0435\u0440\u0440\u0430-\u041b\u0435\u043e\u043d\u0435", "NAME_SV": "Sierra Leone", "NAME_TR": "Sierra Leone", "NAME_UK": "\u0421\u044c\u0454\u0440\u0440\u0430-\u041b\u0435\u043e\u043d\u0435", "NAME_UR": "\u0633\u06cc\u0631\u0627\u0644\u06cc\u0648\u0646", "NAME_VI": "Sierra Leone", "NAME_ZH": "\u585e\u62c9\u5229\u6602", "NAME_ZHT": "\u7345\u5b50\u5c71", "FCLASS_ISO": "Admin-0 country", "TLC_DIFF": null, "FCLASS_TLC": "Admin-0 country", "FCLASS_US": null, "FCLASS_FR": null, "FCLASS_RU": null, "FCLASS_ES": null, "FCLASS_CN": null, "FCLASS_TW": null, "FCLASS_IN": null, "FCLASS_NP": null, "FCLASS_PK": null, "FCLASS_DE": null, "FCLASS_GB": null, "FCLASS_BR": null, "FCLASS_IL": null, "FCLASS_PS": null, "FCLASS_SA": null, "FCLASS_EG": null, "FCLASS_MA": null, "FCLASS_PT": null, "FCLASS_AR": null, "FCLASS_JP": null, "FCLASS_KO": null, "FCLASS_VN": null, "FCLASS_TR": null, "FCLASS_ID": null, "FCLASS_PL": null, "FCLASS_GR": null, "FCLASS_IT": null, "FCLASS_NL": null, "FCLASS_SE": null, "FCLASS_BD": null, "FCLASS_UA": null, "cartogram_scale": 0.3, "dc_count": 0, "dc_code": "OTHER"}, "geometry": {"type": "Polygon", "coordinates": [[[-12.1655, 8.6933], [-12.0052, 8.8252], [-11.9706, 8.9084], [-11.9193, 8.9731], [-11.8367, 8.9799], [-11.7668, 9.0364], [-11.5268, 9.0361], [-11.4433, 8.9288], [-11.3783, 8.8027], [-11.388, 8.7155], [-11.3399, 8.637], [-11.3432, 8.527], [-11.2606, 8.5442], [-11.4002, 8.4042], [-11.5356, 8.2414], [-11.5515, 8.1541], [-11.6232, 8.0581], [-11.704, 8.0804], [-11.92, 8.2012], [-12.0763, 8.3619], [-12.1288, 8.4715], [-12.1655, 8.6933]]]}}, {"type": "Feature", "properties": {"featurecla": "Admin-0 country", "scalerank": 1, "LABELRANK": 3, "SOVEREIGNT": "Burkina Faso", "SOV_A3": "BFA", "ADM0_DIF": 0, "LEVEL": 2, "TYPE": "Sovereign country", "TLC": "1", "ADMIN": "Burkina Faso", "ADM0_A3": "BFA", "GEOU_DIF": 0, "GEOUNIT": "Burkina Faso", "GU_A3": "BFA", "SU_DIF": 0, "SUBUNIT": "Burkina Faso", "SU_A3": "BFA", "BRK_DIFF": 0, "NAME": "Burkina Faso", "NAME_LONG": "Burkina Faso", "BRK_A3": "BFA", "BRK_NAME": "Burkina Faso", "BRK_GROUP": null, "ABBREV": "B.F.", "POSTAL": "BF", "FORMAL_EN": "Burkina Faso", "FORMAL_FR": null, "NAME_CIAWF": "Burkina Faso", "NOTE_ADM0": null, "NOTE_BRK": null, "NAME_SORT": "Burkina Faso", "NAME_ALT": null, "MAPCOLOR7": 2, "MAPCOLOR8": 1, "MAPCOLOR9": 5, "MAPCOLOR13": 11, "POP_EST": 20321378, "POP_RANK": 15, "POP_YEAR": 2019, "GDP_MD": 15990, "GDP_YEAR": 2019, "ECONOMY": "7. Least developed region", "INCOME_GRP": "5. Low income", "FIPS_10": "UV", "ISO_A2": "BF", "ISO_A2_EH": "BF", "ISO_A3": "BFA", "ISO_A3_EH": "BFA", "ISO_N3": "854", "ISO_N3_EH": "854", "UN_A3": "854", "WB_A2": "BF", "WB_A3": "BFA", "WOE_ID": 23424978, "WOE_ID_EH": 23424978, "WOE_NOTE": "Exact WOE match as country", "ADM0_ISO": "BFA", "ADM0_DIFF": null, "ADM0_TLC": "BFA", "ADM0_A3_US": "BFA", "ADM0_A3_FR": "BFA", "ADM0_A3_RU": "BFA", "ADM0_A3_ES": "BFA", "ADM0_A3_CN": "BFA", "ADM0_A3_TW": "BFA", "ADM0_A3_IN": "BFA", "ADM0_A3_NP": "BFA", "ADM0_A3_PK": "BFA", "ADM0_A3_DE": "BFA", "ADM0_A3_GB": "BFA", "ADM0_A3_BR": "BFA", "ADM0_A3_IL": "BFA", "ADM0_A3_PS": "BFA", "ADM0_A3_SA": "BFA", "ADM0_A3_EG": "BFA", "ADM0_A3_MA": "BFA", "ADM0_A3_PT": "BFA", "ADM0_A3_AR": "BFA", "ADM0_A3_JP": "BFA", "ADM0_A3_KO": "BFA", "ADM0_A3_VN": "BFA", "ADM0_A3_TR": "BFA", "ADM0_A3_ID": "BFA", "ADM0_A3_PL": "BFA", "ADM0_A3_GR": "BFA", "ADM0_A3_IT": "BFA", "ADM0_A3_NL": "BFA", "ADM0_A3_SE": "BFA", "ADM0_A3_BD": "BFA", "ADM0_A3_UA": "BFA", "ADM0_A3_UN": -99, "ADM0_A3_WB": -99, "CONTINENT": "Africa", "REGION_UN": "Africa", "SUBREGION": "Western Africa", "REGION_WB": "Sub-Saharan Africa", "NAME_LEN": 12, "LONG_LEN": 12, "ABBREV_LEN": 4, "TINY": -99, "HOMEPART": 1, "MIN_ZOOM": 0, "MIN_LABEL": 3, "MAX_LABEL": 8, "LABEL_X": -1.36388, "LABEL_Y": 12.673048, "NE_ID": 1159320405, "WIKIDATAID": "Q965", "NAME_AR": "\u0628\u0648\u0631\u0643\u064a\u0646\u0627 \u0641\u0627\u0633\u0648", "NAME_BN": "\u09ac\u09c1\u09b0\u09cd\u0995\u09bf\u09a8\u09be \u09ab\u09be\u09b8\u09cb", "NAME_DE": "Burkina Faso", "NAME_EN": "Burkina Faso", "NAME_ES": "Burkina Faso", "NAME_FA": "\u0628\u0648\u0631\u06a9\u06cc\u0646\u0627\u0641\u0627\u0633\u0648", "NAME_FR": "Burkina Faso", "NAME_EL": "\u039c\u03c0\u03bf\u03c5\u03c1\u03ba\u03af\u03bd\u03b1 \u03a6\u03ac\u03c3\u03bf", "NAME_HE": "\u05d1\u05d5\u05e8\u05e7\u05d9\u05e0\u05d4 \u05e4\u05d0\u05e1\u05d5", "NAME_HI": "\u092c\u0941\u0930\u094d\u0915\u093f\u0928\u093e \u092b\u093e\u0938\u094b", "NAME_HU": "Burkina Faso", "NAME_ID": "Burkina Faso", "NAME_IT": "Burkina Faso", "NAME_JA": "\u30d6\u30eb\u30ad\u30ca\u30d5\u30a1\u30bd", "NAME_KO": "\ubd80\ub974\ud0a4\ub098\ud30c\uc18c", "NAME_NL": "Burkina Faso", "NAME_PL": "Burkina Faso", "NAME_PT": "Burkina Faso", "NAME_RU": "\u0411\u0443\u0440\u043a\u0438\u043d\u0430-\u0424\u0430\u0441\u043e", "NAME_SV": "Burkina Faso", "NAME_TR": "Burkina Faso", "NAME_UK": "\u0411\u0443\u0440\u043a\u0456\u043d\u0430-\u0424\u0430\u0441\u043e", "NAME_UR": "\u0628\u0631\u06a9\u06cc\u0646\u0627 \u0641\u0627\u0633\u0648", "NAME_VI": "Burkina Faso", "NAME_ZH": "\u5e03\u57fa\u7eb3\u6cd5\u7d22", "NAME_ZHT": "\u5e03\u57fa\u7d0d\u6cd5\u7d22", "FCLASS_ISO": "Admin-0 country", "TLC_DIFF": null, "FCLASS_TLC": "Admin-0 country", "FCLASS_US": null, "FCLASS_FR": null, "FCLASS_RU": null, "FCLASS_ES": null, "FCLASS_CN": null, "FCLASS_TW": null, "FCLASS_IN": null, "FCLASS_NP": null, "FCLASS_PK": null, "FCLASS_DE": null, "FCLASS_GB": null, "FCLASS_BR": null, "FCLASS_IL": null, "FCLASS_PS": null, "FCLASS_SA": null, "FCLASS_EG": null, "FCLASS_MA": null, "FCLASS_PT": null, "FCLASS_AR": null, "FCLASS_JP": null, "FCLASS_KO": null, "FCLASS_VN": null, "FCLASS_TR": null, "FCLASS_ID": null, "FCLASS_PL": null, "FCLASS_GR": null, "FCLASS_IT": null, "FCLASS_NL": null, "FCLASS_SE": null, "FCLASS_BD": null, "FCLASS_UA": null, "cartogram_scale": 0.3, "dc_count": 0, "dc_code": "OTHER"}, "geometry": {"type": "Polygon", "coordinates": [[[-2.9628, 11.5892], [-2.9827, 11.7634], [-2.9009, 11.8905], [-2.9078, 11.9922], [-2.6697, 12.2408], [-2.6256, 12.4465], [-2.5434, 12.5197], [-2.3983, 12.4793], [-2.2726, 12.5404], [-2.2318, 12.6174], [-1.9991, 12.7519], [-1.9418, 12.8457], [-1.6614, 12.9701], [-1.4963, 13.0129], [-1.4214, 12.9553], [-1.229, 12.9567], [-1.2528, 12.8113], [-1.2125, 12.6746], [-1.0436, 12.4787], [-1.0343, 12.3336], [-0.6884, 12.2655], [-0.6952, 12.06], [-0.7607, 11.9703], [-0.9074, 11.9423], [-0.9685, 11.8112], [-1.0716, 11.7772], [-1.3344, 11.7836], [-1.4731, 11.8075], [-1.57, 11.7591], [-1.7025, 11.7809], [-2.2236, 11.7668], [-2.2307, 11.5966], [-2.1898, 11.3707], [-2.3951, 11.4481], [-2.5356, 11.4367], [-2.6406, 11.3613], [-2.7755, 11.4246], [-2.8279, 11.5238], [-2.9628, 11.5892]]]}}, {"type": "Feature", "properties": {"featurecla": "Admin-0 country", "scalerank": 1, "LABELRANK": 4, "SOVEREIGNT": "Central African Republic", "SOV_A3": "CAF", "ADM0_DIF": 0, "LEVEL": 2, "TYPE": "Sovereign country", "TLC": "1", "ADMIN": "Central African Republic", "ADM0_A3": "CAF", "GEOU_DIF": 0, "GEOUNIT": "Central African Republic", "GU_A3": "CAF", "SU_DIF": 0, "SUBUNIT": "Central African Republic", "SU_A3": "CAF", "BRK_DIFF": 0, "NAME": "Central African Rep.", "NAME_LONG": "Central African Republic", "BRK_A3": "CAF", "BRK_NAME": "Central African Rep.", "BRK_GROUP": null, "ABBREV": "C.A.R.", "POSTAL": "CF", "FORMAL_EN": "Central African Republic", "FORMAL_FR": null, "NAME_CIAWF": "Central African Republic", "NOTE_ADM0": null, "NOTE_BRK": null, "NAME_SORT": "Central African Republic", "NAME_ALT": null, "MAPCOLOR7": 5, "MAPCOLOR8": 6, "MAPCOLOR9": 6, "MAPCOLOR13": 9, "POP_EST": 4745185, "POP_RANK": 12, "POP_YEAR": 2019, "GDP_MD": 2220, "GDP_YEAR": 2019, "ECONOMY": "7. Least developed region", "INCOME_GRP": "5. Low income", "FIPS_10": "CT", "ISO_A2": "CF", "ISO_A2_EH": "CF", "ISO_A3": "CAF", "ISO_A3_EH": "CAF", "ISO_N3": "140", "ISO_N3_EH": "140", "UN_A3": "140", "WB_A2": "CF", "WB_A3": "CAF", "WOE_ID": 23424792, "WOE_ID_EH": 23424792, "WOE_NOTE": "Exact WOE match as country", "ADM0_ISO": "CAF", "ADM0_DIFF": null, "ADM0_TLC": "CAF", "ADM0_A3_US": "CAF", "ADM0_A3_FR": "CAF", "ADM0_A3_RU": "CAF", "ADM0_A3_ES": "CAF", "ADM0_A3_CN": "CAF", "ADM0_A3_TW": "CAF", "ADM0_A3_IN": "CAF", "ADM0_A3_NP": "CAF", "ADM0_A3_PK": "CAF", "ADM0_A3_DE": "CAF", "ADM0_A3_GB": "CAF", "ADM0_A3_BR": "CAF", "ADM0_A3_IL": "CAF", "ADM0_A3_PS": "CAF", "ADM0_A3_SA": "CAF", "ADM0_A3_EG": "CAF", "ADM0_A3_MA": "CAF", "ADM0_A3_PT": "CAF", "ADM0_A3_AR": "CAF", "ADM0_A3_JP": "CAF", "ADM0_A3_KO": "CAF", "ADM0_A3_VN": "CAF", "ADM0_A3_TR": "CAF", "ADM0_A3_ID": "CAF", "ADM0_A3_PL": "CAF", "ADM0_A3_GR": "CAF", "ADM0_A3_IT": "CAF", "ADM0_A3_NL": "CAF", "ADM0_A3_SE": "CAF", "ADM0_A3_BD": "CAF", "ADM0_A3_UA": "CAF", "ADM0_A3_UN": -99, "ADM0_A3_WB": -99, "CONTINENT": "Africa", "REGION_UN": "Africa", "SUBREGION": "Middle Africa", "REGION_WB": "Sub-Saharan Africa", "NAME_LEN": 20, "LONG_LEN": 24, "ABBREV_LEN": 6, "TINY": -99, "HOMEPART": 1, "MIN_ZOOM": 0, "MIN_LABEL": 4, "MAX_LABEL": 9, "LABEL_X": 20.906897, "LABEL_Y": 6.989681, "NE_ID": 1159320463, "WIKIDATAID": "Q929", "NAME_AR": "\u062c\u0645\u0647\u0648\u0631\u064a\u0629 \u0623\u0641\u0631\u064a\u0642\u064a\u0627 \u0627\u0644\u0648\u0633\u0637\u0649", "NAME_BN": "\u09ae\u09a7\u09cd\u09af \u0986\u09ab\u09cd\u09b0\u09bf\u0995\u09be\u09a8 \u09aa\u09cd\u09b0\u099c\u09be\u09a4\u09a8\u09cd\u09a4\u09cd\u09b0", "NAME_DE": "Zentralafrikanische Republik", "NAME_EN": "Central African Republic", "NAME_ES": "Rep\u00fablica Centroafricana", "NAME_FA": "\u062c\u0645\u0647\u0648\u0631\u06cc \u0622\u0641\u0631\u06cc\u0642\u0627\u06cc \u0645\u0631\u06a9\u0632\u06cc", "NAME_FR": "R\u00e9publique centrafricaine", "NAME_EL": "\u039a\u03b5\u03bd\u03c4\u03c1\u03bf\u03b1\u03c6\u03c1\u03b9\u03ba\u03b1\u03bd\u03b9\u03ba\u03ae \u0394\u03b7\u03bc\u03bf\u03ba\u03c1\u03b1\u03c4\u03af\u03b1", "NAME_HE": "\u05d4\u05e8\u05e4\u05d5\u05d1\u05dc\u05d9\u05e7\u05d4 \u05d4\u05de\u05e8\u05db\u05d6-\u05d0\u05e4\u05e8\u05d9\u05e7\u05d0\u05d9\u05ea", "NAME_HI": "\u092e\u0927\u094d\u092f \u0905\u092b\u093c\u094d\u0930\u0940\u0915\u0940 \u0917\u0923\u0930\u093e\u091c\u094d\u092f", "NAME_HU": "K\u00f6z\u00e9p-afrikai K\u00f6zt\u00e1rsas\u00e1g", "NAME_ID": "Republik Afrika Tengah", "NAME_IT": "Repubblica Centrafricana", "NAME_JA": "\u4e2d\u592e\u30a2\u30d5\u30ea\u30ab\u5171\u548c\u56fd", "NAME_KO": "\uc911\uc559\uc544\ud504\ub9ac\uce74 \uacf5\ud654\uad6d", "NAME_NL": "Centraal-Afrikaanse Republiek", "NAME_PL": "Republika \u015arodkowoafryka\u0144ska", "NAME_PT": "Rep\u00fablica Centro-Africana", "NAME_RU": "\u0426\u0435\u043d\u0442\u0440\u0430\u043b\u044c\u043d\u043e\u0430\u0444\u0440\u0438\u043a\u0430\u043d\u0441\u043a\u0430\u044f \u0420\u0435\u0441\u043f\u0443\u0431\u043b\u0438\u043a\u0430", "NAME_SV": "Centralafrikanska republiken", "NAME_TR": "Orta Afrika Cumhuriyeti", "NAME_UK": "\u0426\u0435\u043d\u0442\u0440\u0430\u043b\u044c\u043d\u043e\u0430\u0444\u0440\u0438\u043a\u0430\u043d\u0441\u044c\u043a\u0430 \u0420\u0435\u0441\u043f\u0443\u0431\u043b\u0456\u043a\u0430", "NAME_UR": "\u0648\u0633\u0637\u06cc \u0627\u0641\u0631\u06cc\u0642\u06cc \u062c\u0645\u06c1\u0648\u0631\u06cc\u06c1", "NAME_VI": "C\u1ed9ng h\u00f2a Trung Phi", "NAME_ZH": "\u4e2d\u975e\u5171\u548c\u56fd", "NAME_ZHT": "\u4e2d\u975e\u5171\u548c\u570b", "FCLASS_ISO": "Admin-0 country", "TLC_DIFF": null, "FCLASS_TLC": "Admin-0 country", "FCLASS_US": null, "FCLASS_FR": null, "FCLASS_RU": null, "FCLASS_ES": null, "FCLASS_CN": null, "FCLASS_TW": null, "FCLASS_IN": null, "FCLASS_NP": null, "FCLASS_PK": null, "FCLASS_DE": null, "FCLASS_GB": null, "FCLASS_BR": null, "FCLASS_IL": null, "FCLASS_PS": null, "FCLASS_SA": null, "FCLASS_EG": null, "FCLASS_MA": null, "FCLASS_PT": null, "FCLASS_AR": null, "FCLASS_JP": null, "FCLASS_KO": null, "FCLASS_VN": null, "FCLASS_TR": null, "FCLASS_ID": null, "FCLASS_PL": null, "FCLASS_GR": null, "FCLASS_IT": null, "FCLASS_NL": null, "FCLASS_SE": null, "FCLASS_BD": null, "FCLASS_UA": null, "cartogram_scale": 0.3, "dc_count": 0, "dc_code": "OTHER"}, "geometry": {"type": "Polygon", "coordinates": [[[22.7044, 5.9762], [22.6054, 5.9443], [22.413, 5.9512], [22.1873, 5.9828], [22.0758, 5.9571], [22.0308, 5.8841], [21.9337, 5.8751], [21.8153, 5.9386], [21.4813, 5.7889], [21.3446, 5.819], [21.3034, 5.7959], [21.2137, 5.6147], [20.9899, 5.6733], [20.7704, 5.7028], [20.5793, 5.8135], [20.3325, 5.9154], [20.1718, 5.8188], [20.055, 5.6665], [20.0281, 5.4573], [19.8351, 5.474], [19.6321, 5.5244], [19.4533, 5.3654], [19.296, 5.0863], [19.2644, 5.1732], [19.251, 5.31], [19.1138, 5.4066], [19.003, 5.5614], [18.9774, 5.6691], [18.8357, 5.8258], [18.8598, 5.9151], [18.83, 6.0415], [18.8531, 6.2741], [18.9251, 6.3285], [19.076, 6.6325], [19.324, 6.6551], [19.3793, 6.7323], [19.429, 6.7264], [19.5039, 6.6585], [19.8816, 6.7732], [20.009, 6.8904], [20.1655, 6.9952], [20.1357, 7.1008], [20.2203, 7.1284], [20.51, 7.1098], [20.7924, 7.2488], [21.0093, 7.5761], [21.1615, 7.6975], [21.3514, 7.7487], [21.3854, 7.6203], [21.5584, 7.4327], [21.5593, 7.3103], [21.5106, 7.1855], [21.5298, 7.0923], [21.6339, 7.0059], [21.8624, 6.8747], [22.0266, 6.7535], [22.0294, 6.656], [22.2311, 6.4998], [22.3562, 6.37], [22.4319, 6.19], [22.6562, 6.0713], [22.7044, 5.9762]]]}}, {"type": "Feature", "properties": {"featurecla": "Admin-0 country", "scalerank": 1, "LABELRANK": 4, "SOVEREIGNT": "Republic of the Congo", "SOV_A3": "COG", "ADM0_DIF": 0, "LEVEL": 2, "TYPE": "Sovereign country", "TLC": "1", "ADMIN": "Republic of the Congo", "ADM0_A3": "COG", "GEOU_DIF": 0, "GEOUNIT": "Republic of the Congo", "GU_A3": "COG", "SU_DIF": 0, "SUBUNIT": "Republic of the Congo", "SU_A3": "COG", "BRK_DIFF": 0, "NAME": "Congo", "NAME_LONG": "Republic of the Congo", "BRK_A3": "COG", "BRK_NAME": "Republic of the Congo", "BRK_GROUP": null, "ABBREV": "Rep. Congo", "POSTAL": "CG", "FORMAL_EN": "Republic of the Congo", "FORMAL_FR": null, "NAME_CIAWF": "Congo, Republic of the", "NOTE_ADM0": null, "NOTE_BRK": null, "NAME_SORT": "Congo, Rep.", "NAME_ALT": null, "MAPCOLOR7": 2, "MAPCOLOR8": 1, "MAPCOLOR9": 3, "MAPCOLOR13": 10, "POP_EST": 5380508, "POP_RANK": 13, "POP_YEAR": 2019, "GDP_MD": 12267, "GDP_YEAR": 2019, "ECONOMY": "6. Developing region", "INCOME_GRP": "4. Lower middle income", "FIPS_10": "CF", "ISO_A2": "CG", "ISO_A2_EH": "CG", "ISO_A3": "COG", "ISO_A3_EH": "COG", "ISO_N3": "178", "ISO_N3_EH": "178", "UN_A3": "178", "WB_A2": "CG", "WB_A3": "COG", "WOE_ID": 23424779, "WOE_ID_EH": 23424779, "WOE_NOTE": "Exact WOE match as country", "ADM0_ISO": "COG", "ADM0_DIFF": null, "ADM0_TLC": "COG", "ADM0_A3_US": "COG", "ADM0_A3_FR": "COG", "ADM0_A3_RU": "COG", "ADM0_A3_ES": "COG", "ADM0_A3_CN": "COG", "ADM0_A3_TW": "COG", "ADM0_A3_IN": "COG", "ADM0_A3_NP": "COG", "ADM0_A3_PK": "COG", "ADM0_A3_DE": "COG", "ADM0_A3_GB": "COG", "ADM0_A3_BR": "COG", "ADM0_A3_IL": "COG", "ADM0_A3_PS": "COG", "ADM0_A3_SA": "COG", "ADM0_A3_EG": "COG", "ADM0_A3_MA": "COG", "ADM0_A3_PT": "COG", "ADM0_A3_AR": "COG", "ADM0_A3_JP": "COG", "ADM0_A3_KO": "COG", "ADM0_A3_VN": "COG", "ADM0_A3_TR": "COG", "ADM0_A3_ID": "COG", "ADM0_A3_PL": "COG", "ADM0_A3_GR": "COG", "ADM0_A3_IT": "COG", "ADM0_A3_NL": "COG", "ADM0_A3_SE": "COG", "ADM0_A3_BD": "COG", "ADM0_A3_UA": "COG", "ADM0_A3_UN": -99, "ADM0_A3_WB": -99, "CONTINENT": "Africa", "REGION_UN": "Africa", "SUBREGION": "Middle Africa", "REGION_WB": "Sub-Saharan Africa", "NAME_LEN": 5, "LONG_LEN": 21, "ABBREV_LEN": 10, "TINY": -99, "HOMEPART": 1, "MIN_ZOOM": 0, "MIN_LABEL": 4, "MAX_LABEL": 9, "LABEL_X": 15.9005, "LABEL_Y": 0.142331, "NE_ID": 1159320515, "WIKIDATAID": "Q971", "NAME_AR": "\u062c\u0645\u0647\u0648\u0631\u064a\u0629 \u0627\u0644\u0643\u0648\u0646\u063a\u0648", "NAME_BN": "\u0995\u0999\u09cd\u0997\u09cb \u09aa\u09cd\u09b0\u099c\u09be\u09a4\u09a8\u09cd\u09a4\u09cd\u09b0", "NAME_DE": "Republik Kongo", "NAME_EN": "Republic of the Congo", "NAME_ES": "Rep\u00fablica del Congo", "NAME_FA": "\u062c\u0645\u0647\u0648\u0631\u06cc \u06a9\u0646\u06af\u0648", "NAME_FR": "R\u00e9publique du Congo", "NAME_EL": "\u0394\u03b7\u03bc\u03bf\u03ba\u03c1\u03b1\u03c4\u03af\u03b1 \u03c4\u03bf\u03c5 \u039a\u03bf\u03bd\u03b3\u03ba\u03cc", "NAME_HE": "\u05d4\u05e8\u05e4\u05d5\u05d1\u05dc\u05d9\u05e7\u05d4 \u05e9\u05dc \u05e7\u05d5\u05e0\u05d2\u05d5", "NAME_HI": "\u0915\u093e\u0902\u0917\u094b \u0917\u0923\u0930\u093e\u091c\u094d\u092f", "NAME_HU": "Kong\u00f3i K\u00f6zt\u00e1rsas\u00e1g", "NAME_ID": "Republik Kongo", "NAME_IT": "Repubblica del Congo", "NAME_JA": "\u30b3\u30f3\u30b4\u5171\u548c\u56fd", "NAME_KO": "\ucf69\uace0 \uacf5\ud654\uad6d", "NAME_NL": "Congo-Brazzaville", "NAME_PL": "Kongo", "NAME_PT": "Rep\u00fablica do Congo", "NAME_RU": "\u0420\u0435\u0441\u043f\u0443\u0431\u043b\u0438\u043a\u0430 \u041a\u043e\u043d\u0433\u043e", "NAME_SV": "Kongo-Brazzaville", "NAME_TR": "Kongo Cumhuriyeti", "NAME_UK": "\u0420\u0435\u0441\u043f\u0443\u0431\u043b\u0456\u043a\u0430 \u041a\u043e\u043d\u0433\u043e", "NAME_UR": "\u062c\u0645\u06c1\u0648\u0631\u06cc\u06c1 \u06a9\u0627\u0646\u06af\u0648", "NAME_VI": "C\u1ed9ng h\u00f2a Congo", "NAME_ZH": "\u521a\u679c\u5171\u548c\u56fd", "NAME_ZHT": "\u525b\u679c\u5171\u548c\u570b", "FCLASS_ISO": "Admin-0 country", "TLC_DIFF": null, "FCLASS_TLC": "Admin-0 country", "FCLASS_US": null, "FCLASS_FR": null, "FCLASS_RU": null, "FCLASS_ES": null, "FCLASS_CN": null, "FCLASS_TW": null, "FCLASS_IN": null, "FCLASS_NP": null, "FCLASS_PK": null, "FCLASS_DE": null, "FCLASS_GB": null, "FCLASS_BR": null, "FCLASS_IL": null, "FCLASS_PS": null, "FCLASS_SA": null, "FCLASS_EG": null, "FCLASS_MA": null, "FCLASS_PT": null, "FCLASS_AR": null, "FCLASS_JP": null, "FCLASS_KO": null, "FCLASS_VN": null, "FCLASS_TR": null, "FCLASS_ID": null, "FCLASS_PL": null, "FCLASS_GR": null, "FCLASS_IT": null, "FCLASS_NL": null, "FCLASS_SE": null, "FCLASS_BD": null, "FCLASS_UA": null, "cartogram_scale": 0.3, "dc_count": 0, "dc_code": "OTHER"}, "geometry": {"type": "Polygon", "coordinates": [[[15.9849, 0.4072], [15.9671, 0.226], [15.8773, 0.0656], [15.8186, -0.1216], [15.7812, -0.3874], [15.7969, -0.5575], [15.748, -0.6616], [15.7406, -0.7716], [15.7061, -0.8673], [15.5086, -1.0119], [15.3711, -1.1664], [15.2408, -1.4579], [15.2509, -1.7047], [15.175, -1.8007], [15.0003, -1.9472], [14.8238, -2.1352], [14.7117, -2.0821], [14.6925, -1.9971], [14.529, -1.9942], [14.4264, -2.109], [14.3476, -2.0785], [14.2352, -1.9756], [14.1446, -2.026], [14.0235, -2.1555], [13.7771, -1.8378], [14.0055, -1.6722], [13.8924, -1.4738], [13.9953, -1.3984], [14.1977, -1.3617], [14.2216, -1.2287], [14.3819, -1.3728], [14.6467, -1.3854], [14.7387, -1.2436], [14.7766, -1.0442], [14.7439, -0.8099], [14.602, -0.6325], [14.7319, -0.2851], [14.657, -0.2254], [14.4338, -0.2499], [14.3499, -0.0949], [14.3717, 0.036], [14.7503, 0.0242], [14.9929, -0.0549], [15.2313, -0.1258], [15.2528, 0.0361], [15.4101, 0.3153], [15.5889, 0.4743], [15.7919, 0.4239], [15.9849, 0.4072]]]}}, {"type": "Feature", "properties": {"featurecla": "Admin-0 country", "scalerank": 1, "LABELRANK": 4, "SOVEREIGNT": "Gabon", "SOV_A3": "GAB", "ADM0_DIF": 0, "LEVEL": 2, "TYPE": "Sovereign country", "TLC": "1", "ADMIN": "Gabon", "ADM0_A3": "GAB", "GEOU_DIF": 0, "GEOUNIT": "Gabon", "GU_A3": "GAB", "SU_DIF": 0, "SUBUNIT": "Gabon", "SU_A3": "GAB", "BRK_DIFF": 0, "NAME": "Gabon", "NAME_LONG": "Gabon", "BRK_A3": "GAB", "BRK_NAME": "Gabon", "BRK_GROUP": null, "ABBREV": "Gabon", "POSTAL": "GA", "FORMAL_EN": "Gabonese Republic", "FORMAL_FR": null, "NAME_CIAWF": "Gabon", "NOTE_ADM0": null, "NOTE_BRK": null, "NAME_SORT": "Gabon", "NAME_ALT": null, "MAPCOLOR7": 6, "MAPCOLOR8": 2, "MAPCOLOR9": 5, "MAPCOLOR13": 5, "POP_EST": 2172579, "POP_RANK": 12, "POP_YEAR": 2019, "GDP_MD": 16874, "GDP_YEAR": 2019, "ECONOMY": "6. Developing region", "INCOME_GRP": "3. Upper middle income", "FIPS_10": "GB", "ISO_A2": "GA", "ISO_A2_EH": "GA", "ISO_A3": "GAB", "ISO_A3_EH": "GAB", "ISO_N3": "266", "ISO_N3_EH": "266", "UN_A3": "266", "WB_A2": "GA", "WB_A3": "GAB", "WOE_ID": 23424822, "WOE_ID_EH": 23424822, "WOE_NOTE": "Exact WOE match as country", "ADM0_ISO": "GAB", "ADM0_DIFF": null, "ADM0_TLC": "GAB", "ADM0_A3_US": "GAB", "ADM0_A3_FR": "GAB", "ADM0_A3_RU": "GAB", "ADM0_A3_ES": "GAB", "ADM0_A3_CN": "GAB", "ADM0_A3_TW": "GAB", "ADM0_A3_IN": "GAB", "ADM0_A3_NP": "GAB", "ADM0_A3_PK": "GAB", "ADM0_A3_DE": "GAB", "ADM0_A3_GB": "GAB", "ADM0_A3_BR": "GAB", "ADM0_A3_IL": "GAB", "ADM0_A3_PS": "GAB", "ADM0_A3_SA": "GAB", "ADM0_A3_EG": "GAB", "ADM0_A3_MA": "GAB", "ADM0_A3_PT": "GAB", "ADM0_A3_AR": "GAB", "ADM0_A3_JP": "GAB", "ADM0_A3_KO": "GAB", "ADM0_A3_VN": "GAB", "ADM0_A3_TR": "GAB", "ADM0_A3_ID": "GAB", "ADM0_A3_PL": "GAB", "ADM0_A3_GR": "GAB", "ADM0_A3_IT": "GAB", "ADM0_A3_NL": "GAB", "ADM0_A3_SE": "GAB", "ADM0_A3_BD": "GAB", "ADM0_A3_UA": "GAB", "ADM0_A3_UN": -99, "ADM0_A3_WB": -99, "CONTINENT": "Africa", "REGION_UN": "Africa", "SUBREGION": "Middle Africa", "REGION_WB": "Sub-Saharan Africa", "NAME_LEN": 5, "LONG_LEN": 5, "ABBREV_LEN": 5, "TINY": 3, "HOMEPART": 1, "MIN_ZOOM": 0, "MIN_LABEL": 3, "MAX_LABEL": 8, "LABEL_X": 11.835939, "LABEL_Y": -0.437739, "NE_ID": 1159320693, "WIKIDATAID": "Q1000", "NAME_AR": "\u0627\u0644\u063a\u0627\u0628\u0648\u0646", "NAME_BN": "\u0997\u09cd\u09af\u09be\u09ac\u09a8", "NAME_DE": "Gabun", "NAME_EN": "Gabon", "NAME_ES": "Gab\u00f3n", "NAME_FA": "\u06af\u0627\u0628\u0646", "NAME_FR": "Gabon", "NAME_EL": "\u0393\u03ba\u03b1\u03bc\u03c0\u03cc\u03bd", "NAME_HE": "\u05d2\u05d1\u05d5\u05df", "NAME_HI": "\u0917\u092c\u0949\u0928", "NAME_HU": "Gabon", "NAME_ID": "Gabon", "NAME_IT": "Gabon", "NAME_JA": "\u30ac\u30dc\u30f3", "NAME_KO": "\uac00\ubd09", "NAME_NL": "Gabon", "NAME_PL": "Gabon", "NAME_PT": "Gab\u00e3o", "NAME_RU": "\u0413\u0430\u0431\u043e\u043d", "NAME_SV": "Gabon", "NAME_TR": "Gabon", "NAME_UK": "\u0413\u0430\u0431\u043e\u043d", "NAME_UR": "\u06af\u06cc\u0628\u0648\u0646", "NAME_VI": "Gabon", "NAME_ZH": "\u52a0\u84ec", "NAME_ZHT": "\u52a0\u5f6d", "FCLASS_ISO": "Admin-0 country", "TLC_DIFF": null, "FCLASS_TLC": "Admin-0 country", "FCLASS_US": null, "FCLASS_FR": null, "FCLASS_RU": null, "FCLASS_ES": null, "FCLASS_CN": null, "FCLASS_TW": null, "FCLASS_IN": null, "FCLASS_NP": null, "FCLASS_PK": null, "FCLASS_DE": null, "FCLASS_GB": null, "FCLASS_BR": null, "FCLASS_IL": null, "FCLASS_PS": null, "FCLASS_SA": null, "FCLASS_EG": null, "FCLASS_MA": null, "FCLASS_PT": null, "FCLASS_AR": null, "FCLASS_JP": null, "FCLASS_KO": null, "FCLASS_VN": null, "FCLASS_TR": null, "FCLASS_ID": null, "FCLASS_PL": null, "FCLASS_GR": null, "FCLASS_IT": null, "FCLASS_NL": null, "FCLASS_SE": null, "FCLASS_BD": null, "FCLASS_UA": null, "cartogram_scale": 0.3, "dc_count": 0, "dc_code": "OTHER"}, "geometry": {"type": "Polygon", "coordinates": [[[11.7069, 0.4421], [11.8495, 0.4618], [12.0318, 0.4216], [12.2094, 0.4602], [12.2467, 0.4439], [12.2249, 0.313], [12.3088, 0.158], [12.532, 0.1825], [12.6068, 0.1228], [12.477, -0.2246], [12.6189, -0.402], [12.6516, -0.6363], [12.6137, -0.8357], [12.5217, -0.9775], [12.2568, -0.9649], [12.0965, -0.8208], [12.0727, -0.9537], [11.8703, -0.9905], [11.7674, -1.0659], [11.8805, -1.2643], [11.6521, -1.4299], [11.3438, -1.1271], [11.1455, -0.8795], [10.9634, -0.5696], [10.973, -0.47], [11.0385, -0.374], [11.1114, -0.1556], [11.1718, 0.0668], [11.273, 0.0841], [11.7095, 0.0811], [11.7069, 0.4421]]]}}, {"type": "Feature", "properties": {"featurecla": "Admin-0 country", "scalerank": 1, "LABELRANK": 4, "SOVEREIGNT": "Equatorial Guinea", "SOV_A3": "GNQ", "ADM0_DIF": 0, "LEVEL": 2, "TYPE": "Sovereign country", "TLC": "1", "ADMIN": "Equatorial Guinea", "ADM0_A3": "GNQ", "GEOU_DIF": 0, "GEOUNIT": "Equatorial Guinea", "GU_A3": "GNQ", "SU_DIF": 0, "SUBUNIT": "Equatorial Guinea", "SU_A3": "GNQ", "BRK_DIFF": 0, "NAME": "Eq. Guinea", "NAME_LONG": "Equatorial Guinea", "BRK_A3": "GNQ", "BRK_NAME": "Eq. Guinea", "BRK_GROUP": null, "ABBREV": "Eq. G.", "POSTAL": "GQ", "FORMAL_EN": "Republic of Equatorial Guinea", "FORMAL_FR": null, "NAME_CIAWF": "Equatorial Guinea", "NOTE_ADM0": null, "NOTE_BRK": null, "NAME_SORT": "Equatorial Guinea", "NAME_ALT": null, "MAPCOLOR7": 4, "MAPCOLOR8": 1, "MAPCOLOR9": 4, "MAPCOLOR13": 8, "POP_EST": 1355986, "POP_RANK": 12, "POP_YEAR": 2019, "GDP_MD": 11026, "GDP_YEAR": 2019, "ECONOMY": "7. Least developed region", "INCOME_GRP": "2. High income: nonOECD", "FIPS_10": "EK", "ISO_A2": "GQ", "ISO_A2_EH": "GQ", "ISO_A3": "GNQ", "ISO_A3_EH": "GNQ", "ISO_N3": "226", "ISO_N3_EH": "226", "UN_A3": "226", "WB_A2": "GQ", "WB_A3": "GNQ", "WOE_ID": 23424804, "WOE_ID_EH": 23424804, "WOE_NOTE": "Exact WOE match as country", "ADM0_ISO": "GNQ", "ADM0_DIFF": null, "ADM0_TLC": "GNQ", "ADM0_A3_US": "GNQ", "ADM0_A3_FR": "GNQ", "ADM0_A3_RU": "GNQ", "ADM0_A3_ES": "GNQ", "ADM0_A3_CN": "GNQ", "ADM0_A3_TW": "GNQ", "ADM0_A3_IN": "GNQ", "ADM0_A3_NP": "GNQ", "ADM0_A3_PK": "GNQ", "ADM0_A3_DE": "GNQ", "ADM0_A3_GB": "GNQ", "ADM0_A3_BR": "GNQ", "ADM0_A3_IL": "GNQ", "ADM0_A3_PS": "GNQ", "ADM0_A3_SA": "GNQ", "ADM0_A3_EG": "GNQ", "ADM0_A3_MA": "GNQ", "ADM0_A3_PT": "GNQ", "ADM0_A3_AR": "GNQ", "ADM0_A3_JP": "GNQ", "ADM0_A3_KO": "GNQ", "ADM0_A3_VN": "GNQ", "ADM0_A3_TR": "GNQ", "ADM0_A3_ID": "GNQ", "ADM0_A3_PL": "GNQ", "ADM0_A3_GR": "GNQ", "ADM0_A3_IT": "GNQ", "ADM0_A3_NL": "GNQ", "ADM0_A3_SE": "GNQ", "ADM0_A3_BD": "GNQ", "ADM0_A3_UA": "GNQ", "ADM0_A3_UN": -99, "ADM0_A3_WB": -99, "CONTINENT": "Africa", "REGION_UN": "Africa", "SUBREGION": "Middle Africa", "REGION_WB": "Sub-Saharan Africa", "NAME_LEN": 10, "LONG_LEN": 17, "ABBREV_LEN": 6, "TINY": -99, "HOMEPART": 1, "MIN_ZOOM": 0, "MIN_LABEL": 4, "MAX_LABEL": 9, "LABEL_X": 8.9902, "LABEL_Y": 2.333, "NE_ID": 1159320801, "WIKIDATAID": "Q983", "NAME_AR": "\u063a\u064a\u0646\u064a\u0627 \u0627\u0644\u0627\u0633\u062a\u0648\u0627\u0626\u064a\u0629", "NAME_BN": "\u09ac\u09bf\u09b7\u09c1\u09ac\u09c0\u09af\u09bc \u0997\u09bf\u09a8\u09bf", "NAME_DE": "\u00c4quatorialguinea", "NAME_EN": "Equatorial Guinea", "NAME_ES": "Guinea Ecuatorial", "NAME_FA": "\u06af\u06cc\u0646\u0647 \u0627\u0633\u062a\u0648\u0627\u06cc\u06cc", "NAME_FR": "Guin\u00e9e \u00e9quatoriale", "NAME_EL": "\u0399\u03c3\u03b7\u03bc\u03b5\u03c1\u03b9\u03bd\u03ae \u0393\u03bf\u03c5\u03b9\u03bd\u03ad\u03b1", "NAME_HE": "\u05d2\u05d9\u05e0\u05d0\u05d4 \u05d4\u05de\u05e9\u05d5\u05d5\u05e0\u05d9\u05ea", "NAME_HI": "\u092d\u0942\u092e\u0927\u094d\u092f\u0930\u0947\u0916\u0940\u092f \u0917\u093f\u0928\u0940", "NAME_HU": "Egyenl\u00edt\u0151i-Guinea", "NAME_ID": "Guinea Khatulistiwa", "NAME_IT": "Guinea Equatoriale", "NAME_JA": "\u8d64\u9053\u30ae\u30cb\u30a2", "NAME_KO": "\uc801\ub3c4 \uae30\ub2c8", "NAME_NL": "Equatoriaal-Guinea", "NAME_PL": "Gwinea R\u00f3wnikowa", "NAME_PT": "Guin\u00e9 Equatorial", "NAME_RU": "\u042d\u043a\u0432\u0430\u0442\u043e\u0440\u0438\u0430\u043b\u044c\u043d\u0430\u044f \u0413\u0432\u0438\u043d\u0435\u044f", "NAME_SV": "Ekvatorialguinea", "NAME_TR": "Ekvator Ginesi", "NAME_UK": "\u0415\u043a\u0432\u0430\u0442\u043e\u0440\u0456\u0430\u043b\u044c\u043d\u0430 \u0413\u0432\u0456\u043d\u0435\u044f", "NAME_UR": "\u0627\u0633\u062a\u0648\u0627\u0626\u06cc \u06af\u0646\u06cc", "NAME_VI": "Guinea X\u00edch \u0110\u1ea1o", "NAME_ZH": "\u8d64\u9053\u51e0\u5185\u4e9a", "NAME_ZHT": "\u8d64\u9053\u5e7e\u5167\u4e9e", "FCLASS_ISO": "Admin-0 country", "TLC_DIFF": null, "FCLASS_TLC": "Admin-0 country", "FCLASS_US": null, "FCLASS_FR": null, "FCLASS_RU": null, "FCLASS_ES": null, "FCLASS_CN": null, "FCLASS_TW": null, "FCLASS_IN": null, "FCLASS_NP": null, "FCLASS_PK": null, "FCLASS_DE": null, "FCLASS_GB": null, "FCLASS_BR": null, "FCLASS_IL": null, "FCLASS_PS": null, "FCLASS_SA": null, "FCLASS_EG": null, "FCLASS_MA": null, "FCLASS_PT": null, "FCLASS_AR": null, "FCLASS_JP": null, "FCLASS_KO": null, "FCLASS_VN": null, "FCLASS_TR": null, "FCLASS_ID": null, "FCLASS_PL": null, "FCLASS_GR": null, "FCLASS_IT": null, "FCLASS_NL": null, "FCLASS_SE": null, "FCLASS_BD": null, "FCLASS_UA": null, "cartogram_scale": 0.3, "dc_count": 0, "dc_code": "OTHER"}, "geometry": {"type": "Polygon", "coordinates": [[[9.9436, 1.7977], [10.4318, 1.7909], [10.4344, 1.4298], [9.9979, 1.4329], [9.8967, 1.4156], [9.8405, 1.4608], [9.9436, 1.7977]]]}}, {"type": "Feature", "properties": {"featurecla": "Admin-0 country", "scalerank": 1, "LABELRANK": 3, "SOVEREIGNT": "Zambia", "SOV_A3": "ZMB", "ADM0_DIF": 0, "LEVEL": 2, "TYPE": "Sovereign country", "TLC": "1", "ADMIN": "Zambia", "ADM0_A3": "ZMB", "GEOU_DIF": 0, "GEOUNIT": "Zambia", "GU_A3": "ZMB", "SU_DIF": 0, "SUBUNIT": "Zambia", "SU_A3": "ZMB", "BRK_DIFF": 0, "NAME": "Zambia", "NAME_LONG": "Zambia", "BRK_A3": "ZMB", "BRK_NAME": "Zambia", "BRK_GROUP": null, "ABBREV": "Zambia", "POSTAL": "ZM", "FORMAL_EN": "Republic of Zambia", "FORMAL_FR": null, "NAME_CIAWF": "Zambia", "NOTE_ADM0": null, "NOTE_BRK": null, "NAME_SORT": "Zambia", "NAME_ALT": null, "MAPCOLOR7": 5, "MAPCOLOR8": 8, "MAPCOLOR9": 5, "MAPCOLOR13": 13, "POP_EST": 17861030, "POP_RANK": 14, "POP_YEAR": 2019, "GDP_MD": 23309, "GDP_YEAR": 2019, "ECONOMY": "7. Least developed region", "INCOME_GRP": "4. Lower middle income", "FIPS_10": "ZA", "ISO_A2": "ZM", "ISO_A2_EH": "ZM", "ISO_A3": "ZMB", "ISO_A3_EH": "ZMB", "ISO_N3": "894", "ISO_N3_EH": "894", "UN_A3": "894", "WB_A2": "ZM", "WB_A3": "ZMB", "WOE_ID": 23425003, "WOE_ID_EH": 23425003, "WOE_NOTE": "Exact WOE match as country", "ADM0_ISO": "ZMB", "ADM0_DIFF": null, "ADM0_TLC": "ZMB", "ADM0_A3_US": "ZMB", "ADM0_A3_FR": "ZMB", "ADM0_A3_RU": "ZMB", "ADM0_A3_ES": "ZMB", "ADM0_A3_CN": "ZMB", "ADM0_A3_TW": "ZMB", "ADM0_A3_IN": "ZMB", "ADM0_A3_NP": "ZMB", "ADM0_A3_PK": "ZMB", "ADM0_A3_DE": "ZMB", "ADM0_A3_GB": "ZMB", "ADM0_A3_BR": "ZMB", "ADM0_A3_IL": "ZMB", "ADM0_A3_PS": "ZMB", "ADM0_A3_SA": "ZMB", "ADM0_A3_EG": "ZMB", "ADM0_A3_MA": "ZMB", "ADM0_A3_PT": "ZMB", "ADM0_A3_AR": "ZMB", "ADM0_A3_JP": "ZMB", "ADM0_A3_KO": "ZMB", "ADM0_A3_VN": "ZMB", "ADM0_A3_TR": "ZMB", "ADM0_A3_ID": "ZMB", "ADM0_A3_PL": "ZMB", "ADM0_A3_GR": "ZMB", "ADM0_A3_IT": "ZMB", "ADM0_A3_NL": "ZMB", "ADM0_A3_SE": "ZMB", "ADM0_A3_BD": "ZMB", "ADM0_A3_UA": "ZMB", "ADM0_A3_UN": -99, "ADM0_A3_WB": -99, "CONTINENT": "Africa", "REGION_UN": "Africa", "SUBREGION": "Eastern Africa", "REGION_WB": "Sub-Saharan Africa", "NAME_LEN": 6, "LONG_LEN": 6, "ABBREV_LEN": 6, "TINY": -99, "HOMEPART": 1, "MIN_ZOOM": 0, "MIN_LABEL": 3, "MAX_LABEL": 8, "LABEL_X": 26.395298, "LABEL_Y": -14.660804, "NE_ID": 1159321439, "WIKIDATAID": "Q953", "NAME_AR": "\u0632\u0627\u0645\u0628\u064a\u0627", "NAME_BN": "\u099c\u09be\u09ae\u09cd\u09ac\u09bf\u09af\u09bc\u09be", "NAME_DE": "Sambia", "NAME_EN": "Zambia", "NAME_ES": "Zambia", "NAME_FA": "\u0632\u0627\u0645\u0628\u06cc\u0627", "NAME_FR": "Zambie", "NAME_EL": "\u0396\u03ac\u03bc\u03c0\u03b9\u03b1", "NAME_HE": "\u05d6\u05de\u05d1\u05d9\u05d4", "NAME_HI": "\u091c\u093c\u093e\u092e\u094d\u092c\u093f\u092f\u093e", "NAME_HU": "Zambia", "NAME_ID": "Zambia", "NAME_IT": "Zambia", "NAME_JA": "\u30b6\u30f3\u30d3\u30a2", "NAME_KO": "\uc7a0\ube44\uc544", "NAME_NL": "Zambia", "NAME_PL": "Zambia", "NAME_PT": "Z\u00e2mbia", "NAME_RU": "\u0417\u0430\u043c\u0431\u0438\u044f", "NAME_SV": "Zambia", "NAME_TR": "Zambiya", "NAME_UK": "\u0417\u0430\u043c\u0431\u0456\u044f", "NAME_UR": "\u0632\u06cc\u0645\u0628\u06cc\u0627", "NAME_VI": "Zambia", "NAME_ZH": "\u8d5e\u6bd4\u4e9a", "NAME_ZHT": "\u5c1a\u6bd4\u4e9e", "FCLASS_ISO": "Admin-0 country", "TLC_DIFF": null, "FCLASS_TLC": "Admin-0 country", "FCLASS_US": null, "FCLASS_FR": null, "FCLASS_RU": null, "FCLASS_ES": null, "FCLASS_CN": null, "FCLASS_TW": null, "FCLASS_IN": null, "FCLASS_NP": null, "FCLASS_PK": null, "FCLASS_DE": null, "FCLASS_GB": null, "FCLASS_BR": null, "FCLASS_IL": null, "FCLASS_PS": null, "FCLASS_SA": null, "FCLASS_EG": null, "FCLASS_MA": null, "FCLASS_PT": null, "FCLASS_AR": null, "FCLASS_JP": null, "FCLASS_KO": null, "FCLASS_VN": null, "FCLASS_TR": null, "FCLASS_ID": null, "FCLASS_PL": null, "FCLASS_GR": null, "FCLASS_IT": null, "FCLASS_NL": null, "FCLASS_SE": null, "FCLASS_BD": null, "FCLASS_UA": null, "cartogram_scale": 0.3, "dc_count": 0, "dc_code": "OTHER"}, "geometry": {"type": "Polygon", "coordinates": [[[28.8066, -11.4864], [28.9319, -11.5628], [29.0515, -11.613], [29.2422, -11.6635], [29.4124, -11.7536], [29.554, -11.8874], [29.6303, -12.1421], [29.5792, -12.2234], [29.5189, -12.4665], [29.5765, -12.7151], [29.4821, -12.8195], [29.391, -13.0982], [29.5488, -13.1759], [28.6384, -13.4232], [28.6669, -13.6367], [28.4396, -13.6778], [28.2688, -13.7973], [28.2324, -13.9013], [28.125, -13.9249], [27.8641, -14.1716], [27.6979, -14.3658], [27.5966, -14.3728], [27.4992, -14.3382], [27.1639, -14.3054], [27.1099, -14.2829], [27.1077, -14.258], [26.9893, -14.1904], [26.7948, -14.1731], [26.5491, -14.2413], [26.3533, -14.0539], [26.151, -13.8085], [26.1648, -12.8539], [26.7894, -12.8577], [26.7639, -12.7541], [26.8086, -12.6418], [26.7558, -12.5011], [26.79, -12.3556], [26.7583, -12.2624], [26.8617, -12.27], [26.879, -12.3632], [27.0195, -12.356], [27.21, -12.3837], [27.3103, -12.5199], [27.5505, -12.5617], [27.7339, -12.467], [27.8012, -12.6242], [28.0311, -12.6661], [28.1417, -12.794], [28.2649, -12.9591], [28.4945, -12.9616], [28.4694, -12.6381], [28.3871, -12.6926], [28.1773, -12.5759], [28.0963, -12.5225], [28.1334, -12.2214], [28.1867, -11.8662], [28.1196, -11.7339], [28.2051, -11.5424], [28.2855, -11.5065], [28.6884, -11.4559], [28.8066, -11.4864]]]}}, {"type": "Feature", "properties": {"featurecla": "Admin-0 country", "scalerank": 1, "LABELRANK": 6, "SOVEREIGNT": "Malawi", "SOV_A3": "MWI", "ADM0_DIF": 0, "LEVEL": 2, "TYPE": "Sovereign country", "TLC": "1", "ADMIN": "Malawi", "ADM0_A3": "MWI", "GEOU_DIF": 0, "GEOUNIT": "Malawi", "GU_A3": "MWI", "SU_DIF": 0, "SUBUNIT": "Malawi", "SU_A3": "MWI", "BRK_DIFF": 0, "NAME": "Malawi", "NAME_LONG": "Malawi", "BRK_A3": "MWI", "BRK_NAME": "Malawi", "BRK_GROUP": null, "ABBREV": "Mal.", "POSTAL": "MW", "FORMAL_EN": "Republic of Malawi", "FORMAL_FR": null, "NAME_CIAWF": "Malawi", "NOTE_ADM0": null, "NOTE_BRK": null, "NAME_SORT": "Malawi", "NAME_ALT": null, "MAPCOLOR7": 1, "MAPCOLOR8": 3, "MAPCOLOR9": 4, "MAPCOLOR13": 5, "POP_EST": 18628747, "POP_RANK": 14, "POP_YEAR": 2019, "GDP_MD": 7666, "GDP_YEAR": 2019, "ECONOMY": "7. Least developed region", "INCOME_GRP": "5. Low income", "FIPS_10": "MI", "ISO_A2": "MW", "ISO_A2_EH": "MW", "ISO_A3": "MWI", "ISO_A3_EH": "MWI", "ISO_N3": "454", "ISO_N3_EH": "454", "UN_A3": "454", "WB_A2": "MW", "WB_A3": "MWI", "WOE_ID": 23424889, "WOE_ID_EH": 23424889, "WOE_NOTE": "Exact WOE match as country", "ADM0_ISO": "MWI", "ADM0_DIFF": null, "ADM0_TLC": "MWI", "ADM0_A3_US": "MWI", "ADM0_A3_FR": "MWI", "ADM0_A3_RU": "MWI", "ADM0_A3_ES": "MWI", "ADM0_A3_CN": "MWI", "ADM0_A3_TW": "MWI", "ADM0_A3_IN": "MWI", "ADM0_A3_NP": "MWI", "ADM0_A3_PK": "MWI", "ADM0_A3_DE": "MWI", "ADM0_A3_GB": "MWI", "ADM0_A3_BR": "MWI", "ADM0_A3_IL": "MWI", "ADM0_A3_PS": "MWI", "ADM0_A3_SA": "MWI", "ADM0_A3_EG": "MWI", "ADM0_A3_MA": "MWI", "ADM0_A3_PT": "MWI", "ADM0_A3_AR": "MWI", "ADM0_A3_JP": "MWI", "ADM0_A3_KO": "MWI", "ADM0_A3_VN": "MWI", "ADM0_A3_TR": "MWI", "ADM0_A3_ID": "MWI", "ADM0_A3_PL": "MWI", "ADM0_A3_GR": "MWI", "ADM0_A3_IT": "MWI", "ADM0_A3_NL": "MWI", "ADM0_A3_SE": "MWI", "ADM0_A3_BD": "MWI", "ADM0_A3_UA": "MWI", "ADM0_A3_UN": -99, "ADM0_A3_WB": -99, "CONTINENT": "Africa", "REGION_UN": "Africa", "SUBREGION": "Eastern Africa", "REGION_WB": "Sub-Saharan Africa", "NAME_LEN": 6, "LONG_LEN": 6, "ABBREV_LEN": 4, "TINY": -99, "HOMEPART": 1, "MIN_ZOOM": 0, "MIN_LABEL": 4, "MAX_LABEL": 9, "LABEL_X": 33.608082, "LABEL_Y": -13.386737, "NE_ID": 1159321081, "WIKIDATAID": "Q1020", "NAME_AR": "\u0645\u0627\u0644\u0627\u0648\u064a", "NAME_BN": "\u09ae\u09be\u09b2\u09be\u0989\u0987", "NAME_DE": "Malawi", "NAME_EN": "Malawi", "NAME_ES": "Malaui", "NAME_FA": "\u0645\u0627\u0644\u0627\u0648\u06cc", "NAME_FR": "Malawi", "NAME_EL": "\u039c\u03b1\u03bb\u03ac\u03bf\u03c5\u03b9", "NAME_HE": "\u05de\u05dc\u05d0\u05d5\u05d5\u05d9", "NAME_HI": "\u092e\u0932\u093e\u0935\u0940", "NAME_HU": "Malawi", "NAME_ID": "Malawi", "NAME_IT": "Malawi", "NAME_JA": "\u30de\u30e9\u30a6\u30a4", "NAME_KO": "\ub9d0\ub77c\uc704", "NAME_NL": "Malawi", "NAME_PL": "Malawi", "NAME_PT": "Malawi", "NAME_RU": "\u041c\u0430\u043b\u0430\u0432\u0438", "NAME_SV": "Malawi", "NAME_TR": "Malavi", "NAME_UK": "\u041c\u0430\u043b\u0430\u0432\u0456", "NAME_UR": "\u0645\u0644\u0627\u0648\u06cc", "NAME_VI": "Malawi", "NAME_ZH": "\u9a6c\u62c9\u7ef4", "NAME_ZHT": "\u99ac\u62c9\u5a01", "FCLASS_ISO": "Admin-0 country", "TLC_DIFF": null, "FCLASS_TLC": "Admin-0 country", "FCLASS_US": null, "FCLASS_FR": null, "FCLASS_RU": null, "FCLASS_ES": null, "FCLASS_CN": null, "FCLASS_TW": null, "FCLASS_IN": null, "FCLASS_NP": null, "FCLASS_PK": null, "FCLASS_DE": null, "FCLASS_GB": null, "FCLASS_BR": null, "FCLASS_IL": null, "FCLASS_PS": null, "FCLASS_SA": null, "FCLASS_EG": null, "FCLASS_MA": null, "FCLASS_PT": null, "FCLASS_AR": null, "FCLASS_JP": null, "FCLASS_KO": null, "FCLASS_VN": null, "FCLASS_TR": null, "FCLASS_ID": null, "FCLASS_PL": null, "FCLASS_GR": null, "FCLASS_IT": null, "FCLASS_NL": null, "FCLASS_SE": null, "FCLASS_BD": null, "FCLASS_UA": null, "cartogram_scale": 0.3, "dc_count": 0, "dc_code": "OTHER"}, "geometry": {"type": "Polygon", "coordinates": [[[33.6716, -11.809], [33.9658, -11.865], [34.0261, -11.9479], [34.1278, -12.0878], [34.2118, -12.4958], [34.1278, -12.7238], [34.2118, -13.1138], [34.316, -13.1095], [34.4242, -13.2062], [34.5499, -13.4231], [34.5754, -13.8089], [34.4456, -13.8721], [34.354, -14.0802], [34.1582, -13.8949], [34.136, -13.6834], [34.1991, -13.5439], [34.1817, -13.4237], [34.0633, -13.3478], [33.9807, -13.3754], [33.808, -13.2314], [33.6503, -13.1537], [33.7414, -12.875], [33.8358, -12.7706], [33.7781, -12.522], [33.8384, -12.2788], [33.8895, -12.1975], [33.8133, -11.9428], [33.6716, -11.809]]]}}, {"type": "Feature", "properties": {"featurecla": "Admin-0 country", "scalerank": 1, "LABELRANK": 3, "SOVEREIGNT": "Mozambique", "SOV_A3": "MOZ", "ADM0_DIF": 0, "LEVEL": 2, "TYPE": "Sovereign country", "TLC": "1", "ADMIN": "Mozambique", "ADM0_A3": "MOZ", "GEOU_DIF": 0, "GEOUNIT": "Mozambique", "GU_A3": "MOZ", "SU_DIF": 0, "SUBUNIT": "Mozambique", "SU_A3": "MOZ", "BRK_DIFF": 0, "NAME": "Mozambique", "NAME_LONG": "Mozambique", "BRK_A3": "MOZ", "BRK_NAME": "Mozambique", "BRK_GROUP": null, "ABBREV": "Moz.", "POSTAL": "MZ", "FORMAL_EN": "Republic of Mozambique", "FORMAL_FR": null, "NAME_CIAWF": "Mozambique", "NOTE_ADM0": null, "NOTE_BRK": null, "NAME_SORT": "Mozambique", "NAME_ALT": null, "MAPCOLOR7": 4, "MAPCOLOR8": 2, "MAPCOLOR9": 1, "MAPCOLOR13": 4, "POP_EST": 30366036, "POP_RANK": 15, "POP_YEAR": 2019, "GDP_MD": 15291, "GDP_YEAR": 2019, "ECONOMY": "7. Least developed region", "INCOME_GRP": "5. Low income", "FIPS_10": "MZ", "ISO_A2": "MZ", "ISO_A2_EH": "MZ", "ISO_A3": "MOZ", "ISO_A3_EH": "MOZ", "ISO_N3": "508", "ISO_N3_EH": "508", "UN_A3": "508", "WB_A2": "MZ", "WB_A3": "MOZ", "WOE_ID": 23424902, "WOE_ID_EH": 23424902, "WOE_NOTE": "Exact WOE match as country", "ADM0_ISO": "MOZ", "ADM0_DIFF": null, "ADM0_TLC": "MOZ", "ADM0_A3_US": "MOZ", "ADM0_A3_FR": "MOZ", "ADM0_A3_RU": "MOZ", "ADM0_A3_ES": "MOZ", "ADM0_A3_CN": "MOZ", "ADM0_A3_TW": "MOZ", "ADM0_A3_IN": "MOZ", "ADM0_A3_NP": "MOZ", "ADM0_A3_PK": "MOZ", "ADM0_A3_DE": "MOZ", "ADM0_A3_GB": "MOZ", "ADM0_A3_BR": "MOZ", "ADM0_A3_IL": "MOZ", "ADM0_A3_PS": "MOZ", "ADM0_A3_SA": "MOZ", "ADM0_A3_EG": "MOZ", "ADM0_A3_MA": "MOZ", "ADM0_A3_PT": "MOZ", "ADM0_A3_AR": "MOZ", "ADM0_A3_JP": "MOZ", "ADM0_A3_KO": "MOZ", "ADM0_A3_VN": "MOZ", "ADM0_A3_TR": "MOZ", "ADM0_A3_ID": "MOZ", "ADM0_A3_PL": "MOZ", "ADM0_A3_GR": "MOZ", "ADM0_A3_IT": "MOZ", "ADM0_A3_NL": "MOZ", "ADM0_A3_SE": "MOZ", "ADM0_A3_BD": "MOZ", "ADM0_A3_UA": "MOZ", "ADM0_A3_UN": -99, "ADM0_A3_WB": -99, "CONTINENT": "Africa", "REGION_UN": "Africa", "SUBREGION": "Eastern Africa", "REGION_WB": "Sub-Saharan Africa", "NAME_LEN": 10, "LONG_LEN": 10, "ABBREV_LEN": 4, "TINY": -99, "HOMEPART": 1, "MIN_ZOOM": 0, "MIN_LABEL": 3, "MAX_LABEL": 8, "LABEL_X": 37.83789, "LABEL_Y": -13.94323, "NE_ID": 1159321073, "WIKIDATAID": "Q1029", "NAME_AR": "\u0645\u0648\u0632\u0645\u0628\u064a\u0642", "NAME_BN": "\u09ae\u09cb\u099c\u09be\u09ae\u09cd\u09ac\u09bf\u0995", "NAME_DE": "Mosambik", "NAME_EN": "Mozambique", "NAME_ES": "Mozambique", "NAME_FA": "\u0645\u0648\u0632\u0627\u0645\u0628\u06cc\u06a9", "NAME_FR": "Mozambique", "NAME_EL": "\u039c\u03bf\u03b6\u03b1\u03bc\u03b2\u03af\u03ba\u03b7", "NAME_HE": "\u05de\u05d5\u05d6\u05de\u05d1\u05d9\u05e7", "NAME_HI": "\u092e\u094b\u091c\u093c\u093e\u092e\u094d\u092c\u0940\u0915", "NAME_HU": "Mozambik", "NAME_ID": "Mozambik", "NAME_IT": "Mozambico", "NAME_JA": "\u30e2\u30b6\u30f3\u30d3\u30fc\u30af", "NAME_KO": "\ubaa8\uc7a0\ube44\ud06c", "NAME_NL": "Mozambique", "NAME_PL": "Mozambik", "NAME_PT": "Mo\u00e7ambique", "NAME_RU": "\u041c\u043e\u0437\u0430\u043c\u0431\u0438\u043a", "NAME_SV": "Mo\u00e7ambique", "NAME_TR": "Mozambik", "NAME_UK": "\u041c\u043e\u0437\u0430\u043c\u0431\u0456\u043a", "NAME_UR": "\u0645\u0648\u0632\u0645\u0628\u06cc\u0642", "NAME_VI": "Mozambique", "NAME_ZH": "\u83ab\u6851\u6bd4\u514b", "NAME_ZHT": "\u83ab\u4e09\u6bd4\u514b", "FCLASS_ISO": "Admin-0 country", "TLC_DIFF": null, "FCLASS_TLC": "Admin-0 country", "FCLASS_US": null, "FCLASS_FR": null, "FCLASS_RU": null, "FCLASS_ES": null, "FCLASS_CN": null, "FCLASS_TW": null, "FCLASS_IN": null, "FCLASS_NP": null, "FCLASS_PK": null, "FCLASS_DE": null, "FCLASS_GB": null, "FCLASS_BR": null, "FCLASS_IL": null, "FCLASS_PS": null, "FCLASS_SA": null, "FCLASS_EG": null, "FCLASS_MA": null, "FCLASS_PT": null, "FCLASS_AR": null, "FCLASS_JP": null, "FCLASS_KO": null, "FCLASS_VN": null, "FCLASS_TR": null, "FCLASS_ID": null, "FCLASS_PL": null, "FCLASS_GR": null, "FCLASS_IT": null, "FCLASS_NL": null, "FCLASS_SE": null, "FCLASS_BD": null, "FCLASS_UA": null, "cartogram_scale": 0.3, "dc_count": 0, "dc_code": "OTHER"}, "geometry": {"type": "Polygon", "coordinates": [[[34.8705, -15.8602], [35.0962, -15.836], [35.4567, -15.9205], [35.535, -15.8826], [35.7439, -15.8748], [35.8508, -15.7848], [36.0307, -15.7898], [36.3588, -15.6733], [36.5974, -15.4993], [36.5974, -15.4993], [36.5974, -15.4993], [36.646, -15.6338], [36.6336, -15.9327], [36.6707, -16.196], [36.6824, -16.6648], [36.7351, -16.8117], [36.6456, -17.0261], [36.5292, -17.2344], [36.3382, -17.4205], [36.064, -17.5345], [35.7258, -17.6801], [35.3869, -18.0021], [35.2714, -18.0569], [35.062, -18.2701], [34.9384, -18.3394], [34.913, -18.5533], [35.0553, -18.7805], [35.1145, -18.9565], [35.1182, -19.0462], [35.1712, -19.0312], [35.1626, -19.3254], [35.114, -19.4648], [35.1847, -19.5162], [35.1401, -19.641], [35.0147, -19.7477], [34.7672, -19.8491], [34.4064, -20.0115], [34.2749, -20.1224], [34.3006, -20.2488], [34.3773, -20.269], [34.3515, -20.4269], [34.124, -20.4244], [34.0982, -20.2917], [34.0538, -20.1572], [34.0282, -20.0495], [34.0816, -19.715], [34.0036, -19.5019], [33.8599, -19.0797], [34.176, -18.7392], [34.2551, -18.5228], [34.3004, -18.4955], [34.3343, -18.3189], [34.2861, -18.23], [34.2989, -18.0058], [34.3574, -17.7979], [34.3568, -17.4182], [34.2009, -17.3218], [34.0581, -17.3], [33.9934, -17.2258], [33.8544, -17.1625], [33.6042, -17.1685], [33.5847, -17.0565], [33.5563, -16.843], [34.4667, -16.5958], [34.6394, -16.7398], [34.7219, -16.7122], [34.8404, -16.7881], [34.8578, -16.9083], [34.7947, -17.0478], [34.8169, -17.2593], [35.0126, -17.4446], [35.1042, -17.2364], [35.234, -17.1733], [35.2085, -16.7875], [35.0829, -16.5706], [34.9746, -16.4738], [34.8705, -16.4782], [34.7865, -16.0882], [34.8705, -15.8602]]]}}, {"type": "Feature", "properties": {"featurecla": "Admin-0 country", "scalerank": 1, "LABELRANK": 4, "SOVEREIGNT": "eSwatini", "SOV_A3": "SWZ", "ADM0_DIF": 0, "LEVEL": 2, "TYPE": "Sovereign country", "TLC": "1", "ADMIN": "eSwatini", "ADM0_A3": "SWZ", "GEOU_DIF": 0, "GEOUNIT": "eSwatini", "GU_A3": "SWZ", "SU_DIF": 0, "SUBUNIT": "eSwatini", "SU_A3": "SWZ", "BRK_DIFF": 0, "NAME": "eSwatini", "NAME_LONG": "Kingdom of eSwatini", "BRK_A3": "SWZ", "BRK_NAME": "eSwatini", "BRK_GROUP": null, "ABBREV": "eSw.", "POSTAL": "ES", "FORMAL_EN": "Kingdom of eSwatini", "FORMAL_FR": null, "NAME_CIAWF": "eSwatini", "NOTE_ADM0": null, "NOTE_BRK": null, "NAME_SORT": "eSwatini", "NAME_ALT": "Swaziland", "MAPCOLOR7": 3, "MAPCOLOR8": 6, "MAPCOLOR9": 2, "MAPCOLOR13": 5, "POP_EST": 1148130, "POP_RANK": 12, "POP_YEAR": 2019, "GDP_MD": 4471, "GDP_YEAR": 2019, "ECONOMY": "6. Developing region", "INCOME_GRP": "4. Lower middle income", "FIPS_10": "WZ", "ISO_A2": "SZ", "ISO_A2_EH": "SZ", "ISO_A3": "SWZ", "ISO_A3_EH": "SWZ", "ISO_N3": "748", "ISO_N3_EH": "748", "UN_A3": "748", "WB_A2": "SZ", "WB_A3": "SWZ", "WOE_ID": 23424993, "WOE_ID_EH": 23424993, "WOE_NOTE": "Exact WOE match as country", "ADM0_ISO": "SWZ", "ADM0_DIFF": null, "ADM0_TLC": "SWZ", "ADM0_A3_US": "SWZ", "ADM0_A3_FR": "SWZ", "ADM0_A3_RU": "SWZ", "ADM0_A3_ES": "SWZ", "ADM0_A3_CN": "SWZ", "ADM0_A3_TW": "SWZ", "ADM0_A3_IN": "SWZ", "ADM0_A3_NP": "SWZ", "ADM0_A3_PK": "SWZ", "ADM0_A3_DE": "SWZ", "ADM0_A3_GB": "SWZ", "ADM0_A3_BR": "SWZ", "ADM0_A3_IL": "SWZ", "ADM0_A3_PS": "SWZ", "ADM0_A3_SA": "SWZ", "ADM0_A3_EG": "SWZ", "ADM0_A3_MA": "SWZ", "ADM0_A3_PT": "SWZ", "ADM0_A3_AR": "SWZ", "ADM0_A3_JP": "SWZ", "ADM0_A3_KO": "SWZ", "ADM0_A3_VN": "SWZ", "ADM0_A3_TR": "SWZ", "ADM0_A3_ID": "SWZ", "ADM0_A3_PL": "SWZ", "ADM0_A3_GR": "SWZ", "ADM0_A3_IT": "SWZ", "ADM0_A3_NL": "SWZ", "ADM0_A3_SE": "SWZ", "ADM0_A3_BD": "SWZ", "ADM0_A3_UA": "SWZ", "ADM0_A3_UN": -99, "ADM0_A3_WB": -99, "CONTINENT": "Africa", "REGION_UN": "Africa", "SUBREGION": "Southern Africa", "REGION_WB": "Sub-Saharan Africa", "NAME_LEN": 8, "LONG_LEN": 19, "ABBREV_LEN": 4, "TINY": -99, "HOMEPART": 1, "MIN_ZOOM": 0, "MIN_LABEL": 4, "MAX_LABEL": 9, "LABEL_X": 31.467264, "LABEL_Y": -26.533676, "NE_ID": 1159321289, "WIKIDATAID": "Q1050", "NAME_AR": "\u0625\u0633\u0648\u0627\u062a\u064a\u0646\u064a", "NAME_BN": "\u0987\u09b8\u09cb\u09af\u09bc\u09be\u09a4\u09bf\u09a8\u09bf", "NAME_DE": "Eswatini", "NAME_EN": "Eswatini", "NAME_ES": "Suazilandia", "NAME_FA": "\u0627\u0633\u0648\u0627\u062a\u06cc\u0646\u06cc", "NAME_FR": "Eswatini", "NAME_EL": "\u0395\u03c3\u03bf\u03c5\u03b1\u03c4\u03af\u03bd\u03b9", "NAME_HE": "\u05d0\u05e1\u05d5\u05d5\u05d0\u05d8\u05d9\u05e0\u05d9", "NAME_HI": "\u090f\u0938\u094d\u0935\u093e\u0924\u0940\u0928\u0940", "NAME_HU": "Szv\u00e1zif\u00f6ld", "NAME_ID": "Eswatini", "NAME_IT": "eSwatini", "NAME_JA": "\u30a8\u30b9\u30ef\u30c6\u30a3\u30cb", "NAME_KO": "\uc5d0\uc2a4\uc640\ud2f0\ub2c8", "NAME_NL": "Swaziland", "NAME_PL": "Eswatini", "NAME_PT": "Essuat\u00edni", "NAME_RU": "\u042d\u0441\u0432\u0430\u0442\u0438\u043d\u0438", "NAME_SV": "Swaziland", "NAME_TR": "Esvatini", "NAME_UK": "\u0415\u0441\u0432\u0430\u0442\u0456\u043d\u0456", "NAME_UR": "\u0627\u0633\u0648\u0627\u062a\u06cc\u0646\u06cc", "NAME_VI": "Eswatini", "NAME_ZH": "\u65af\u5a01\u58eb\u5170", "NAME_ZHT": "\u53f2\u74e6\u5e1d\u5c3c", "FCLASS_ISO": "Admin-0 country", "TLC_DIFF": null, "FCLASS_TLC": "Admin-0 country", "FCLASS_US": null, "FCLASS_FR": null, "FCLASS_RU": null, "FCLASS_ES": null, "FCLASS_CN": null, "FCLASS_TW": null, "FCLASS_IN": null, "FCLASS_NP": null, "FCLASS_PK": null, "FCLASS_DE": null, "FCLASS_GB": null, "FCLASS_BR": null, "FCLASS_IL": null, "FCLASS_PS": null, "FCLASS_SA": null, "FCLASS_EG": null, "FCLASS_MA": null, "FCLASS_PT": null, "FCLASS_AR": null, "FCLASS_JP": null, "FCLASS_KO": null, "FCLASS_VN": null, "FCLASS_TR": null, "FCLASS_ID": null, "FCLASS_PL": null, "FCLASS_GR": null, "FCLASS_IT": null, "FCLASS_NL": null, "FCLASS_SE": null, "FCLASS_BD": null, "FCLASS_UA": null, "cartogram_scale": 0.3, "dc_count": 0, "dc_code": "OTHER"}, "geometry": {"type": "Polygon", "coordinates": [[[31.6274, -26.5143], [31.5663, -26.6476], [31.3907, -26.6799], [31.2117, -26.5173], [31.2089, -26.4136], [31.2908, -26.301], [31.3191, -26.2136], [31.4059, -26.1922], [31.5572, -26.2472], [31.6016, -26.3817], [31.6274, -26.5143]]]}}, {"type": "Feature", "properties": {"featurecla": "Admin-0 country", "scalerank": 1, "LABELRANK": 3, "SOVEREIGNT": "Angola", "SOV_A3": "AGO", "ADM0_DIF": 0, "LEVEL": 2, "TYPE": "Sovereign country", "TLC": "1", "ADMIN": "Angola", "ADM0_A3": "AGO", "GEOU_DIF": 0, "GEOUNIT": "Angola", "GU_A3": "AGO", "SU_DIF": 0, "SUBUNIT": "Angola", "SU_A3": "AGO", "BRK_DIFF": 0, "NAME": "Angola", "NAME_LONG": "Angola", "BRK_A3": "AGO", "BRK_NAME": "Angola", "BRK_GROUP": null, "ABBREV": "Ang.", "POSTAL": "AO", "FORMAL_EN": "People's Republic of Angola", "FORMAL_FR": null, "NAME_CIAWF": "Angola", "NOTE_ADM0": null, "NOTE_BRK": null, "NAME_SORT": "Angola", "NAME_ALT": null, "MAPCOLOR7": 3, "MAPCOLOR8": 2, "MAPCOLOR9": 6, "MAPCOLOR13": 1, "POP_EST": 31825295, "POP_RANK": 15, "POP_YEAR": 2019, "GDP_MD": 88815, "GDP_YEAR": 2019, "ECONOMY": "7. Least developed region", "INCOME_GRP": "3. Upper middle income", "FIPS_10": "AO", "ISO_A2": "AO", "ISO_A2_EH": "AO", "ISO_A3": "AGO", "ISO_A3_EH": "AGO", "ISO_N3": "024", "ISO_N3_EH": "024", "UN_A3": "024", "WB_A2": "AO", "WB_A3": "AGO", "WOE_ID": 23424745, "WOE_ID_EH": 23424745, "WOE_NOTE": "Exact WOE match as country", "ADM0_ISO": "AGO", "ADM0_DIFF": null, "ADM0_TLC": "AGO", "ADM0_A3_US": "AGO", "ADM0_A3_FR": "AGO", "ADM0_A3_RU": "AGO", "ADM0_A3_ES": "AGO", "ADM0_A3_CN": "AGO", "ADM0_A3_TW": "AGO", "ADM0_A3_IN": "AGO", "ADM0_A3_NP": "AGO", "ADM0_A3_PK": "AGO", "ADM0_A3_DE": "AGO", "ADM0_A3_GB": "AGO", "ADM0_A3_BR": "AGO", "ADM0_A3_IL": "AGO", "ADM0_A3_PS": "AGO", "ADM0_A3_SA": "AGO", "ADM0_A3_EG": "AGO", "ADM0_A3_MA": "AGO", "ADM0_A3_PT": "AGO", "ADM0_A3_AR": "AGO", "ADM0_A3_JP": "AGO", "ADM0_A3_KO": "AGO", "ADM0_A3_VN": "AGO", "ADM0_A3_TR": "AGO", "ADM0_A3_ID": "AGO", "ADM0_A3_PL": "AGO", "ADM0_A3_GR": "AGO", "ADM0_A3_IT": "AGO", "ADM0_A3_NL": "AGO", "ADM0_A3_SE": "AGO", "ADM0_A3_BD": "AGO", "ADM0_A3_UA": "AGO", "ADM0_A3_UN": -99, "ADM0_A3_WB": -99, "CONTINENT": "Africa", "REGION_UN": "Africa", "SUBREGION": "Middle Africa", "REGION_WB": "Sub-Saharan Africa", "NAME_LEN": 6, "LONG_LEN": 6, "ABBREV_LEN": 4, "TINY": -99, "HOMEPART": 1, "MIN_ZOOM": 0, "MIN_LABEL": 3, "MAX_LABEL": 7, "LABEL_X": 17.984249, "LABEL_Y": -12.182762, "NE_ID": 1159320323, "WIKIDATAID": "Q916", "NAME_AR": "\u0623\u0646\u063a\u0648\u0644\u0627", "NAME_BN": "\u0985\u09cd\u09af\u09be\u0999\u09cd\u0997\u09cb\u09b2\u09be", "NAME_DE": "Angola", "NAME_EN": "Angola", "NAME_ES": "Angola", "NAME_FA": "\u0622\u0646\u06af\u0648\u0644\u0627", "NAME_FR": "Angola", "NAME_EL": "\u0391\u03bd\u03b3\u03ba\u03cc\u03bb\u03b1", "NAME_HE": "\u05d0\u05e0\u05d2\u05d5\u05dc\u05d4", "NAME_HI": "\u0905\u0902\u0917\u094b\u0932\u093e", "NAME_HU": "Angola", "NAME_ID": "Angola", "NAME_IT": "Angola", "NAME_JA": "\u30a2\u30f3\u30b4\u30e9", "NAME_KO": "\uc559\uace8\ub77c", "NAME_NL": "Angola", "NAME_PL": "Angola", "NAME_PT": "Angola", "NAME_RU": "\u0410\u043d\u0433\u043e\u043b\u0430", "NAME_SV": "Angola", "NAME_TR": "Angola", "NAME_UK": "\u0410\u043d\u0433\u043e\u043b\u0430", "NAME_UR": "\u0627\u0646\u06af\u0648\u0644\u0627", "NAME_VI": "Angola", "NAME_ZH": "\u5b89\u54e5\u62c9", "NAME_ZHT": "\u5b89\u54e5\u62c9", "FCLASS_ISO": "Admin-0 country", "TLC_DIFF": null, "FCLASS_TLC": "Admin-0 country", "FCLASS_US": null, "FCLASS_FR": null, "FCLASS_RU": null, "FCLASS_ES": null, "FCLASS_CN": null, "FCLASS_TW": null, "FCLASS_IN": null, "FCLASS_NP": null, "FCLASS_PK": null, "FCLASS_DE": null, "FCLASS_GB": null, "FCLASS_BR": null, "FCLASS_IL": null, "FCLASS_PS": null, "FCLASS_SA": null, "FCLASS_EG": null, "FCLASS_MA": null, "FCLASS_PT": null, "FCLASS_AR": null, "FCLASS_JP": null, "FCLASS_KO": null, "FCLASS_VN": null, "FCLASS_TR": null, "FCLASS_ID": null, "FCLASS_PL": null, "FCLASS_GR": null, "FCLASS_IT": null, "FCLASS_NL": null, "FCLASS_SE": null, "FCLASS_BD": null, "FCLASS_UA": null, "cartogram_scale": 0.3, "dc_count": 0, "dc_code": "OTHER"}, "geometry": {"type": "MultiPolygon", "coordinates": [[[[15.6548, -8.5958], [15.5457, -8.6588], [15.4966, -8.736], [15.4872, -8.8667], [15.4109, -8.8984], [15.3307, -8.6728], [15.4518, -8.5433], [15.5424, -8.4929], [15.6548, -8.5958]]], [[[15.4529, -8.9915], [15.5767, -8.9511], [15.6636, -8.9568], [15.7689, -8.9207], [16.6541, -8.9247], [16.7281, -9.1482], [16.8142, -9.3281], [16.8832, -9.4251], [16.9981, -9.582], [17.1965, -9.5577], [17.2954, -9.5155], [17.4612, -9.5579], [17.5062, -9.4829], [17.5814, -9.3081], [17.7675, -9.2964], [17.7837, -9.2444], [17.9367, -9.2432], [17.9106, -9.3513], [18.2746, -9.3487], [18.2801, -9.5375], [18.3409, -9.6532], [18.2967, -9.8341], [18.3187, -10.0186], [18.4188, -10.1299], [18.4028, -10.4869], [18.477, -10.4594], [18.6074, -10.4667], [18.7932, -10.4218], [18.9299, -10.4395], [18.9616, -10.5326], [18.9274, -10.6781], [18.9802, -10.8188], [18.9355, -10.9312], [18.961, -11.0348], [18.3364, -11.031], [18.3225, -11.9855], [18.5249, -12.231], [18.7207, -12.4184], [18.1693, -12.5406], [17.443, -12.4982], [17.2352, -12.3544], [16.0191, -12.3674], [15.9737, -12.3885], [15.7949, -12.2528], [15.6004, -12.2438], [15.4208, -12.2949], [15.2764, -12.352], [15.2482, -12.1634], [15.2898, -11.8996], [15.3933, -11.6249], [15.4089, -11.4962], [15.5062, -11.2258], [15.5777, -11.1028], [15.7501, -10.9065], [15.8463, -10.773], [15.8778, -10.5508], [15.8621, -10.3808], [15.7724, -10.2735], [15.6925, -10.0915], [15.6188, -9.9115], [15.6349, -9.8492], [15.7271, -9.7302], [15.6361, -9.4404], [15.5747, -9.2396], [15.4244, -9.0498], [15.4529, -8.9915]]]]}}, {"type": "Feature", "properties": {"featurecla": "Admin-0 country", "scalerank": 1, "LABELRANK": 6, "SOVEREIGNT": "Burundi", "SOV_A3": "BDI", "ADM0_DIF": 0, "LEVEL": 2, "TYPE": "Sovereign country", "TLC": "1", "ADMIN": "Burundi", "ADM0_A3": "BDI", "GEOU_DIF": 0, "GEOUNIT": "Burundi", "GU_A3": "BDI", "SU_DIF": 0, "SUBUNIT": "Burundi", "SU_A3": "BDI", "BRK_DIFF": 0, "NAME": "Burundi", "NAME_LONG": "Burundi", "BRK_A3": "BDI", "BRK_NAME": "Burundi", "BRK_GROUP": null, "ABBREV": "Bur.", "POSTAL": "BI", "FORMAL_EN": "Republic of Burundi", "FORMAL_FR": null, "NAME_CIAWF": "Burundi", "NOTE_ADM0": null, "NOTE_BRK": null, "NAME_SORT": "Burundi", "NAME_ALT": null, "MAPCOLOR7": 2, "MAPCOLOR8": 2, "MAPCOLOR9": 5, "MAPCOLOR13": 8, "POP_EST": 11530580, "POP_RANK": 14, "POP_YEAR": 2019, "GDP_MD": 3012, "GDP_YEAR": 2019, "ECONOMY": "7. Least developed region", "INCOME_GRP": "5. Low income", "FIPS_10": "BY", "ISO_A2": "BI", "ISO_A2_EH": "BI", "ISO_A3": "BDI", "ISO_A3_EH": "BDI", "ISO_N3": "108", "ISO_N3_EH": "108", "UN_A3": "108", "WB_A2": "BI", "WB_A3": "BDI", "WOE_ID": 23424774, "WOE_ID_EH": 23424774, "WOE_NOTE": "Exact WOE match as country", "ADM0_ISO": "BDI", "ADM0_DIFF": null, "ADM0_TLC": "BDI", "ADM0_A3_US": "BDI", "ADM0_A3_FR": "BDI", "ADM0_A3_RU": "BDI", "ADM0_A3_ES": "BDI", "ADM0_A3_CN": "BDI", "ADM0_A3_TW": "BDI", "ADM0_A3_IN": "BDI", "ADM0_A3_NP": "BDI", "ADM0_A3_PK": "BDI", "ADM0_A3_DE": "BDI", "ADM0_A3_GB": "BDI", "ADM0_A3_BR": "BDI", "ADM0_A3_IL": "BDI", "ADM0_A3_PS": "BDI", "ADM0_A3_SA": "BDI", "ADM0_A3_EG": "BDI", "ADM0_A3_MA": "BDI", "ADM0_A3_PT": "BDI", "ADM0_A3_AR": "BDI", "ADM0_A3_JP": "BDI", "ADM0_A3_KO": "BDI", "ADM0_A3_VN": "BDI", "ADM0_A3_TR": "BDI", "ADM0_A3_ID": "BDI", "ADM0_A3_PL": "BDI", "ADM0_A3_GR": "BDI", "ADM0_A3_IT": "BDI", "ADM0_A3_NL": "BDI", "ADM0_A3_SE": "BDI", "ADM0_A3_BD": "BDI", "ADM0_A3_UA": "BDI", "ADM0_A3_UN": -99, "ADM0_A3_WB": -99, "CONTINENT": "Africa", "REGION_UN": "Africa", "SUBREGION": "Eastern Africa", "REGION_WB": "Sub-Saharan Africa", "NAME_LEN": 7, "LONG_LEN": 7, "ABBREV_LEN": 4, "TINY": -99, "HOMEPART": 1, "MIN_ZOOM": 0, "MIN_LABEL": 4, "MAX_LABEL": 9, "LABEL_X": 29.917086, "LABEL_Y": -3.332836, "NE_ID": 1159320387, "WIKIDATAID": "Q967", "NAME_AR": "\u0628\u0648\u0631\u0648\u0646\u062f\u064a", "NAME_BN": "\u09ac\u09c1\u09b0\u09c1\u09a8\u09cd\u09a1\u09bf", "NAME_DE": "Burundi", "NAME_EN": "Burundi", "NAME_ES": "Burundi", "NAME_FA": "\u0628\u0648\u0631\u0648\u0646\u062f\u06cc", "NAME_FR": "Burundi", "NAME_EL": "\u039c\u03c0\u03bf\u03c5\u03c1\u03bf\u03cd\u03bd\u03c4\u03b9", "NAME_HE": "\u05d1\u05d5\u05e8\u05d5\u05e0\u05d3\u05d9", "NAME_HI": "\u092c\u0941\u0930\u0941\u0923\u094d\u0921\u0940", "NAME_HU": "Burundi", "NAME_ID": "Burundi", "NAME_IT": "Burundi", "NAME_JA": "\u30d6\u30eb\u30f3\u30b8", "NAME_KO": "\ubd80\ub8ec\ub514", "NAME_NL": "Burundi", "NAME_PL": "Burundi", "NAME_PT": "Burundi", "NAME_RU": "\u0411\u0443\u0440\u0443\u043d\u0434\u0438", "NAME_SV": "Burundi", "NAME_TR": "Burundi", "NAME_UK": "\u0411\u0443\u0440\u0443\u043d\u0434\u0456", "NAME_UR": "\u0628\u0631\u0648\u0646\u0688\u06cc", "NAME_VI": "Burundi", "NAME_ZH": "\u5e03\u9686\u8fea", "NAME_ZHT": "\u84b2\u9686\u5730", "FCLASS_ISO": "Admin-0 country", "TLC_DIFF": null, "FCLASS_TLC": "Admin-0 country", "FCLASS_US": null, "FCLASS_FR": null, "FCLASS_RU": null, "FCLASS_ES": null, "FCLASS_CN": null, "FCLASS_TW": null, "FCLASS_IN": null, "FCLASS_NP": null, "FCLASS_PK": null, "FCLASS_DE": null, "FCLASS_GB": null, "FCLASS_BR": null, "FCLASS_IL": null, "FCLASS_PS": null, "FCLASS_SA": null, "FCLASS_EG": null, "FCLASS_MA": null, "FCLASS_PT": null, "FCLASS_AR": null, "FCLASS_JP": null, "FCLASS_KO": null, "FCLASS_VN": null, "FCLASS_TR": null, "FCLASS_ID": null, "FCLASS_PL": null, "FCLASS_GR": null, "FCLASS_IT": null, "FCLASS_NL": null, "FCLASS_SE": null, "FCLASS_BD": null, "FCLASS_UA": null, "cartogram_scale": 0.3, "dc_count": 0, "dc_code": "OTHER"}, "geometry": {"type": "Polygon", "coordinates": [[[30.1705, -2.9878], [30.1879, -3.106], [30.2525, -3.174], [30.2553, -3.2715], [30.1812, -3.3342], [30.0645, -3.4907], [29.9556, -3.5994], [29.8316, -3.6137], [29.8125, -3.2518], [29.7371, -3.1154], [29.9192, -3.139], [30.0111, -2.9682], [30.1705, -2.9878]]]}}, {"type": "Feature", "properties": {"featurecla": "Admin-0 country", "scalerank": 1, "LABELRANK": 4, "SOVEREIGNT": "Israel", "SOV_A3": "IS1", "ADM0_DIF": 1, "LEVEL": 2, "TYPE": "Disputed", "TLC": "1", "ADMIN": "Israel", "ADM0_A3": "ISR", "GEOU_DIF": 0, "GEOUNIT": "Israel", "GU_A3": "ISR", "SU_DIF": 0, "SUBUNIT": "Israel", "SU_A3": "ISR", "BRK_DIFF": 1, "NAME": "Israel", "NAME_LONG": "Israel", "BRK_A3": "ISR", "BRK_NAME": "Israel", "BRK_GROUP": null, "ABBREV": "Isr.", "POSTAL": "IS", "FORMAL_EN": "State of Israel", "FORMAL_FR": null, "NAME_CIAWF": "Israel", "NOTE_ADM0": null, "NOTE_BRK": null, "NAME_SORT": "Israel", "NAME_ALT": null, "MAPCOLOR7": 3, "MAPCOLOR8": 2, "MAPCOLOR9": 5, "MAPCOLOR13": 9, "POP_EST": 9053300, "POP_RANK": 13, "POP_YEAR": 2019, "GDP_MD": 394652, "GDP_YEAR": 2019, "ECONOMY": "2. Developed region: nonG7", "INCOME_GRP": "1. High income: OECD", "FIPS_10": "-99", "ISO_A2": "IL", "ISO_A2_EH": "IL", "ISO_A3": "ISR", "ISO_A3_EH": "ISR", "ISO_N3": "376", "ISO_N3_EH": "376", "UN_A3": "376", "WB_A2": "IL", "WB_A3": "ISR", "WOE_ID": 23424852, "WOE_ID_EH": 23424852, "WOE_NOTE": "Exact WOE match as country", "ADM0_ISO": "ISR", "ADM0_DIFF": null, "ADM0_TLC": "ISR", "ADM0_A3_US": "ISR", "ADM0_A3_FR": "ISR", "ADM0_A3_RU": "ISR", "ADM0_A3_ES": "ISR", "ADM0_A3_CN": "ISR", "ADM0_A3_TW": "ISR", "ADM0_A3_IN": "ISR", "ADM0_A3_NP": "ISR", "ADM0_A3_PK": "PSX", "ADM0_A3_DE": "ISR", "ADM0_A3_GB": "ISR", "ADM0_A3_BR": "ISR", "ADM0_A3_IL": "ISR", "ADM0_A3_PS": "ISR", "ADM0_A3_SA": "PSX", "ADM0_A3_EG": "ISR", "ADM0_A3_MA": "ISR", "ADM0_A3_PT": "ISR", "ADM0_A3_AR": "ISR", "ADM0_A3_JP": "ISR", "ADM0_A3_KO": "ISR", "ADM0_A3_VN": "ISR", "ADM0_A3_TR": "ISR", "ADM0_A3_ID": "ISR", "ADM0_A3_PL": "ISR", "ADM0_A3_GR": "ISR", "ADM0_A3_IT": "ISR", "ADM0_A3_NL": "ISR", "ADM0_A3_SE": "ISR", "ADM0_A3_BD": "PSX", "ADM0_A3_UA": "ISR", "ADM0_A3_UN": -99, "ADM0_A3_WB": -99, "CONTINENT": "Asia", "REGION_UN": "Asia", "SUBREGION": "Western Asia", "REGION_WB": "Middle East & North Africa", "NAME_LEN": 6, "LONG_LEN": 6, "ABBREV_LEN": 4, "TINY": -99, "HOMEPART": 1, "MIN_ZOOM": 0, "MIN_LABEL": 3, "MAX_LABEL": 8, "LABEL_X": 34.847915, "LABEL_Y": 30.911148, "NE_ID": 1159320895, "WIKIDATAID": "Q801", "NAME_AR": "\u0625\u0633\u0631\u0627\u0626\u064a\u0644", "NAME_BN": "\u0987\u09b8\u09b0\u09be\u09af\u09bc\u09c7\u09b2", "NAME_DE": "Israel", "NAME_EN": "Israel", "NAME_ES": "Israel", "NAME_FA": "\u0627\u0633\u0631\u0627\u0626\u06cc\u0644", "NAME_FR": "Isra\u00ebl", "NAME_EL": "\u0399\u03c3\u03c1\u03b1\u03ae\u03bb", "NAME_HE": "\u05d9\u05e9\u05e8\u05d0\u05dc", "NAME_HI": "\u0907\u091c\u093c\u0930\u093e\u0907\u0932", "NAME_HU": "Izrael", "NAME_ID": "Israel", "NAME_IT": "Israele", "NAME_JA": "\u30a4\u30b9\u30e9\u30a8\u30eb", "NAME_KO": "\uc774\uc2a4\ub77c\uc5d8", "NAME_NL": "Isra\u00ebl", "NAME_PL": "Izrael", "NAME_PT": "Israel", "NAME_RU": "\u0418\u0437\u0440\u0430\u0438\u043b\u044c", "NAME_SV": "Israel", "NAME_TR": "\u0130srail", "NAME_UK": "\u0406\u0437\u0440\u0430\u0457\u043b\u044c", "NAME_UR": "\u0627\u0633\u0631\u0627\u0626\u06cc\u0644", "NAME_VI": "Israel", "NAME_ZH": "\u4ee5\u8272\u5217", "NAME_ZHT": "\u4ee5\u8272\u5217", "FCLASS_ISO": "Admin-0 country", "TLC_DIFF": null, "FCLASS_TLC": "Admin-0 country", "FCLASS_US": null, "FCLASS_FR": null, "FCLASS_RU": null, "FCLASS_ES": null, "FCLASS_CN": null, "FCLASS_TW": null, "FCLASS_IN": null, "FCLASS_NP": null, "FCLASS_PK": "Unrecognized", "FCLASS_DE": null, "FCLASS_GB": null, "FCLASS_BR": null, "FCLASS_IL": null, "FCLASS_PS": null, "FCLASS_SA": "Unrecognized", "FCLASS_EG": null, "FCLASS_MA": null, "FCLASS_PT": null, "FCLASS_AR": null, "FCLASS_JP": null, "FCLASS_KO": null, "FCLASS_VN": null, "FCLASS_TR": null, "FCLASS_ID": null, "FCLASS_PL": null, "FCLASS_GR": null, "FCLASS_IT": null, "FCLASS_NL": null, "FCLASS_SE": null, "FCLASS_BD": "Unrecognized", "FCLASS_UA": null, "cartogram_scale": 0.6, "dc_count": 10, "dc_code": "ISR"}, "geometry": {"type": "Polygon", "coordinates": [[[35.4778, 32.4238], [35.3732, 32.2347], [35.1562, 32.3178], [35.0306, 31.9182], [35.1813, 31.8509], [35.0281, 31.7683], [35.0022, 31.6103], [35.2843, 31.6917], [35.2984, 31.4583], [34.9994, 30.4991], [34.9398, 30.6549], [34.6051, 31.5299], [34.6051, 31.5299], [34.6051, 31.5299], [34.7796, 31.7276], [34.7387, 31.7616], [34.8974, 32.042], [35.0191, 32.4947], [35.1049, 32.6466], [35.1214, 32.6528], [35.3222, 32.6517], [35.3775, 32.7568], [35.5385, 32.7647], [35.5476, 32.5191], [35.4663, 32.4279], [35.4778, 32.4238]]]}}, {"type": "Feature", "properties": {"featurecla": "Admin-0 country", "scalerank": 1, "LABELRANK": 5, "SOVEREIGNT": "Lebanon", "SOV_A3": "LBN", "ADM0_DIF": 0, "LEVEL": 2, "TYPE": "Sovereign country", "TLC": "1", "ADMIN": "Lebanon", "ADM0_A3": "LBN", "GEOU_DIF": 0, "GEOUNIT": "Lebanon", "GU_A3": "LBN", "SU_DIF": 0, "SUBUNIT": "Lebanon", "SU_A3": "LBN", "BRK_DIFF": 0, "NAME": "Lebanon", "NAME_LONG": "Lebanon", "BRK_A3": "LBN", "BRK_NAME": "Lebanon", "BRK_GROUP": null, "ABBREV": "Leb.", "POSTAL": "LB", "FORMAL_EN": "Lebanese Republic", "FORMAL_FR": null, "NAME_CIAWF": "Lebanon", "NOTE_ADM0": null, "NOTE_BRK": null, "NAME_SORT": "Lebanon", "NAME_ALT": null, "MAPCOLOR7": 4, "MAPCOLOR8": 4, "MAPCOLOR9": 4, "MAPCOLOR13": 12, "POP_EST": 6855713, "POP_RANK": 13, "POP_YEAR": 2019, "GDP_MD": 51991, "GDP_YEAR": 2019, "ECONOMY": "6. Developing region", "INCOME_GRP": "3. Upper middle income", "FIPS_10": "LE", "ISO_A2": "LB", "ISO_A2_EH": "LB", "ISO_A3": "LBN", "ISO_A3_EH": "LBN", "ISO_N3": "422", "ISO_N3_EH": "422", "UN_A3": "422", "WB_A2": "LB", "WB_A3": "LBN", "WOE_ID": 23424873, "WOE_ID_EH": 23424873, "WOE_NOTE": "Exact WOE match as country", "ADM0_ISO": "LBN", "ADM0_DIFF": null, "ADM0_TLC": "LBN", "ADM0_A3_US": "LBN", "ADM0_A3_FR": "LBN", "ADM0_A3_RU": "LBN", "ADM0_A3_ES": "LBN", "ADM0_A3_CN": "LBN", "ADM0_A3_TW": "LBN", "ADM0_A3_IN": "LBN", "ADM0_A3_NP": "LBN", "ADM0_A3_PK": "LBN", "ADM0_A3_DE": "LBN", "ADM0_A3_GB": "LBN", "ADM0_A3_BR": "LBN", "ADM0_A3_IL": "LBN", "ADM0_A3_PS": "LBN", "ADM0_A3_SA": "LBN", "ADM0_A3_EG": "LBN", "ADM0_A3_MA": "LBN", "ADM0_A3_PT": "LBN", "ADM0_A3_AR": "LBN", "ADM0_A3_JP": "LBN", "ADM0_A3_KO": "LBN", "ADM0_A3_VN": "LBN", "ADM0_A3_TR": "LBN", "ADM0_A3_ID": "LBN", "ADM0_A3_PL": "LBN", "ADM0_A3_GR": "LBN", "ADM0_A3_IT": "LBN", "ADM0_A3_NL": "LBN", "ADM0_A3_SE": "LBN", "ADM0_A3_BD": "LBN", "ADM0_A3_UA": "LBN", "ADM0_A3_UN": -99, "ADM0_A3_WB": -99, "CONTINENT": "Asia", "REGION_UN": "Asia", "SUBREGION": "Western Asia", "REGION_WB": "Middle East & North Africa", "NAME_LEN": 7, "LONG_LEN": 7, "ABBREV_LEN": 4, "TINY": 4, "HOMEPART": 1, "MIN_ZOOM": 0, "MIN_LABEL": 4, "MAX_LABEL": 9, "LABEL_X": 35.992892, "LABEL_Y": 34.133368, "NE_ID": 1159321013, "WIKIDATAID": "Q822", "NAME_AR": "\u0644\u0628\u0646\u0627\u0646", "NAME_BN": "\u09b2\u09c7\u09ac\u09be\u09a8\u09a8", "NAME_DE": "Libanon", "NAME_EN": "Lebanon", "NAME_ES": "L\u00edbano", "NAME_FA": "\u0644\u0628\u0646\u0627\u0646", "NAME_FR": "Liban", "NAME_EL": "\u039b\u03af\u03b2\u03b1\u03bd\u03bf\u03c2", "NAME_HE": "\u05dc\u05d1\u05e0\u05d5\u05df", "NAME_HI": "\u0932\u0947\u092c\u0928\u093e\u0928", "NAME_HU": "Libanon", "NAME_ID": "Lebanon", "NAME_IT": "Libano", "NAME_JA": "\u30ec\u30d0\u30ce\u30f3", "NAME_KO": "\ub808\ubc14\ub17c", "NAME_NL": "Libanon", "NAME_PL": "Liban", "NAME_PT": "L\u00edbano", "NAME_RU": "\u041b\u0438\u0432\u0430\u043d", "NAME_SV": "Libanon", "NAME_TR": "L\u00fcbnan", "NAME_UK": "\u041b\u0456\u0432\u0430\u043d", "NAME_UR": "\u0644\u0628\u0646\u0627\u0646", "NAME_VI": "Liban", "NAME_ZH": "\u9ece\u5df4\u5ae9", "NAME_ZHT": "\u9ece\u5df4\u5ae9", "FCLASS_ISO": "Admin-0 country", "TLC_DIFF": null, "FCLASS_TLC": "Admin-0 country", "FCLASS_US": null, "FCLASS_FR": null, "FCLASS_RU": null, "FCLASS_ES": null, "FCLASS_CN": null, "FCLASS_TW": null, "FCLASS_IN": null, "FCLASS_NP": null, "FCLASS_PK": null, "FCLASS_DE": null, "FCLASS_GB": null, "FCLASS_BR": null, "FCLASS_IL": null, "FCLASS_PS": null, "FCLASS_SA": null, "FCLASS_EG": null, "FCLASS_MA": null, "FCLASS_PT": null, "FCLASS_AR": null, "FCLASS_JP": null, "FCLASS_KO": null, "FCLASS_VN": null, "FCLASS_TR": null, "FCLASS_ID": null, "FCLASS_PL": null, "FCLASS_GR": null, "FCLASS_IT": null, "FCLASS_NL": null, "FCLASS_SE": null, "FCLASS_BD": null, "FCLASS_UA": null, "cartogram_scale": 0.3, "dc_count": 0, "dc_code": "OTHER"}, "geometry": {"type": "Polygon", "coordinates": [[[35.8425, 33.642], [35.762, 33.638], [35.7344, 33.5854], [35.634, 33.586], [35.7408, 33.8304], [35.89, 34.0418], [35.8957, 34.0522], [36.0306, 34.0369], [36.0797, 33.9193], [35.9161, 33.8062], [35.8425, 33.642]]]}}, {"type": "Feature", "properties": {"featurecla": "Admin-0 country", "scalerank": 1, "LABELRANK": 3, "SOVEREIGNT": "Madagascar", "SOV_A3": "MDG", "ADM0_DIF": 0, "LEVEL": 2, "TYPE": "Sovereign country", "TLC": "1", "ADMIN": "Madagascar", "ADM0_A3": "MDG", "GEOU_DIF": 0, "GEOUNIT": "Madagascar", "GU_A3": "MDG", "SU_DIF": 0, "SUBUNIT": "Madagascar", "SU_A3": "MDG", "BRK_DIFF": 0, "NAME": "Madagascar", "NAME_LONG": "Madagascar", "BRK_A3": "MDG", "BRK_NAME": "Madagascar", "BRK_GROUP": null, "ABBREV": "Mad.", "POSTAL": "MG", "FORMAL_EN": "Republic of Madagascar", "FORMAL_FR": null, "NAME_CIAWF": "Madagascar", "NOTE_ADM0": null, "NOTE_BRK": null, "NAME_SORT": "Madagascar", "NAME_ALT": null, "MAPCOLOR7": 6, "MAPCOLOR8": 5, "MAPCOLOR9": 2, "MAPCOLOR13": 3, "POP_EST": 26969307, "POP_RANK": 15, "POP_YEAR": 2019, "GDP_MD": 14114, "GDP_YEAR": 2019, "ECONOMY": "7. Least developed region", "INCOME_GRP": "5. Low income", "FIPS_10": "MA", "ISO_A2": "MG", "ISO_A2_EH": "MG", "ISO_A3": "MDG", "ISO_A3_EH": "MDG", "ISO_N3": "450", "ISO_N3_EH": "450", "UN_A3": "450", "WB_A2": "MG", "WB_A3": "MDG", "WOE_ID": 23424883, "WOE_ID_EH": 23424883, "WOE_NOTE": "Exact WOE match as country", "ADM0_ISO": "MDG", "ADM0_DIFF": null, "ADM0_TLC": "MDG", "ADM0_A3_US": "MDG", "ADM0_A3_FR": "MDG", "ADM0_A3_RU": "MDG", "ADM0_A3_ES": "MDG", "ADM0_A3_CN": "MDG", "ADM0_A3_TW": "MDG", "ADM0_A3_IN": "MDG", "ADM0_A3_NP": "MDG", "ADM0_A3_PK": "MDG", "ADM0_A3_DE": "MDG", "ADM0_A3_GB": "MDG", "ADM0_A3_BR": "MDG", "ADM0_A3_IL": "MDG", "ADM0_A3_PS": "MDG", "ADM0_A3_SA": "MDG", "ADM0_A3_EG": "MDG", "ADM0_A3_MA": "MDG", "ADM0_A3_PT": "MDG", "ADM0_A3_AR": "MDG", "ADM0_A3_JP": "MDG", "ADM0_A3_KO": "MDG", "ADM0_A3_VN": "MDG", "ADM0_A3_TR": "MDG", "ADM0_A3_ID": "MDG", "ADM0_A3_PL": "MDG", "ADM0_A3_GR": "MDG", "ADM0_A3_IT": "MDG", "ADM0_A3_NL": "MDG", "ADM0_A3_SE": "MDG", "ADM0_A3_BD": "MDG", "ADM0_A3_UA": "MDG", "ADM0_A3_UN": -99, "ADM0_A3_WB": -99, "CONTINENT": "Africa", "REGION_UN": "Africa", "SUBREGION": "Eastern Africa", "REGION_WB": "Sub-Saharan Africa", "NAME_LEN": 10, "LONG_LEN": 10, "ABBREV_LEN": 4, "TINY": -99, "HOMEPART": 1, "MIN_ZOOM": 0, "MIN_LABEL": 2.7, "MAX_LABEL": 7, "LABEL_X": 46.704241, "LABEL_Y": -18.628288, "NE_ID": 1159321051, "WIKIDATAID": "Q1019", "NAME_AR": "\u0645\u062f\u063a\u0634\u0642\u0631", "NAME_BN": "\u09ae\u09be\u09a6\u09be\u0997\u09be\u09b8\u09cd\u0995\u09be\u09b0", "NAME_DE": "Madagaskar", "NAME_EN": "Madagascar", "NAME_ES": "Madagascar", "NAME_FA": "\u0645\u0627\u062f\u0627\u06af\u0627\u0633\u06a9\u0627\u0631", "NAME_FR": "Madagascar", "NAME_EL": "\u039c\u03b1\u03b4\u03b1\u03b3\u03b1\u03c3\u03ba\u03ac\u03c1\u03b7", "NAME_HE": "\u05de\u05d3\u05d2\u05e1\u05e7\u05e8", "NAME_HI": "\u092e\u0947\u0921\u093e\u0917\u093e\u0938\u094d\u0915\u0930", "NAME_HU": "Madagaszk\u00e1r", "NAME_ID": "Madagaskar", "NAME_IT": "Madagascar", "NAME_JA": "\u30de\u30c0\u30ac\u30b9\u30ab\u30eb", "NAME_KO": "\ub9c8\ub2e4\uac00\uc2a4\uce74\ub974", "NAME_NL": "Madagaskar", "NAME_PL": "Madagaskar", "NAME_PT": "Madag\u00e1scar", "NAME_RU": "\u041c\u0430\u0434\u0430\u0433\u0430\u0441\u043a\u0430\u0440", "NAME_SV": "Madagaskar", "NAME_TR": "Madagaskar", "NAME_UK": "\u041c\u0430\u0434\u0430\u0433\u0430\u0441\u043a\u0430\u0440", "NAME_UR": "\u0645\u0688\u063a\u0627\u0633\u06a9\u0631", "NAME_VI": "Madagascar", "NAME_ZH": "\u9a6c\u8fbe\u52a0\u65af\u52a0", "NAME_ZHT": "\u99ac\u9054\u52a0\u65af\u52a0", "FCLASS_ISO": "Admin-0 country", "TLC_DIFF": null, "FCLASS_TLC": "Admin-0 country", "FCLASS_US": null, "FCLASS_FR": null, "FCLASS_RU": null, "FCLASS_ES": null, "FCLASS_CN": null, "FCLASS_TW": null, "FCLASS_IN": null, "FCLASS_NP": null, "FCLASS_PK": null, "FCLASS_DE": null, "FCLASS_GB": null, "FCLASS_BR": null, "FCLASS_IL": null, "FCLASS_PS": null, "FCLASS_SA": null, "FCLASS_EG": null, "FCLASS_MA": null, "FCLASS_PT": null, "FCLASS_AR": null, "FCLASS_JP": null, "FCLASS_KO": null, "FCLASS_VN": null, "FCLASS_TR": null, "FCLASS_ID": null, "FCLASS_PL": null, "FCLASS_GR": null, "FCLASS_IT": null, "FCLASS_NL": null, "FCLASS_SE": null, "FCLASS_BD": null, "FCLASS_UA": null, "cartogram_scale": 0.3, "dc_count": 0, "dc_code": "OTHER"}, "geometry": {"type": "Polygon", "coordinates": [[[47.7555, -16.321], [47.8351, -16.4486], [47.9094, -16.6468], [47.9577, -17.0077], [48.0354, -17.148], [48.0056, -17.2919], [47.9525, -17.3801], [47.8506, -17.2043], [47.7942, -17.2931], [47.8515, -17.5154], [47.8248, -17.6426], [47.742, -17.7119], [47.7231, -17.966], [47.605, -18.3157], [47.457, -18.7291], [47.2717, -19.2975], [47.1568, -19.7146], [47.0212, -20.0625], [46.7772, -20.1336], [46.5153, -20.2605], [46.3425, -20.1839], [46.1044, -20.0765], [46.0216, -19.9182], [46.0018, -19.6523], [45.8961, -19.4131], [45.8687, -19.1973], [45.9224, -18.981], [46.0606, -18.929], [46.0614, -18.8292], [46.2047, -18.6017], [46.2318, -18.4107], [46.1622, -18.2686], [46.1053, -18.0795], [46.0814, -17.803], [46.1862, -17.6352], [46.2264, -17.4449], [46.3759, -17.4339], [46.5433, -17.3724], [46.6543, -17.3181], [46.7861, -17.314], [46.9571, -17.1431], [47.204, -16.9583], [47.294, -16.8074], [47.2532, -16.6792], [47.3806, -16.7153], [47.546, -16.5068], [47.5515, -16.3264], [47.6508, -16.1922], [47.7555, -16.321]]]}}, {"type": "Feature", "properties": {"featurecla": "Admin-0 country", "scalerank": 1, "LABELRANK": 5, "SOVEREIGNT": "Israel", "SOV_A3": "IS1", "ADM0_DIF": 1, "LEVEL": 2, "TYPE": "Indeterminate", "TLC": "1", "ADMIN": "Palestine", "ADM0_A3": "PSX", "GEOU_DIF": 0, "GEOUNIT": "Palestine", "GU_A3": "PSX", "SU_DIF": 0, "SUBUNIT": "Palestine", "SU_A3": "PSX", "BRK_DIFF": 0, "NAME": "Palestine", "NAME_LONG": "Palestine", "BRK_A3": "PSX", "BRK_NAME": "Palestine", "BRK_GROUP": null, "ABBREV": "Pal.", "POSTAL": "PAL", "FORMAL_EN": "West Bank and Gaza", "FORMAL_FR": null, "NAME_CIAWF": null, "NOTE_ADM0": null, "NOTE_BRK": "Partial self-admin.", "NAME_SORT": "Palestine (West Bank and Gaza)", "NAME_ALT": null, "MAPCOLOR7": 3, "MAPCOLOR8": 2, "MAPCOLOR9": 5, "MAPCOLOR13": 8, "POP_EST": 4685306, "POP_RANK": 12, "POP_YEAR": 2019, "GDP_MD": 16276, "GDP_YEAR": 2018, "ECONOMY": "6. Developing region", "INCOME_GRP": "4. Lower middle income", "FIPS_10": "-99", "ISO_A2": "PS", "ISO_A2_EH": "PS", "ISO_A3": "PSE", "ISO_A3_EH": "PSE", "ISO_N3": "275", "ISO_N3_EH": "275", "UN_A3": "275", "WB_A2": "GZ", "WB_A3": "WBG", "WOE_ID": 28289408, "WOE_ID_EH": 28289408, "WOE_NOTE": "Exact WOE match as country", "ADM0_ISO": "PSX", "ADM0_DIFF": null, "ADM0_TLC": "PSX", "ADM0_A3_US": "PSX", "ADM0_A3_FR": "PSX", "ADM0_A3_RU": "PSX", "ADM0_A3_ES": "PSX", "ADM0_A3_CN": "PSX", "ADM0_A3_TW": "PSX", "ADM0_A3_IN": "PSX", "ADM0_A3_NP": "PSX", "ADM0_A3_PK": "PSX", "ADM0_A3_DE": "PSX", "ADM0_A3_GB": "PSX", "ADM0_A3_BR": "PSX", "ADM0_A3_IL": "PSX", "ADM0_A3_PS": "PSX", "ADM0_A3_SA": "PSX", "ADM0_A3_EG": "PSX", "ADM0_A3_MA": "PSX", "ADM0_A3_PT": "PSX", "ADM0_A3_AR": "PSX", "ADM0_A3_JP": "PSX", "ADM0_A3_KO": "PSX", "ADM0_A3_VN": "PSX", "ADM0_A3_TR": "PSX", "ADM0_A3_ID": "PSX", "ADM0_A3_PL": "PSX", "ADM0_A3_GR": "PSX", "ADM0_A3_IT": "PSX", "ADM0_A3_NL": "PSX", "ADM0_A3_SE": "PSX", "ADM0_A3_BD": "PSX", "ADM0_A3_UA": "PSX", "ADM0_A3_UN": -99, "ADM0_A3_WB": -99, "CONTINENT": "Asia", "REGION_UN": "Asia", "SUBREGION": "Western Asia", "REGION_WB": "Middle East & North Africa", "NAME_LEN": 9, "LONG_LEN": 9, "ABBREV_LEN": 4, "TINY": -99, "HOMEPART": -99, "MIN_ZOOM": 7, "MIN_LABEL": 4.5, "MAX_LABEL": 9.5, "LABEL_X": 35.291341, "LABEL_Y": 32.047431, "NE_ID": 1159320899, "WIKIDATAID": "Q23792", "NAME_AR": "\u0641\u0644\u0633\u0637\u064a\u0646", "NAME_BN": "\u09ab\u09bf\u09b2\u09bf\u09b8\u09cd\u09a4\u09bf\u09a8 \u0985\u099e\u09cd\u099a\u09b2", "NAME_DE": "Pal\u00e4stina", "NAME_EN": "Palestine", "NAME_ES": "Palestina", "NAME_FA": "\u0641\u0644\u0633\u0637\u06cc\u0646", "NAME_FR": "Palestine", "NAME_EL": "\u03a0\u03b1\u03bb\u03b1\u03b9\u03c3\u03c4\u03af\u03bd\u03b7", "NAME_HE": "\u05d0\u05e8\u05e5 \u05d9\u05e9\u05e8\u05d0\u05dc", "NAME_HI": "\u092b\u093c\u093f\u0932\u093f\u0938\u094d\u0924\u0940\u0928\u0940 \u0930\u093e\u091c\u094d\u092f\u0915\u094d\u0937\u0947\u0924\u094d\u0930", "NAME_HU": "Palesztina", "NAME_ID": "Palestina", "NAME_IT": "Palestina", "NAME_JA": "\u30d1\u30ec\u30b9\u30c1\u30ca", "NAME_KO": "\ud314\ub808\uc2a4\ud0c0\uc778", "NAME_NL": "Palestina", "NAME_PL": "Palestyna", "NAME_PT": "Palestina", "NAME_RU": "\u041f\u0430\u043b\u0435\u0441\u0442\u0438\u043d\u0430", "NAME_SV": "Palestina", "NAME_TR": "Filistin", "NAME_UK": "\u041f\u0430\u043b\u0435\u0441\u0442\u0438\u043d\u0430", "NAME_UR": "\u0641\u0644\u0633\u0637\u06cc\u0646", "NAME_VI": "Palestine", "NAME_ZH": "\u5df4\u52d2\u65af\u5766", "NAME_ZHT": "\u5df4\u52d2\u65af\u5766\u5730\u5340", "FCLASS_ISO": "Admin-0 dependency", "TLC_DIFF": null, "FCLASS_TLC": "Admin-0 dependency", "FCLASS_US": null, "FCLASS_FR": null, "FCLASS_RU": null, "FCLASS_ES": null, "FCLASS_CN": null, "FCLASS_TW": null, "FCLASS_IN": null, "FCLASS_NP": null, "FCLASS_PK": "Admin-0 country", "FCLASS_DE": null, "FCLASS_GB": null, "FCLASS_BR": null, "FCLASS_IL": null, "FCLASS_PS": "Admin-0 country", "FCLASS_SA": "Admin-0 country", "FCLASS_EG": null, "FCLASS_MA": null, "FCLASS_PT": null, "FCLASS_AR": null, "FCLASS_JP": null, "FCLASS_KO": null, "FCLASS_VN": null, "FCLASS_TR": null, "FCLASS_ID": null, "FCLASS_PL": null, "FCLASS_GR": null, "FCLASS_IT": null, "FCLASS_NL": null, "FCLASS_SE": null, "FCLASS_BD": "Admin-0 country", "FCLASS_UA": null, "cartogram_scale": 0.3, "dc_count": 0, "dc_code": "OTHER"}, "geometry": {"type": "Polygon", "coordinates": [[[35.2879, 31.7128], [35.1469, 31.6721], [35.1598, 31.7511], [35.2364, 31.7924], [35.161, 31.8261], [35.2238, 32.0258], [35.3324, 31.9843], [35.3322, 31.8008], [35.2879, 31.7128]]]}}, {"type": "Feature", "properties": {"featurecla": "Admin-0 country", "scalerank": 1, "LABELRANK": 6, "SOVEREIGNT": "Gambia", "SOV_A3": "GMB", "ADM0_DIF": 0, "LEVEL": 2, "TYPE": "Sovereign country", "TLC": "1", "ADMIN": "Gambia", "ADM0_A3": "GMB", "GEOU_DIF": 0, "GEOUNIT": "Gambia", "GU_A3": "GMB", "SU_DIF": 0, "SUBUNIT": "Gambia", "SU_A3": "GMB", "BRK_DIFF": 0, "NAME": "Gambia", "NAME_LONG": "The Gambia", "BRK_A3": "GMB", "BRK_NAME": "Gambia", "BRK_GROUP": null, "ABBREV": "Gambia", "POSTAL": "GM", "FORMAL_EN": "Republic of the Gambia", "FORMAL_FR": null, "NAME_CIAWF": "Gambia, The", "NOTE_ADM0": null, "NOTE_BRK": null, "NAME_SORT": "Gambia, The", "NAME_ALT": null, "MAPCOLOR7": 1, "MAPCOLOR8": 4, "MAPCOLOR9": 1, "MAPCOLOR13": 8, "POP_EST": 2347706, "POP_RANK": 12, "POP_YEAR": 2019, "GDP_MD": 1826, "GDP_YEAR": 2019, "ECONOMY": "7. Least developed region", "INCOME_GRP": "5. Low income", "FIPS_10": "GA", "ISO_A2": "GM", "ISO_A2_EH": "GM", "ISO_A3": "GMB", "ISO_A3_EH": "GMB", "ISO_N3": "270", "ISO_N3_EH": "270", "UN_A3": "270", "WB_A2": "GM", "WB_A3": "GMB", "WOE_ID": 23424821, "WOE_ID_EH": 23424821, "WOE_NOTE": "Exact WOE match as country", "ADM0_ISO": "GMB", "ADM0_DIFF": null, "ADM0_TLC": "GMB", "ADM0_A3_US": "GMB", "ADM0_A3_FR": "GMB", "ADM0_A3_RU": "GMB", "ADM0_A3_ES": "GMB", "ADM0_A3_CN": "GMB", "ADM0_A3_TW": "GMB", "ADM0_A3_IN": "GMB", "ADM0_A3_NP": "GMB", "ADM0_A3_PK": "GMB", "ADM0_A3_DE": "GMB", "ADM0_A3_GB": "GMB", "ADM0_A3_BR": "GMB", "ADM0_A3_IL": "GMB", "ADM0_A3_PS": "GMB", "ADM0_A3_SA": "GMB", "ADM0_A3_EG": "GMB", "ADM0_A3_MA": "GMB", "ADM0_A3_PT": "GMB", "ADM0_A3_AR": "GMB", "ADM0_A3_JP": "GMB", "ADM0_A3_KO": "GMB", "ADM0_A3_VN": "GMB", "ADM0_A3_TR": "GMB", "ADM0_A3_ID": "GMB", "ADM0_A3_PL": "GMB", "ADM0_A3_GR": "GMB", "ADM0_A3_IT": "GMB", "ADM0_A3_NL": "GMB", "ADM0_A3_SE": "GMB", "ADM0_A3_BD": "GMB", "ADM0_A3_UA": "GMB", "ADM0_A3_UN": -99, "ADM0_A3_WB": -99, "CONTINENT": "Africa", "REGION_UN": "Africa", "SUBREGION": "Western Africa", "REGION_WB": "Sub-Saharan Africa", "NAME_LEN": 6, "LONG_LEN": 10, "ABBREV_LEN": 6, "TINY": -99, "HOMEPART": 1, "MIN_ZOOM": 0, "MIN_LABEL": 5, "MAX_LABEL": 10, "LABEL_X": -14.998318, "LABEL_Y": 13.641721, "NE_ID": 1159320797, "WIKIDATAID": "Q1005", "NAME_AR": "\u063a\u0627\u0645\u0628\u064a\u0627", "NAME_BN": "\u0997\u09be\u09ae\u09cd\u09ac\u09bf\u09af\u09bc\u09be", "NAME_DE": "Gambia", "NAME_EN": "The Gambia", "NAME_ES": "Gambia", "NAME_FA": "\u06af\u0627\u0645\u0628\u06cc\u0627", "NAME_FR": "Gambie", "NAME_EL": "\u0393\u03ba\u03ac\u03bc\u03c0\u03b9\u03b1", "NAME_HE": "\u05d2\u05de\u05d1\u05d9\u05d4", "NAME_HI": "\u0917\u093e\u092e\u094d\u092c\u093f\u092f\u093e", "NAME_HU": "Gambia", "NAME_ID": "Gambia", "NAME_IT": "Gambia", "NAME_JA": "\u30ac\u30f3\u30d3\u30a2", "NAME_KO": "\uac10\ube44\uc544", "NAME_NL": "Gambia", "NAME_PL": "Gambia", "NAME_PT": "G\u00e2mbia", "NAME_RU": "\u0413\u0430\u043c\u0431\u0438\u044f", "NAME_SV": "Gambia", "NAME_TR": "Gambiya", "NAME_UK": "\u0413\u0430\u043c\u0431\u0456\u044f", "NAME_UR": "\u06af\u06cc\u0645\u0628\u06cc\u0627", "NAME_VI": "Gambia", "NAME_ZH": "\u5188\u6bd4\u4e9a", "NAME_ZHT": "\u7518\u6bd4\u4e9e", "FCLASS_ISO": "Admin-0 country", "TLC_DIFF": null, "FCLASS_TLC": "Admin-0 country", "FCLASS_US": null, "FCLASS_FR": null, "FCLASS_RU": null, "FCLASS_ES": null, "FCLASS_CN": null, "FCLASS_TW": null, "FCLASS_IN": null, "FCLASS_NP": null, "FCLASS_PK": null, "FCLASS_DE": null, "FCLASS_GB": null, "FCLASS_BR": null, "FCLASS_IL": null, "FCLASS_PS": null, "FCLASS_SA": null, "FCLASS_EG": null, "FCLASS_MA": null, "FCLASS_PT": null, "FCLASS_AR": null, "FCLASS_JP": null, "FCLASS_KO": null, "FCLASS_VN": null, "FCLASS_TR": null, "FCLASS_ID": null, "FCLASS_PL": null, "FCLASS_GR": null, "FCLASS_IT": null, "FCLASS_NL": null, "FCLASS_SE": null, "FCLASS_BD": null, "FCLASS_UA": null, "cartogram_scale": 0.3, "dc_count": 0, "dc_code": "OTHER"}, "geometry": {"type": "Polygon", "coordinates": [[[-15.7151, 13.5296], [-15.3884, 13.5381], [-15.3207, 13.6092], [-15.2255, 13.614], [-15.1071, 13.5402], [-15.014, 13.5388], [-14.9151, 13.5893], [-14.8545, 13.5026], [-14.9843, 13.4352], [-15.1147, 13.4405], [-15.2434, 13.5039], [-15.3546, 13.4346], [-15.4083, 13.4322], [-15.4804, 13.3902], [-15.7535, 13.3965], [-15.7151, 13.5296]]]}}, {"type": "Feature", "properties": {"featurecla": "Admin-0 country", "scalerank": 1, "LABELRANK": 3, "SOVEREIGNT": "Tunisia", "SOV_A3": "TUN", "ADM0_DIF": 0, "LEVEL": 2, "TYPE": "Sovereign country", "TLC": "1", "ADMIN": "Tunisia", "ADM0_A3": "TUN", "GEOU_DIF": 0, "GEOUNIT": "Tunisia", "GU_A3": "TUN", "SU_DIF": 0, "SUBUNIT": "Tunisia", "SU_A3": "TUN", "BRK_DIFF": 0, "NAME": "Tunisia", "NAME_LONG": "Tunisia", "BRK_A3": "TUN", "BRK_NAME": "Tunisia", "BRK_GROUP": null, "ABBREV": "Tun.", "POSTAL": "TN", "FORMAL_EN": "Republic of Tunisia", "FORMAL_FR": null, "NAME_CIAWF": "Tunisia", "NOTE_ADM0": null, "NOTE_BRK": null, "NAME_SORT": "Tunisia", "NAME_ALT": null, "MAPCOLOR7": 4, "MAPCOLOR8": 3, "MAPCOLOR9": 3, "MAPCOLOR13": 2, "POP_EST": 11694719, "POP_RANK": 14, "POP_YEAR": 2019, "GDP_MD": 38796, "GDP_YEAR": 2019, "ECONOMY": "6. Developing region", "INCOME_GRP": "3. Upper middle income", "FIPS_10": "TS", "ISO_A2": "TN", "ISO_A2_EH": "TN", "ISO_A3": "TUN", "ISO_A3_EH": "TUN", "ISO_N3": "788", "ISO_N3_EH": "788", "UN_A3": "788", "WB_A2": "TN", "WB_A3": "TUN", "WOE_ID": 23424967, "WOE_ID_EH": 23424967, "WOE_NOTE": "Exact WOE match as country", "ADM0_ISO": "TUN", "ADM0_DIFF": null, "ADM0_TLC": "TUN", "ADM0_A3_US": "TUN", "ADM0_A3_FR": "TUN", "ADM0_A3_RU": "TUN", "ADM0_A3_ES": "TUN", "ADM0_A3_CN": "TUN", "ADM0_A3_TW": "TUN", "ADM0_A3_IN": "TUN", "ADM0_A3_NP": "TUN", "ADM0_A3_PK": "TUN", "ADM0_A3_DE": "TUN", "ADM0_A3_GB": "TUN", "ADM0_A3_BR": "TUN", "ADM0_A3_IL": "TUN", "ADM0_A3_PS": "TUN", "ADM0_A3_SA": "TUN", "ADM0_A3_EG": "TUN", "ADM0_A3_MA": "TUN", "ADM0_A3_PT": "TUN", "ADM0_A3_AR": "TUN", "ADM0_A3_JP": "TUN", "ADM0_A3_KO": "TUN", "ADM0_A3_VN": "TUN", "ADM0_A3_TR": "TUN", "ADM0_A3_ID": "TUN", "ADM0_A3_PL": "TUN", "ADM0_A3_GR": "TUN", "ADM0_A3_IT": "TUN", "ADM0_A3_NL": "TUN", "ADM0_A3_SE": "TUN", "ADM0_A3_BD": "TUN", "ADM0_A3_UA": "TUN", "ADM0_A3_UN": -99, "ADM0_A3_WB": -99, "CONTINENT": "Africa", "REGION_UN": "Africa", "SUBREGION": "Northern Africa", "REGION_WB": "Middle East & North Africa", "NAME_LEN": 7, "LONG_LEN": 7, "ABBREV_LEN": 4, "TINY": -99, "HOMEPART": 1, "MIN_ZOOM": 0, "MIN_LABEL": 3, "MAX_LABEL": 8, "LABEL_X": 9.007881, "LABEL_Y": 33.687263, "NE_ID": 1159321327, "WIKIDATAID": "Q948", "NAME_AR": "\u062a\u0648\u0646\u0633", "NAME_BN": "\u09a4\u09bf\u0989\u09a8\u09bf\u09b8\u09bf\u09af\u09bc\u09be", "NAME_DE": "Tunesien", "NAME_EN": "Tunisia", "NAME_ES": "T\u00fanez", "NAME_FA": "\u062a\u0648\u0646\u0633", "NAME_FR": "Tunisie", "NAME_EL": "\u03a4\u03c5\u03bd\u03b7\u03c3\u03af\u03b1", "NAME_HE": "\u05ea\u05d5\u05e0\u05d9\u05e1\u05d9\u05d4", "NAME_HI": "\u091f\u094d\u092f\u0942\u0928\u093f\u0936\u093f\u092f\u093e", "NAME_HU": "Tun\u00e9zia", "NAME_ID": "Tunisia", "NAME_IT": "Tunisia", "NAME_JA": "\u30c1\u30e5\u30cb\u30b8\u30a2", "NAME_KO": "\ud280\ub2c8\uc9c0", "NAME_NL": "Tunesi\u00eb", "NAME_PL": "Tunezja", "NAME_PT": "Tun\u00edsia", "NAME_RU": "\u0422\u0443\u043d\u0438\u0441", "NAME_SV": "Tunisien", "NAME_TR": "Tunus", "NAME_UK": "\u0422\u0443\u043d\u0456\u0441", "NAME_UR": "\u062a\u0648\u0646\u0633", "NAME_VI": "Tuy-ni-di", "NAME_ZH": "\u7a81\u5c3c\u65af", "NAME_ZHT": "\u7a81\u5c3c\u897f\u4e9e", "FCLASS_ISO": "Admin-0 country", "TLC_DIFF": null, "FCLASS_TLC": "Admin-0 country", "FCLASS_US": null, "FCLASS_FR": null, "FCLASS_RU": null, "FCLASS_ES": null, "FCLASS_CN": null, "FCLASS_TW": null, "FCLASS_IN": null, "FCLASS_NP": null, "FCLASS_PK": null, "FCLASS_DE": null, "FCLASS_GB": null, "FCLASS_BR": null, "FCLASS_IL": null, "FCLASS_PS": null, "FCLASS_SA": null, "FCLASS_EG": null, "FCLASS_MA": null, "FCLASS_PT": null, "FCLASS_AR": null, "FCLASS_JP": null, "FCLASS_KO": null, "FCLASS_VN": null, "FCLASS_TR": null, "FCLASS_ID": null, "FCLASS_PL": null, "FCLASS_GR": null, "FCLASS_IT": null, "FCLASS_NL": null, "FCLASS_SE": null, "FCLASS_BD": null, "FCLASS_UA": null, "cartogram_scale": 0.3, "dc_count": 0, "dc_code": "OTHER"}, "geometry": {"type": "Polygon", "coordinates": [[[9.7337, 32.904], [9.6057, 33.4425], [9.4208, 33.5636], [9.4182, 33.6362], [9.1729, 33.815], [9.1464, 34.0409], [9.3314, 34.2083], [9.402, 34.4557], [9.3544, 34.7417], [9.4154, 34.8957], [9.7421, 35.0167], [9.9521, 34.9807], [9.9433, 34.8289], [10.1977, 34.9394], [10.2191, 34.8817], [10.0691, 34.7347], [10.067, 34.596], [10.1709, 34.5214], [10.1314, 34.2618], [9.9339, 34.111], [9.991, 33.9475], [10.1461, 33.9424], [10.2216, 33.7997], [10.3357, 33.7528], [10.3187, 33.5224], [10.1725, 33.4363], [10.0801, 33.3402], [9.8741, 33.2246], [9.906, 33.1003], [9.8801, 32.9735], [9.7337, 32.904]]]}}, {"type": "Feature", "properties": {"featurecla": "Admin-0 country", "scalerank": 1, "LABELRANK": 3, "SOVEREIGNT": "Algeria", "SOV_A3": "DZA", "ADM0_DIF": 0, "LEVEL": 2, "TYPE": "Sovereign country", "TLC": "1", "ADMIN": "Algeria", "ADM0_A3": "DZA", "GEOU_DIF": 0, "GEOUNIT": "Algeria", "GU_A3": "DZA", "SU_DIF": 0, "SUBUNIT": "Algeria", "SU_A3": "DZA", "BRK_DIFF": 0, "NAME": "Algeria", "NAME_LONG": "Algeria", "BRK_A3": "DZA", "BRK_NAME": "Algeria", "BRK_GROUP": null, "ABBREV": "Alg.", "POSTAL": "DZ", "FORMAL_EN": "People's Democratic Republic of Algeria", "FORMAL_FR": null, "NAME_CIAWF": "Algeria", "NOTE_ADM0": null, "NOTE_BRK": null, "NAME_SORT": "Algeria", "NAME_ALT": null, "MAPCOLOR7": 5, "MAPCOLOR8": 1, "MAPCOLOR9": 6, "MAPCOLOR13": 3, "POP_EST": 43053054, "POP_RANK": 15, "POP_YEAR": 2019, "GDP_MD": 171091, "GDP_YEAR": 2019, "ECONOMY": "6. Developing region", "INCOME_GRP": "3. Upper middle income", "FIPS_10": "AG", "ISO_A2": "DZ", "ISO_A2_EH": "DZ", "ISO_A3": "DZA", "ISO_A3_EH": "DZA", "ISO_N3": "012", "ISO_N3_EH": "012", "UN_A3": "012", "WB_A2": "DZ", "WB_A3": "DZA", "WOE_ID": 23424740, "WOE_ID_EH": 23424740, "WOE_NOTE": "Exact WOE match as country", "ADM0_ISO": "DZA", "ADM0_DIFF": null, "ADM0_TLC": "DZA", "ADM0_A3_US": "DZA", "ADM0_A3_FR": "DZA", "ADM0_A3_RU": "DZA", "ADM0_A3_ES": "DZA", "ADM0_A3_CN": "DZA", "ADM0_A3_TW": "DZA", "ADM0_A3_IN": "DZA", "ADM0_A3_NP": "DZA", "ADM0_A3_PK": "DZA", "ADM0_A3_DE": "DZA", "ADM0_A3_GB": "DZA", "ADM0_A3_BR": "DZA", "ADM0_A3_IL": "DZA", "ADM0_A3_PS": "DZA", "ADM0_A3_SA": "DZA", "ADM0_A3_EG": "DZA", "ADM0_A3_MA": "DZA", "ADM0_A3_PT": "DZA", "ADM0_A3_AR": "DZA", "ADM0_A3_JP": "DZA", "ADM0_A3_KO": "DZA", "ADM0_A3_VN": "DZA", "ADM0_A3_TR": "DZA", "ADM0_A3_ID": "DZA", "ADM0_A3_PL": "DZA", "ADM0_A3_GR": "DZA", "ADM0_A3_IT": "DZA", "ADM0_A3_NL": "DZA", "ADM0_A3_SE": "DZA", "ADM0_A3_BD": "DZA", "ADM0_A3_UA": "DZA", "ADM0_A3_UN": -99, "ADM0_A3_WB": -99, "CONTINENT": "Africa", "REGION_UN": "Africa", "SUBREGION": "Northern Africa", "REGION_WB": "Middle East & North Africa", "NAME_LEN": 7, "LONG_LEN": 7, "ABBREV_LEN": 4, "TINY": -99, "HOMEPART": 1, "MIN_ZOOM": 0, "MIN_LABEL": 2.5, "MAX_LABEL": 7, "LABEL_X": 2.808241, "LABEL_Y": 27.397406, "NE_ID": 1159320565, "WIKIDATAID": "Q262", "NAME_AR": "\u0627\u0644\u062c\u0632\u0627\u0626\u0631", "NAME_BN": "\u0986\u09b2\u099c\u09c7\u09b0\u09bf\u09af\u09bc\u09be", "NAME_DE": "Algerien", "NAME_EN": "Algeria", "NAME_ES": "Argelia", "NAME_FA": "\u0627\u0644\u062c\u0632\u0627\u06cc\u0631", "NAME_FR": "Alg\u00e9rie", "NAME_EL": "\u0391\u03bb\u03b3\u03b5\u03c1\u03af\u03b1", "NAME_HE": "\u05d0\u05dc\u05d2'\u05d9\u05e8\u05d9\u05d4", "NAME_HI": "\u0905\u0932\u094d\u091c\u0940\u0930\u093f\u092f\u093e", "NAME_HU": "Alg\u00e9ria", "NAME_ID": "Aljazair", "NAME_IT": "Algeria", "NAME_JA": "\u30a2\u30eb\u30b8\u30a7\u30ea\u30a2", "NAME_KO": "\uc54c\uc81c\ub9ac", "NAME_NL": "Algerije", "NAME_PL": "Algieria", "NAME_PT": "Arg\u00e9lia", "NAME_RU": "\u0410\u043b\u0436\u0438\u0440", "NAME_SV": "Algeriet", "NAME_TR": "Cezayir", "NAME_UK": "\u0410\u043b\u0436\u0438\u0440", "NAME_UR": "\u0627\u0644\u062c\u0632\u0627\u0626\u0631", "NAME_VI": "Alg\u00e9rie", "NAME_ZH": "\u963f\u5c14\u53ca\u5229\u4e9a", "NAME_ZHT": "\u963f\u723e\u53ca\u5229\u4e9e", "FCLASS_ISO": "Admin-0 country", "TLC_DIFF": null, "FCLASS_TLC": "Admin-0 country", "FCLASS_US": null, "FCLASS_FR": null, "FCLASS_RU": null, "FCLASS_ES": null, "FCLASS_CN": null, "FCLASS_TW": null, "FCLASS_IN": null, "FCLASS_NP": null, "FCLASS_PK": null, "FCLASS_DE": null, "FCLASS_GB": null, "FCLASS_BR": null, "FCLASS_IL": null, "FCLASS_PS": null, "FCLASS_SA": null, "FCLASS_EG": null, "FCLASS_MA": null, "FCLASS_PT": null, "FCLASS_AR": null, "FCLASS_JP": null, "FCLASS_KO": null, "FCLASS_VN": null, "FCLASS_TR": null, "FCLASS_ID": null, "FCLASS_PL": null, "FCLASS_GR": null, "FCLASS_IT": null, "FCLASS_NL": null, "FCLASS_SE": null, "FCLASS_BD": null, "FCLASS_UA": null, "cartogram_scale": 0.3, "dc_count": 0, "dc_code": "OTHER"}, "geometry": {"type": "Polygon", "coordinates": [[[-0.4939, 28.9848], [-0.4882, 29.0429], [-0.4883, 29.063], [-0.4909, 29.4184], [-0.0064, 29.6398], [0.2932, 29.6856], [0.5387, 29.7662], [0.6535, 29.9164], [1.0043, 30.0351], [1.0171, 30.2572], [1.1907, 30.2834], [1.3264, 30.3943], [1.719, 30.4449], [1.774, 30.5615], [1.695, 30.6253], [1.5913, 30.942], [1.5735, 31.1244], [1.4604, 31.3166], [1.7488, 31.4805], [2.0731, 31.5326], [2.2625, 31.6564], [2.5515, 31.7477], [3.0599, 31.8012], [3.5561, 31.8256], [3.7074, 31.781], [3.9899, 31.8992], [4.3105, 31.9016], [4.4325, 31.8318], [4.6377, 31.85], [4.5767, 31.696], [4.6243, 31.41], [4.5537, 31.1626], [4.3687, 30.9953], [4.3952, 30.7693], [4.6405, 30.5905], [4.6431, 30.5179], [4.8281, 30.3969], [4.956, 29.8583], [5.0531, 29.5934], [5.0694, 29.454], [5.0166, 29.2093], [5.0382, 29.0725], [5.0001, 28.9083], [5.0263, 28.7197], [4.9072, 28.5943], [5.0846, 28.3757], [5.0959, 28.2471], [5.2025, 28.0798], [5.3428, 28.1348], [5.5796, 27.9954], [5.7112, 27.8075], [4.6833, 27.2357], [3.8147, 26.6464], [3.3916, 26.5126], [3.0588, 26.4833], [3.0554, 26.6741], [2.9165, 26.7229], [2.7297, 26.8087], [2.6584, 26.9493], [1.6464, 27.6038], [0.6344, 28.2584], [-0.4939, 28.9848]]]}}, {"type": "Feature", "properties": {"featurecla": "Admin-0 country", "scalerank": 1, "LABELRANK": 4, "SOVEREIGNT": "Jordan", "SOV_A3": "JOR", "ADM0_DIF": 0, "LEVEL": 2, "TYPE": "Sovereign country", "TLC": "1", "ADMIN": "Jordan", "ADM0_A3": "JOR", "GEOU_DIF": 0, "GEOUNIT": "Jordan", "GU_A3": "JOR", "SU_DIF": 0, "SUBUNIT": "Jordan", "SU_A3": "JOR", "BRK_DIFF": 0, "NAME": "Jordan", "NAME_LONG": "Jordan", "BRK_A3": "JOR", "BRK_NAME": "Jordan", "BRK_GROUP": null, "ABBREV": "Jord.", "POSTAL": "J", "FORMAL_EN": "Hashemite Kingdom of Jordan", "FORMAL_FR": null, "NAME_CIAWF": "Jordan", "NOTE_ADM0": null, "NOTE_BRK": null, "NAME_SORT": "Jordan", "NAME_ALT": null, "MAPCOLOR7": 5, "MAPCOLOR8": 3, "MAPCOLOR9": 4, "MAPCOLOR13": 4, "POP_EST": 10101694, "POP_RANK": 14, "POP_YEAR": 2019, "GDP_MD": 44502, "GDP_YEAR": 2019, "ECONOMY": "6. Developing region", "INCOME_GRP": "3. Upper middle income", "FIPS_10": "JO", "ISO_A2": "JO", "ISO_A2_EH": "JO", "ISO_A3": "JOR", "ISO_A3_EH": "JOR", "ISO_N3": "400", "ISO_N3_EH": "400", "UN_A3": "400", "WB_A2": "JO", "WB_A3": "JOR", "WOE_ID": 23424860, "WOE_ID_EH": 23424860, "WOE_NOTE": "Exact WOE match as country", "ADM0_ISO": "JOR", "ADM0_DIFF": null, "ADM0_TLC": "JOR", "ADM0_A3_US": "JOR", "ADM0_A3_FR": "JOR", "ADM0_A3_RU": "JOR", "ADM0_A3_ES": "JOR", "ADM0_A3_CN": "JOR", "ADM0_A3_TW": "JOR", "ADM0_A3_IN": "JOR", "ADM0_A3_NP": "JOR", "ADM0_A3_PK": "JOR", "ADM0_A3_DE": "JOR", "ADM0_A3_GB": "JOR", "ADM0_A3_BR": "JOR", "ADM0_A3_IL": "JOR", "ADM0_A3_PS": "JOR", "ADM0_A3_SA": "JOR", "ADM0_A3_EG": "JOR", "ADM0_A3_MA": "JOR", "ADM0_A3_PT": "JOR", "ADM0_A3_AR": "JOR", "ADM0_A3_JP": "JOR", "ADM0_A3_KO": "JOR", "ADM0_A3_VN": "JOR", "ADM0_A3_TR": "JOR", "ADM0_A3_ID": "JOR", "ADM0_A3_PL": "JOR", "ADM0_A3_GR": "JOR", "ADM0_A3_IT": "JOR", "ADM0_A3_NL": "JOR", "ADM0_A3_SE": "JOR", "ADM0_A3_BD": "JOR", "ADM0_A3_UA": "JOR", "ADM0_A3_UN": -99, "ADM0_A3_WB": -99, "CONTINENT": "Asia", "REGION_UN": "Asia", "SUBREGION": "Western Asia", "REGION_WB": "Middle East & North Africa", "NAME_LEN": 6, "LONG_LEN": 6, "ABBREV_LEN": 5, "TINY": -99, "HOMEPART": 1, "MIN_ZOOM": 0, "MIN_LABEL": 4, "MAX_LABEL": 9, "LABEL_X": 36.375991, "LABEL_Y": 30.805025, "NE_ID": 1159320935, "WIKIDATAID": "Q810", "NAME_AR": "\u0627\u0644\u0623\u0631\u062f\u0646", "NAME_BN": "\u099c\u09b0\u09cd\u09a1\u09be\u09a8", "NAME_DE": "Jordanien", "NAME_EN": "Jordan", "NAME_ES": "Jordania", "NAME_FA": "\u0627\u0631\u062f\u0646", "NAME_FR": "Jordanie", "NAME_EL": "\u0399\u03bf\u03c1\u03b4\u03b1\u03bd\u03af\u03b1", "NAME_HE": "\u05d9\u05e8\u05d3\u05df", "NAME_HI": "\u091c\u0949\u0930\u094d\u0921\u0928", "NAME_HU": "Jord\u00e1nia", "NAME_ID": "Yordania", "NAME_IT": "Giordania", "NAME_JA": "\u30e8\u30eb\u30c0\u30f3", "NAME_KO": "\uc694\ub974\ub2e8", "NAME_NL": "Jordani\u00eb", "NAME_PL": "Jordania", "NAME_PT": "Jord\u00e2nia", "NAME_RU": "\u0418\u043e\u0440\u0434\u0430\u043d\u0438\u044f", "NAME_SV": "Jordanien", "NAME_TR": "\u00dcrd\u00fcn", "NAME_UK": "\u0419\u043e\u0440\u0434\u0430\u043d\u0456\u044f", "NAME_UR": "\u0627\u0631\u062f\u0646", "NAME_VI": "Jordan", "NAME_ZH": "\u7ea6\u65e6", "NAME_ZHT": "\u7d04\u65e6", "FCLASS_ISO": "Admin-0 country", "TLC_DIFF": null, "FCLASS_TLC": "Admin-0 country", "FCLASS_US": null, "FCLASS_FR": null, "FCLASS_RU": null, "FCLASS_ES": null, "FCLASS_CN": null, "FCLASS_TW": null, "FCLASS_IN": null, "FCLASS_NP": null, "FCLASS_PK": null, "FCLASS_DE": null, "FCLASS_GB": null, "FCLASS_BR": null, "FCLASS_IL": null, "FCLASS_PS": null, "FCLASS_SA": null, "FCLASS_EG": null, "FCLASS_MA": null, "FCLASS_PT": null, "FCLASS_AR": null, "FCLASS_JP": null, "FCLASS_KO": null, "FCLASS_VN": null, "FCLASS_TR": null, "FCLASS_ID": null, "FCLASS_PL": null, "FCLASS_GR": null, "FCLASS_IT": null, "FCLASS_NL": null, "FCLASS_SE": null, "FCLASS_BD": null, "FCLASS_UA": null, "cartogram_scale": 0.3, "dc_count": 0, "dc_code": "OTHER"}, "geometry": {"type": "Polygon", "coordinates": [[[36.3192, 31.5109], [36.3715, 31.6055], [36.7057, 31.4866], [37.2932, 31.8063], [37.4141, 31.441], [37.357, 31.3958], [36.7562, 31.2453], [37.0552, 30.9453], [36.9559, 30.8943], [36.9066, 30.7939], [36.6777, 30.7523], [36.6059, 30.6443], [36.4762, 30.552], [36.1423, 30.5997], [36.1323, 30.6431], [36.2818, 31.1227], [36.2748, 31.2395], [36.3191, 31.3275], [36.3192, 31.5109]]]}}, {"type": "Feature", "properties": {"featurecla": "Admin-0 country", "scalerank": 1, "LABELRANK": 4, "SOVEREIGNT": "United Arab Emirates", "SOV_A3": "ARE", "ADM0_DIF": 0, "LEVEL": 2, "TYPE": "Sovereign country", "TLC": "1", "ADMIN": "United Arab Emirates", "ADM0_A3": "ARE", "GEOU_DIF": 0, "GEOUNIT": "United Arab Emirates", "GU_A3": "ARE", "SU_DIF": 0, "SUBUNIT": "United Arab Emirates", "SU_A3": "ARE", "BRK_DIFF": 0, "NAME": "United Arab Emirates", "NAME_LONG": "United Arab Emirates", "BRK_A3": "ARE", "BRK_NAME": "United Arab Emirates", "BRK_GROUP": null, "ABBREV": "U.A.E.", "POSTAL": "AE", "FORMAL_EN": "United Arab Emirates", "FORMAL_FR": null, "NAME_CIAWF": "United Arab Emirates", "NOTE_ADM0": null, "NOTE_BRK": null, "NAME_SORT": "United Arab Emirates", "NAME_ALT": null, "MAPCOLOR7": 2, "MAPCOLOR8": 1, "MAPCOLOR9": 3, "MAPCOLOR13": 3, "POP_EST": 9770529, "POP_RANK": 13, "POP_YEAR": 2019, "GDP_MD": 421142, "GDP_YEAR": 2019, "ECONOMY": "6. Developing region", "INCOME_GRP": "2. High income: nonOECD", "FIPS_10": "AE", "ISO_A2": "AE", "ISO_A2_EH": "AE", "ISO_A3": "ARE", "ISO_A3_EH": "ARE", "ISO_N3": "784", "ISO_N3_EH": "784", "UN_A3": "784", "WB_A2": "AE", "WB_A3": "ARE", "WOE_ID": 23424738, "WOE_ID_EH": 23424738, "WOE_NOTE": "Exact WOE match as country", "ADM0_ISO": "ARE", "ADM0_DIFF": null, "ADM0_TLC": "ARE", "ADM0_A3_US": "ARE", "ADM0_A3_FR": "ARE", "ADM0_A3_RU": "ARE", "ADM0_A3_ES": "ARE", "ADM0_A3_CN": "ARE", "ADM0_A3_TW": "ARE", "ADM0_A3_IN": "ARE", "ADM0_A3_NP": "ARE", "ADM0_A3_PK": "ARE", "ADM0_A3_DE": "ARE", "ADM0_A3_GB": "ARE", "ADM0_A3_BR": "ARE", "ADM0_A3_IL": "ARE", "ADM0_A3_PS": "ARE", "ADM0_A3_SA": "ARE", "ADM0_A3_EG": "ARE", "ADM0_A3_MA": "ARE", "ADM0_A3_PT": "ARE", "ADM0_A3_AR": "ARE", "ADM0_A3_JP": "ARE", "ADM0_A3_KO": "ARE", "ADM0_A3_VN": "ARE", "ADM0_A3_TR": "ARE", "ADM0_A3_ID": "ARE", "ADM0_A3_PL": "ARE", "ADM0_A3_GR": "ARE", "ADM0_A3_IT": "ARE", "ADM0_A3_NL": "ARE", "ADM0_A3_SE": "ARE", "ADM0_A3_BD": "ARE", "ADM0_A3_UA": "ARE", "ADM0_A3_UN": -99, "ADM0_A3_WB": -99, "CONTINENT": "Asia", "REGION_UN": "Asia", "SUBREGION": "Western Asia", "REGION_WB": "Middle East & North Africa", "NAME_LEN": 20, "LONG_LEN": 20, "ABBREV_LEN": 6, "TINY": -99, "HOMEPART": 1, "MIN_ZOOM": 0, "MIN_LABEL": 4, "MAX_LABEL": 9, "LABEL_X": 54.547256, "LABEL_Y": 23.466285, "NE_ID": 1159320329, "WIKIDATAID": "Q878", "NAME_AR": "\u0627\u0644\u0625\u0645\u0627\u0631\u0627\u062a \u0627\u0644\u0639\u0631\u0628\u064a\u0629 \u0627\u0644\u0645\u062a\u062d\u062f\u0629", "NAME_BN": "\u09b8\u0982\u09af\u09c1\u0995\u09cd\u09a4 \u0986\u09b0\u09ac \u0986\u09ae\u09bf\u09b0\u09be\u09a4", "NAME_DE": "Vereinigte Arabische Emirate", "NAME_EN": "United Arab Emirates", "NAME_ES": "Emiratos \u00c1rabes Unidos", "NAME_FA": "\u0627\u0645\u0627\u0631\u0627\u062a \u0645\u062a\u062d\u062f\u0647 \u0639\u0631\u0628\u06cc", "NAME_FR": "\u00c9mirats arabes unis", "NAME_EL": "\u0397\u03bd\u03c9\u03bc\u03ad\u03bd\u03b1 \u0391\u03c1\u03b1\u03b2\u03b9\u03ba\u03ac \u0395\u03bc\u03b9\u03c1\u03ac\u03c4\u03b1", "NAME_HE": "\u05d0\u05d9\u05d7\u05d5\u05d3 \u05d4\u05d0\u05de\u05d9\u05e8\u05d5\u05d9\u05d5\u05ea \u05d4\u05e2\u05e8\u05d1\u05d9\u05d5\u05ea", "NAME_HI": "\u0938\u0902\u092f\u0941\u0915\u094d\u0924 \u0905\u0930\u092c \u0905\u092e\u0940\u0930\u093e\u0924", "NAME_HU": "Egyes\u00fclt Arab Em\u00edrs\u00e9gek", "NAME_ID": "Uni Emirat Arab", "NAME_IT": "Emirati Arabi Uniti", "NAME_JA": "\u30a2\u30e9\u30d6\u9996\u9577\u56fd\u9023\u90a6", "NAME_KO": "\uc544\ub78d\uc5d0\ubbf8\ub9ac\ud2b8", "NAME_NL": "Verenigde Arabische Emiraten", "NAME_PL": "Zjednoczone Emiraty Arabskie", "NAME_PT": "Emirados \u00c1rabes Unidos", "NAME_RU": "\u041e\u0431\u044a\u0435\u0434\u0438\u043d\u0451\u043d\u043d\u044b\u0435 \u0410\u0440\u0430\u0431\u0441\u043a\u0438\u0435 \u042d\u043c\u0438\u0440\u0430\u0442\u044b", "NAME_SV": "F\u00f6renade Arabemiraten", "NAME_TR": "Birle\u015fik Arap Emirlikleri", "NAME_UK": "\u041e\u0431'\u0454\u0434\u043d\u0430\u043d\u0456 \u0410\u0440\u0430\u0431\u0441\u044c\u043a\u0456 \u0415\u043c\u0456\u0440\u0430\u0442\u0438", "NAME_UR": "\u0645\u062a\u062d\u062f\u06c1 \u0639\u0631\u0628 \u0627\u0645\u0627\u0631\u0627\u062a", "NAME_VI": "C\u00e1c Ti\u1ec3u v\u01b0\u01a1ng qu\u1ed1c \u1ea2 R\u1eadp Th\u1ed1ng nh\u1ea5t", "NAME_ZH": "\u963f\u62c9\u4f2f\u8054\u5408\u914b\u957f\u56fd", "NAME_ZHT": "\u963f\u62c9\u4f2f\u806f\u5408\u5927\u516c\u570b", "FCLASS_ISO": "Admin-0 country", "TLC_DIFF": null, "FCLASS_TLC": "Admin-0 country", "FCLASS_US": null, "FCLASS_FR": null, "FCLASS_RU": null, "FCLASS_ES": null, "FCLASS_CN": null, "FCLASS_TW": null, "FCLASS_IN": null, "FCLASS_NP": null, "FCLASS_PK": null, "FCLASS_DE": null, "FCLASS_GB": null, "FCLASS_BR": null, "FCLASS_IL": null, "FCLASS_PS": null, "FCLASS_SA": null, "FCLASS_EG": null, "FCLASS_MA": null, "FCLASS_PT": null, "FCLASS_AR": null, "FCLASS_JP": null, "FCLASS_KO": null, "FCLASS_VN": null, "FCLASS_TR": null, "FCLASS_ID": null, "FCLASS_PL": null, "FCLASS_GR": null, "FCLASS_IT": null, "FCLASS_NL": null, "FCLASS_SE": null, "FCLASS_BD": null, "FCLASS_UA": null, "cartogram_scale": 0.9, "dc_count": 28, "dc_code": "ARE"}, "geometry": {"type": "Polygon", "coordinates": [[[51.8459, 24.2405], [52.006, 24.2842], [52.0393, 24.0374], [52.7437, 24.1792], [53.4879, 24.1557], [54.0315, 24.1291], [54.6481, 24.7376], [55.3195, 25.3148], [55.8881, 25.8695], [56.0593, 25.5627], [56.1815, 24.8518], [55.7219, 24.8483], [55.648, 24.2622], [55.8074, 24.137], [55.4001, 23.9598], [55.3976, 23.5919], [55.1354, 23.2194], [55.1118, 22.857], [54.9305, 22.6668], [52.225, 23.1206], [51.8803, 24.0323], [51.8459, 24.2405]]]}}, {"type": "Feature", "properties": {"featurecla": "Admin-0 country", "scalerank": 1, "LABELRANK": 5, "SOVEREIGNT": "Qatar", "SOV_A3": "QAT", "ADM0_DIF": 0, "LEVEL": 2, "TYPE": "Sovereign country", "TLC": "1", "ADMIN": "Qatar", "ADM0_A3": "QAT", "GEOU_DIF": 0, "GEOUNIT": "Qatar", "GU_A3": "QAT", "SU_DIF": 0, "SUBUNIT": "Qatar", "SU_A3": "QAT", "BRK_DIFF": 0, "NAME": "Qatar", "NAME_LONG": "Qatar", "BRK_A3": "QAT", "BRK_NAME": "Qatar", "BRK_GROUP": null, "ABBREV": "Qatar", "POSTAL": "QA", "FORMAL_EN": "State of Qatar", "FORMAL_FR": null, "NAME_CIAWF": "Qatar", "NOTE_ADM0": null, "NOTE_BRK": null, "NAME_SORT": "Qatar", "NAME_ALT": null, "MAPCOLOR7": 3, "MAPCOLOR8": 6, "MAPCOLOR9": 2, "MAPCOLOR13": 4, "POP_EST": 2832067, "POP_RANK": 12, "POP_YEAR": 2019, "GDP_MD": 175837, "GDP_YEAR": 2019, "ECONOMY": "6. Developing region", "INCOME_GRP": "2. High income: nonOECD", "FIPS_10": "QA", "ISO_A2": "QA", "ISO_A2_EH": "QA", "ISO_A3": "QAT", "ISO_A3_EH": "QAT", "ISO_N3": "634", "ISO_N3_EH": "634", "UN_A3": "634", "WB_A2": "QA", "WB_A3": "QAT", "WOE_ID": 23424930, "WOE_ID_EH": 23424930, "WOE_NOTE": "Exact WOE match as country", "ADM0_ISO": "QAT", "ADM0_DIFF": null, "ADM0_TLC": "QAT", "ADM0_A3_US": "QAT", "ADM0_A3_FR": "QAT", "ADM0_A3_RU": "QAT", "ADM0_A3_ES": "QAT", "ADM0_A3_CN": "QAT", "ADM0_A3_TW": "QAT", "ADM0_A3_IN": "QAT", "ADM0_A3_NP": "QAT", "ADM0_A3_PK": "QAT", "ADM0_A3_DE": "QAT", "ADM0_A3_GB": "QAT", "ADM0_A3_BR": "QAT", "ADM0_A3_IL": "QAT", "ADM0_A3_PS": "QAT", "ADM0_A3_SA": "QAT", "ADM0_A3_EG": "QAT", "ADM0_A3_MA": "QAT", "ADM0_A3_PT": "QAT", "ADM0_A3_AR": "QAT", "ADM0_A3_JP": "QAT", "ADM0_A3_KO": "QAT", "ADM0_A3_VN": "QAT", "ADM0_A3_TR": "QAT", "ADM0_A3_ID": "QAT", "ADM0_A3_PL": "QAT", "ADM0_A3_GR": "QAT", "ADM0_A3_IT": "QAT", "ADM0_A3_NL": "QAT", "ADM0_A3_SE": "QAT", "ADM0_A3_BD": "QAT", "ADM0_A3_UA": "QAT", "ADM0_A3_UN": -99, "ADM0_A3_WB": -99, "CONTINENT": "Asia", "REGION_UN": "Asia", "SUBREGION": "Western Asia", "REGION_WB": "Middle East & North Africa", "NAME_LEN": 5, "LONG_LEN": 5, "ABBREV_LEN": 5, "TINY": -99, "HOMEPART": 1, "MIN_ZOOM": 0, "MIN_LABEL": 4, "MAX_LABEL": 9, "LABEL_X": 51.143509, "LABEL_Y": 25.237383, "NE_ID": 1159321197, "WIKIDATAID": "Q846", "NAME_AR": "\u0642\u0637\u0631", "NAME_BN": "\u0995\u09be\u09a4\u09be\u09b0", "NAME_DE": "Katar", "NAME_EN": "Qatar", "NAME_ES": "Catar", "NAME_FA": "\u0642\u0637\u0631", "NAME_FR": "Qatar", "NAME_EL": "\u039a\u03b1\u03c4\u03ac\u03c1", "NAME_HE": "\u05e7\u05d8\u05e8", "NAME_HI": "\u0915\u093c\u0924\u0930", "NAME_HU": "Katar", "NAME_ID": "Qatar", "NAME_IT": "Qatar", "NAME_JA": "\u30ab\u30bf\u30fc\u30eb", "NAME_KO": "\uce74\ud0c0\ub974", "NAME_NL": "Qatar", "NAME_PL": "Katar", "NAME_PT": "Catar", "NAME_RU": "\u041a\u0430\u0442\u0430\u0440", "NAME_SV": "Qatar", "NAME_TR": "Katar", "NAME_UK": "\u041a\u0430\u0442\u0430\u0440", "NAME_UR": "\u0642\u0637\u0631", "NAME_VI": "Qatar", "NAME_ZH": "\u5361\u5854\u5c14", "NAME_ZHT": "\u5361\u9054", "FCLASS_ISO": "Admin-0 country", "TLC_DIFF": null, "FCLASS_TLC": "Admin-0 country", "FCLASS_US": null, "FCLASS_FR": null, "FCLASS_RU": null, "FCLASS_ES": null, "FCLASS_CN": null, "FCLASS_TW": null, "FCLASS_IN": null, "FCLASS_NP": null, "FCLASS_PK": null, "FCLASS_DE": null, "FCLASS_GB": null, "FCLASS_BR": null, "FCLASS_IL": null, "FCLASS_PS": null, "FCLASS_SA": null, "FCLASS_EG": null, "FCLASS_MA": null, "FCLASS_PT": null, "FCLASS_AR": null, "FCLASS_JP": null, "FCLASS_KO": null, "FCLASS_VN": null, "FCLASS_TR": null, "FCLASS_ID": null, "FCLASS_PL": null, "FCLASS_GR": null, "FCLASS_IT": null, "FCLASS_NL": null, "FCLASS_SE": null, "FCLASS_BD": null, "FCLASS_UA": null, "cartogram_scale": 0.3, "dc_count": 0, "dc_code": "OTHER"}, "geometry": {"type": "Polygon", "coordinates": [[[51.0489, 25.1064], [51.0291, 25.3247], [51.1099, 25.4821], [51.1919, 25.5144], [51.2826, 25.4203], [51.2879, 25.2447], [51.2228, 25.0682], [51.1396, 25.0469], [51.0489, 25.1064]]]}}, {"type": "Feature", "properties": {"featurecla": "Admin-0 country", "scalerank": 1, "LABELRANK": 6, "SOVEREIGNT": "Kuwait", "SOV_A3": "KWT", "ADM0_DIF": 0, "LEVEL": 2, "TYPE": "Sovereign country", "TLC": "1", "ADMIN": "Kuwait", "ADM0_A3": "KWT", "GEOU_DIF": 0, "GEOUNIT": "Kuwait", "GU_A3": "KWT", "SU_DIF": 0, "SUBUNIT": "Kuwait", "SU_A3": "KWT", "BRK_DIFF": 0, "NAME": "Kuwait", "NAME_LONG": "Kuwait", "BRK_A3": "KWT", "BRK_NAME": "Kuwait", "BRK_GROUP": null, "ABBREV": "Kwt.", "POSTAL": "KW", "FORMAL_EN": "State of Kuwait", "FORMAL_FR": null, "NAME_CIAWF": "Kuwait", "NOTE_ADM0": null, "NOTE_BRK": null, "NAME_SORT": "Kuwait", "NAME_ALT": null, "MAPCOLOR7": 2, "MAPCOLOR8": 2, "MAPCOLOR9": 2, "MAPCOLOR13": 2, "POP_EST": 4207083, "POP_RANK": 12, "POP_YEAR": 2019, "GDP_MD": 134628, "GDP_YEAR": 2019, "ECONOMY": "6. Developing region", "INCOME_GRP": "2. High income: nonOECD", "FIPS_10": "KU", "ISO_A2": "KW", "ISO_A2_EH": "KW", "ISO_A3": "KWT", "ISO_A3_EH": "KWT", "ISO_N3": "414", "ISO_N3_EH": "414", "UN_A3": "414", "WB_A2": "KW", "WB_A3": "KWT", "WOE_ID": 23424870, "WOE_ID_EH": 23424870, "WOE_NOTE": "Exact WOE match as country", "ADM0_ISO": "KWT", "ADM0_DIFF": null, "ADM0_TLC": "KWT", "ADM0_A3_US": "KWT", "ADM0_A3_FR": "KWT", "ADM0_A3_RU": "KWT", "ADM0_A3_ES": "KWT", "ADM0_A3_CN": "KWT", "ADM0_A3_TW": "KWT", "ADM0_A3_IN": "KWT", "ADM0_A3_NP": "KWT", "ADM0_A3_PK": "KWT", "ADM0_A3_DE": "KWT", "ADM0_A3_GB": "KWT", "ADM0_A3_BR": "KWT", "ADM0_A3_IL": "KWT", "ADM0_A3_PS": "KWT", "ADM0_A3_SA": "KWT", "ADM0_A3_EG": "KWT", "ADM0_A3_MA": "KWT", "ADM0_A3_PT": "KWT", "ADM0_A3_AR": "KWT", "ADM0_A3_JP": "KWT", "ADM0_A3_KO": "KWT", "ADM0_A3_VN": "KWT", "ADM0_A3_TR": "KWT", "ADM0_A3_ID": "KWT", "ADM0_A3_PL": "KWT", "ADM0_A3_GR": "KWT", "ADM0_A3_IT": "KWT", "ADM0_A3_NL": "KWT", "ADM0_A3_SE": "KWT", "ADM0_A3_BD": "KWT", "ADM0_A3_UA": "KWT", "ADM0_A3_UN": -99, "ADM0_A3_WB": -99, "CONTINENT": "Asia", "REGION_UN": "Asia", "SUBREGION": "Western Asia", "REGION_WB": "Middle East & North Africa", "NAME_LEN": 6, "LONG_LEN": 6, "ABBREV_LEN": 4, "TINY": -99, "HOMEPART": 1, "MIN_ZOOM": 0, "MIN_LABEL": 5, "MAX_LABEL": 10, "LABEL_X": 47.313999, "LABEL_Y": 29.413628, "NE_ID": 1159321009, "WIKIDATAID": "Q817", "NAME_AR": "\u0627\u0644\u0643\u0648\u064a\u062a", "NAME_BN": "\u0995\u09c1\u09af\u09bc\u09c7\u09a4", "NAME_DE": "Kuwait", "NAME_EN": "Kuwait", "NAME_ES": "Kuwait", "NAME_FA": "\u06a9\u0648\u06cc\u062a", "NAME_FR": "Kowe\u00eft", "NAME_EL": "\u039a\u03bf\u03c5\u03b2\u03ad\u03b9\u03c4", "NAME_HE": "\u05db\u05d5\u05d5\u05d9\u05ea", "NAME_HI": "\u0915\u0941\u0935\u0948\u0924", "NAME_HU": "Kuvait", "NAME_ID": "Kuwait", "NAME_IT": "Kuwait", "NAME_JA": "\u30af\u30a6\u30a7\u30fc\u30c8", "NAME_KO": "\ucfe0\uc6e8\uc774\ud2b8", "NAME_NL": "Koeweit", "NAME_PL": "Kuwejt", "NAME_PT": "Kuwait", "NAME_RU": "\u041a\u0443\u0432\u0435\u0439\u0442", "NAME_SV": "Kuwait", "NAME_TR": "Kuveyt", "NAME_UK": "\u041a\u0443\u0432\u0435\u0439\u0442", "NAME_UR": "\u06a9\u0648\u06cc\u062a", "NAME_VI": "Kuwait", "NAME_ZH": "\u79d1\u5a01\u7279", "NAME_ZHT": "\u79d1\u5a01\u7279", "FCLASS_ISO": "Admin-0 country", "TLC_DIFF": null, "FCLASS_TLC": "Admin-0 country", "FCLASS_US": null, "FCLASS_FR": null, "FCLASS_RU": null, "FCLASS_ES": null, "FCLASS_CN": null, "FCLASS_TW": null, "FCLASS_IN": null, "FCLASS_NP": null, "FCLASS_PK": null, "FCLASS_DE": null, "FCLASS_GB": null, "FCLASS_BR": null, "FCLASS_IL": null, "FCLASS_PS": null, "FCLASS_SA": null, "FCLASS_EG": null, "FCLASS_MA": null, "FCLASS_PT": null, "FCLASS_AR": null, "FCLASS_JP": null, "FCLASS_KO": null, "FCLASS_VN": null, "FCLASS_TR": null, "FCLASS_ID": null, "FCLASS_PL": null, "FCLASS_GR": null, "FCLASS_IT": null, "FCLASS_NL": null, "FCLASS_SE": null, "FCLASS_BD": null, "FCLASS_UA": null, "cartogram_scale": 0.3, "dc_count": 0, "dc_code": "OTHER"}, "geometry": {"type": "Polygon", "coordinates": [[[47.8121, 29.5285], [47.8747, 29.3961], [47.8479, 29.3276], [47.9446, 29.1014], [47.7324, 29.0936], [47.6577, 29.2365], [47.3903, 29.2655], [47.6105, 29.5535], [47.8121, 29.5285]]]}}, {"type": "Feature", "properties": {"featurecla": "Admin-0 country", "scalerank": 1, "LABELRANK": 3, "SOVEREIGNT": "Iraq", "SOV_A3": "IRQ", "ADM0_DIF": 0, "LEVEL": 2, "TYPE": "Sovereign country", "TLC": "1", "ADMIN": "Iraq", "ADM0_A3": "IRQ", "GEOU_DIF": 0, "GEOUNIT": "Iraq", "GU_A3": "IRQ", "SU_DIF": 0, "SUBUNIT": "Iraq", "SU_A3": "IRQ", "BRK_DIFF": 0, "NAME": "Iraq", "NAME_LONG": "Iraq", "BRK_A3": "IRQ", "BRK_NAME": "Iraq", "BRK_GROUP": null, "ABBREV": "Iraq", "POSTAL": "IRQ", "FORMAL_EN": "Republic of Iraq", "FORMAL_FR": null, "NAME_CIAWF": "Iraq", "NOTE_ADM0": null, "NOTE_BRK": null, "NAME_SORT": "Iraq", "NAME_ALT": null, "MAPCOLOR7": 1, "MAPCOLOR8": 4, "MAPCOLOR9": 3, "MAPCOLOR13": 1, "POP_EST": 39309783, "POP_RANK": 15, "POP_YEAR": 2019, "GDP_MD": 234094, "GDP_YEAR": 2019, "ECONOMY": "6. Developing region", "INCOME_GRP": "4. Lower middle income", "FIPS_10": "IZ", "ISO_A2": "IQ", "ISO_A2_EH": "IQ", "ISO_A3": "IRQ", "ISO_A3_EH": "IRQ", "ISO_N3": "368", "ISO_N3_EH": "368", "UN_A3": "368", "WB_A2": "IQ", "WB_A3": "IRQ", "WOE_ID": 23424855, "WOE_ID_EH": 23424855, "WOE_NOTE": "Exact WOE match as country", "ADM0_ISO": "IRQ", "ADM0_DIFF": null, "ADM0_TLC": "IRQ", "ADM0_A3_US": "IRQ", "ADM0_A3_FR": "IRQ", "ADM0_A3_RU": "IRQ", "ADM0_A3_ES": "IRQ", "ADM0_A3_CN": "IRQ", "ADM0_A3_TW": "IRQ", "ADM0_A3_IN": "IRQ", "ADM0_A3_NP": "IRQ", "ADM0_A3_PK": "IRQ", "ADM0_A3_DE": "IRQ", "ADM0_A3_GB": "IRQ", "ADM0_A3_BR": "IRQ", "ADM0_A3_IL": "IRQ", "ADM0_A3_PS": "IRQ", "ADM0_A3_SA": "IRQ", "ADM0_A3_EG": "IRQ", "ADM0_A3_MA": "IRQ", "ADM0_A3_PT": "IRQ", "ADM0_A3_AR": "IRQ", "ADM0_A3_JP": "IRQ", "ADM0_A3_KO": "IRQ", "ADM0_A3_VN": "IRQ", "ADM0_A3_TR": "IRQ", "ADM0_A3_ID": "IRQ", "ADM0_A3_PL": "IRQ", "ADM0_A3_GR": "IRQ", "ADM0_A3_IT": "IRQ", "ADM0_A3_NL": "IRQ", "ADM0_A3_SE": "IRQ", "ADM0_A3_BD": "IRQ", "ADM0_A3_UA": "IRQ", "ADM0_A3_UN": -99, "ADM0_A3_WB": -99, "CONTINENT": "Asia", "REGION_UN": "Asia", "SUBREGION": "Western Asia", "REGION_WB": "Middle East & North Africa", "NAME_LEN": 4, "LONG_LEN": 4, "ABBREV_LEN": 4, "TINY": -99, "HOMEPART": 1, "MIN_ZOOM": 0, "MIN_LABEL": 3, "MAX_LABEL": 7.5, "LABEL_X": 43.26181, "LABEL_Y": 33.09403, "NE_ID": 1159320887, "WIKIDATAID": "Q796", "NAME_AR": "\u0627\u0644\u0639\u0631\u0627\u0642", "NAME_BN": "\u0987\u09b0\u09be\u0995", "NAME_DE": "Irak", "NAME_EN": "Iraq", "NAME_ES": "Irak", "NAME_FA": "\u0639\u0631\u0627\u0642", "NAME_FR": "Irak", "NAME_EL": "\u0399\u03c1\u03ac\u03ba", "NAME_HE": "\u05e2\u05d9\u05e8\u05d0\u05e7", "NAME_HI": "\u0907\u0930\u093e\u0915", "NAME_HU": "Irak", "NAME_ID": "Irak", "NAME_IT": "Iraq", "NAME_JA": "\u30a4\u30e9\u30af", "NAME_KO": "\uc774\ub77c\ud06c", "NAME_NL": "Irak", "NAME_PL": "Irak", "NAME_PT": "Iraque", "NAME_RU": "\u0418\u0440\u0430\u043a", "NAME_SV": "Irak", "NAME_TR": "Irak", "NAME_UK": "\u0406\u0440\u0430\u043a", "NAME_UR": "\u0639\u0631\u0627\u0642", "NAME_VI": "Iraq", "NAME_ZH": "\u4f0a\u62c9\u514b", "NAME_ZHT": "\u4f0a\u62c9\u514b", "FCLASS_ISO": "Admin-0 country", "TLC_DIFF": null, "FCLASS_TLC": "Admin-0 country", "FCLASS_US": null, "FCLASS_FR": null, "FCLASS_RU": null, "FCLASS_ES": null, "FCLASS_CN": null, "FCLASS_TW": null, "FCLASS_IN": null, "FCLASS_NP": null, "FCLASS_PK": null, "FCLASS_DE": null, "FCLASS_GB": null, "FCLASS_BR": null, "FCLASS_IL": null, "FCLASS_PS": null, "FCLASS_SA": null, "FCLASS_EG": null, "FCLASS_MA": null, "FCLASS_PT": null, "FCLASS_AR": null, "FCLASS_JP": null, "FCLASS_KO": null, "FCLASS_VN": null, "FCLASS_TR": null, "FCLASS_ID": null, "FCLASS_PL": null, "FCLASS_GR": null, "FCLASS_IT": null, "FCLASS_NL": null, "FCLASS_SE": null, "FCLASS_BD": null, "FCLASS_UA": null, "cartogram_scale": 0.3, "dc_count": 0, "dc_code": "OTHER"}, "geometry": {"type": "Polygon", "coordinates": [[[42.8378, 33.0553], [42.7168, 33.4206], [43.381, 33.7328], [43.4943, 34.0955], [43.466, 34.3147], [43.6302, 34.3888], [43.784, 34.576], [43.9129, 34.6226], [44.2618, 34.5839], [44.3672, 34.5075], [44.5109, 34.5582], [44.7053, 34.2003], [44.902, 34.1102], [44.9247, 33.935], [44.7737, 33.8315], [44.7041, 33.5974], [44.9119, 33.3122], [45.2795, 33.1478], [45.4339, 32.9198], [45.3847, 32.7025], [45.4805, 32.7026], [45.4835, 32.5428], [45.6495, 32.3851], [45.4715, 32.3998], [45.2699, 32.4247], [45.0497, 32.1367], [44.492, 32.1607], [43.6461, 32.764], [43.1991, 32.974], [42.8378, 33.0553]]]}}, {"type": "Feature", "properties": {"featurecla": "Admin-0 country", "scalerank": 1, "LABELRANK": 4, "SOVEREIGNT": "Oman", "SOV_A3": "OMN", "ADM0_DIF": 0, "LEVEL": 2, "TYPE": "Sovereign country", "TLC": "1", "ADMIN": "Oman", "ADM0_A3": "OMN", "GEOU_DIF": 0, "GEOUNIT": "Oman", "GU_A3": "OMN", "SU_DIF": 0, "SUBUNIT": "Oman", "SU_A3": "OMN", "BRK_DIFF": 0, "NAME": "Oman", "NAME_LONG": "Oman", "BRK_A3": "OMN", "BRK_NAME": "Oman", "BRK_GROUP": null, "ABBREV": "Oman", "POSTAL": "OM", "FORMAL_EN": "Sultanate of Oman", "FORMAL_FR": null, "NAME_CIAWF": "Oman", "NOTE_ADM0": null, "NOTE_BRK": null, "NAME_SORT": "Oman", "NAME_ALT": null, "MAPCOLOR7": 1, "MAPCOLOR8": 4, "MAPCOLOR9": 1, "MAPCOLOR13": 6, "POP_EST": 4974986, "POP_RANK": 12, "POP_YEAR": 2019, "GDP_MD": 76331, "GDP_YEAR": 2019, "ECONOMY": "6. Developing region", "INCOME_GRP": "2. High income: nonOECD", "FIPS_10": "MU", "ISO_A2": "OM", "ISO_A2_EH": "OM", "ISO_A3": "OMN", "ISO_A3_EH": "OMN", "ISO_N3": "512", "ISO_N3_EH": "512", "UN_A3": "512", "WB_A2": "OM", "WB_A3": "OMN", "WOE_ID": 23424898, "WOE_ID_EH": 23424898, "WOE_NOTE": "Exact WOE match as country", "ADM0_ISO": "OMN", "ADM0_DIFF": null, "ADM0_TLC": "OMN", "ADM0_A3_US": "OMN", "ADM0_A3_FR": "OMN", "ADM0_A3_RU": "OMN", "ADM0_A3_ES": "OMN", "ADM0_A3_CN": "OMN", "ADM0_A3_TW": "OMN", "ADM0_A3_IN": "OMN", "ADM0_A3_NP": "OMN", "ADM0_A3_PK": "OMN", "ADM0_A3_DE": "OMN", "ADM0_A3_GB": "OMN", "ADM0_A3_BR": "OMN", "ADM0_A3_IL": "OMN", "ADM0_A3_PS": "OMN", "ADM0_A3_SA": "OMN", "ADM0_A3_EG": "OMN", "ADM0_A3_MA": "OMN", "ADM0_A3_PT": "OMN", "ADM0_A3_AR": "OMN", "ADM0_A3_JP": "OMN", "ADM0_A3_KO": "OMN", "ADM0_A3_VN": "OMN", "ADM0_A3_TR": "OMN", "ADM0_A3_ID": "OMN", "ADM0_A3_PL": "OMN", "ADM0_A3_GR": "OMN", "ADM0_A3_IT": "OMN", "ADM0_A3_NL": "OMN", "ADM0_A3_SE": "OMN", "ADM0_A3_BD": "OMN", "ADM0_A3_UA": "OMN", "ADM0_A3_UN": -99, "ADM0_A3_WB": -99, "CONTINENT": "Asia", "REGION_UN": "Asia", "SUBREGION": "Western Asia", "REGION_WB": "Middle East & North Africa", "NAME_LEN": 4, "LONG_LEN": 4, "ABBREV_LEN": 4, "TINY": -99, "HOMEPART": 1, "MIN_ZOOM": 0, "MIN_LABEL": 4, "MAX_LABEL": 9, "LABEL_X": 57.336553, "LABEL_Y": 22.120427, "NE_ID": 1159321151, "WIKIDATAID": "Q842", "NAME_AR": "\u0633\u0644\u0637\u0646\u0629 \u0639\u0645\u0627\u0646", "NAME_BN": "\u0993\u09ae\u09be\u09a8", "NAME_DE": "Oman", "NAME_EN": "Oman", "NAME_ES": "Om\u00e1n", "NAME_FA": "\u0639\u0645\u0627\u0646", "NAME_FR": "Oman", "NAME_EL": "\u039f\u03bc\u03ac\u03bd", "NAME_HE": "\u05e2\u05d5\u05de\u05d0\u05df", "NAME_HI": "\u0913\u092e\u093e\u0928", "NAME_HU": "Om\u00e1n", "NAME_ID": "Oman", "NAME_IT": "Oman", "NAME_JA": "\u30aa\u30de\u30fc\u30f3", "NAME_KO": "\uc624\ub9cc", "NAME_NL": "Oman", "NAME_PL": "Oman", "NAME_PT": "Om\u00e3", "NAME_RU": "\u041e\u043c\u0430\u043d", "NAME_SV": "Oman", "NAME_TR": "Umman", "NAME_UK": "\u041e\u043c\u0430\u043d", "NAME_UR": "\u0639\u0645\u0627\u0646", "NAME_VI": "Oman", "NAME_ZH": "\u963f\u66fc", "NAME_ZHT": "\u963f\u66fc", "FCLASS_ISO": "Admin-0 country", "TLC_DIFF": null, "FCLASS_TLC": "Admin-0 country", "FCLASS_US": null, "FCLASS_FR": null, "FCLASS_RU": null, "FCLASS_ES": null, "FCLASS_CN": null, "FCLASS_TW": null, "FCLASS_IN": null, "FCLASS_NP": null, "FCLASS_PK": null, "FCLASS_DE": null, "FCLASS_GB": null, "FCLASS_BR": null, "FCLASS_IL": null, "FCLASS_PS": null, "FCLASS_SA": null, "FCLASS_EG": null, "FCLASS_MA": null, "FCLASS_PT": null, "FCLASS_AR": null, "FCLASS_JP": null, "FCLASS_KO": null, "FCLASS_VN": null, "FCLASS_TR": null, "FCLASS_ID": null, "FCLASS_PL": null, "FCLASS_GR": null, "FCLASS_IT": null, "FCLASS_NL": null, "FCLASS_SE": null, "FCLASS_BD": null, "FCLASS_UA": null, "cartogram_scale": 0.3, "dc_count": 0, "dc_code": "OTHER"}, "geometry": {"type": "MultiPolygon", "coordinates": [[[[56.1356, 21.8751], [56.1435, 21.9959], [56.2309, 22.1201], [56.2317, 22.2427], [56.3675, 22.3018], [56.3144, 22.3435], [56.339, 22.5389], [56.4922, 22.54], [56.6267, 22.3351], [56.7942, 22.2262], [57.0142, 22.187], [57.1919, 22.1323], [57.3273, 21.9603], [57.4082, 21.8607], [57.5155, 21.8227], [57.515, 21.7558], [57.4058, 21.577], [57.3579, 21.4928], [57.2315, 21.3968], [57.1195, 21.1913], [56.9834, 21.207], [56.921, 21.1355], [56.8729, 20.9834], [56.9097, 20.7829], [56.8814, 20.746], [56.7434, 20.747], [56.556, 20.6349], [56.5268, 20.4887], [56.4582, 20.4254], [56.2716, 20.4278], [56.1541, 20.3523], [56.1556, 20.2311], [56.0104, 20.1478], [55.8449, 20.1761], [55.6443, 20.0749], [55.5057, 20.0579], [55.4078, 20.2675], [55.1731, 20.7626], [56.0731, 21.0626], [56.2731, 21.6626], [56.1356, 21.8751]]], [[[56.4514, 22.777], [56.3944, 22.8793], [56.4817, 22.9814], [56.5188, 22.9553], [56.4906, 22.8314], [56.4514, 22.777]]]]}}, {"type": "Feature", "properties": {"featurecla": "Admin-0 country", "scalerank": 1, "LABELRANK": 4, "SOVEREIGNT": "Vanuatu", "SOV_A3": "VUT", "ADM0_DIF": 0, "LEVEL": 2, "TYPE": "Sovereign country", "TLC": "1", "ADMIN": "Vanuatu", "ADM0_A3": "VUT", "GEOU_DIF": 0, "GEOUNIT": "Vanuatu", "GU_A3": "VUT", "SU_DIF": 0, "SUBUNIT": "Vanuatu", "SU_A3": "VUT", "BRK_DIFF": 0, "NAME": "Vanuatu", "NAME_LONG": "Vanuatu", "BRK_A3": "VUT", "BRK_NAME": "Vanuatu", "BRK_GROUP": null, "ABBREV": "Van.", "POSTAL": "VU", "FORMAL_EN": "Republic of Vanuatu", "FORMAL_FR": null, "NAME_CIAWF": "Vanuatu", "NOTE_ADM0": null, "NOTE_BRK": null, "NAME_SORT": "Vanuatu", "NAME_ALT": null, "MAPCOLOR7": 6, "MAPCOLOR8": 3, "MAPCOLOR9": 7, "MAPCOLOR13": 3, "POP_EST": 299882, "POP_RANK": 10, "POP_YEAR": 2019, "GDP_MD": 934, "GDP_YEAR": 2019, "ECONOMY": "7. Least developed region", "INCOME_GRP": "4. Lower middle income", "FIPS_10": "NH", "ISO_A2": "VU", "ISO_A2_EH": "VU", "ISO_A3": "VUT", "ISO_A3_EH": "VUT", "ISO_N3": "548", "ISO_N3_EH": "548", "UN_A3": "548", "WB_A2": "VU", "WB_A3": "VUT", "WOE_ID": 23424907, "WOE_ID_EH": 23424907, "WOE_NOTE": "Exact WOE match as country", "ADM0_ISO": "VUT", "ADM0_DIFF": null, "ADM0_TLC": "VUT", "ADM0_A3_US": "VUT", "ADM0_A3_FR": "VUT", "ADM0_A3_RU": "VUT", "ADM0_A3_ES": "VUT", "ADM0_A3_CN": "VUT", "ADM0_A3_TW": "VUT", "ADM0_A3_IN": "VUT", "ADM0_A3_NP": "VUT", "ADM0_A3_PK": "VUT", "ADM0_A3_DE": "VUT", "ADM0_A3_GB": "VUT", "ADM0_A3_BR": "VUT", "ADM0_A3_IL": "VUT", "ADM0_A3_PS": "VUT", "ADM0_A3_SA": "VUT", "ADM0_A3_EG": "VUT", "ADM0_A3_MA": "VUT", "ADM0_A3_PT": "VUT", "ADM0_A3_AR": "VUT", "ADM0_A3_JP": "VUT", "ADM0_A3_KO": "VUT", "ADM0_A3_VN": "VUT", "ADM0_A3_TR": "VUT", "ADM0_A3_ID": "VUT", "ADM0_A3_PL": "VUT", "ADM0_A3_GR": "VUT", "ADM0_A3_IT": "VUT", "ADM0_A3_NL": "VUT", "ADM0_A3_SE": "VUT", "ADM0_A3_BD": "VUT", "ADM0_A3_UA": "VUT", "ADM0_A3_UN": -99, "ADM0_A3_WB": -99, "CONTINENT": "Oceania", "REGION_UN": "Oceania", "SUBREGION": "Melanesia", "REGION_WB": "East Asia & Pacific", "NAME_LEN": 7, "LONG_LEN": 7, "ABBREV_LEN": 4, "TINY": 2, "HOMEPART": 1, "MIN_ZOOM": 0, "MIN_LABEL": 4, "MAX_LABEL": 9, "LABEL_X": 166.908762, "LABEL_Y": -15.37153, "NE_ID": 1159321421, "WIKIDATAID": "Q686", "NAME_AR": "\u0641\u0627\u0646\u0648\u0627\u062a\u0648", "NAME_BN": "\u09ad\u09be\u09a8\u09c1\u09af\u09bc\u09be\u09a4\u09c1", "NAME_DE": "Vanuatu", "NAME_EN": "Vanuatu", "NAME_ES": "Vanuatu", "NAME_FA": "\u0648\u0627\u0646\u0648\u0627\u062a\u0648", "NAME_FR": "Vanuatu", "NAME_EL": "\u0392\u03b1\u03bd\u03bf\u03c5\u03ac\u03c4\u03bf\u03c5", "NAME_HE": "\u05d5\u05e0\u05d5\u05d0\u05d8\u05d5", "NAME_HI": "\u0935\u093e\u0928\u0942\u0906\u091f\u0942", "NAME_HU": "Vanuatu", "NAME_ID": "Vanuatu", "NAME_IT": "Vanuatu", "NAME_JA": "\u30d0\u30cc\u30a2\u30c4", "NAME_KO": "\ubc14\ub204\uc544\ud22c", "NAME_NL": "Vanuatu", "NAME_PL": "Vanuatu", "NAME_PT": "Vanuatu", "NAME_RU": "\u0412\u0430\u043d\u0443\u0430\u0442\u0443", "NAME_SV": "Vanuatu", "NAME_TR": "Vanuatu", "NAME_UK": "\u0412\u0430\u043d\u0443\u0430\u0442\u0443", "NAME_UR": "\u0648\u0627\u0646\u0648\u0627\u062a\u0648", "NAME_VI": "Vanuatu", "NAME_ZH": "\u74e6\u52aa\u963f\u56fe", "NAME_ZHT": "\u842c\u90a3\u675c", "FCLASS_ISO": "Admin-0 country", "TLC_DIFF": null, "FCLASS_TLC": "Admin-0 country", "FCLASS_US": null, "FCLASS_FR": null, "FCLASS_RU": null, "FCLASS_ES": null, "FCLASS_CN": null, "FCLASS_TW": null, "FCLASS_IN": null, "FCLASS_NP": null, "FCLASS_PK": null, "FCLASS_DE": null, "FCLASS_GB": null, "FCLASS_BR": null, "FCLASS_IL": null, "FCLASS_PS": null, "FCLASS_SA": null, "FCLASS_EG": null, "FCLASS_MA": null, "FCLASS_PT": null, "FCLASS_AR": null, "FCLASS_JP": null, "FCLASS_KO": null, "FCLASS_VN": null, "FCLASS_TR": null, "FCLASS_ID": null, "FCLASS_PL": null, "FCLASS_GR": null, "FCLASS_IT": null, "FCLASS_NL": null, "FCLASS_SE": null, "FCLASS_BD": null, "FCLASS_UA": null, "cartogram_scale": 0.3, "dc_count": 0, "dc_code": "OTHER"}, "geometry": {"type": "MultiPolygon", "coordinates": [[[[167.1361, -15.7723], [167.3245, -15.9447], [167.2256, -15.9841], [167.125, -15.8528], [167.1361, -15.7723]]], [[[167.009, -15.7054], [166.966, -15.6226], [166.9598, -15.3927], [167.1034, -15.4849], [167.1521, -15.7268], [167.0714, -15.6892], [167.009, -15.7054]]]]}}, {"type": "Feature", "properties": {"featurecla": "Admin-0 country", "scalerank": 1, "LABELRANK": 3, "SOVEREIGNT": "Cambodia", "SOV_A3": "KHM", "ADM0_DIF": 0, "LEVEL": 2, "TYPE": "Sovereign country", "TLC": "1", "ADMIN": "Cambodia", "ADM0_A3": "KHM", "GEOU_DIF": 0, "GEOUNIT": "Cambodia", "GU_A3": "KHM", "SU_DIF": 0, "SUBUNIT": "Cambodia", "SU_A3": "KHM", "BRK_DIFF": 0, "NAME": "Cambodia", "NAME_LONG": "Cambodia", "BRK_A3": "KHM", "BRK_NAME": "Cambodia", "BRK_GROUP": null, "ABBREV": "Camb.", "POSTAL": "KH", "FORMAL_EN": "Kingdom of Cambodia", "FORMAL_FR": null, "NAME_CIAWF": "Cambodia", "NOTE_ADM0": null, "NOTE_BRK": null, "NAME_SORT": "Cambodia", "NAME_ALT": null, "MAPCOLOR7": 6, "MAPCOLOR8": 3, "MAPCOLOR9": 6, "MAPCOLOR13": 5, "POP_EST": 16486542, "POP_RANK": 14, "POP_YEAR": 2019, "GDP_MD": 27089, "GDP_YEAR": 2019, "ECONOMY": "7. Least developed region", "INCOME_GRP": "5. Low income", "FIPS_10": "CB", "ISO_A2": "KH", "ISO_A2_EH": "KH", "ISO_A3": "KHM", "ISO_A3_EH": "KHM", "ISO_N3": "116", "ISO_N3_EH": "116", "UN_A3": "116", "WB_A2": "KH", "WB_A3": "KHM", "WOE_ID": 23424776, "WOE_ID_EH": 23424776, "WOE_NOTE": "Exact WOE match as country", "ADM0_ISO": "KHM", "ADM0_DIFF": null, "ADM0_TLC": "KHM", "ADM0_A3_US": "KHM", "ADM0_A3_FR": "KHM", "ADM0_A3_RU": "KHM", "ADM0_A3_ES": "KHM", "ADM0_A3_CN": "KHM", "ADM0_A3_TW": "KHM", "ADM0_A3_IN": "KHM", "ADM0_A3_NP": "KHM", "ADM0_A3_PK": "KHM", "ADM0_A3_DE": "KHM", "ADM0_A3_GB": "KHM", "ADM0_A3_BR": "KHM", "ADM0_A3_IL": "KHM", "ADM0_A3_PS": "KHM", "ADM0_A3_SA": "KHM", "ADM0_A3_EG": "KHM", "ADM0_A3_MA": "KHM", "ADM0_A3_PT": "KHM", "ADM0_A3_AR": "KHM", "ADM0_A3_JP": "KHM", "ADM0_A3_KO": "KHM", "ADM0_A3_VN": "KHM", "ADM0_A3_TR": "KHM", "ADM0_A3_ID": "KHM", "ADM0_A3_PL": "KHM", "ADM0_A3_GR": "KHM", "ADM0_A3_IT": "KHM", "ADM0_A3_NL": "KHM", "ADM0_A3_SE": "KHM", "ADM0_A3_BD": "KHM", "ADM0_A3_UA": "KHM", "ADM0_A3_UN": -99, "ADM0_A3_WB": -99, "CONTINENT": "Asia", "REGION_UN": "Asia", "SUBREGION": "South-Eastern Asia", "REGION_WB": "East Asia & Pacific", "NAME_LEN": 8, "LONG_LEN": 8, "ABBREV_LEN": 5, "TINY": -99, "HOMEPART": 1, "MIN_ZOOM": 0, "MIN_LABEL": 3, "MAX_LABEL": 8, "LABEL_X": 104.50487, "LABEL_Y": 12.647584, "NE_ID": 1159320979, "WIKIDATAID": "Q424", "NAME_AR": "\u0643\u0645\u0628\u0648\u062f\u064a\u0627", "NAME_BN": "\u0995\u09ae\u09cd\u09ac\u09cb\u09a1\u09bf\u09af\u09bc\u09be", "NAME_DE": "Kambodscha", "NAME_EN": "Cambodia", "NAME_ES": "Camboya", "NAME_FA": "\u06a9\u0627\u0645\u0628\u0648\u062c", "NAME_FR": "Cambodge", "NAME_EL": "\u039a\u03b1\u03bc\u03c0\u03cc\u03c4\u03b6\u03b7", "NAME_HE": "\u05e7\u05de\u05d1\u05d5\u05d3\u05d9\u05d4", "NAME_HI": "\u0915\u092e\u094d\u092c\u094b\u0921\u093f\u092f\u093e", "NAME_HU": "Kambodzsa", "NAME_ID": "Kamboja", "NAME_IT": "Cambogia", "NAME_JA": "\u30ab\u30f3\u30dc\u30b8\u30a2", "NAME_KO": "\uce84\ubcf4\ub514\uc544", "NAME_NL": "Cambodja", "NAME_PL": "Kambod\u017ca", "NAME_PT": "Camboja", "NAME_RU": "\u041a\u0430\u043c\u0431\u043e\u0434\u0436\u0430", "NAME_SV": "Kambodja", "NAME_TR": "Kambo\u00e7ya", "NAME_UK": "\u041a\u0430\u043c\u0431\u043e\u0434\u0436\u0430", "NAME_UR": "\u06a9\u0645\u0628\u0648\u0688\u06cc\u0627", "NAME_VI": "Campuchia", "NAME_ZH": "\u67ec\u57d4\u5be8", "NAME_ZHT": "\u67ec\u57d4\u5be8", "FCLASS_ISO": "Admin-0 country", "TLC_DIFF": null, "FCLASS_TLC": "Admin-0 country", "FCLASS_US": null, "FCLASS_FR": null, "FCLASS_RU": null, "FCLASS_ES": null, "FCLASS_CN": null, "FCLASS_TW": null, "FCLASS_IN": null, "FCLASS_NP": null, "FCLASS_PK": null, "FCLASS_DE": null, "FCLASS_GB": null, "FCLASS_BR": null, "FCLASS_IL": null, "FCLASS_PS": null, "FCLASS_SA": null, "FCLASS_EG": null, "FCLASS_MA": null, "FCLASS_PT": null, "FCLASS_AR": null, "FCLASS_JP": null, "FCLASS_KO": null, "FCLASS_VN": null, "FCLASS_TR": null, "FCLASS_ID": null, "FCLASS_PL": null, "FCLASS_GR": null, "FCLASS_IT": null, "FCLASS_NL": null, "FCLASS_SE": null, "FCLASS_BD": null, "FCLASS_UA": null, "cartogram_scale": 0.3, "dc_count": 0, "dc_code": "OTHER"}, "geometry": {"type": "Polygon", "coordinates": [[[104.2021, 12.5049], [104.1311, 12.8672], [104.3231, 13.1166], [104.711, 13.1739], [104.9923, 13.1308], [105.2398, 13.0132], [105.3755, 13.2201], [105.6414, 13.1096], [105.711, 12.9095], [105.674, 12.55], [105.1698, 12.3192], [105.3015, 12.1374], [104.9866, 12.1157], [104.7269, 11.9948], [104.4758, 12.0387], [104.3538, 12.195], [104.2021, 12.5049]]]}}, {"type": "Feature", "properties": {"featurecla": "Admin-0 country", "scalerank": 1, "LABELRANK": 3, "SOVEREIGNT": "Thailand", "SOV_A3": "THA", "ADM0_DIF": 0, "LEVEL": 2, "TYPE": "Sovereign country", "TLC": "1", "ADMIN": "Thailand", "ADM0_A3": "THA", "GEOU_DIF": 0, "GEOUNIT": "Thailand", "GU_A3": "THA", "SU_DIF": 0, "SUBUNIT": "Thailand", "SU_A3": "THA", "BRK_DIFF": 0, "NAME": "Thailand", "NAME_LONG": "Thailand", "BRK_A3": "THA", "BRK_NAME": "Thailand", "BRK_GROUP": null, "ABBREV": "Thai.", "POSTAL": "TH", "FORMAL_EN": "Kingdom of Thailand", "FORMAL_FR": null, "NAME_CIAWF": "Thailand", "NOTE_ADM0": null, "NOTE_BRK": null, "NAME_SORT": "Thailand", "NAME_ALT": null, "MAPCOLOR7": 3, "MAPCOLOR8": 6, "MAPCOLOR9": 8, "MAPCOLOR13": 1, "POP_EST": 69625582, "POP_RANK": 16, "POP_YEAR": 2019, "GDP_MD": 543548, "GDP_YEAR": 2019, "ECONOMY": "5. Emerging region: G20", "INCOME_GRP": "3. Upper middle income", "FIPS_10": "TH", "ISO_A2": "TH", "ISO_A2_EH": "TH", "ISO_A3": "THA", "ISO_A3_EH": "THA", "ISO_N3": "764", "ISO_N3_EH": "764", "UN_A3": "764", "WB_A2": "TH", "WB_A3": "THA", "WOE_ID": 23424960, "WOE_ID_EH": 23424960, "WOE_NOTE": "Exact WOE match as country", "ADM0_ISO": "THA", "ADM0_DIFF": null, "ADM0_TLC": "THA", "ADM0_A3_US": "THA", "ADM0_A3_FR": "THA", "ADM0_A3_RU": "THA", "ADM0_A3_ES": "THA", "ADM0_A3_CN": "THA", "ADM0_A3_TW": "THA", "ADM0_A3_IN": "THA", "ADM0_A3_NP": "THA", "ADM0_A3_PK": "THA", "ADM0_A3_DE": "THA", "ADM0_A3_GB": "THA", "ADM0_A3_BR": "THA", "ADM0_A3_IL": "THA", "ADM0_A3_PS": "THA", "ADM0_A3_SA": "THA", "ADM0_A3_EG": "THA", "ADM0_A3_MA": "THA", "ADM0_A3_PT": "THA", "ADM0_A3_AR": "THA", "ADM0_A3_JP": "THA", "ADM0_A3_KO": "THA", "ADM0_A3_VN": "THA", "ADM0_A3_TR": "THA", "ADM0_A3_ID": "THA", "ADM0_A3_PL": "THA", "ADM0_A3_GR": "THA", "ADM0_A3_IT": "THA", "ADM0_A3_NL": "THA", "ADM0_A3_SE": "THA", "ADM0_A3_BD": "THA", "ADM0_A3_UA": "THA", "ADM0_A3_UN": -99, "ADM0_A3_WB": -99, "CONTINENT": "Asia", "REGION_UN": "Asia", "SUBREGION": "South-Eastern Asia", "REGION_WB": "East Asia & Pacific", "NAME_LEN": 8, "LONG_LEN": 8, "ABBREV_LEN": 5, "TINY": -99, "HOMEPART": 1, "MIN_ZOOM": 0, "MIN_LABEL": 2.7, "MAX_LABEL": 8, "LABEL_X": 101.073198, "LABEL_Y": 15.45974, "NE_ID": 1159321305, "WIKIDATAID": "Q869", "NAME_AR": "\u062a\u0627\u064a\u0644\u0627\u0646\u062f", "NAME_BN": "\u09a5\u09be\u0987\u09b2\u09cd\u09af\u09be\u09a8\u09cd\u09a1", "NAME_DE": "Thailand", "NAME_EN": "Thailand", "NAME_ES": "Tailandia", "NAME_FA": "\u062a\u0627\u06cc\u0644\u0646\u062f", "NAME_FR": "Tha\u00eflande", "NAME_EL": "\u03a4\u03b1\u03ca\u03bb\u03ac\u03bd\u03b4\u03b7", "NAME_HE": "\u05ea\u05d0\u05d9\u05dc\u05e0\u05d3", "NAME_HI": "\u0925\u093e\u0908\u0932\u0948\u0923\u094d\u0921", "NAME_HU": "Thaif\u00f6ld", "NAME_ID": "Thailand", "NAME_IT": "Thailandia", "NAME_JA": "\u30bf\u30a4\u738b\u56fd", "NAME_KO": "\ud0dc\uad6d", "NAME_NL": "Thailand", "NAME_PL": "Tajlandia", "NAME_PT": "Tail\u00e2ndia", "NAME_RU": "\u0422\u0430\u0438\u043b\u0430\u043d\u0434", "NAME_SV": "Thailand", "NAME_TR": "Tayland", "NAME_UK": "\u0422\u0430\u0457\u043b\u0430\u043d\u0434", "NAME_UR": "\u062a\u06be\u0627\u0626\u06cc \u0644\u06cc\u0646\u0688", "NAME_VI": "Th\u00e1i Lan", "NAME_ZH": "\u6cf0\u56fd", "NAME_ZHT": "\u6cf0\u570b", "FCLASS_ISO": "Admin-0 country", "TLC_DIFF": null, "FCLASS_TLC": "Admin-0 country", "FCLASS_US": null, "FCLASS_FR": null, "FCLASS_RU": null, "FCLASS_ES": null, "FCLASS_CN": null, "FCLASS_TW": null, "FCLASS_IN": null, "FCLASS_NP": null, "FCLASS_PK": null, "FCLASS_DE": null, "FCLASS_GB": null, "FCLASS_BR": null, "FCLASS_IL": null, "FCLASS_PS": null, "FCLASS_SA": null, "FCLASS_EG": null, "FCLASS_MA": null, "FCLASS_PT": null, "FCLASS_AR": null, "FCLASS_JP": null, "FCLASS_KO": null, "FCLASS_VN": null, "FCLASS_TR": null, "FCLASS_ID": null, "FCLASS_PL": null, "FCLASS_GR": null, "FCLASS_IT": null, "FCLASS_NL": null, "FCLASS_SE": null, "FCLASS_BD": null, "FCLASS_UA": null, "cartogram_scale": 0.9, "dc_count": 20, "dc_code": "THA"}, "geometry": {"type": "Polygon", "coordinates": [[[104.7631, 14.164], [103.9194, 14.2931], [102.7557, 14.1212], [102.1794, 13.3729], [102.3926, 12.286], [101.5846, 12.6992], [100.8148, 12.6825], [100.9468, 13.3895], [100.1542, 13.3842], [100.083, 12.3944], [99.5972, 11.0798], [99.3045, 10.2848], [99.3663, 9.6334], [99.9526, 9.6052], [100.3178, 8.7837], [100.4795, 8.0047], [100.9817, 7.4893], [101.5269, 7.3846], [101.9932, 6.9175], [101.699, 6.5478], [101.1049, 6.4403], [101.0341, 6.9025], [100.2998, 7.2966], [100.1433, 7.1361], [99.7878, 7.4815], [99.6338, 7.9272], [99.1556, 8.4353], [98.7196, 8.8622], [98.5718, 8.3331], [98.4012, 8.8331], [98.4994, 9.3946], [98.7643, 10.2577], [99.2005, 11.1826], [99.6947, 12.0216], [99.3429, 12.8423], [99.357, 13.2604], [99.2541, 13.7628], [98.6539, 14.4779], [98.439, 14.9294], [98.7498, 15.0957], [99.0792, 15.8781], [98.7105, 16.4721], [98.1394, 17.1292], [97.7045, 17.919], [98.0842, 18.0824], [98.4945, 19.0555], [99.1299, 19.0958], [99.6551, 19.486], [100.1705, 19.6941], [100.5601, 19.4164], [100.6118, 18.8756], [101.22, 18.8344], [100.9985, 17.8861], [101.0197, 17.0793], [101.9684, 17.6163], [102.2379, 17.4576], [102.765, 17.4836], [102.9463, 17.7967], [103.627, 17.7349], [104.3114, 17.004], [104.3675, 16.1158], [105.0963, 15.3314], [105.0561, 14.5696], [104.7631, 14.164]]]}}, {"type": "Feature", "properties": {"featurecla": "Admin-0 country", "scalerank": 1, "LABELRANK": 4, "SOVEREIGNT": "Laos", "SOV_A3": "LAO", "ADM0_DIF": 0, "LEVEL": 2, "TYPE": "Sovereign country", "TLC": "1", "ADMIN": "Laos", "ADM0_A3": "LAO", "GEOU_DIF": 0, "GEOUNIT": "Laos", "GU_A3": "LAO", "SU_DIF": 0, "SUBUNIT": "Laos", "SU_A3": "LAO", "BRK_DIFF": 0, "NAME": "Laos", "NAME_LONG": "Lao PDR", "BRK_A3": "LAO", "BRK_NAME": "Laos", "BRK_GROUP": null, "ABBREV": "Laos", "POSTAL": "LA", "FORMAL_EN": "Lao People's Democratic Republic", "FORMAL_FR": null, "NAME_CIAWF": "Laos", "NOTE_ADM0": null, "NOTE_BRK": null, "NAME_SORT": "Lao PDR", "NAME_ALT": null, "MAPCOLOR7": 1, "MAPCOLOR8": 1, "MAPCOLOR9": 1, "MAPCOLOR13": 9, "POP_EST": 7169455, "POP_RANK": 13, "POP_YEAR": 2019, "GDP_MD": 18173, "GDP_YEAR": 2019, "ECONOMY": "7. Least developed region", "INCOME_GRP": "4. Lower middle income", "FIPS_10": "LA", "ISO_A2": "LA", "ISO_A2_EH": "LA", "ISO_A3": "LAO", "ISO_A3_EH": "LAO", "ISO_N3": "418", "ISO_N3_EH": "418", "UN_A3": "418", "WB_A2": "LA", "WB_A3": "LAO", "WOE_ID": 23424872, "WOE_ID_EH": 23424872, "WOE_NOTE": "Exact WOE match as country", "ADM0_ISO": "LAO", "ADM0_DIFF": null, "ADM0_TLC": "LAO", "ADM0_A3_US": "LAO", "ADM0_A3_FR": "LAO", "ADM0_A3_RU": "LAO", "ADM0_A3_ES": "LAO", "ADM0_A3_CN": "LAO", "ADM0_A3_TW": "LAO", "ADM0_A3_IN": "LAO", "ADM0_A3_NP": "LAO", "ADM0_A3_PK": "LAO", "ADM0_A3_DE": "LAO", "ADM0_A3_GB": "LAO", "ADM0_A3_BR": "LAO", "ADM0_A3_IL": "LAO", "ADM0_A3_PS": "LAO", "ADM0_A3_SA": "LAO", "ADM0_A3_EG": "LAO", "ADM0_A3_MA": "LAO", "ADM0_A3_PT": "LAO", "ADM0_A3_AR": "LAO", "ADM0_A3_JP": "LAO", "ADM0_A3_KO": "LAO", "ADM0_A3_VN": "LAO", "ADM0_A3_TR": "LAO", "ADM0_A3_ID": "LAO", "ADM0_A3_PL": "LAO", "ADM0_A3_GR": "LAO", "ADM0_A3_IT": "LAO", "ADM0_A3_NL": "LAO", "ADM0_A3_SE": "LAO", "ADM0_A3_BD": "LAO", "ADM0_A3_UA": "LAO", "ADM0_A3_UN": -99, "ADM0_A3_WB": -99, "CONTINENT": "Asia", "REGION_UN": "Asia", "SUBREGION": "South-Eastern Asia", "REGION_WB": "East Asia & Pacific", "NAME_LEN": 4, "LONG_LEN": 7, "ABBREV_LEN": 4, "TINY": -99, "HOMEPART": 1, "MIN_ZOOM": 0, "MIN_LABEL": 4, "MAX_LABEL": 9, "LABEL_X": 102.533912, "LABEL_Y": 19.431821, "NE_ID": 1159321011, "WIKIDATAID": "Q819", "NAME_AR": "\u0644\u0627\u0648\u0633", "NAME_BN": "\u09b2\u09be\u0993\u09b8", "NAME_DE": "Laos", "NAME_EN": "Laos", "NAME_ES": "Laos", "NAME_FA": "\u0644\u0627\u0626\u0648\u0633", "NAME_FR": "Laos", "NAME_EL": "\u039b\u03ac\u03bf\u03c2", "NAME_HE": "\u05dc\u05d0\u05d5\u05e1", "NAME_HI": "\u0932\u093e\u0913\u0938", "NAME_HU": "Laosz", "NAME_ID": "Laos", "NAME_IT": "Laos", "NAME_JA": "\u30e9\u30aa\u30b9", "NAME_KO": "\ub77c\uc624\uc2a4", "NAME_NL": "Laos", "NAME_PL": "Laos", "NAME_PT": "Laos", "NAME_RU": "\u041b\u0430\u043e\u0441", "NAME_SV": "Laos", "NAME_TR": "Laos", "NAME_UK": "\u041b\u0430\u043e\u0441", "NAME_UR": "\u0644\u0627\u0624\u0633", "NAME_VI": "L\u00e0o", "NAME_ZH": "\u8001\u631d", "NAME_ZHT": "\u5bee\u570b", "FCLASS_ISO": "Admin-0 country", "TLC_DIFF": null, "FCLASS_TLC": "Admin-0 country", "FCLASS_US": null, "FCLASS_FR": null, "FCLASS_RU": null, "FCLASS_ES": null, "FCLASS_CN": null, "FCLASS_TW": null, "FCLASS_IN": null, "FCLASS_NP": null, "FCLASS_PK": null, "FCLASS_DE": null, "FCLASS_GB": null, "FCLASS_BR": null, "FCLASS_IL": null, "FCLASS_PS": null, "FCLASS_SA": null, "FCLASS_EG": null, "FCLASS_MA": null, "FCLASS_PT": null, "FCLASS_AR": null, "FCLASS_JP": null, "FCLASS_KO": null, "FCLASS_VN": null, "FCLASS_TR": null, "FCLASS_ID": null, "FCLASS_PL": null, "FCLASS_GR": null, "FCLASS_IT": null, "FCLASS_NL": null, "FCLASS_SE": null, "FCLASS_BD": null, "FCLASS_UA": null, "cartogram_scale": 0.3, "dc_count": 0, "dc_code": "OTHER"}, "geometry": {"type": "Polygon", "coordinates": [[[104.7999, 17.0593], [104.534, 17.1697], [104.3983, 16.9629], [104.1507, 17.0805], [104.2484, 17.2157], [104.2618, 17.4696], [104.0189, 17.7311], [104.0002, 18.0272], [103.772, 18.2708], [103.5451, 18.2914], [103.4847, 18.187], [103.309, 18.1784], [103.2191, 18.2313], [102.9029, 18.0523], [102.8958, 18.3212], [102.9697, 18.6373], [102.767, 18.651], [102.7497, 18.8313], [102.6199, 18.9239], [102.6838, 19.0344], [102.9391, 19.2295], [102.9661, 19.159], [103.126, 19.1508], [103.0807, 19.494], [103.2362, 19.538], [103.4115, 19.3011], [103.5462, 19.0285], [103.9156, 19.0262], [104.0318, 18.7645], [103.8401, 18.6859], [103.754, 18.5781], [104.1134, 18.3986], [104.3628, 18.0441], [104.5519, 17.7798], [104.7789, 17.5711], [104.8544, 17.3592], [104.7999, 17.0593]]]}}, {"type": "Feature", "properties": {"featurecla": "Admin-0 country", "scalerank": 1, "LABELRANK": 3, "SOVEREIGNT": "Myanmar", "SOV_A3": "MMR", "ADM0_DIF": 0, "LEVEL": 2, "TYPE": "Sovereign country", "TLC": "1", "ADMIN": "Myanmar", "ADM0_A3": "MMR", "GEOU_DIF": 0, "GEOUNIT": "Myanmar", "GU_A3": "MMR", "SU_DIF": 0, "SUBUNIT": "Myanmar", "SU_A3": "MMR", "BRK_DIFF": 0, "NAME": "Myanmar", "NAME_LONG": "Myanmar", "BRK_A3": "MMR", "BRK_NAME": "Myanmar", "BRK_GROUP": null, "ABBREV": "Myan.", "POSTAL": "MM", "FORMAL_EN": "Republic of the Union of Myanmar", "FORMAL_FR": null, "NAME_CIAWF": "Burma", "NOTE_ADM0": null, "NOTE_BRK": null, "NAME_SORT": "Myanmar", "NAME_ALT": null, "MAPCOLOR7": 2, "MAPCOLOR8": 2, "MAPCOLOR9": 5, "MAPCOLOR13": 13, "POP_EST": 54045420, "POP_RANK": 16, "POP_YEAR": 2019, "GDP_MD": 76085, "GDP_YEAR": 2019, "ECONOMY": "7. Least developed region", "INCOME_GRP": "5. Low income", "FIPS_10": "BM", "ISO_A2": "MM", "ISO_A2_EH": "MM", "ISO_A3": "MMR", "ISO_A3_EH": "MMR", "ISO_N3": "104", "ISO_N3_EH": "104", "UN_A3": "104", "WB_A2": "MM", "WB_A3": "MMR", "WOE_ID": 23424763, "WOE_ID_EH": 23424763, "WOE_NOTE": "Exact WOE match as country", "ADM0_ISO": "MMR", "ADM0_DIFF": null, "ADM0_TLC": "MMR", "ADM0_A3_US": "MMR", "ADM0_A3_FR": "MMR", "ADM0_A3_RU": "MMR", "ADM0_A3_ES": "MMR", "ADM0_A3_CN": "MMR", "ADM0_A3_TW": "MMR", "ADM0_A3_IN": "MMR", "ADM0_A3_NP": "MMR", "ADM0_A3_PK": "MMR", "ADM0_A3_DE": "MMR", "ADM0_A3_GB": "MMR", "ADM0_A3_BR": "MMR", "ADM0_A3_IL": "MMR", "ADM0_A3_PS": "MMR", "ADM0_A3_SA": "MMR", "ADM0_A3_EG": "MMR", "ADM0_A3_MA": "MMR", "ADM0_A3_PT": "MMR", "ADM0_A3_AR": "MMR", "ADM0_A3_JP": "MMR", "ADM0_A3_KO": "MMR", "ADM0_A3_VN": "MMR", "ADM0_A3_TR": "MMR", "ADM0_A3_ID": "MMR", "ADM0_A3_PL": "MMR", "ADM0_A3_GR": "MMR", "ADM0_A3_IT": "MMR", "ADM0_A3_NL": "MMR", "ADM0_A3_SE": "MMR", "ADM0_A3_BD": "MMR", "ADM0_A3_UA": "MMR", "ADM0_A3_UN": -99, "ADM0_A3_WB": -99, "CONTINENT": "Asia", "REGION_UN": "Asia", "SUBREGION": "South-Eastern Asia", "REGION_WB": "East Asia & Pacific", "NAME_LEN": 7, "LONG_LEN": 7, "ABBREV_LEN": 5, "TINY": -99, "HOMEPART": 1, "MIN_ZOOM": 0, "MIN_LABEL": 3, "MAX_LABEL": 8, "LABEL_X": 95.804497, "LABEL_Y": 21.573855, "NE_ID": 1159321067, "WIKIDATAID": "Q836", "NAME_AR": "\u0645\u064a\u0627\u0646\u0645\u0627\u0631", "NAME_BN": "\u09ae\u09bf\u09af\u09bc\u09be\u09a8\u09ae\u09be\u09b0", "NAME_DE": "Myanmar", "NAME_EN": "Myanmar", "NAME_ES": "Birmania", "NAME_FA": "\u0645\u06cc\u0627\u0646\u0645\u0627\u0631", "NAME_FR": "Birmanie", "NAME_EL": "\u039c\u03b9\u03b1\u03bd\u03bc\u03ac\u03c1", "NAME_HE": "\u05de\u05d9\u05d0\u05e0\u05de\u05e8", "NAME_HI": "\u092e\u094d\u092f\u093e\u0928\u094d\u092e\u093e\u0930", "NAME_HU": "Mianmar", "NAME_ID": "Myanmar", "NAME_IT": "Birmania", "NAME_JA": "\u30df\u30e3\u30f3\u30de\u30fc", "NAME_KO": "\ubbf8\uc580\ub9c8", "NAME_NL": "Myanmar", "NAME_PL": "Mjanma", "NAME_PT": "Myanmar", "NAME_RU": "\u041c\u044c\u044f\u043d\u043c\u0430", "NAME_SV": "Myanmar", "NAME_TR": "Myanmar", "NAME_UK": "\u041c'\u044f\u043d\u043c\u0430", "NAME_UR": "\u0645\u06cc\u0627\u0646\u0645\u0627\u0631", "NAME_VI": "Myanma", "NAME_ZH": "\u7f05\u7538", "NAME_ZHT": "\u7dec\u7538", "FCLASS_ISO": "Admin-0 country", "TLC_DIFF": null, "FCLASS_TLC": "Admin-0 country", "FCLASS_US": null, "FCLASS_FR": null, "FCLASS_RU": null, "FCLASS_ES": null, "FCLASS_CN": null, "FCLASS_TW": null, "FCLASS_IN": null, "FCLASS_NP": null, "FCLASS_PK": null, "FCLASS_DE": null, "FCLASS_GB": null, "FCLASS_BR": null, "FCLASS_IL": null, "FCLASS_PS": null, "FCLASS_SA": null, "FCLASS_EG": null, "FCLASS_MA": null, "FCLASS_PT": null, "FCLASS_AR": null, "FCLASS_JP": null, "FCLASS_KO": null, "FCLASS_VN": null, "FCLASS_TR": null, "FCLASS_ID": null, "FCLASS_PL": null, "FCLASS_GR": null, "FCLASS_IT": null, "FCLASS_NL": null, "FCLASS_SE": null, "FCLASS_BD": null, "FCLASS_UA": null, "cartogram_scale": 0.3, "dc_count": 0, "dc_code": "OTHER"}, "geometry": {"type": "Polygon", "coordinates": [[[98.0422, 20.1257], [97.8704, 20.0563], [97.6953, 19.9263], [97.4835, 19.9128], [97.3467, 19.5885], [97.2201, 19.534], [97.3651, 19.2707], [97.5555, 19.0517], [97.6784, 18.8537], [97.5686, 18.5929], [97.465, 18.5375], [97.5366, 18.387], [97.7367, 18.1486], [97.771, 17.9812], [97.7663, 17.8418], [97.8836, 17.5682], [97.7188, 17.2885], [97.5734, 16.9803], [97.5445, 17.2029], [97.6367, 17.4328], [97.5359, 17.6103], [97.5602, 17.9371], [97.4385, 18.0925], [97.3407, 18.4515], [97.2865, 18.8305], [97.1567, 19.079], [96.9591, 18.9285], [96.6182, 18.7147], [96.4499, 18.7414], [96.264, 18.8117], [96.3674, 19.1835], [96.3048, 19.4644], [96.0697, 19.8103], [96.1063, 19.9185], [95.9309, 19.9569], [95.7179, 20.2016], [95.6983, 20.443], [95.803, 20.3976], [95.8092, 20.6127], [95.9572, 20.6839], [95.9255, 20.8113], [95.9933, 20.9135], [96.0049, 21.2239], [96.2394, 21.1556], [96.3732, 21.4029], [96.3883, 21.5491], [96.5539, 21.8008], [96.5448, 21.9724], [96.9332, 22.1797], [97.1476, 22.1255], [97.123, 22.3101], [97.2281, 22.3651], [97.2055, 22.4788], [97.381, 22.5011], [97.4812, 22.3245], [97.6122, 22.253], [97.621, 22.0234], [97.6089, 21.776], [97.3248, 21.5255], [97.2888, 21.1696], [97.6055, 21.2193], [97.677, 20.9432], [97.867, 20.8851], [97.7796, 20.6359], [98.0024, 20.5232], [98.1323, 20.468], [98.3524, 20.5554], [98.3614, 20.4313], [98.1061, 20.2362], [98.0422, 20.1257]]]}}, {"type": "Feature", "properties": {"featurecla": "Admin-0 country", "scalerank": 1, "LABELRANK": 2, "SOVEREIGNT": "Vietnam", "SOV_A3": "VNM", "ADM0_DIF": 0, "LEVEL": 2, "TYPE": "Sovereign country", "TLC": "1", "ADMIN": "Vietnam", "ADM0_A3": "VNM", "GEOU_DIF": 0, "GEOUNIT": "Vietnam", "GU_A3": "VNM", "SU_DIF": 0, "SUBUNIT": "Vietnam", "SU_A3": "VNM", "BRK_DIFF": 0, "NAME": "Vietnam", "NAME_LONG": "Vietnam", "BRK_A3": "VNM", "BRK_NAME": "Vietnam", "BRK_GROUP": null, "ABBREV": "Viet.", "POSTAL": "VN", "FORMAL_EN": "Socialist Republic of Vietnam", "FORMAL_FR": null, "NAME_CIAWF": "Vietnam", "NOTE_ADM0": null, "NOTE_BRK": null, "NAME_SORT": "Vietnam", "NAME_ALT": null, "MAPCOLOR7": 5, "MAPCOLOR8": 6, "MAPCOLOR9": 5, "MAPCOLOR13": 4, "POP_EST": 96462106, "POP_RANK": 16, "POP_YEAR": 2019, "GDP_MD": 261921, "GDP_YEAR": 2019, "ECONOMY": "5. Emerging region: G20", "INCOME_GRP": "4. Lower middle income", "FIPS_10": "VM", "ISO_A2": "VN", "ISO_A2_EH": "VN", "ISO_A3": "VNM", "ISO_A3_EH": "VNM", "ISO_N3": "704", "ISO_N3_EH": "704", "UN_A3": "704", "WB_A2": "VN", "WB_A3": "VNM", "WOE_ID": 23424984, "WOE_ID_EH": 23424984, "WOE_NOTE": "Exact WOE match as country", "ADM0_ISO": "VNM", "ADM0_DIFF": null, "ADM0_TLC": "VNM", "ADM0_A3_US": "VNM", "ADM0_A3_FR": "VNM", "ADM0_A3_RU": "VNM", "ADM0_A3_ES": "VNM", "ADM0_A3_CN": "VNM", "ADM0_A3_TW": "VNM", "ADM0_A3_IN": "VNM", "ADM0_A3_NP": "VNM", "ADM0_A3_PK": "VNM", "ADM0_A3_DE": "VNM", "ADM0_A3_GB": "VNM", "ADM0_A3_BR": "VNM", "ADM0_A3_IL": "VNM", "ADM0_A3_PS": "VNM", "ADM0_A3_SA": "VNM", "ADM0_A3_EG": "VNM", "ADM0_A3_MA": "VNM", "ADM0_A3_PT": "VNM", "ADM0_A3_AR": "VNM", "ADM0_A3_JP": "VNM", "ADM0_A3_KO": "VNM", "ADM0_A3_VN": "VNM", "ADM0_A3_TR": "VNM", "ADM0_A3_ID": "VNM", "ADM0_A3_PL": "VNM", "ADM0_A3_GR": "VNM", "ADM0_A3_IT": "VNM", "ADM0_A3_NL": "VNM", "ADM0_A3_SE": "VNM", "ADM0_A3_BD": "VNM", "ADM0_A3_UA": "VNM", "ADM0_A3_UN": -99, "ADM0_A3_WB": -99, "CONTINENT": "Asia", "REGION_UN": "Asia", "SUBREGION": "South-Eastern Asia", "REGION_WB": "East Asia & Pacific", "NAME_LEN": 7, "LONG_LEN": 7, "ABBREV_LEN": 5, "TINY": 2, "HOMEPART": 1, "MIN_ZOOM": 0, "MIN_LABEL": 2, "MAX_LABEL": 7, "LABEL_X": 105.387292, "LABEL_Y": 21.715416, "NE_ID": 1159321417, "WIKIDATAID": "Q881", "NAME_AR": "\u0641\u064a\u062a\u0646\u0627\u0645", "NAME_BN": "\u09ad\u09bf\u09af\u09bc\u09c7\u09a4\u09a8\u09be\u09ae", "NAME_DE": "Vietnam", "NAME_EN": "Vietnam", "NAME_ES": "Vietnam", "NAME_FA": "\u0648\u06cc\u062a\u0646\u0627\u0645", "NAME_FR": "Vi\u00eat Nam", "NAME_EL": "\u0392\u03b9\u03b5\u03c4\u03bd\u03ac\u03bc", "NAME_HE": "\u05d5\u05d9\u05d9\u05d8\u05e0\u05d0\u05dd", "NAME_HI": "\u0935\u093f\u092f\u0924\u0928\u093e\u092e", "NAME_HU": "Vietn\u00e1m", "NAME_ID": "Vietnam", "NAME_IT": "Vietnam", "NAME_JA": "\u30d9\u30c8\u30ca\u30e0", "NAME_KO": "\ubca0\ud2b8\ub0a8", "NAME_NL": "Vietnam", "NAME_PL": "Wietnam", "NAME_PT": "Vietname", "NAME_RU": "\u0412\u044c\u0435\u0442\u043d\u0430\u043c", "NAME_SV": "Vietnam", "NAME_TR": "Vietnam", "NAME_UK": "\u0412'\u0454\u0442\u043d\u0430\u043c", "NAME_UR": "\u0648\u06cc\u062a\u0646\u0627\u0645", "NAME_VI": "Vi\u1ec7t Nam", "NAME_ZH": "\u8d8a\u5357", "NAME_ZHT": "\u8d8a\u5357", "FCLASS_ISO": "Admin-0 country", "TLC_DIFF": null, "FCLASS_TLC": "Admin-0 country", "FCLASS_US": null, "FCLASS_FR": null, "FCLASS_RU": null, "FCLASS_ES": null, "FCLASS_CN": null, "FCLASS_TW": null, "FCLASS_IN": null, "FCLASS_NP": null, "FCLASS_PK": null, "FCLASS_DE": null, "FCLASS_GB": null, "FCLASS_BR": null, "FCLASS_IL": null, "FCLASS_PS": null, "FCLASS_SA": null, "FCLASS_EG": null, "FCLASS_MA": null, "FCLASS_PT": null, "FCLASS_AR": null, "FCLASS_JP": null, "FCLASS_KO": null, "FCLASS_VN": null, "FCLASS_TR": null, "FCLASS_ID": null, "FCLASS_PL": null, "FCLASS_GR": null, "FCLASS_IT": null, "FCLASS_NL": null, "FCLASS_SE": null, "FCLASS_BD": null, "FCLASS_UA": null, "cartogram_scale": 0.6, "dc_count": 18, "dc_code": "VNM"}, "geometry": {"type": "Polygon", "coordinates": [[[104.9761, 12.9741], [105.4954, 13.2157], [106.1253, 13.2592], [105.8618, 13.6227], [106.8703, 14.0845], [106.9442, 14.8034], [106.8051, 15.2036], [106.9142, 15.8034], [106.7631, 16.2273], [106.3091, 16.6447], [105.9309, 17.1733], [105.4323, 17.8823], [104.7134, 18.2412], [104.8855, 18.4569], [105.269, 18.6141], [105.0365, 19.1374], [104.2978, 19.1421], [104.0284, 19.6872], [103.6778, 20.161], [103.9997, 20.3074], [104.4782, 20.3044], [105.0616, 20.3736], [105.573, 20.6934], [105.8622, 20.4683], [106.4107, 20.3587], [106.3159, 20.0131], [106.6015, 19.7693], [107.2056, 19.6136], [106.4045, 19.1002], [105.9045, 18.5334], [105.7727, 18.117], [106.2316, 17.4846], [106.7927, 16.7006], [107.3372, 16.33], [107.7018, 15.8481], [107.9767, 14.7377], [107.8956, 13.6822], [107.3952, 13.2871], [106.7081, 12.9008], [106.2186, 12.4006], [105.4705, 11.842], [105.2526, 12.2268], [105.4212, 12.6332], [104.9761, 12.9741]]]}}, {"type": "Feature", "properties": {"featurecla": "Admin-0 country", "scalerank": 1, "LABELRANK": 3, "SOVEREIGNT": "North Korea", "SOV_A3": "PRK", "ADM0_DIF": 0, "LEVEL": 2, "TYPE": "Sovereign country", "TLC": "1", "ADMIN": "North Korea", "ADM0_A3": "PRK", "GEOU_DIF": 0, "GEOUNIT": "North Korea", "GU_A3": "PRK", "SU_DIF": 0, "SUBUNIT": "North Korea", "SU_A3": "PRK", "BRK_DIFF": 0, "NAME": "North Korea", "NAME_LONG": "Dem. Rep. Korea", "BRK_A3": "PRK", "BRK_NAME": "Dem. Rep. Korea", "BRK_GROUP": null, "ABBREV": "N.K.", "POSTAL": "KP", "FORMAL_EN": "Democratic People's Republic of Korea", "FORMAL_FR": null, "NAME_CIAWF": "Korea, North", "NOTE_ADM0": null, "NOTE_BRK": null, "NAME_SORT": "Korea, Dem. Rep.", "NAME_ALT": null, "MAPCOLOR7": 3, "MAPCOLOR8": 5, "MAPCOLOR9": 3, "MAPCOLOR13": 9, "POP_EST": 25666161, "POP_RANK": 15, "POP_YEAR": 2019, "GDP_MD": 40000, "GDP_YEAR": 2016, "ECONOMY": "7. Least developed region", "INCOME_GRP": "5. Low income", "FIPS_10": "KN", "ISO_A2": "KP", "ISO_A2_EH": "KP", "ISO_A3": "PRK", "ISO_A3_EH": "PRK", "ISO_N3": "408", "ISO_N3_EH": "408", "UN_A3": "408", "WB_A2": "KP", "WB_A3": "PRK", "WOE_ID": 23424865, "WOE_ID_EH": 23424865, "WOE_NOTE": "Exact WOE match as country", "ADM0_ISO": "PRK", "ADM0_DIFF": null, "ADM0_TLC": "PRK", "ADM0_A3_US": "PRK", "ADM0_A3_FR": "PRK", "ADM0_A3_RU": "PRK", "ADM0_A3_ES": "PRK", "ADM0_A3_CN": "PRK", "ADM0_A3_TW": "PRK", "ADM0_A3_IN": "PRK", "ADM0_A3_NP": "PRK", "ADM0_A3_PK": "PRK", "ADM0_A3_DE": "PRK", "ADM0_A3_GB": "PRK", "ADM0_A3_BR": "PRK", "ADM0_A3_IL": "PRK", "ADM0_A3_PS": "PRK", "ADM0_A3_SA": "PRK", "ADM0_A3_EG": "PRK", "ADM0_A3_MA": "PRK", "ADM0_A3_PT": "PRK", "ADM0_A3_AR": "PRK", "ADM0_A3_JP": "PRK", "ADM0_A3_KO": "PRK", "ADM0_A3_VN": "PRK", "ADM0_A3_TR": "PRK", "ADM0_A3_ID": "PRK", "ADM0_A3_PL": "PRK", "ADM0_A3_GR": "PRK", "ADM0_A3_IT": "PRK", "ADM0_A3_NL": "PRK", "ADM0_A3_SE": "PRK", "ADM0_A3_BD": "PRK", "ADM0_A3_UA": "PRK", "ADM0_A3_UN": -99, "ADM0_A3_WB": -99, "CONTINENT": "Asia", "REGION_UN": "Asia", "SUBREGION": "Eastern Asia", "REGION_WB": "East Asia & Pacific", "NAME_LEN": 11, "LONG_LEN": 15, "ABBREV_LEN": 4, "TINY": -99, "HOMEPART": 1, "MIN_ZOOM": 0, "MIN_LABEL": 3, "MAX_LABEL": 8, "LABEL_X": 126.444516, "LABEL_Y": 39.885252, "NE_ID": 1159321181, "WIKIDATAID": "Q423", "NAME_AR": "\u0643\u0648\u0631\u064a\u0627 \u0627\u0644\u0634\u0645\u0627\u0644\u064a\u0629", "NAME_BN": "\u0989\u09a4\u09cd\u09a4\u09b0 \u0995\u09cb\u09b0\u09bf\u09af\u09bc\u09be", "NAME_DE": "Nordkorea", "NAME_EN": "North Korea", "NAME_ES": "Corea del Norte", "NAME_FA": "\u06a9\u0631\u0647 \u0634\u0645\u0627\u0644\u06cc", "NAME_FR": "Cor\u00e9e du Nord", "NAME_EL": "\u0392\u03cc\u03c1\u03b5\u03b9\u03b1 \u039a\u03bf\u03c1\u03ad\u03b1", "NAME_HE": "\u05e7\u05d5\u05e8\u05d9\u05d0\u05d4 \u05d4\u05e6\u05e4\u05d5\u05e0\u05d9\u05ea", "NAME_HI": "\u0909\u0924\u094d\u0924\u0930 \u0915\u094b\u0930\u093f\u092f\u093e", "NAME_HU": "\u00c9szak-Korea", "NAME_ID": "Korea Utara", "NAME_IT": "Corea del Nord", "NAME_JA": "\u671d\u9bae\u6c11\u4e3b\u4e3b\u7fa9\u4eba\u6c11\u5171\u548c\u56fd", "NAME_KO": "\uc870\uc120\ubbfc\uc8fc\uc8fc\uc758\uc778\ubbfc\uacf5\ud654\uad6d", "NAME_NL": "Noord-Korea", "NAME_PL": "Korea P\u00f3\u0142nocna", "NAME_PT": "Coreia do Norte", "NAME_RU": "\u041a\u041d\u0414\u0420", "NAME_SV": "Nordkorea", "NAME_TR": "Kuzey Kore", "NAME_UK": "\u041a\u043e\u0440\u0435\u0439\u0441\u044c\u043a\u0430 \u041d\u0430\u0440\u043e\u0434\u043d\u043e-\u0414\u0435\u043c\u043e\u043a\u0440\u0430\u0442\u0438\u0447\u043d\u0430 \u0420\u0435\u0441\u043f\u0443\u0431\u043b\u0456\u043a\u0430", "NAME_UR": "\u0634\u0645\u0627\u0644\u06cc \u06a9\u0648\u0631\u06cc\u0627", "NAME_VI": "C\u1ed9ng h\u00f2a D\u00e2n ch\u1ee7 Nh\u00e2n d\u00e2n Tri\u1ec1u Ti\u00ean", "NAME_ZH": "\u671d\u9c9c\u6c11\u4e3b\u4e3b\u4e49\u4eba\u6c11\u5171\u548c\u56fd", "NAME_ZHT": "\u671d\u9bae\u6c11\u4e3b\u4e3b\u7fa9\u4eba\u6c11\u5171\u548c\u570b", "FCLASS_ISO": "Admin-0 country", "TLC_DIFF": null, "FCLASS_TLC": "Admin-0 country", "FCLASS_US": null, "FCLASS_FR": null, "FCLASS_RU": null, "FCLASS_ES": null, "FCLASS_CN": null, "FCLASS_TW": null, "FCLASS_IN": null, "FCLASS_NP": null, "FCLASS_PK": null, "FCLASS_DE": null, "FCLASS_GB": null, "FCLASS_BR": null, "FCLASS_IL": null, "FCLASS_PS": null, "FCLASS_SA": null, "FCLASS_EG": null, "FCLASS_MA": null, "FCLASS_PT": null, "FCLASS_AR": null, "FCLASS_JP": null, "FCLASS_KO": null, "FCLASS_VN": null, "FCLASS_TR": null, "FCLASS_ID": null, "FCLASS_PL": null, "FCLASS_GR": null, "FCLASS_IT": null, "FCLASS_NL": null, "FCLASS_SE": null, "FCLASS_BD": null, "FCLASS_UA": null, "cartogram_scale": 0.3, "dc_count": 0, "dc_code": "OTHER"}, "geometry": {"type": "MultiPolygon", "coordinates": [[[[128.614, 40.7589], [128.614, 40.7589], [128.614, 40.7589], [128.614, 40.7589]]], [[[128.572, 40.8114], [128.572, 40.8114], [128.6139, 40.7589], [128.5, 40.7769], [128.3697, 40.6753], [128.2802, 40.5732], [128.2915, 40.3578], [128.1364, 40.2915], [128.0831, 40.2385], [127.97, 40.1499], [127.7702, 40.1005], [127.64, 40.02], [127.6306, 39.8901], [127.5956, 39.857], [127.715, 39.8082], [127.8849, 39.6766], [127.8417, 39.604], [127.714, 39.5843], [127.5019, 39.5697], [127.3851, 39.4343], [127.2512, 39.445], [127.2324, 39.4178], [127.0867, 39.4749], [127.0505, 39.4185], [126.9626, 39.3936], [126.952, 39.4501], [126.8743, 39.4776], [126.7936, 39.5254], [126.8758, 39.6575], [126.9465, 39.6927], [126.9198, 39.7475], [126.9959, 39.9093], [126.9763, 39.9583], [126.8012, 39.991], [126.6596, 40.0715], [126.9039, 40.2639], [127.2346, 40.4251], [127.4407, 40.6379], [127.5831, 40.5439], [127.8425, 40.5329], [127.7956, 40.6912], [128.259, 40.8204], [128.3782, 40.9885], [128.572, 40.8114]]]]}}, {"type": "Feature", "properties": {"featurecla": "Admin-0 country", "scalerank": 1, "LABELRANK": 2, "SOVEREIGNT": "South Korea", "SOV_A3": "KOR", "ADM0_DIF": 0, "LEVEL": 2, "TYPE": "Sovereign country", "TLC": "1", "ADMIN": "South Korea", "ADM0_A3": "KOR", "GEOU_DIF": 0, "GEOUNIT": "South Korea", "GU_A3": "KOR", "SU_DIF": 0, "SUBUNIT": "South Korea", "SU_A3": "KOR", "BRK_DIFF": 0, "NAME": "South Korea", "NAME_LONG": "Republic of Korea", "BRK_A3": "KOR", "BRK_NAME": "Republic of Korea", "BRK_GROUP": null, "ABBREV": "S.K.", "POSTAL": "KR", "FORMAL_EN": "Republic of Korea", "FORMAL_FR": null, "NAME_CIAWF": "Korea, South", "NOTE_ADM0": null, "NOTE_BRK": null, "NAME_SORT": "Korea, Rep.", "NAME_ALT": null, "MAPCOLOR7": 4, "MAPCOLOR8": 1, "MAPCOLOR9": 1, "MAPCOLOR13": 5, "POP_EST": 51709098, "POP_RANK": 16, "POP_YEAR": 2019, "GDP_MD": 1646739, "GDP_YEAR": 2019, "ECONOMY": "4. Emerging region: MIKT", "INCOME_GRP": "1. High income: OECD", "FIPS_10": "KS", "ISO_A2": "KR", "ISO_A2_EH": "KR", "ISO_A3": "KOR", "ISO_A3_EH": "KOR", "ISO_N3": "410", "ISO_N3_EH": "410", "UN_A3": "410", "WB_A2": "KR", "WB_A3": "KOR", "WOE_ID": 23424868, "WOE_ID_EH": 23424868, "WOE_NOTE": "Exact WOE match as country", "ADM0_ISO": "KOR", "ADM0_DIFF": null, "ADM0_TLC": "KOR", "ADM0_A3_US": "KOR", "ADM0_A3_FR": "KOR", "ADM0_A3_RU": "KOR", "ADM0_A3_ES": "KOR", "ADM0_A3_CN": "KOR", "ADM0_A3_TW": "KOR", "ADM0_A3_IN": "KOR", "ADM0_A3_NP": "KOR", "ADM0_A3_PK": "KOR", "ADM0_A3_DE": "KOR", "ADM0_A3_GB": "KOR", "ADM0_A3_BR": "KOR", "ADM0_A3_IL": "KOR", "ADM0_A3_PS": "KOR", "ADM0_A3_SA": "KOR", "ADM0_A3_EG": "KOR", "ADM0_A3_MA": "KOR", "ADM0_A3_PT": "KOR", "ADM0_A3_AR": "KOR", "ADM0_A3_JP": "KOR", "ADM0_A3_KO": "KOR", "ADM0_A3_VN": "KOR", "ADM0_A3_TR": "KOR", "ADM0_A3_ID": "KOR", "ADM0_A3_PL": "KOR", "ADM0_A3_GR": "KOR", "ADM0_A3_IT": "KOR", "ADM0_A3_NL": "KOR", "ADM0_A3_SE": "KOR", "ADM0_A3_BD": "KOR", "ADM0_A3_UA": "KOR", "ADM0_A3_UN": -99, "ADM0_A3_WB": -99, "CONTINENT": "Asia", "REGION_UN": "Asia", "SUBREGION": "Eastern Asia", "REGION_WB": "East Asia & Pacific", "NAME_LEN": 11, "LONG_LEN": 17, "ABBREV_LEN": 4, "TINY": -99, "HOMEPART": 1, "MIN_ZOOM": 0, "MIN_LABEL": 2.5, "MAX_LABEL": 7, "LABEL_X": 128.129504, "LABEL_Y": 36.384924, "NE_ID": 1159320985, "WIKIDATAID": "Q884", "NAME_AR": "\u0643\u0648\u0631\u064a\u0627 \u0627\u0644\u062c\u0646\u0648\u0628\u064a\u0629", "NAME_BN": "\u09a6\u0995\u09cd\u09b7\u09bf\u09a3 \u0995\u09cb\u09b0\u09bf\u09af\u09bc\u09be", "NAME_DE": "S\u00fcdkorea", "NAME_EN": "South Korea", "NAME_ES": "Corea del Sur", "NAME_FA": "\u06a9\u0631\u0647 \u062c\u0646\u0648\u0628\u06cc", "NAME_FR": "Cor\u00e9e du Sud", "NAME_EL": "\u039d\u03cc\u03c4\u03b9\u03b1 \u039a\u03bf\u03c1\u03ad\u03b1", "NAME_HE": "\u05e7\u05d5\u05e8\u05d9\u05d0\u05d4 \u05d4\u05d3\u05e8\u05d5\u05de\u05d9\u05ea", "NAME_HI": "\u0926\u0915\u094d\u0937\u093f\u0923 \u0915\u094b\u0930\u093f\u092f\u093e", "NAME_HU": "D\u00e9l-Korea", "NAME_ID": "Korea Selatan", "NAME_IT": "Corea del Sud", "NAME_JA": "\u5927\u97d3\u6c11\u56fd", "NAME_KO": "\ub300\ud55c\ubbfc\uad6d", "NAME_NL": "Zuid-Korea", "NAME_PL": "Korea Po\u0142udniowa", "NAME_PT": "Coreia do Sul", "NAME_RU": "\u0420\u0435\u0441\u043f\u0443\u0431\u043b\u0438\u043a\u0430 \u041a\u043e\u0440\u0435\u044f", "NAME_SV": "Sydkorea", "NAME_TR": "G\u00fcney Kore", "NAME_UK": "\u041f\u0456\u0432\u0434\u0435\u043d\u043d\u0430 \u041a\u043e\u0440\u0435\u044f", "NAME_UR": "\u062c\u0646\u0648\u0628\u06cc \u06a9\u0648\u0631\u06cc\u0627", "NAME_VI": "H\u00e0n Qu\u1ed1c", "NAME_ZH": "\u5927\u97e9\u6c11\u56fd", "NAME_ZHT": "\u5927\u97d3\u6c11\u570b", "FCLASS_ISO": "Admin-0 country", "TLC_DIFF": null, "FCLASS_TLC": "Admin-0 country", "FCLASS_US": null, "FCLASS_FR": null, "FCLASS_RU": null, "FCLASS_ES": null, "FCLASS_CN": null, "FCLASS_TW": null, "FCLASS_IN": null, "FCLASS_NP": null, "FCLASS_PK": null, "FCLASS_DE": null, "FCLASS_GB": null, "FCLASS_BR": null, "FCLASS_IL": null, "FCLASS_PS": null, "FCLASS_SA": null, "FCLASS_EG": null, "FCLASS_MA": null, "FCLASS_PT": null, "FCLASS_AR": null, "FCLASS_JP": null, "FCLASS_KO": null, "FCLASS_VN": null, "FCLASS_TR": null, "FCLASS_ID": null, "FCLASS_PL": null, "FCLASS_GR": null, "FCLASS_IT": null, "FCLASS_NL": null, "FCLASS_SE": null, "FCLASS_BD": null, "FCLASS_UA": null, "cartogram_scale": 1.7, "dc_count": 95, "dc_code": "KOR"}, "geometry": {"type": "Polygon", "coordinates": [[[133.2699, 38.4729], [133.3763, 38.6271], [134.1351, 38.5666], [134.7974, 39.3338], [135.9989, 39.4162], [136.7226, 39.5281], [136.9673, 39.9393], [138.4348, 37.9335], [138.8556, 36.8316], [138.8689, 34.8731], [138.2281, 33.9387], [136.6887, 33.6121], [135.3299, 32.9071], [133.7986, 32.7615], [133.6085, 33.6872], [133.9235, 34.9622], [133.1724, 36.7318], [134.435, 37.0181], [133.2699, 38.4729]]]}}, {"type": "Feature", "properties": {"featurecla": "Admin-0 country", "scalerank": 1, "LABELRANK": 3, "SOVEREIGNT": "Mongolia", "SOV_A3": "MNG", "ADM0_DIF": 0, "LEVEL": 2, "TYPE": "Sovereign country", "TLC": "1", "ADMIN": "Mongolia", "ADM0_A3": "MNG", "GEOU_DIF": 0, "GEOUNIT": "Mongolia", "GU_A3": "MNG", "SU_DIF": 0, "SUBUNIT": "Mongolia", "SU_A3": "MNG", "BRK_DIFF": 0, "NAME": "Mongolia", "NAME_LONG": "Mongolia", "BRK_A3": "MNG", "BRK_NAME": "Mongolia", "BRK_GROUP": null, "ABBREV": "Mong.", "POSTAL": "MN", "FORMAL_EN": "Mongolia", "FORMAL_FR": null, "NAME_CIAWF": "Mongolia", "NOTE_ADM0": null, "NOTE_BRK": null, "NAME_SORT": "Mongolia", "NAME_ALT": null, "MAPCOLOR7": 3, "MAPCOLOR8": 5, "MAPCOLOR9": 5, "MAPCOLOR13": 6, "POP_EST": 3225167, "POP_RANK": 12, "POP_YEAR": 2019, "GDP_MD": 13996, "GDP_YEAR": 2019, "ECONOMY": "6. Developing region", "INCOME_GRP": "4. Lower middle income", "FIPS_10": "MG", "ISO_A2": "MN", "ISO_A2_EH": "MN", "ISO_A3": "MNG", "ISO_A3_EH": "MNG", "ISO_N3": "496", "ISO_N3_EH": "496", "UN_A3": "496", "WB_A2": "MN", "WB_A3": "MNG", "WOE_ID": 23424887, "WOE_ID_EH": 23424887, "WOE_NOTE": "Exact WOE match as country", "ADM0_ISO": "MNG", "ADM0_DIFF": null, "ADM0_TLC": "MNG", "ADM0_A3_US": "MNG", "ADM0_A3_FR": "MNG", "ADM0_A3_RU": "MNG", "ADM0_A3_ES": "MNG", "ADM0_A3_CN": "MNG", "ADM0_A3_TW": "MNG", "ADM0_A3_IN": "MNG", "ADM0_A3_NP": "MNG", "ADM0_A3_PK": "MNG", "ADM0_A3_DE": "MNG", "ADM0_A3_GB": "MNG", "ADM0_A3_BR": "MNG", "ADM0_A3_IL": "MNG", "ADM0_A3_PS": "MNG", "ADM0_A3_SA": "MNG", "ADM0_A3_EG": "MNG", "ADM0_A3_MA": "MNG", "ADM0_A3_PT": "MNG", "ADM0_A3_AR": "MNG", "ADM0_A3_JP": "MNG", "ADM0_A3_KO": "MNG", "ADM0_A3_VN": "MNG", "ADM0_A3_TR": "MNG", "ADM0_A3_ID": "MNG", "ADM0_A3_PL": "MNG", "ADM0_A3_GR": "MNG", "ADM0_A3_IT": "MNG", "ADM0_A3_NL": "MNG", "ADM0_A3_SE": "MNG", "ADM0_A3_BD": "MNG", "ADM0_A3_UA": "MNG", "ADM0_A3_UN": -99, "ADM0_A3_WB": -99, "CONTINENT": "Asia", "REGION_UN": "Asia", "SUBREGION": "Eastern Asia", "REGION_WB": "East Asia & Pacific", "NAME_LEN": 8, "LONG_LEN": 8, "ABBREV_LEN": 5, "TINY": -99, "HOMEPART": 1, "MIN_ZOOM": 0, "MIN_LABEL": 3, "MAX_LABEL": 7, "LABEL_X": 104.150405, "LABEL_Y": 45.997488, "NE_ID": 1159321071, "WIKIDATAID": "Q711", "NAME_AR": "\u0645\u0646\u063a\u0648\u0644\u064a\u0627", "NAME_BN": "\u09ae\u0999\u09cd\u0997\u09cb\u09b2\u09bf\u09af\u09bc\u09be", "NAME_DE": "Mongolei", "NAME_EN": "Mongolia", "NAME_ES": "Mongolia", "NAME_FA": "\u0645\u063a\u0648\u0644\u0633\u062a\u0627\u0646", "NAME_FR": "Mongolie", "NAME_EL": "\u039c\u03bf\u03b3\u03b3\u03bf\u03bb\u03af\u03b1", "NAME_HE": "\u05de\u05d5\u05e0\u05d2\u05d5\u05dc\u05d9\u05d4", "NAME_HI": "\u092e\u0902\u0917\u094b\u0932\u093f\u092f\u093e", "NAME_HU": "Mong\u00f3lia", "NAME_ID": "Mongolia", "NAME_IT": "Mongolia", "NAME_JA": "\u30e2\u30f3\u30b4\u30eb\u56fd", "NAME_KO": "\ubabd\uace8", "NAME_NL": "Mongoli\u00eb", "NAME_PL": "Mongolia", "NAME_PT": "Mong\u00f3lia", "NAME_RU": "\u041c\u043e\u043d\u0433\u043e\u043b\u0438\u044f", "NAME_SV": "Mongoliet", "NAME_TR": "Mo\u011folistan", "NAME_UK": "\u041c\u043e\u043d\u0433\u043e\u043b\u0456\u044f", "NAME_UR": "\u0645\u0646\u06af\u0648\u0644\u06cc\u0627", "NAME_VI": "M\u00f4ng C\u1ed5", "NAME_ZH": "\u8499\u53e4\u56fd", "NAME_ZHT": "\u8499\u53e4\u570b", "FCLASS_ISO": "Admin-0 country", "TLC_DIFF": null, "FCLASS_TLC": "Admin-0 country", "FCLASS_US": null, "FCLASS_FR": null, "FCLASS_RU": null, "FCLASS_ES": null, "FCLASS_CN": null, "FCLASS_TW": null, "FCLASS_IN": null, "FCLASS_NP": null, "FCLASS_PK": null, "FCLASS_DE": null, "FCLASS_GB": null, "FCLASS_BR": null, "FCLASS_IL": null, "FCLASS_PS": null, "FCLASS_SA": null, "FCLASS_EG": null, "FCLASS_MA": null, "FCLASS_PT": null, "FCLASS_AR": null, "FCLASS_JP": null, "FCLASS_KO": null, "FCLASS_VN": null, "FCLASS_TR": null, "FCLASS_ID": null, "FCLASS_PL": null, "FCLASS_GR": null, "FCLASS_IT": null, "FCLASS_NL": null, "FCLASS_SE": null, "FCLASS_BD": null, "FCLASS_UA": null, "cartogram_scale": 0.3, "dc_count": 0, "dc_code": "OTHER"}, "geometry": {"type": "Polygon", "coordinates": [[[99.5352, 47.8323], [99.8515, 47.8843], [100.4239, 48.1427], [100.8802, 48.2838], [101.1411, 48.1917], [101.4541, 48.1873], [101.6546, 48.0472], [101.954, 48.0364], [102.3877, 47.961], [102.6793, 48.1699], [102.5575, 48.3465], [102.8682, 48.6574], [103.2043, 48.5334], [103.4766, 48.4982], [103.8294, 48.4211], [103.8866, 48.1963], [104.3128, 48.0701], [104.5963, 48.1258], [104.9758, 48.165], [105.2764, 48.1254], [105.5703, 47.9813], [105.7523, 47.8279], [106.0305, 47.831], [106.4084, 47.7822], [106.6842, 47.8566], [107.0791, 47.9062], [107.5185, 48.1177], [107.6984, 48.0852], [107.8555, 47.9847], [108.2134, 48.0097], [108.0673, 47.7835], [107.8554, 47.4838], [107.9326, 47.3611], [108.1025, 47.3992], [108.3985, 47.3525], [108.629, 47.4632], [108.8698, 47.3673], [109.1416, 47.1576], [109.1088, 47.051], [108.8721, 47.0848], [108.4363, 47.045], [108.2252, 46.9596], [108.0053, 46.7613], [107.5479, 46.6451], [107.249, 46.4858], [106.9406, 46.5467], [106.7718, 46.5738], [106.6143, 46.3804], [106.7101, 46.2651], [106.7587, 46.1661], [106.5487, 46.0652], [106.3334, 45.9045], [105.9829, 45.799], [105.5332, 45.7876], [105.0486, 45.6835], [104.6993, 45.5224], [104.5665, 45.6157], [104.2035, 45.6154], [103.7597, 45.7976], [103.4636, 45.8423], [103.0645, 45.8006], [102.4453, 45.8678], [102.1146, 45.8609], [101.9385, 46.039], [101.8019, 46.3156], [101.6165, 46.3489], [101.254, 46.5358], [100.85, 46.5777], [100.4935, 46.629], [100.3855, 46.7591], [100.501, 47.1096], [100.294, 47.3512], [99.8661, 47.4639], [99.6139, 47.623], [99.5352, 47.8323]]]}}, {"type": "Feature", "properties": {"featurecla": "Admin-0 country", "scalerank": 1, "LABELRANK": 2, "SOVEREIGNT": "India", "SOV_A3": "IND", "ADM0_DIF": 0, "LEVEL": 2, "TYPE": "Sovereign country", "TLC": "1", "ADMIN": "India", "ADM0_A3": "IND", "GEOU_DIF": 0, "GEOUNIT": "India", "GU_A3": "IND", "SU_DIF": 0, "SUBUNIT": "India", "SU_A3": "IND", "BRK_DIFF": 0, "NAME": "India", "NAME_LONG": "India", "BRK_A3": "IND", "BRK_NAME": "India", "BRK_GROUP": null, "ABBREV": "India", "POSTAL": "IND", "FORMAL_EN": "Republic of India", "FORMAL_FR": null, "NAME_CIAWF": "India", "NOTE_ADM0": null, "NOTE_BRK": null, "NAME_SORT": "India", "NAME_ALT": null, "MAPCOLOR7": 1, "MAPCOLOR8": 3, "MAPCOLOR9": 2, "MAPCOLOR13": 2, "POP_EST": 1366417754, "POP_RANK": 18, "POP_YEAR": 2019, "GDP_MD": 2868929, "GDP_YEAR": 2019, "ECONOMY": "3. Emerging region: BRIC", "INCOME_GRP": "4. Lower middle income", "FIPS_10": "IN", "ISO_A2": "IN", "ISO_A2_EH": "IN", "ISO_A3": "IND", "ISO_A3_EH": "IND", "ISO_N3": "356", "ISO_N3_EH": "356", "UN_A3": "356", "WB_A2": "IN", "WB_A3": "IND", "WOE_ID": 23424848, "WOE_ID_EH": 23424848, "WOE_NOTE": "Exact WOE match as country", "ADM0_ISO": "IND", "ADM0_DIFF": null, "ADM0_TLC": "IND", "ADM0_A3_US": "IND", "ADM0_A3_FR": "IND", "ADM0_A3_RU": "IND", "ADM0_A3_ES": "IND", "ADM0_A3_CN": "IND", "ADM0_A3_TW": "IND", "ADM0_A3_IN": "IND", "ADM0_A3_NP": "IND", "ADM0_A3_PK": "IND", "ADM0_A3_DE": "IND", "ADM0_A3_GB": "IND", "ADM0_A3_BR": "IND", "ADM0_A3_IL": "IND", "ADM0_A3_PS": "IND", "ADM0_A3_SA": "IND", "ADM0_A3_EG": "IND", "ADM0_A3_MA": "IND", "ADM0_A3_PT": "IND", "ADM0_A3_AR": "IND", "ADM0_A3_JP": "IND", "ADM0_A3_KO": "IND", "ADM0_A3_VN": "IND", "ADM0_A3_TR": "IND", "ADM0_A3_ID": "IND", "ADM0_A3_PL": "IND", "ADM0_A3_GR": "IND", "ADM0_A3_IT": "IND", "ADM0_A3_NL": "IND", "ADM0_A3_SE": "IND", "ADM0_A3_BD": "IND", "ADM0_A3_UA": "IND", "ADM0_A3_UN": -99, "ADM0_A3_WB": -99, "CONTINENT": "Asia", "REGION_UN": "Asia", "SUBREGION": "Southern Asia", "REGION_WB": "South Asia", "NAME_LEN": 5, "LONG_LEN": 5, "ABBREV_LEN": 5, "TINY": -99, "HOMEPART": 1, "MIN_ZOOM": 0, "MIN_LABEL": 1.7, "MAX_LABEL": 6.7, "LABEL_X": 79.358105, "LABEL_Y": 22.686852, "NE_ID": 1159320847, "WIKIDATAID": "Q668", "NAME_AR": "\u0627\u0644\u0647\u0646\u062f", "NAME_BN": "\u09ad\u09be\u09b0\u09a4", "NAME_DE": "Indien", "NAME_EN": "India", "NAME_ES": "India", "NAME_FA": "\u0647\u0646\u062f", "NAME_FR": "Inde", "NAME_EL": "\u0399\u03bd\u03b4\u03af\u03b1", "NAME_HE": "\u05d4\u05d5\u05d3\u05d5", "NAME_HI": "\u092d\u093e\u0930\u0924", "NAME_HU": "India", "NAME_ID": "India", "NAME_IT": "India", "NAME_JA": "\u30a4\u30f3\u30c9", "NAME_KO": "\uc778\ub3c4", "NAME_NL": "India", "NAME_PL": "Indie", "NAME_PT": "\u00cdndia", "NAME_RU": "\u0418\u043d\u0434\u0438\u044f", "NAME_SV": "Indien", "NAME_TR": "Hindistan", "NAME_UK": "\u0406\u043d\u0434\u0456\u044f", "NAME_UR": "\u0628\u06be\u0627\u0631\u062a", "NAME_VI": "\u1ea4n \u0110\u1ed9", "NAME_ZH": "\u5370\u5ea6", "NAME_ZHT": "\u5370\u5ea6", "FCLASS_ISO": "Admin-0 country", "TLC_DIFF": null, "FCLASS_TLC": "Admin-0 country", "FCLASS_US": null, "FCLASS_FR": null, "FCLASS_RU": null, "FCLASS_ES": null, "FCLASS_CN": null, "FCLASS_TW": null, "FCLASS_IN": null, "FCLASS_NP": null, "FCLASS_PK": null, "FCLASS_DE": null, "FCLASS_GB": null, "FCLASS_BR": null, "FCLASS_IL": null, "FCLASS_PS": null, "FCLASS_SA": null, "FCLASS_EG": null, "FCLASS_MA": null, "FCLASS_PT": null, "FCLASS_AR": null, "FCLASS_JP": null, "FCLASS_KO": null, "FCLASS_VN": null, "FCLASS_TR": null, "FCLASS_ID": null, "FCLASS_PL": null, "FCLASS_GR": null, "FCLASS_IT": null, "FCLASS_NL": null, "FCLASS_SE": null, "FCLASS_BD": null, "FCLASS_UA": null, "cartogram_scale": 0.95, "dc_count": 183, "dc_code": "IND"}, "geometry": {"type": "Polygon", "coordinates": [[[104.6402, 28.0468], [104.7118, 27.6867], [104.3788, 27.5124], [104.4567, 26.9279], [103.7778, 27.0996], [102.5479, 26.4432], [102.5768, 25.8995], [102.0525, 25.1027], [102.0044, 24.6398], [101.5808, 23.8565], [100.8383, 24.0729], [100.8014, 23.0898], [100.5867, 22.7662], [100.6872, 22.3628], [100.2185, 22.1375], [99.7181, 23.6444], [99.4558, 23.6414], [99.3006, 23.0343], [98.7804, 23.5266], [99.0738, 24.0673], [99.4987, 24.1222], [99.9368, 24.9261], [99.389, 25.0883], [98.508, 25.0743], [97.6041, 25.2045], [97.5203, 25.8651], [97.0667, 25.912], [96.3143, 26.3225], [95.9787, 25.6779], [96.6644, 25.175], [96.0705, 24.8211], [95.8596, 24.4749], [96.4444, 24.2203], [96.2827, 23.6479], [96.6119, 22.9335], [96.7598, 22.1512], [96.6237, 21.8043], [95.9775, 21.8163], [94.8063, 21.6191], [94.8609, 20.9044], [94.3538, 20.3423], [92.9867, 19.7029], [91.9234, 18.5852], [91.2092, 17.9859], [90.2626, 17.3641], [90.2611, 16.9271], [89.7875, 16.693], [88.9318, 16.3527], [88.4881, 16.3025], [88.2032, 15.5779], [88.401, 14.3423], [88.4514, 13.5542], [88.0488, 12.6517], [88.0445, 11.0377], [87.5529, 10.9917], [87.1205, 10.2671], [87.4096, 9.954], [86.5435, 9.6847], [86.2235, 9.0386], [85.8423, 8.7655], [84.9427, 9.6526], [84.503, 10.9829], [84.1386, 11.9411], [83.8057, 12.3905], [83.301, 13.3031], [83.0653, 14.4912], [82.9011, 15.0846], [82.0369, 16.3894], [81.6433, 18.2304], [81.3593, 19.4461], [81.3627, 20.5968], [81.1784, 21.4865], [79.7959, 20.9179], [79.1263, 21.0317], [77.8853, 22.1831], [78.3421, 22.5265], [78.0615, 22.8993], [76.9472, 23.7057], [77.5799, 24.3395], [79.6705, 24.337], [79.4819, 25.1526], [78.9481, 25.6344], [78.8399, 26.3656], [78.2181, 26.7922], [79.2651, 27.788], [80.3682, 27.7158], [81.362, 28.7118], [81.9575, 29.6759], [82.8797, 30.6291], [82.865, 31.3063], [83.6751, 31.8558], [82.9084, 32.3249], [82.5785, 32.9677], [82.2419, 33.8001], [82.7076, 34.2097], [84.1486, 33.978], [85.2075, 34.1192], [86.125, 34.9176], [87.1461, 33.8041], [87.0499, 33.0292], [87.4279, 32.543], [87.3967, 32.0579], [86.7149, 32.1855], [86.9814, 31.1384], [87.9147, 30.5369], [89.2351, 29.8726], [88.6323, 29.4417], [88.2634, 28.553], [89.1838, 28.1936], [90.0794, 27.7275], [91.3184, 27.1946], [92.6207, 27.0714], [93.1686, 26.5882], [93.9026, 26.4977], [95.0455, 26.2763], [95.8366, 26.2922], [95.9455, 26.6682], [95.8204, 27.2718], [95.8938, 27.681], [96.4732, 27.8808], [96.5529, 27.1326], [96.5733, 26.9423], [97.4367, 26.5817], [98.034, 26.7302], [98.836, 26.6665], [99.6112, 26.6947], [99.6779, 27.2783], [99.2912, 27.5814], [100.0574, 27.7003], [100.9221, 28.4069], [102.0171, 29.0119], [102.814, 28.7784], [103.4912, 29.1784], [103.9367, 28.5877], [103.6158, 28.1888], [104.6402, 28.0468]]]}}, {"type": "Feature", "properties": {"featurecla": "Admin-0 country", "scalerank": 1, "LABELRANK": 3, "SOVEREIGNT": "Bangladesh", "SOV_A3": "BGD", "ADM0_DIF": 0, "LEVEL": 2, "TYPE": "Sovereign country", "TLC": "1", "ADMIN": "Bangladesh", "ADM0_A3": "BGD", "GEOU_DIF": 0, "GEOUNIT": "Bangladesh", "GU_A3": "BGD", "SU_DIF": 0, "SUBUNIT": "Bangladesh", "SU_A3": "BGD", "BRK_DIFF": 0, "NAME": "Bangladesh", "NAME_LONG": "Bangladesh", "BRK_A3": "BGD", "BRK_NAME": "Bangladesh", "BRK_GROUP": null, "ABBREV": "Bang.", "POSTAL": "BD", "FORMAL_EN": "People's Republic of Bangladesh", "FORMAL_FR": null, "NAME_CIAWF": "Bangladesh", "NOTE_ADM0": null, "NOTE_BRK": null, "NAME_SORT": "Bangladesh", "NAME_ALT": null, "MAPCOLOR7": 3, "MAPCOLOR8": 4, "MAPCOLOR9": 7, "MAPCOLOR13": 7, "POP_EST": 163046161, "POP_RANK": 17, "POP_YEAR": 2019, "GDP_MD": 302571, "GDP_YEAR": 2019, "ECONOMY": "7. Least developed region", "INCOME_GRP": "5. Low income", "FIPS_10": "BG", "ISO_A2": "BD", "ISO_A2_EH": "BD", "ISO_A3": "BGD", "ISO_A3_EH": "BGD", "ISO_N3": "050", "ISO_N3_EH": "050", "UN_A3": "050", "WB_A2": "BD", "WB_A3": "BGD", "WOE_ID": 23424759, "WOE_ID_EH": 23424759, "WOE_NOTE": "Exact WOE match as country", "ADM0_ISO": "BGD", "ADM0_DIFF": null, "ADM0_TLC": "BGD", "ADM0_A3_US": "BGD", "ADM0_A3_FR": "BGD", "ADM0_A3_RU": "BGD", "ADM0_A3_ES": "BGD", "ADM0_A3_CN": "BGD", "ADM0_A3_TW": "BGD", "ADM0_A3_IN": "BGD", "ADM0_A3_NP": "BGD", "ADM0_A3_PK": "BGD", "ADM0_A3_DE": "BGD", "ADM0_A3_GB": "BGD", "ADM0_A3_BR": "BGD", "ADM0_A3_IL": "BGD", "ADM0_A3_PS": "BGD", "ADM0_A3_SA": "BGD", "ADM0_A3_EG": "BGD", "ADM0_A3_MA": "BGD", "ADM0_A3_PT": "BGD", "ADM0_A3_AR": "BGD", "ADM0_A3_JP": "BGD", "ADM0_A3_KO": "BGD", "ADM0_A3_VN": "BGD", "ADM0_A3_TR": "BGD", "ADM0_A3_ID": "BGD", "ADM0_A3_PL": "BGD", "ADM0_A3_GR": "BGD", "ADM0_A3_IT": "BGD", "ADM0_A3_NL": "BGD", "ADM0_A3_SE": "BGD", "ADM0_A3_BD": "BGD", "ADM0_A3_UA": "BGD", "ADM0_A3_UN": -99, "ADM0_A3_WB": -99, "CONTINENT": "Asia", "REGION_UN": "Asia", "SUBREGION": "Southern Asia", "REGION_WB": "South Asia", "NAME_LEN": 10, "LONG_LEN": 10, "ABBREV_LEN": 5, "TINY": -99, "HOMEPART": 1, "MIN_ZOOM": 0, "MIN_LABEL": 3, "MAX_LABEL": 8, "LABEL_X": 89.684963, "LABEL_Y": 24.214956, "NE_ID": 1159320407, "WIKIDATAID": "Q902", "NAME_AR": "\u0628\u0646\u063a\u0644\u0627\u062f\u064a\u0634", "NAME_BN": "\u09ac\u09be\u0982\u09b2\u09be\u09a6\u09c7\u09b6", "NAME_DE": "Bangladesch", "NAME_EN": "Bangladesh", "NAME_ES": "Banglad\u00e9s", "NAME_FA": "\u0628\u0646\u06af\u0644\u0627\u062f\u0634", "NAME_FR": "Bangladesh", "NAME_EL": "\u039c\u03c0\u03b1\u03bd\u03b3\u03ba\u03bb\u03b1\u03bd\u03c4\u03ad\u03c2", "NAME_HE": "\u05d1\u05e0\u05d2\u05dc\u05d3\u05e9", "NAME_HI": "\u092c\u093e\u0902\u0917\u094d\u0932\u093e\u0926\u0947\u0936", "NAME_HU": "Banglades", "NAME_ID": "Bangladesh", "NAME_IT": "Bangladesh", "NAME_JA": "\u30d0\u30f3\u30b0\u30e9\u30c7\u30b7\u30e5", "NAME_KO": "\ubc29\uae00\ub77c\ub370\uc2dc", "NAME_NL": "Bangladesh", "NAME_PL": "Bangladesz", "NAME_PT": "Bangladesh", "NAME_RU": "\u0411\u0430\u043d\u0433\u043b\u0430\u0434\u0435\u0448", "NAME_SV": "Bangladesh", "NAME_TR": "Banglade\u015f", "NAME_UK": "\u0411\u0430\u043d\u0433\u043b\u0430\u0434\u0435\u0448", "NAME_UR": "\u0628\u0646\u06af\u0644\u06c1 \u062f\u06cc\u0634", "NAME_VI": "Bangladesh", "NAME_ZH": "\u5b5f\u52a0\u62c9\u56fd", "NAME_ZHT": "\u5b5f\u52a0\u62c9", "FCLASS_ISO": "Admin-0 country", "TLC_DIFF": null, "FCLASS_TLC": "Admin-0 country", "FCLASS_US": null, "FCLASS_FR": null, "FCLASS_RU": null, "FCLASS_ES": null, "FCLASS_CN": null, "FCLASS_TW": null, "FCLASS_IN": null, "FCLASS_NP": null, "FCLASS_PK": null, "FCLASS_DE": null, "FCLASS_GB": null, "FCLASS_BR": null, "FCLASS_IL": null, "FCLASS_PS": null, "FCLASS_SA": null, "FCLASS_EG": null, "FCLASS_MA": null, "FCLASS_PT": null, "FCLASS_AR": null, "FCLASS_JP": null, "FCLASS_KO": null, "FCLASS_VN": null, "FCLASS_TR": null, "FCLASS_ID": null, "FCLASS_PL": null, "FCLASS_GR": null, "FCLASS_IT": null, "FCLASS_NL": null, "FCLASS_SE": null, "FCLASS_BD": null, "FCLASS_UA": null, "cartogram_scale": 0.45, "dc_count": 4, "dc_code": "BGD"}, "geometry": {"type": "Polygon", "coordinates": [[[91.539, 22.788], [91.5297, 22.4652], [91.3727, 22.5334], [91.4021, 22.1713], [91.2735, 22.4059], [91.2476, 22.6351], [91.1619, 22.8517], [90.9739, 23.1137], [90.5594, 23.1317], [90.6004, 22.9462], [90.4591, 22.6958], [90.2676, 22.787], [90.2021, 22.7051], [90.0747, 22.7542], [89.9006, 22.7945], [89.8306, 23.165], [89.6746, 23.5034], [89.7512, 23.7746], [89.4742, 23.8952], [89.5741, 24.0591], [89.8554, 24.2268], [89.5306, 24.465], [89.6896, 24.7704], [90.046, 24.5759], [90.2608, 24.5537], [90.3005, 24.2408], [90.7287, 24.1791], [91.146, 24.1858], [91.4055, 24.1089], [91.198, 23.7281], [90.9967, 23.7021], [90.8578, 23.446], [91.1041, 23.2128], [91.1777, 23.5004], [91.3019, 23.5018], [91.539, 22.788]]]}}, {"type": "Feature", "properties": {"featurecla": "Admin-0 country", "scalerank": 1, "LABELRANK": 5, "SOVEREIGNT": "Bhutan", "SOV_A3": "BTN", "ADM0_DIF": 0, "LEVEL": 2, "TYPE": "Sovereign country", "TLC": "1", "ADMIN": "Bhutan", "ADM0_A3": "BTN", "GEOU_DIF": 0, "GEOUNIT": "Bhutan", "GU_A3": "BTN", "SU_DIF": 0, "SUBUNIT": "Bhutan", "SU_A3": "BTN", "BRK_DIFF": 0, "NAME": "Bhutan", "NAME_LONG": "Bhutan", "BRK_A3": "BTN", "BRK_NAME": "Bhutan", "BRK_GROUP": null, "ABBREV": "Bhutan", "POSTAL": "BT", "FORMAL_EN": "Kingdom of Bhutan", "FORMAL_FR": null, "NAME_CIAWF": "Bhutan", "NOTE_ADM0": null, "NOTE_BRK": null, "NAME_SORT": "Bhutan", "NAME_ALT": null, "MAPCOLOR7": 5, "MAPCOLOR8": 6, "MAPCOLOR9": 1, "MAPCOLOR13": 8, "POP_EST": 763092, "POP_RANK": 11, "POP_YEAR": 2019, "GDP_MD": 2530, "GDP_YEAR": 2019, "ECONOMY": "7. Least developed region", "INCOME_GRP": "4. Lower middle income", "FIPS_10": "BT", "ISO_A2": "BT", "ISO_A2_EH": "BT", "ISO_A3": "BTN", "ISO_A3_EH": "BTN", "ISO_N3": "064", "ISO_N3_EH": "064", "UN_A3": "064", "WB_A2": "BT", "WB_A3": "BTN", "WOE_ID": 23424770, "WOE_ID_EH": 23424770, "WOE_NOTE": "Exact WOE match as country", "ADM0_ISO": "BTN", "ADM0_DIFF": null, "ADM0_TLC": "BTN", "ADM0_A3_US": "BTN", "ADM0_A3_FR": "BTN", "ADM0_A3_RU": "BTN", "ADM0_A3_ES": "BTN", "ADM0_A3_CN": "BTN", "ADM0_A3_TW": "BTN", "ADM0_A3_IN": "BTN", "ADM0_A3_NP": "BTN", "ADM0_A3_PK": "BTN", "ADM0_A3_DE": "BTN", "ADM0_A3_GB": "BTN", "ADM0_A3_BR": "BTN", "ADM0_A3_IL": "BTN", "ADM0_A3_PS": "BTN", "ADM0_A3_SA": "BTN", "ADM0_A3_EG": "BTN", "ADM0_A3_MA": "BTN", "ADM0_A3_PT": "BTN", "ADM0_A3_AR": "BTN", "ADM0_A3_JP": "BTN", "ADM0_A3_KO": "BTN", "ADM0_A3_VN": "BTN", "ADM0_A3_TR": "BTN", "ADM0_A3_ID": "BTN", "ADM0_A3_PL": "BTN", "ADM0_A3_GR": "BTN", "ADM0_A3_IT": "BTN", "ADM0_A3_NL": "BTN", "ADM0_A3_SE": "BTN", "ADM0_A3_BD": "BTN", "ADM0_A3_UA": "BTN", "ADM0_A3_UN": -99, "ADM0_A3_WB": -99, "CONTINENT": "Asia", "REGION_UN": "Asia", "SUBREGION": "Southern Asia", "REGION_WB": "South Asia", "NAME_LEN": 6, "LONG_LEN": 6, "ABBREV_LEN": 6, "TINY": -99, "HOMEPART": 1, "MIN_ZOOM": 0, "MIN_LABEL": 4, "MAX_LABEL": 9, "LABEL_X": 90.040294, "LABEL_Y": 27.536685, "NE_ID": 1159320453, "WIKIDATAID": "Q917", "NAME_AR": "\u0628\u0648\u062a\u0627\u0646", "NAME_BN": "\u09ad\u09c1\u099f\u09be\u09a8", "NAME_DE": "Bhutan", "NAME_EN": "Bhutan", "NAME_ES": "But\u00e1n", "NAME_FA": "\u0628\u0648\u062a\u0627\u0646", "NAME_FR": "Bhoutan", "NAME_EL": "\u039c\u03c0\u03bf\u03c5\u03c4\u03ac\u03bd", "NAME_HE": "\u05d1\u05d4\u05d5\u05d8\u05df", "NAME_HI": "\u092d\u0942\u091f\u093e\u0928", "NAME_HU": "Bhut\u00e1n", "NAME_ID": "Bhutan", "NAME_IT": "Bhutan", "NAME_JA": "\u30d6\u30fc\u30bf\u30f3", "NAME_KO": "\ubd80\ud0c4", "NAME_NL": "Bhutan", "NAME_PL": "Bhutan", "NAME_PT": "But\u00e3o", "NAME_RU": "\u0411\u0443\u0442\u0430\u043d", "NAME_SV": "Bhutan", "NAME_TR": "Bhutan", "NAME_UK": "\u0411\u0443\u0442\u0430\u043d", "NAME_UR": "\u0628\u06be\u0648\u0679\u0627\u0646", "NAME_VI": "Bhutan", "NAME_ZH": "\u4e0d\u4e39", "NAME_ZHT": "\u4e0d\u4e39", "FCLASS_ISO": "Admin-0 country", "TLC_DIFF": null, "FCLASS_TLC": "Admin-0 country", "FCLASS_US": null, "FCLASS_FR": null, "FCLASS_RU": null, "FCLASS_ES": null, "FCLASS_CN": null, "FCLASS_TW": null, "FCLASS_IN": null, "FCLASS_NP": null, "FCLASS_PK": null, "FCLASS_DE": null, "FCLASS_GB": null, "FCLASS_BR": null, "FCLASS_IL": null, "FCLASS_PS": null, "FCLASS_SA": null, "FCLASS_EG": null, "FCLASS_MA": null, "FCLASS_PT": null, "FCLASS_AR": null, "FCLASS_JP": null, "FCLASS_KO": null, "FCLASS_VN": null, "FCLASS_TR": null, "FCLASS_ID": null, "FCLASS_PL": null, "FCLASS_GR": null, "FCLASS_IT": null, "FCLASS_NL": null, "FCLASS_SE": null, "FCLASS_BD": null, "FCLASS_UA": null, "cartogram_scale": 0.3, "dc_count": 0, "dc_code": "OTHER"}, "geometry": {"type": "Polygon", "coordinates": [[[90.9396, 27.559], [91.0617, 27.4632], [91.0406, 27.2789], [90.7958, 27.27], [90.5426, 27.2902], [90.354, 27.2433], [90.0813, 27.3571], [90.0749, 27.4172], [90.2733, 27.6403], [90.4353, 27.7164], [90.6497, 27.6469], [90.8082, 27.6396], [90.9396, 27.559]]]}}, {"type": "Feature", "properties": {"featurecla": "Admin-0 country", "scalerank": 1, "LABELRANK": 3, "SOVEREIGNT": "Nepal", "SOV_A3": "NPL", "ADM0_DIF": 0, "LEVEL": 2, "TYPE": "Sovereign country", "TLC": "1", "ADMIN": "Nepal", "ADM0_A3": "NPL", "GEOU_DIF": 0, "GEOUNIT": "Nepal", "GU_A3": "NPL", "SU_DIF": 0, "SUBUNIT": "Nepal", "SU_A3": "NPL", "BRK_DIFF": 0, "NAME": "Nepal", "NAME_LONG": "Nepal", "BRK_A3": "NPL", "BRK_NAME": "Nepal", "BRK_GROUP": null, "ABBREV": "Nepal", "POSTAL": "NP", "FORMAL_EN": "Nepal", "FORMAL_FR": null, "NAME_CIAWF": "Nepal", "NOTE_ADM0": null, "NOTE_BRK": null, "NAME_SORT": "Nepal", "NAME_ALT": null, "MAPCOLOR7": 2, "MAPCOLOR8": 2, "MAPCOLOR9": 3, "MAPCOLOR13": 12, "POP_EST": 28608710, "POP_RANK": 15, "POP_YEAR": 2019, "GDP_MD": 30641, "GDP_YEAR": 2019, "ECONOMY": "7. Least developed region", "INCOME_GRP": "5. Low income", "FIPS_10": "NP", "ISO_A2": "NP", "ISO_A2_EH": "NP", "ISO_A3": "NPL", "ISO_A3_EH": "NPL", "ISO_N3": "524", "ISO_N3_EH": "524", "UN_A3": "524", "WB_A2": "NP", "WB_A3": "NPL", "WOE_ID": 23424911, "WOE_ID_EH": 23424911, "WOE_NOTE": "Exact WOE match as country", "ADM0_ISO": "NPL", "ADM0_DIFF": null, "ADM0_TLC": "NPL", "ADM0_A3_US": "NPL", "ADM0_A3_FR": "NPL", "ADM0_A3_RU": "NPL", "ADM0_A3_ES": "NPL", "ADM0_A3_CN": "NPL", "ADM0_A3_TW": "NPL", "ADM0_A3_IN": "NPL", "ADM0_A3_NP": "NPL", "ADM0_A3_PK": "NPL", "ADM0_A3_DE": "NPL", "ADM0_A3_GB": "NPL", "ADM0_A3_BR": "NPL", "ADM0_A3_IL": "NPL", "ADM0_A3_PS": "NPL", "ADM0_A3_SA": "NPL", "ADM0_A3_EG": "NPL", "ADM0_A3_MA": "NPL", "ADM0_A3_PT": "NPL", "ADM0_A3_AR": "NPL", "ADM0_A3_JP": "NPL", "ADM0_A3_KO": "NPL", "ADM0_A3_VN": "NPL", "ADM0_A3_TR": "NPL", "ADM0_A3_ID": "NPL", "ADM0_A3_PL": "NPL", "ADM0_A3_GR": "NPL", "ADM0_A3_IT": "NPL", "ADM0_A3_NL": "NPL", "ADM0_A3_SE": "NPL", "ADM0_A3_BD": "NPL", "ADM0_A3_UA": "NPL", "ADM0_A3_UN": -99, "ADM0_A3_WB": -99, "CONTINENT": "Asia", "REGION_UN": "Asia", "SUBREGION": "Southern Asia", "REGION_WB": "South Asia", "NAME_LEN": 5, "LONG_LEN": 5, "ABBREV_LEN": 5, "TINY": -99, "HOMEPART": 1, "MIN_ZOOM": 0, "MIN_LABEL": 3, "MAX_LABEL": 8, "LABEL_X": 83.639914, "LABEL_Y": 28.297925, "NE_ID": 1159321121, "WIKIDATAID": "Q837", "NAME_AR": "\u0646\u064a\u0628\u0627\u0644", "NAME_BN": "\u09a8\u09c7\u09aa\u09be\u09b2", "NAME_DE": "Nepal", "NAME_EN": "Nepal", "NAME_ES": "Nepal", "NAME_FA": "\u0646\u067e\u0627\u0644", "NAME_FR": "N\u00e9pal", "NAME_EL": "\u039d\u03b5\u03c0\u03ac\u03bb", "NAME_HE": "\u05e0\u05e4\u05d0\u05dc", "NAME_HI": "\u0928\u0947\u092a\u093e\u0932", "NAME_HU": "Nep\u00e1l", "NAME_ID": "Nepal", "NAME_IT": "Nepal", "NAME_JA": "\u30cd\u30d1\u30fc\u30eb", "NAME_KO": "\ub124\ud314", "NAME_NL": "Nepal", "NAME_PL": "Nepal", "NAME_PT": "Nepal", "NAME_RU": "\u041d\u0435\u043f\u0430\u043b", "NAME_SV": "Nepal", "NAME_TR": "Nepal", "NAME_UK": "\u041d\u0435\u043f\u0430\u043b", "NAME_UR": "\u0646\u06cc\u067e\u0627\u0644", "NAME_VI": "Nepal", "NAME_ZH": "\u5c3c\u6cca\u5c14", "NAME_ZHT": "\u5c3c\u6cca\u723e", "FCLASS_ISO": "Admin-0 country", "TLC_DIFF": null, "FCLASS_TLC": "Admin-0 country", "FCLASS_US": null, "FCLASS_FR": null, "FCLASS_RU": null, "FCLASS_ES": null, "FCLASS_CN": null, "FCLASS_TW": null, "FCLASS_IN": null, "FCLASS_NP": null, "FCLASS_PK": null, "FCLASS_DE": null, "FCLASS_GB": null, "FCLASS_BR": null, "FCLASS_IL": null, "FCLASS_PS": null, "FCLASS_SA": null, "FCLASS_EG": null, "FCLASS_MA": null, "FCLASS_PT": null, "FCLASS_AR": null, "FCLASS_JP": null, "FCLASS_KO": null, "FCLASS_VN": null, "FCLASS_TR": null, "FCLASS_ID": null, "FCLASS_PL": null, "FCLASS_GR": null, "FCLASS_IT": null, "FCLASS_NL": null, "FCLASS_SE": null, "FCLASS_BD": null, "FCLASS_UA": null, "cartogram_scale": 0.3, "dc_count": 0, "dc_code": "OTHER"}, "geometry": {"type": "Polygon", "coordinates": [[[85.6272, 28.1094], [85.604, 27.9801], [85.6435, 27.7895], [85.6091, 27.6708], [85.3593, 27.6658], [84.9984, 27.7357], [84.7666, 27.7643], [84.5936, 27.9169], [84.1823, 27.9558], [83.7911, 28.124], [83.5082, 28.2712], [83.2176, 28.3847], [83.3341, 28.6654], [83.5244, 28.8014], [83.6488, 28.8732], [83.8893, 28.781], [84.1922, 28.5855], [84.3608, 28.5425], [84.4614, 28.3984], [84.6945, 28.3392], [84.9381, 28.2075], [85.2774, 28.1387], [85.6272, 28.1094]]]}}, {"type": "Feature", "properties": {"featurecla": "Admin-0 country", "scalerank": 1, "LABELRANK": 2, "SOVEREIGNT": "Pakistan", "SOV_A3": "PAK", "ADM0_DIF": 0, "LEVEL": 2, "TYPE": "Sovereign country", "TLC": "1", "ADMIN": "Pakistan", "ADM0_A3": "PAK", "GEOU_DIF": 0, "GEOUNIT": "Pakistan", "GU_A3": "PAK", "SU_DIF": 0, "SUBUNIT": "Pakistan", "SU_A3": "PAK", "BRK_DIFF": 0, "NAME": "Pakistan", "NAME_LONG": "Pakistan", "BRK_A3": "PAK", "BRK_NAME": "Pakistan", "BRK_GROUP": null, "ABBREV": "Pak.", "POSTAL": "PK", "FORMAL_EN": "Islamic Republic of Pakistan", "FORMAL_FR": null, "NAME_CIAWF": "Pakistan", "NOTE_ADM0": null, "NOTE_BRK": null, "NAME_SORT": "Pakistan", "NAME_ALT": null, "MAPCOLOR7": 2, "MAPCOLOR8": 2, "MAPCOLOR9": 3, "MAPCOLOR13": 11, "POP_EST": 216565318, "POP_RANK": 17, "POP_YEAR": 2019, "GDP_MD": 278221, "GDP_YEAR": 2019, "ECONOMY": "5. Emerging region: G20", "INCOME_GRP": "4. Lower middle income", "FIPS_10": "PK", "ISO_A2": "PK", "ISO_A2_EH": "PK", "ISO_A3": "PAK", "ISO_A3_EH": "PAK", "ISO_N3": "586", "ISO_N3_EH": "586", "UN_A3": "586", "WB_A2": "PK", "WB_A3": "PAK", "WOE_ID": 23424922, "WOE_ID_EH": 23424922, "WOE_NOTE": "Exact WOE match as country", "ADM0_ISO": "PAK", "ADM0_DIFF": null, "ADM0_TLC": "PAK", "ADM0_A3_US": "PAK", "ADM0_A3_FR": "PAK", "ADM0_A3_RU": "PAK", "ADM0_A3_ES": "PAK", "ADM0_A3_CN": "PAK", "ADM0_A3_TW": "PAK", "ADM0_A3_IN": "PAK", "ADM0_A3_NP": "PAK", "ADM0_A3_PK": "PAK", "ADM0_A3_DE": "PAK", "ADM0_A3_GB": "PAK", "ADM0_A3_BR": "PAK", "ADM0_A3_IL": "PAK", "ADM0_A3_PS": "PAK", "ADM0_A3_SA": "PAK", "ADM0_A3_EG": "PAK", "ADM0_A3_MA": "PAK", "ADM0_A3_PT": "PAK", "ADM0_A3_AR": "PAK", "ADM0_A3_JP": "PAK", "ADM0_A3_KO": "PAK", "ADM0_A3_VN": "PAK", "ADM0_A3_TR": "PAK", "ADM0_A3_ID": "PAK", "ADM0_A3_PL": "PAK", "ADM0_A3_GR": "PAK", "ADM0_A3_IT": "PAK", "ADM0_A3_NL": "PAK", "ADM0_A3_SE": "PAK", "ADM0_A3_BD": "PAK", "ADM0_A3_UA": "PAK", "ADM0_A3_UN": -99, "ADM0_A3_WB": -99, "CONTINENT": "Asia", "REGION_UN": "Asia", "SUBREGION": "Southern Asia", "REGION_WB": "South Asia", "NAME_LEN": 8, "LONG_LEN": 8, "ABBREV_LEN": 4, "TINY": -99, "HOMEPART": 1, "MIN_ZOOM": 0, "MIN_LABEL": 2.7, "MAX_LABEL": 7, "LABEL_X": 68.545632, "LABEL_Y": 29.328389, "NE_ID": 1159321153, "WIKIDATAID": "Q843", "NAME_AR": "\u0628\u0627\u0643\u0633\u062a\u0627\u0646", "NAME_BN": "\u09aa\u09be\u0995\u09bf\u09b8\u09cd\u09a4\u09be\u09a8", "NAME_DE": "Pakistan", "NAME_EN": "Pakistan", "NAME_ES": "Pakist\u00e1n", "NAME_FA": "\u067e\u0627\u06a9\u0633\u062a\u0627\u0646", "NAME_FR": "Pakistan", "NAME_EL": "\u03a0\u03b1\u03ba\u03b9\u03c3\u03c4\u03ac\u03bd", "NAME_HE": "\u05e4\u05e7\u05d9\u05e1\u05d8\u05df", "NAME_HI": "\u092a\u093e\u0915\u093f\u0938\u094d\u0924\u093e\u0928", "NAME_HU": "Pakiszt\u00e1n", "NAME_ID": "Pakistan", "NAME_IT": "Pakistan", "NAME_JA": "\u30d1\u30ad\u30b9\u30bf\u30f3", "NAME_KO": "\ud30c\ud0a4\uc2a4\ud0c4", "NAME_NL": "Pakistan", "NAME_PL": "Pakistan", "NAME_PT": "Paquist\u00e3o", "NAME_RU": "\u041f\u0430\u043a\u0438\u0441\u0442\u0430\u043d", "NAME_SV": "Pakistan", "NAME_TR": "Pakistan", "NAME_UK": "\u041f\u0430\u043a\u0438\u0441\u0442\u0430\u043d", "NAME_UR": "\u067e\u0627\u06a9\u0633\u062a\u0627\u0646", "NAME_VI": "Pakistan", "NAME_ZH": "\u5df4\u57fa\u65af\u5766", "NAME_ZHT": "\u5df4\u57fa\u65af\u5766", "FCLASS_ISO": "Admin-0 country", "TLC_DIFF": null, "FCLASS_TLC": "Admin-0 country", "FCLASS_US": null, "FCLASS_FR": null, "FCLASS_RU": null, "FCLASS_ES": null, "FCLASS_CN": null, "FCLASS_TW": null, "FCLASS_IN": null, "FCLASS_NP": null, "FCLASS_PK": null, "FCLASS_DE": null, "FCLASS_GB": null, "FCLASS_BR": null, "FCLASS_IL": null, "FCLASS_PS": null, "FCLASS_SA": null, "FCLASS_EG": null, "FCLASS_MA": null, "FCLASS_PT": null, "FCLASS_AR": null, "FCLASS_JP": null, "FCLASS_KO": null, "FCLASS_VN": null, "FCLASS_TR": null, "FCLASS_ID": null, "FCLASS_PL": null, "FCLASS_GR": null, "FCLASS_IT": null, "FCLASS_NL": null, "FCLASS_SE": null, "FCLASS_BD": null, "FCLASS_UA": null, "cartogram_scale": 0.45, "dc_count": 4, "dc_code": "PAK"}, "geometry": {"type": "Polygon", "coordinates": [[[73.2208, 32.907], [72.7862, 32.5288], [72.2846, 32.4619], [71.6021, 32.5717], [71.3814, 32.3777], [71.5409, 31.9834], [71.6972, 31.6789], [72.0603, 31.4567], [71.6766, 31.1964], [71.6836, 30.8756], [71.2467, 30.4241], [70.9646, 29.9674], [70.4939, 29.4956], [69.9714, 29.5299], [69.4754, 29.0581], [69.77, 28.8561], [69.8213, 28.5097], [70.0741, 28.2815], [70.1634, 27.8951], [69.1731, 27.8963], [68.8735, 27.5961], [68.5436, 27.7099], [68.4094, 28.0333], [68.0617, 28.376], [67.2326, 28.2914], [66.5015, 28.283], [65.8678, 28.2199], [66.0373, 28.7427], [66.6864, 28.9752], [66.6492, 29.1824], [66.4339, 29.2552], [66.4215, 29.6516], [65.9913, 29.8494], [65.8101, 30.1212], [65.5874, 30.3579], [66.3414, 30.1281], [66.7916, 30.1955], [67.0606, 30.1381], [67.1516, 30.2367], [67.465, 30.1972], [68.0499, 30.3843], [68.0656, 30.7672], [68.3165, 31.0219], [68.6515, 31.0211], [68.7007, 31.147], [69.0446, 31.2057], [69.211, 31.1638], [69.387, 31.2903], [69.3621, 31.5606], [69.5532, 31.8322], [69.8396, 31.9461], [69.6627, 32.2438], [70.0908, 32.2297], [70.2145, 32.3917], [70.1957, 32.5646], [70.4198, 32.7537], [70.3684, 32.9775], [70.262, 33.1682], [70.5248, 33.3642], [71.008, 33.4587], [71.5244, 33.511], [71.7531, 33.5941], [72.0151, 33.6446], [72.3476, 33.4348], [72.4807, 33.089], [73.2208, 32.907]]]}}, {"type": "Feature", "properties": {"featurecla": "Admin-0 country", "scalerank": 1, "LABELRANK": 3, "SOVEREIGNT": "Afghanistan", "SOV_A3": "AFG", "ADM0_DIF": 0, "LEVEL": 2, "TYPE": "Sovereign country", "TLC": "1", "ADMIN": "Afghanistan", "ADM0_A3": "AFG", "GEOU_DIF": 0, "GEOUNIT": "Afghanistan", "GU_A3": "AFG", "SU_DIF": 0, "SUBUNIT": "Afghanistan", "SU_A3": "AFG", "BRK_DIFF": 0, "NAME": "Afghanistan", "NAME_LONG": "Afghanistan", "BRK_A3": "AFG", "BRK_NAME": "Afghanistan", "BRK_GROUP": null, "ABBREV": "Afg.", "POSTAL": "AF", "FORMAL_EN": "Islamic State of Afghanistan", "FORMAL_FR": null, "NAME_CIAWF": "Afghanistan", "NOTE_ADM0": null, "NOTE_BRK": null, "NAME_SORT": "Afghanistan", "NAME_ALT": null, "MAPCOLOR7": 5, "MAPCOLOR8": 6, "MAPCOLOR9": 8, "MAPCOLOR13": 7, "POP_EST": 38041754, "POP_RANK": 15, "POP_YEAR": 2019, "GDP_MD": 19291, "GDP_YEAR": 2019, "ECONOMY": "7. Least developed region", "INCOME_GRP": "5. Low income", "FIPS_10": "AF", "ISO_A2": "AF", "ISO_A2_EH": "AF", "ISO_A3": "AFG", "ISO_A3_EH": "AFG", "ISO_N3": "004", "ISO_N3_EH": "004", "UN_A3": "004", "WB_A2": "AF", "WB_A3": "AFG", "WOE_ID": 23424739, "WOE_ID_EH": 23424739, "WOE_NOTE": "Exact WOE match as country", "ADM0_ISO": "AFG", "ADM0_DIFF": null, "ADM0_TLC": "AFG", "ADM0_A3_US": "AFG", "ADM0_A3_FR": "AFG", "ADM0_A3_RU": "AFG", "ADM0_A3_ES": "AFG", "ADM0_A3_CN": "AFG", "ADM0_A3_TW": "AFG", "ADM0_A3_IN": "AFG", "ADM0_A3_NP": "AFG", "ADM0_A3_PK": "AFG", "ADM0_A3_DE": "AFG", "ADM0_A3_GB": "AFG", "ADM0_A3_BR": "AFG", "ADM0_A3_IL": "AFG", "ADM0_A3_PS": "AFG", "ADM0_A3_SA": "AFG", "ADM0_A3_EG": "AFG", "ADM0_A3_MA": "AFG", "ADM0_A3_PT": "AFG", "ADM0_A3_AR": "AFG", "ADM0_A3_JP": "AFG", "ADM0_A3_KO": "AFG", "ADM0_A3_VN": "AFG", "ADM0_A3_TR": "AFG", "ADM0_A3_ID": "AFG", "ADM0_A3_PL": "AFG", "ADM0_A3_GR": "AFG", "ADM0_A3_IT": "AFG", "ADM0_A3_NL": "AFG", "ADM0_A3_SE": "AFG", "ADM0_A3_BD": "AFG", "ADM0_A3_UA": "AFG", "ADM0_A3_UN": -99, "ADM0_A3_WB": -99, "CONTINENT": "Asia", "REGION_UN": "Asia", "SUBREGION": "Southern Asia", "REGION_WB": "South Asia", "NAME_LEN": 11, "LONG_LEN": 11, "ABBREV_LEN": 4, "TINY": -99, "HOMEPART": 1, "MIN_ZOOM": 0, "MIN_LABEL": 3, "MAX_LABEL": 7, "LABEL_X": 66.496586, "LABEL_Y": 34.164262, "NE_ID": 1159320319, "WIKIDATAID": "Q889", "NAME_AR": "\u0623\u0641\u063a\u0627\u0646\u0633\u062a\u0627\u0646", "NAME_BN": "\u0986\u09ab\u0997\u09be\u09a8\u09bf\u09b8\u09cd\u09a4\u09be\u09a8", "NAME_DE": "Afghanistan", "NAME_EN": "Afghanistan", "NAME_ES": "Afganist\u00e1n", "NAME_FA": "\u0627\u0641\u063a\u0627\u0646\u0633\u062a\u0627\u0646", "NAME_FR": "Afghanistan", "NAME_EL": "\u0391\u03c6\u03b3\u03b1\u03bd\u03b9\u03c3\u03c4\u03ac\u03bd", "NAME_HE": "\u05d0\u05e4\u05d2\u05e0\u05d9\u05e1\u05d8\u05df", "NAME_HI": "\u0905\u092b\u093c\u094d\u0917\u093e\u0928\u093f\u0938\u094d\u0924\u093e\u0928", "NAME_HU": "Afganiszt\u00e1n", "NAME_ID": "Afganistan", "NAME_IT": "Afghanistan", "NAME_JA": "\u30a2\u30d5\u30ac\u30cb\u30b9\u30bf\u30f3", "NAME_KO": "\uc544\ud504\uac00\ub2c8\uc2a4\ud0c4", "NAME_NL": "Afghanistan", "NAME_PL": "Afganistan", "NAME_PT": "Afeganist\u00e3o", "NAME_RU": "\u0410\u0444\u0433\u0430\u043d\u0438\u0441\u0442\u0430\u043d", "NAME_SV": "Afghanistan", "NAME_TR": "Afganistan", "NAME_UK": "\u0410\u0444\u0433\u0430\u043d\u0456\u0441\u0442\u0430\u043d", "NAME_UR": "\u0627\u0641\u063a\u0627\u0646\u0633\u062a\u0627\u0646", "NAME_VI": "Afghanistan", "NAME_ZH": "\u963f\u5bcc\u6c57", "NAME_ZHT": "\u963f\u5bcc\u6c57", "FCLASS_ISO": "Admin-0 country", "TLC_DIFF": null, "FCLASS_TLC": "Admin-0 country", "FCLASS_US": null, "FCLASS_FR": null, "FCLASS_RU": null, "FCLASS_ES": null, "FCLASS_CN": null, "FCLASS_TW": null, "FCLASS_IN": null, "FCLASS_NP": null, "FCLASS_PK": null, "FCLASS_DE": null, "FCLASS_GB": null, "FCLASS_BR": null, "FCLASS_IL": null, "FCLASS_PS": null, "FCLASS_SA": null, "FCLASS_EG": null, "FCLASS_MA": null, "FCLASS_PT": null, "FCLASS_AR": null, "FCLASS_JP": null, "FCLASS_KO": null, "FCLASS_VN": null, "FCLASS_TR": null, "FCLASS_ID": null, "FCLASS_PL": null, "FCLASS_GR": null, "FCLASS_IT": null, "FCLASS_NL": null, "FCLASS_SE": null, "FCLASS_BD": null, "FCLASS_UA": null, "cartogram_scale": 0.3, "dc_count": 0, "dc_code": "OTHER"}, "geometry": {"type": "Polygon", "coordinates": [[[67.3932, 35.5888], [67.5603, 35.5868], [67.7866, 35.5234], [67.8783, 35.4869], [68.0954, 35.5832], [68.1965, 35.5253], [68.2932, 35.6626], [68.4726, 35.6564], [68.5188, 35.7005], [68.5505, 35.8215], [68.6797, 35.9258], [68.842, 35.8576], [68.8094, 35.7659], [68.9002, 35.7517], [68.8722, 35.4996], [68.991, 35.4014], [69.0955, 35.4644], [69.2287, 35.4942], [69.4156, 35.6285], [69.6222, 35.6064], [69.9316, 35.6059], [69.985, 35.5198], [69.8104, 35.4862], [69.6579, 35.4308], [69.3136, 35.3959], [68.9915, 35.3329], [68.8163, 35.2022], [68.8872, 35.0751], [68.9215, 34.9259], [68.7721, 34.7999], [68.7846, 34.6846], [68.7021, 34.5766], [68.4168, 34.586], [68.5347, 34.3875], [68.3438, 34.3116], [68.2164, 34.1305], [68.2329, 33.9504], [68.1156, 33.866], [68.0047, 33.8939], [67.7754, 33.8548], [67.7426, 33.7709], [67.5193, 33.7714], [67.352, 33.6016], [67.3415, 33.3463], [66.9517, 33.2216], [66.7427, 33.2479], [66.682, 33.1822], [66.5027, 33.2204], [66.2026, 33.1755], [65.6999, 33.3287], [65.972, 33.6007], [65.9474, 33.7938], [65.7202, 33.8444], [65.6967, 34.0348], [65.5984, 34.2743], [65.7267, 34.4386], [65.5961, 34.4829], [65.6786, 34.7012], [65.8009, 35.075], [66.1068, 34.9611], [66.333, 35.0011], [66.3957, 35.1371], [66.6325, 35.1823], [66.8016, 35.2736], [66.8614, 35.5135], [67.1143, 35.5715], [67.1613, 35.6783], [67.3028, 35.5981], [67.3932, 35.5888]]]}}, {"type": "Feature", "properties": {"featurecla": "Admin-0 country", "scalerank": 1, "LABELRANK": 4, "SOVEREIGNT": "Tajikistan", "SOV_A3": "TJK", "ADM0_DIF": 0, "LEVEL": 2, "TYPE": "Sovereign country", "TLC": "1", "ADMIN": "Tajikistan", "ADM0_A3": "TJK", "GEOU_DIF": 0, "GEOUNIT": "Tajikistan", "GU_A3": "TJK", "SU_DIF": 0, "SUBUNIT": "Tajikistan", "SU_A3": "TJK", "BRK_DIFF": 0, "NAME": "Tajikistan", "NAME_LONG": "Tajikistan", "BRK_A3": "TJK", "BRK_NAME": "Tajikistan", "BRK_GROUP": null, "ABBREV": "Tjk.", "POSTAL": "TJ", "FORMAL_EN": "Republic of Tajikistan", "FORMAL_FR": null, "NAME_CIAWF": "Tajikistan", "NOTE_ADM0": null, "NOTE_BRK": null, "NAME_SORT": "Tajikistan", "NAME_ALT": null, "MAPCOLOR7": 3, "MAPCOLOR8": 6, "MAPCOLOR9": 2, "MAPCOLOR13": 5, "POP_EST": 9321018, "POP_RANK": 13, "POP_YEAR": 2019, "GDP_MD": 8116, "GDP_YEAR": 2019, "ECONOMY": "6. Developing region", "INCOME_GRP": "5. Low income", "FIPS_10": "TI", "ISO_A2": "TJ", "ISO_A2_EH": "TJ", "ISO_A3": "TJK", "ISO_A3_EH": "TJK", "ISO_N3": "762", "ISO_N3_EH": "762", "UN_A3": "762", "WB_A2": "TJ", "WB_A3": "TJK", "WOE_ID": 23424961, "WOE_ID_EH": 23424961, "WOE_NOTE": "Exact WOE match as country", "ADM0_ISO": "TJK", "ADM0_DIFF": null, "ADM0_TLC": "TJK", "ADM0_A3_US": "TJK", "ADM0_A3_FR": "TJK", "ADM0_A3_RU": "TJK", "ADM0_A3_ES": "TJK", "ADM0_A3_CN": "TJK", "ADM0_A3_TW": "TJK", "ADM0_A3_IN": "TJK", "ADM0_A3_NP": "TJK", "ADM0_A3_PK": "TJK", "ADM0_A3_DE": "TJK", "ADM0_A3_GB": "TJK", "ADM0_A3_BR": "TJK", "ADM0_A3_IL": "TJK", "ADM0_A3_PS": "TJK", "ADM0_A3_SA": "TJK", "ADM0_A3_EG": "TJK", "ADM0_A3_MA": "TJK", "ADM0_A3_PT": "TJK", "ADM0_A3_AR": "TJK", "ADM0_A3_JP": "TJK", "ADM0_A3_KO": "TJK", "ADM0_A3_VN": "TJK", "ADM0_A3_TR": "TJK", "ADM0_A3_ID": "TJK", "ADM0_A3_PL": "TJK", "ADM0_A3_GR": "TJK", "ADM0_A3_IT": "TJK", "ADM0_A3_NL": "TJK", "ADM0_A3_SE": "TJK", "ADM0_A3_BD": "TJK", "ADM0_A3_UA": "TJK", "ADM0_A3_UN": -99, "ADM0_A3_WB": -99, "CONTINENT": "Asia", "REGION_UN": "Asia", "SUBREGION": "Central Asia", "REGION_WB": "Europe & Central Asia", "NAME_LEN": 10, "LONG_LEN": 10, "ABBREV_LEN": 4, "TINY": -99, "HOMEPART": 1, "MIN_ZOOM": 0, "MIN_LABEL": 4, "MAX_LABEL": 9, "LABEL_X": 72.587276, "LABEL_Y": 38.199835, "NE_ID": 1159321307, "WIKIDATAID": "Q863", "NAME_AR": "\u0637\u0627\u062c\u064a\u0643\u0633\u062a\u0627\u0646", "NAME_BN": "\u09a4\u09be\u099c\u09bf\u0995\u09bf\u09b8\u09cd\u09a4\u09be\u09a8", "NAME_DE": "Tadschikistan", "NAME_EN": "Tajikistan", "NAME_ES": "Tayikist\u00e1n", "NAME_FA": "\u062a\u0627\u062c\u06cc\u06a9\u0633\u062a\u0627\u0646", "NAME_FR": "Tadjikistan", "NAME_EL": "\u03a4\u03b1\u03c4\u03b6\u03b9\u03ba\u03b9\u03c3\u03c4\u03ac\u03bd", "NAME_HE": "\u05d8\u05d2\u05f3\u05d9\u05e7\u05d9\u05e1\u05d8\u05df", "NAME_HI": "\u0924\u093e\u091c\u093f\u0915\u093f\u0938\u094d\u0924\u093e\u0928", "NAME_HU": "T\u00e1dzsikiszt\u00e1n", "NAME_ID": "Tajikistan", "NAME_IT": "Tagikistan", "NAME_JA": "\u30bf\u30b8\u30ad\u30b9\u30bf\u30f3", "NAME_KO": "\ud0c0\uc9c0\ud0a4\uc2a4\ud0c4", "NAME_NL": "Tadzjikistan", "NAME_PL": "Tad\u017cykistan", "NAME_PT": "Tajiquist\u00e3o", "NAME_RU": "\u0422\u0430\u0434\u0436\u0438\u043a\u0438\u0441\u0442\u0430\u043d", "NAME_SV": "Tadzjikistan", "NAME_TR": "Tacikistan", "NAME_UK": "\u0422\u0430\u0434\u0436\u0438\u043a\u0438\u0441\u0442\u0430\u043d", "NAME_UR": "\u062a\u0627\u062c\u06a9\u0633\u062a\u0627\u0646", "NAME_VI": "Tajikistan", "NAME_ZH": "\u5854\u5409\u514b\u65af\u5766", "NAME_ZHT": "\u5854\u5409\u514b", "FCLASS_ISO": "Admin-0 country", "TLC_DIFF": null, "FCLASS_TLC": "Admin-0 country", "FCLASS_US": null, "FCLASS_FR": null, "FCLASS_RU": null, "FCLASS_ES": null, "FCLASS_CN": null, "FCLASS_TW": null, "FCLASS_IN": null, "FCLASS_NP": null, "FCLASS_PK": null, "FCLASS_DE": null, "FCLASS_GB": null, "FCLASS_BR": null, "FCLASS_IL": null, "FCLASS_PS": null, "FCLASS_SA": null, "FCLASS_EG": null, "FCLASS_MA": null, "FCLASS_PT": null, "FCLASS_AR": null, "FCLASS_JP": null, "FCLASS_KO": null, "FCLASS_VN": null, "FCLASS_TR": null, "FCLASS_ID": null, "FCLASS_PL": null, "FCLASS_GR": null, "FCLASS_IT": null, "FCLASS_NL": null, "FCLASS_SE": null, "FCLASS_BD": null, "FCLASS_UA": null, "cartogram_scale": 0.3, "dc_count": 0, "dc_code": "OTHER"}, "geometry": {"type": "Polygon", "coordinates": [[[69.9, 38.1025], [70.0686, 38.4061], [70.0038, 38.6295], [69.7837, 38.7011], [69.8615, 38.8332], [70.112, 38.8191], [70.2545, 38.9849], [70.3499, 39.1774], [70.751, 39.2471], [70.6885, 39.108], [70.7314, 39.0246], [70.8553, 39.0323], [70.7454, 38.9397], [70.4189, 38.99], [70.3905, 38.817], [70.7158, 38.8403], [71.0864, 38.7429], [71.6536, 38.7884], [71.7297, 38.5108], [71.8283, 38.541], [72.0105, 38.4727], [72.0, 38.356], [72.045, 38.185], [71.7356, 38.1855], [71.529, 38.2076], [71.3421, 38.0733], [71.2089, 38.0435], [71.1044, 37.9805], [70.9856, 38.0787], [71.0136, 38.3307], [70.9228, 38.345], [70.9555, 38.4367], [70.7931, 38.5049], [70.6639, 38.4005], [70.6322, 38.2796], [70.586, 38.2355], [70.4067, 38.2417], [70.3099, 38.1044], [70.2089, 38.1623], [69.9917, 38.0659], [69.9, 38.1025]]]}}, {"type": "Feature", "properties": {"featurecla": "Admin-0 country", "scalerank": 1, "LABELRANK": 4, "SOVEREIGNT": "Kyrgyzstan", "SOV_A3": "KGZ", "ADM0_DIF": 0, "LEVEL": 2, "TYPE": "Sovereign country", "TLC": "1", "ADMIN": "Kyrgyzstan", "ADM0_A3": "KGZ", "GEOU_DIF": 0, "GEOUNIT": "Kyrgyzstan", "GU_A3": "KGZ", "SU_DIF": 0, "SUBUNIT": "Kyrgyzstan", "SU_A3": "KGZ", "BRK_DIFF": 0, "NAME": "Kyrgyzstan", "NAME_LONG": "Kyrgyzstan", "BRK_A3": "KGZ", "BRK_NAME": "Kyrgyzstan", "BRK_GROUP": null, "ABBREV": "Kgz.", "POSTAL": "KG", "FORMAL_EN": "Kyrgyz Republic", "FORMAL_FR": null, "NAME_CIAWF": "Kyrgyzstan", "NOTE_ADM0": null, "NOTE_BRK": null, "NAME_SORT": "Kyrgyz Republic", "NAME_ALT": null, "MAPCOLOR7": 5, "MAPCOLOR8": 7, "MAPCOLOR9": 7, "MAPCOLOR13": 6, "POP_EST": 6456900, "POP_RANK": 13, "POP_YEAR": 2019, "GDP_MD": 8454, "GDP_YEAR": 2019, "ECONOMY": "6. Developing region", "INCOME_GRP": "5. Low income", "FIPS_10": "KG", "ISO_A2": "KG", "ISO_A2_EH": "KG", "ISO_A3": "KGZ", "ISO_A3_EH": "KGZ", "ISO_N3": "417", "ISO_N3_EH": "417", "UN_A3": "417", "WB_A2": "KG", "WB_A3": "KGZ", "WOE_ID": 23424864, "WOE_ID_EH": 23424864, "WOE_NOTE": "Exact WOE match as country", "ADM0_ISO": "KGZ", "ADM0_DIFF": null, "ADM0_TLC": "KGZ", "ADM0_A3_US": "KGZ", "ADM0_A3_FR": "KGZ", "ADM0_A3_RU": "KGZ", "ADM0_A3_ES": "KGZ", "ADM0_A3_CN": "KGZ", "ADM0_A3_TW": "KGZ", "ADM0_A3_IN": "KGZ", "ADM0_A3_NP": "KGZ", "ADM0_A3_PK": "KGZ", "ADM0_A3_DE": "KGZ", "ADM0_A3_GB": "KGZ", "ADM0_A3_BR": "KGZ", "ADM0_A3_IL": "KGZ", "ADM0_A3_PS": "KGZ", "ADM0_A3_SA": "KGZ", "ADM0_A3_EG": "KGZ", "ADM0_A3_MA": "KGZ", "ADM0_A3_PT": "KGZ", "ADM0_A3_AR": "KGZ", "ADM0_A3_JP": "KGZ", "ADM0_A3_KO": "KGZ", "ADM0_A3_VN": "KGZ", "ADM0_A3_TR": "KGZ", "ADM0_A3_ID": "KGZ", "ADM0_A3_PL": "KGZ", "ADM0_A3_GR": "KGZ", "ADM0_A3_IT": "KGZ", "ADM0_A3_NL": "KGZ", "ADM0_A3_SE": "KGZ", "ADM0_A3_BD": "KGZ", "ADM0_A3_UA": "KGZ", "ADM0_A3_UN": -99, "ADM0_A3_WB": -99, "CONTINENT": "Asia", "REGION_UN": "Asia", "SUBREGION": "Central Asia", "REGION_WB": "Europe & Central Asia", "NAME_LEN": 10, "LONG_LEN": 10, "ABBREV_LEN": 4, "TINY": -99, "HOMEPART": 1, "MIN_ZOOM": 0, "MIN_LABEL": 3, "MAX_LABEL": 8, "LABEL_X": 74.532637, "LABEL_Y": 41.66854, "NE_ID": 1159320977, "WIKIDATAID": "Q813", "NAME_AR": "\u0642\u064a\u0631\u063a\u064a\u0632\u0633\u062a\u0627\u0646", "NAME_BN": "\u0995\u09bf\u09b0\u0997\u09bf\u099c\u09b8\u09cd\u09a4\u09be\u09a8", "NAME_DE": "Kirgisistan", "NAME_EN": "Kyrgyzstan", "NAME_ES": "Kirguist\u00e1n", "NAME_FA": "\u0642\u0631\u0642\u06cc\u0632\u0633\u062a\u0627\u0646", "NAME_FR": "Kirghizistan", "NAME_EL": "\u039a\u03b9\u03c1\u03b3\u03b9\u03b6\u03af\u03b1", "NAME_HE": "\u05e7\u05d9\u05e8\u05d2\u05d9\u05d6\u05e1\u05d8\u05df", "NAME_HI": "\u0915\u093f\u0930\u094d\u0917\u093f\u091c\u093c\u0938\u094d\u0924\u093e\u0928", "NAME_HU": "Kirgiziszt\u00e1n", "NAME_ID": "Kirgizstan", "NAME_IT": "Kirghizistan", "NAME_JA": "\u30ad\u30eb\u30ae\u30b9", "NAME_KO": "\ud0a4\ub974\uae30\uc2a4\uc2a4\ud0c4", "NAME_NL": "Kirgizi\u00eb", "NAME_PL": "Kirgistan", "NAME_PT": "Quirguist\u00e3o", "NAME_RU": "\u041a\u0438\u0440\u0433\u0438\u0437\u0438\u044f", "NAME_SV": "Kirgizistan", "NAME_TR": "K\u0131rg\u0131zistan", "NAME_UK": "\u041a\u0438\u0440\u0433\u0438\u0437\u0441\u0442\u0430\u043d", "NAME_UR": "\u06a9\u0631\u063a\u06cc\u0632\u0633\u062a\u0627\u0646", "NAME_VI": "Kyrgyzstan", "NAME_ZH": "\u5409\u5c14\u5409\u65af\u65af\u5766", "NAME_ZHT": "\u5409\u723e\u5409\u65af", "FCLASS_ISO": "Admin-0 country", "TLC_DIFF": null, "FCLASS_TLC": "Admin-0 country", "FCLASS_US": null, "FCLASS_FR": null, "FCLASS_RU": null, "FCLASS_ES": null, "FCLASS_CN": null, "FCLASS_TW": null, "FCLASS_IN": null, "FCLASS_NP": null, "FCLASS_PK": null, "FCLASS_DE": null, "FCLASS_GB": null, "FCLASS_BR": null, "FCLASS_IL": null, "FCLASS_PS": null, "FCLASS_SA": null, "FCLASS_EG": null, "FCLASS_MA": null, "FCLASS_PT": null, "FCLASS_AR": null, "FCLASS_JP": null, "FCLASS_KO": null, "FCLASS_VN": null, "FCLASS_TR": null, "FCLASS_ID": null, "FCLASS_PL": null, "FCLASS_GR": null, "FCLASS_IT": null, "FCLASS_NL": null, "FCLASS_SE": null, "FCLASS_BD": null, "FCLASS_UA": null, "cartogram_scale": 0.3, "dc_count": 0, "dc_code": "OTHER"}, "geometry": {"type": "Polygon", "coordinates": [[[73.0724, 41.6345], [73.1396, 41.7659], [73.3371, 41.8082], [73.8307, 41.7049], [73.8773, 41.882], [74.0476, 41.9441], [74.4748, 41.818], [74.5838, 41.851], [75.0812, 41.8428], [75.5264, 41.8115], [75.6768, 41.7036], [75.8617, 41.6596], [75.8196, 41.5918], [75.3468, 41.4293], [75.2399, 41.3102], [74.8551, 41.2746], [74.7416, 41.083], [74.4241, 41.1232], [74.2168, 41.0646], [73.9304, 40.9228], [73.9717, 40.8526], [73.8863, 40.784], [73.3191, 40.7385], [72.9485, 40.8359], [72.6232, 40.8126], [72.6516, 40.9856], [72.9781, 40.9354], [73.088, 41.0279], [73.3162, 40.9984], [73.7004, 41.2144], [73.3448, 41.3725], [73.1311, 41.2977], [72.9097, 41.4106], [73.1615, 41.6049], [73.0724, 41.6345]]]}}, {"type": "Feature", "properties": {"featurecla": "Admin-0 country", "scalerank": 1, "LABELRANK": 4, "SOVEREIGNT": "Turkmenistan", "SOV_A3": "TKM", "ADM0_DIF": 0, "LEVEL": 2, "TYPE": "Sovereign country", "TLC": "1", "ADMIN": "Turkmenistan", "ADM0_A3": "TKM", "GEOU_DIF": 0, "GEOUNIT": "Turkmenistan", "GU_A3": "TKM", "SU_DIF": 0, "SUBUNIT": "Turkmenistan", "SU_A3": "TKM", "BRK_DIFF": 0, "NAME": "Turkmenistan", "NAME_LONG": "Turkmenistan", "BRK_A3": "TKM", "BRK_NAME": "Turkmenistan", "BRK_GROUP": null, "ABBREV": "Turkm.", "POSTAL": "TM", "FORMAL_EN": "Turkmenistan", "FORMAL_FR": null, "NAME_CIAWF": "Turkmenistan", "NOTE_ADM0": null, "NOTE_BRK": null, "NAME_SORT": "Turkmenistan", "NAME_ALT": null, "MAPCOLOR7": 3, "MAPCOLOR8": 2, "MAPCOLOR9": 1, "MAPCOLOR13": 9, "POP_EST": 5942089, "POP_RANK": 13, "POP_YEAR": 2019, "GDP_MD": 40761, "GDP_YEAR": 2018, "ECONOMY": "6. Developing region", "INCOME_GRP": "3. Upper middle income", "FIPS_10": "TX", "ISO_A2": "TM", "ISO_A2_EH": "TM", "ISO_A3": "TKM", "ISO_A3_EH": "TKM", "ISO_N3": "795", "ISO_N3_EH": "795", "UN_A3": "795", "WB_A2": "TM", "WB_A3": "TKM", "WOE_ID": 23424972, "WOE_ID_EH": 23424972, "WOE_NOTE": "Exact WOE match as country", "ADM0_ISO": "TKM", "ADM0_DIFF": null, "ADM0_TLC": "TKM", "ADM0_A3_US": "TKM", "ADM0_A3_FR": "TKM", "ADM0_A3_RU": "TKM", "ADM0_A3_ES": "TKM", "ADM0_A3_CN": "TKM", "ADM0_A3_TW": "TKM", "ADM0_A3_IN": "TKM", "ADM0_A3_NP": "TKM", "ADM0_A3_PK": "TKM", "ADM0_A3_DE": "TKM", "ADM0_A3_GB": "TKM", "ADM0_A3_BR": "TKM", "ADM0_A3_IL": "TKM", "ADM0_A3_PS": "TKM", "ADM0_A3_SA": "TKM", "ADM0_A3_EG": "TKM", "ADM0_A3_MA": "TKM", "ADM0_A3_PT": "TKM", "ADM0_A3_AR": "TKM", "ADM0_A3_JP": "TKM", "ADM0_A3_KO": "TKM", "ADM0_A3_VN": "TKM", "ADM0_A3_TR": "TKM", "ADM0_A3_ID": "TKM", "ADM0_A3_PL": "TKM", "ADM0_A3_GR": "TKM", "ADM0_A3_IT": "TKM", "ADM0_A3_NL": "TKM", "ADM0_A3_SE": "TKM", "ADM0_A3_BD": "TKM", "ADM0_A3_UA": "TKM", "ADM0_A3_UN": -99, "ADM0_A3_WB": -99, "CONTINENT": "Asia", "REGION_UN": "Asia", "SUBREGION": "Central Asia", "REGION_WB": "Europe & Central Asia", "NAME_LEN": 12, "LONG_LEN": 12, "ABBREV_LEN": 6, "TINY": -99, "HOMEPART": 1, "MIN_ZOOM": 0, "MIN_LABEL": 3, "MAX_LABEL": 8, "LABEL_X": 58.676647, "LABEL_Y": 39.855246, "NE_ID": 1159321309, "WIKIDATAID": "Q874", "NAME_AR": "\u062a\u0631\u0643\u0645\u0627\u0646\u0633\u062a\u0627\u0646", "NAME_BN": "\u09a4\u09c1\u09b0\u09cd\u0995\u09ae\u09c7\u09a8\u09bf\u09b8\u09cd\u09a4\u09be\u09a8", "NAME_DE": "Turkmenistan", "NAME_EN": "Turkmenistan", "NAME_ES": "Turkmenist\u00e1n", "NAME_FA": "\u062a\u0631\u06a9\u0645\u0646\u0633\u062a\u0627\u0646", "NAME_FR": "Turkm\u00e9nistan", "NAME_EL": "\u03a4\u03bf\u03c5\u03c1\u03ba\u03bc\u03b5\u03bd\u03b9\u03c3\u03c4\u03ac\u03bd", "NAME_HE": "\u05d8\u05d5\u05e8\u05e7\u05de\u05e0\u05d9\u05e1\u05d8\u05df", "NAME_HI": "\u0924\u0941\u0930\u094d\u0915\u092e\u0947\u0928\u093f\u0938\u094d\u0924\u093e\u0928", "NAME_HU": "T\u00fcrkmeniszt\u00e1n", "NAME_ID": "Turkmenistan", "NAME_IT": "Turkmenistan", "NAME_JA": "\u30c8\u30eb\u30af\u30e1\u30cb\u30b9\u30bf\u30f3", "NAME_KO": "\ud22c\ub974\ud06c\uba54\ub2c8\uc2a4\ud0c4", "NAME_NL": "Turkmenistan", "NAME_PL": "Turkmenistan", "NAME_PT": "Turquemenist\u00e3o", "NAME_RU": "\u0422\u0443\u0440\u043a\u043c\u0435\u043d\u0438\u044f", "NAME_SV": "Turkmenistan", "NAME_TR": "T\u00fcrkmenistan", "NAME_UK": "\u0422\u0443\u0440\u043a\u043c\u0435\u043d\u0456\u0441\u0442\u0430\u043d", "NAME_UR": "\u062a\u0631\u06a9\u0645\u0627\u0646\u0633\u062a\u0627\u0646", "NAME_VI": "Turkmenistan", "NAME_ZH": "\u571f\u5e93\u66fc\u65af\u5766", "NAME_ZHT": "\u571f\u5eab\u66fc", "FCLASS_ISO": "Admin-0 country", "TLC_DIFF": null, "FCLASS_TLC": "Admin-0 country", "FCLASS_US": null, "FCLASS_FR": null, "FCLASS_RU": null, "FCLASS_ES": null, "FCLASS_CN": null, "FCLASS_TW": null, "FCLASS_IN": null, "FCLASS_NP": null, "FCLASS_PK": null, "FCLASS_DE": null, "FCLASS_GB": null, "FCLASS_BR": null, "FCLASS_IL": null, "FCLASS_PS": null, "FCLASS_SA": null, "FCLASS_EG": null, "FCLASS_MA": null, "FCLASS_PT": null, "FCLASS_AR": null, "FCLASS_JP": null, "FCLASS_KO": null, "FCLASS_VN": null, "FCLASS_TR": null, "FCLASS_ID": null, "FCLASS_PL": null, "FCLASS_GR": null, "FCLASS_IT": null, "FCLASS_NL": null, "FCLASS_SE": null, "FCLASS_BD": null, "FCLASS_UA": null, "cartogram_scale": 0.3, "dc_count": 0, "dc_code": "OTHER"}, "geometry": {"type": "Polygon", "coordinates": [[[56.6706, 40.066], [56.8031, 40.1658], [57.1437, 40.2283], [57.3464, 40.1442], [57.5564, 39.909], [57.7103, 39.9236], [58.0488, 39.9277], [57.9995, 40.0788], [58.2558, 40.1822], [58.5085, 40.3565], [58.9128, 40.198], [58.9448, 39.9586], [59.0596, 39.8971], [59.384, 39.9109], [59.4847, 39.8565], [59.6321, 39.5472], [59.9752, 39.34], [60.1709, 39.1988], [60.4846, 39.0518], [60.8837, 38.9234], [60.8754, 38.7399], [60.7851, 38.7492], [60.6435, 38.8294], [60.5965, 38.7226], [60.3437, 38.6646], [60.2838, 38.4247], [60.1147, 38.3334], [59.8779, 38.2882], [59.8152, 38.1522], [59.589, 38.1122], [59.2831, 38.2261], [59.2568, 38.4785], [59.0331, 38.4893], [58.6903, 38.7549], [58.4507, 38.7877], [58.119, 38.9398], [57.9057, 38.9675], [57.774, 38.9116], [57.5733, 38.9203], [57.3599, 38.7488], [57.0963, 38.6907], [57.0405, 38.9029], [57.0841, 39.2167], [56.8502, 39.3182], [56.9272, 39.5236], [56.728, 39.5411], [56.7944, 39.794], [57.0773, 39.7203], [57.3409, 39.8163], [57.1223, 39.9964], [57.0364, 40.168], [56.7949, 40.0915], [56.7643, 39.8716], [56.6706, 40.066]]]}}, {"type": "Feature", "properties": {"featurecla": "Admin-0 country", "scalerank": 1, "LABELRANK": 2, "SOVEREIGNT": "Iran", "SOV_A3": "IRN", "ADM0_DIF": 0, "LEVEL": 2, "TYPE": "Sovereign country", "TLC": "1", "ADMIN": "Iran", "ADM0_A3": "IRN", "GEOU_DIF": 0, "GEOUNIT": "Iran", "GU_A3": "IRN", "SU_DIF": 0, "SUBUNIT": "Iran", "SU_A3": "IRN", "BRK_DIFF": 0, "NAME": "Iran", "NAME_LONG": "Iran", "BRK_A3": "IRN", "BRK_NAME": "Iran", "BRK_GROUP": null, "ABBREV": "Iran", "POSTAL": "IRN", "FORMAL_EN": "Islamic Republic of Iran", "FORMAL_FR": null, "NAME_CIAWF": "Iran", "NOTE_ADM0": null, "NOTE_BRK": null, "NAME_SORT": "Iran, Islamic Rep.", "NAME_ALT": null, "MAPCOLOR7": 4, "MAPCOLOR8": 3, "MAPCOLOR9": 4, "MAPCOLOR13": 13, "POP_EST": 82913906, "POP_RANK": 16, "POP_YEAR": 2019, "GDP_MD": 453996, "GDP_YEAR": 2018, "ECONOMY": "5. Emerging region: G20", "INCOME_GRP": "3. Upper middle income", "FIPS_10": "IR", "ISO_A2": "IR", "ISO_A2_EH": "IR", "ISO_A3": "IRN", "ISO_A3_EH": "IRN", "ISO_N3": "364", "ISO_N3_EH": "364", "UN_A3": "364", "WB_A2": "IR", "WB_A3": "IRN", "WOE_ID": 23424851, "WOE_ID_EH": 23424851, "WOE_NOTE": "Exact WOE match as country", "ADM0_ISO": "IRN", "ADM0_DIFF": null, "ADM0_TLC": "IRN", "ADM0_A3_US": "IRN", "ADM0_A3_FR": "IRN", "ADM0_A3_RU": "IRN", "ADM0_A3_ES": "IRN", "ADM0_A3_CN": "IRN", "ADM0_A3_TW": "IRN", "ADM0_A3_IN": "IRN", "ADM0_A3_NP": "IRN", "ADM0_A3_PK": "IRN", "ADM0_A3_DE": "IRN", "ADM0_A3_GB": "IRN", "ADM0_A3_BR": "IRN", "ADM0_A3_IL": "IRN", "ADM0_A3_PS": "IRN", "ADM0_A3_SA": "IRN", "ADM0_A3_EG": "IRN", "ADM0_A3_MA": "IRN", "ADM0_A3_PT": "IRN", "ADM0_A3_AR": "IRN", "ADM0_A3_JP": "IRN", "ADM0_A3_KO": "IRN", "ADM0_A3_VN": "IRN", "ADM0_A3_TR": "IRN", "ADM0_A3_ID": "IRN", "ADM0_A3_PL": "IRN", "ADM0_A3_GR": "IRN", "ADM0_A3_IT": "IRN", "ADM0_A3_NL": "IRN", "ADM0_A3_SE": "IRN", "ADM0_A3_BD": "IRN", "ADM0_A3_UA": "IRN", "ADM0_A3_UN": -99, "ADM0_A3_WB": -99, "CONTINENT": "Asia", "REGION_UN": "Asia", "SUBREGION": "Southern Asia", "REGION_WB": "Middle East & North Africa", "NAME_LEN": 4, "LONG_LEN": 4, "ABBREV_LEN": 4, "TINY": -99, "HOMEPART": 1, "MIN_ZOOM": 0, "MIN_LABEL": 2.5, "MAX_LABEL": 6.7, "LABEL_X": 54.931495, "LABEL_Y": 32.166225, "NE_ID": 1159320881, "WIKIDATAID": "Q794", "NAME_AR": "\u0625\u064a\u0631\u0627\u0646", "NAME_BN": "\u0987\u09b0\u09be\u09a8", "NAME_DE": "Iran", "NAME_EN": "Iran", "NAME_ES": "Ir\u00e1n", "NAME_FA": "\u0627\u06cc\u0631\u0627\u0646", "NAME_FR": "Iran", "NAME_EL": "\u0399\u03c1\u03ac\u03bd", "NAME_HE": "\u05d0\u05d9\u05e8\u05d0\u05df", "NAME_HI": "\u0908\u0930\u093e\u0928", "NAME_HU": "Ir\u00e1n", "NAME_ID": "Iran", "NAME_IT": "Iran", "NAME_JA": "\u30a4\u30e9\u30f3", "NAME_KO": "\uc774\ub780", "NAME_NL": "Iran", "NAME_PL": "Iran", "NAME_PT": "Ir\u00e3o", "NAME_RU": "\u0418\u0440\u0430\u043d", "NAME_SV": "Iran", "NAME_TR": "\u0130ran", "NAME_UK": "\u0406\u0440\u0430\u043d", "NAME_UR": "\u0627\u06cc\u0631\u0627\u0646", "NAME_VI": "Iran", "NAME_ZH": "\u4f0a\u6717", "NAME_ZHT": "\u4f0a\u6717", "FCLASS_ISO": "Admin-0 country", "TLC_DIFF": null, "FCLASS_TLC": "Admin-0 country", "FCLASS_US": null, "FCLASS_FR": null, "FCLASS_RU": null, "FCLASS_ES": null, "FCLASS_CN": null, "FCLASS_TW": null, "FCLASS_IN": null, "FCLASS_NP": null, "FCLASS_PK": null, "FCLASS_DE": null, "FCLASS_GB": null, "FCLASS_BR": null, "FCLASS_IL": null, "FCLASS_PS": null, "FCLASS_SA": null, "FCLASS_EG": null, "FCLASS_MA": null, "FCLASS_PT": null, "FCLASS_AR": null, "FCLASS_JP": null, "FCLASS_KO": null, "FCLASS_VN": null, "FCLASS_TR": null, "FCLASS_ID": null, "FCLASS_PL": null, "FCLASS_GR": null, "FCLASS_IT": null, "FCLASS_NL": null, "FCLASS_SE": null, "FCLASS_BD": null, "FCLASS_UA": null, "cartogram_scale": 0.3, "dc_count": 0, "dc_code": "OTHER"}, "geometry": {"type": "Polygon", "coordinates": [[[51.8327, 32.3258], [51.6667, 32.4836], [51.6637, 32.6434], [51.5679, 32.6433], [51.6171, 32.8606], [51.4627, 33.0886], [51.0951, 33.253], [50.8873, 33.5382], [50.9568, 33.7723], [51.1078, 33.8758], [51.0852, 34.051], [50.8885, 34.1411], [50.6941, 34.4989], [50.6941, 34.4989], [50.53, 34.7393], [50.5887, 34.8322], [50.4951, 35.1763], [50.7005, 35.2617], [50.7481, 35.1485], [50.8996, 35.0101], [51.1054, 34.9702], [51.214, 34.979], [51.5678, 35.2003], [51.6803, 35.2225], [51.769, 35.1344], [51.6655, 34.986], [51.8526, 34.8289], [51.9273, 34.8439], [52.0222, 34.6227], [52.3066, 34.5602], [52.515, 34.4097], [52.9415, 34.3579], [53.41, 34.4373], [53.4388, 34.5075], [53.7024, 34.5655], [53.9158, 34.737], [54.1164, 34.7284], [54.2481, 34.7842], [54.4614, 34.7566], [54.7931, 34.6045], [55.0327, 34.5717], [55.3756, 34.306], [55.5992, 34.2953], [55.6255, 34.0428], [55.5033, 33.669], [55.4208, 33.4507], [55.5514, 33.4065], [55.4231, 33.2422], [55.5214, 33.0027], [55.5449, 32.8122], [55.7721, 32.7617], [55.7967, 32.5686], [55.5246, 32.2966], [55.6731, 32.1388], [55.7939, 31.9576], [56.0806, 31.8257], [56.0889, 31.5615], [56.2325, 31.5129], [56.2573, 31.3748], [55.8246, 31.2198], [55.7115, 30.8713], [55.1471, 30.9619], [54.82, 31.0308], [54.4815, 31.0698], [54.3535, 31.4376], [54.2099, 31.4908], [53.9794, 31.4372], [53.6768, 31.292], [53.3102, 31.3915], [53.0074, 31.6221], [52.7185, 31.7075], [52.5182, 31.9922], [52.2968, 32.3921], [52.1353, 32.3435], [51.9447, 32.4429], [51.8327, 32.3258]]]}}, {"type": "Feature", "properties": {"featurecla": "Admin-0 country", "scalerank": 1, "LABELRANK": 3, "SOVEREIGNT": "Syria", "SOV_A3": "SYR", "ADM0_DIF": 0, "LEVEL": 2, "TYPE": "Sovereign country", "TLC": "1", "ADMIN": "Syria", "ADM0_A3": "SYR", "GEOU_DIF": 0, "GEOUNIT": "Syria", "GU_A3": "SYR", "SU_DIF": 0, "SUBUNIT": "Syria", "SU_A3": "SYR", "BRK_DIFF": 0, "NAME": "Syria", "NAME_LONG": "Syria", "BRK_A3": "SYR", "BRK_NAME": "Syria", "BRK_GROUP": null, "ABBREV": "Syria", "POSTAL": "SYR", "FORMAL_EN": "Syrian Arab Republic", "FORMAL_FR": null, "NAME_CIAWF": "Syria", "NOTE_ADM0": null, "NOTE_BRK": null, "NAME_SORT": "Syrian Arab Republic", "NAME_ALT": null, "MAPCOLOR7": 2, "MAPCOLOR8": 6, "MAPCOLOR9": 2, "MAPCOLOR13": 6, "POP_EST": 17070135, "POP_RANK": 14, "POP_YEAR": 2019, "GDP_MD": 98830, "GDP_YEAR": 2015, "ECONOMY": "6. Developing region", "INCOME_GRP": "4. Lower middle income", "FIPS_10": "SY", "ISO_A2": "SY", "ISO_A2_EH": "SY", "ISO_A3": "SYR", "ISO_A3_EH": "SYR", "ISO_N3": "760", "ISO_N3_EH": "760", "UN_A3": "760", "WB_A2": "SY", "WB_A3": "SYR", "WOE_ID": 23424956, "WOE_ID_EH": 23424956, "WOE_NOTE": "Exact WOE match as country", "ADM0_ISO": "SYR", "ADM0_DIFF": null, "ADM0_TLC": "SYR", "ADM0_A3_US": "SYR", "ADM0_A3_FR": "SYR", "ADM0_A3_RU": "SYR", "ADM0_A3_ES": "SYR", "ADM0_A3_CN": "SYR", "ADM0_A3_TW": "SYR", "ADM0_A3_IN": "SYR", "ADM0_A3_NP": "SYR", "ADM0_A3_PK": "SYR", "ADM0_A3_DE": "SYR", "ADM0_A3_GB": "SYR", "ADM0_A3_BR": "SYR", "ADM0_A3_IL": "SYR", "ADM0_A3_PS": "SYR", "ADM0_A3_SA": "SYR", "ADM0_A3_EG": "SYR", "ADM0_A3_MA": "SYR", "ADM0_A3_PT": "SYR", "ADM0_A3_AR": "SYR", "ADM0_A3_JP": "SYR", "ADM0_A3_KO": "SYR", "ADM0_A3_VN": "SYR", "ADM0_A3_TR": "SYR", "ADM0_A3_ID": "SYR", "ADM0_A3_PL": "SYR", "ADM0_A3_GR": "SYR", "ADM0_A3_IT": "SYR", "ADM0_A3_NL": "SYR", "ADM0_A3_SE": "SYR", "ADM0_A3_BD": "SYR", "ADM0_A3_UA": "SYR", "ADM0_A3_UN": -99, "ADM0_A3_WB": -99, "CONTINENT": "Asia", "REGION_UN": "Asia", "SUBREGION": "Western Asia", "REGION_WB": "Middle East & North Africa", "NAME_LEN": 5, "LONG_LEN": 5, "ABBREV_LEN": 5, "TINY": -99, "HOMEPART": 1, "MIN_ZOOM": 0, "MIN_LABEL": 3, "MAX_LABEL": 8, "LABEL_X": 38.277783, "LABEL_Y": 35.006636, "NE_ID": 1159321295, "WIKIDATAID": "Q858", "NAME_AR": "\u0633\u0648\u0631\u064a\u0627", "NAME_BN": "\u09b8\u09bf\u09b0\u09bf\u09af\u09bc\u09be", "NAME_DE": "Syrien", "NAME_EN": "Syria", "NAME_ES": "Siria", "NAME_FA": "\u0633\u0648\u0631\u06cc\u0647", "NAME_FR": "Syrie", "NAME_EL": "\u03a3\u03c5\u03c1\u03af\u03b1", "NAME_HE": "\u05e1\u05d5\u05e8\u05d9\u05d4", "NAME_HI": "\u0938\u0940\u0930\u093f\u092f\u093e", "NAME_HU": "Sz\u00edria", "NAME_ID": "Suriah", "NAME_IT": "Siria", "NAME_JA": "\u30b7\u30ea\u30a2", "NAME_KO": "\uc2dc\ub9ac\uc544", "NAME_NL": "Syri\u00eb", "NAME_PL": "Syria", "NAME_PT": "S\u00edria", "NAME_RU": "\u0421\u0438\u0440\u0438\u044f", "NAME_SV": "Syrien", "NAME_TR": "Suriye", "NAME_UK": "\u0421\u0438\u0440\u0456\u044f", "NAME_UR": "\u0633\u0648\u0631\u06cc\u06c1", "NAME_VI": "Syria", "NAME_ZH": "\u53d9\u5229\u4e9a", "NAME_ZHT": "\u6558\u5229\u4e9e", "FCLASS_ISO": "Admin-0 country", "TLC_DIFF": null, "FCLASS_TLC": "Admin-0 country", "FCLASS_US": null, "FCLASS_FR": null, "FCLASS_RU": null, "FCLASS_ES": null, "FCLASS_CN": null, "FCLASS_TW": null, "FCLASS_IN": null, "FCLASS_NP": null, "FCLASS_PK": null, "FCLASS_DE": null, "FCLASS_GB": null, "FCLASS_BR": null, "FCLASS_IL": null, "FCLASS_PS": null, "FCLASS_SA": null, "FCLASS_EG": null, "FCLASS_MA": null, "FCLASS_PT": null, "FCLASS_AR": null, "FCLASS_JP": null, "FCLASS_KO": null, "FCLASS_VN": null, "FCLASS_TR": null, "FCLASS_ID": null, "FCLASS_PL": null, "FCLASS_GR": null, "FCLASS_IT": null, "FCLASS_NL": null, "FCLASS_SE": null, "FCLASS_BD": null, "FCLASS_UA": null, "cartogram_scale": 0.3, "dc_count": 0, "dc_code": "OTHER"}, "geometry": {"type": "Polygon", "coordinates": [[[37.2811, 34.4151], [37.2754, 34.4171], [37.3161, 34.4628], [37.3115, 34.5856], [37.3851, 34.7498], [37.5487, 34.8629], [37.4996, 34.9805], [37.3647, 34.9958], [37.3366, 35.2253], [37.4101, 35.3488], [37.4904, 35.4145], [37.5708, 35.4803], [37.587, 35.6476], [37.6852, 35.5893], [38.0155, 35.6727], [38.1751, 35.6162], [38.4219, 35.6172], [38.7671, 35.7297], [38.9288, 35.7247], [39.27, 35.7713], [39.1163, 35.5841], [38.9521, 35.51], [38.9803, 35.2908], [38.867, 34.9282], [38.2028, 34.616], [37.6154, 34.2962], [37.2811, 34.4151]]]}}, {"type": "Feature", "properties": {"featurecla": "Admin-0 country", "scalerank": 1, "LABELRANK": 6, "SOVEREIGNT": "Armenia", "SOV_A3": "ARM", "ADM0_DIF": 0, "LEVEL": 2, "TYPE": "Sovereign country", "TLC": "1", "ADMIN": "Armenia", "ADM0_A3": "ARM", "GEOU_DIF": 0, "GEOUNIT": "Armenia", "GU_A3": "ARM", "SU_DIF": 0, "SUBUNIT": "Armenia", "SU_A3": "ARM", "BRK_DIFF": 0, "NAME": "Armenia", "NAME_LONG": "Armenia", "BRK_A3": "ARM", "BRK_NAME": "Armenia", "BRK_GROUP": null, "ABBREV": "Arm.", "POSTAL": "ARM", "FORMAL_EN": "Republic of Armenia", "FORMAL_FR": null, "NAME_CIAWF": "Armenia", "NOTE_ADM0": null, "NOTE_BRK": null, "NAME_SORT": "Armenia", "NAME_ALT": null, "MAPCOLOR7": 3, "MAPCOLOR8": 1, "MAPCOLOR9": 2, "MAPCOLOR13": 10, "POP_EST": 2957731, "POP_RANK": 12, "POP_YEAR": 2019, "GDP_MD": 13672, "GDP_YEAR": 2019, "ECONOMY": "6. Developing region", "INCOME_GRP": "4. Lower middle income", "FIPS_10": "AM", "ISO_A2": "AM", "ISO_A2_EH": "AM", "ISO_A3": "ARM", "ISO_A3_EH": "ARM", "ISO_N3": "051", "ISO_N3_EH": "051", "UN_A3": "051", "WB_A2": "AM", "WB_A3": "ARM", "WOE_ID": 23424743, "WOE_ID_EH": 23424743, "WOE_NOTE": "Exact WOE match as country", "ADM0_ISO": "ARM", "ADM0_DIFF": null, "ADM0_TLC": "ARM", "ADM0_A3_US": "ARM", "ADM0_A3_FR": "ARM", "ADM0_A3_RU": "ARM", "ADM0_A3_ES": "ARM", "ADM0_A3_CN": "ARM", "ADM0_A3_TW": "ARM", "ADM0_A3_IN": "ARM", "ADM0_A3_NP": "ARM", "ADM0_A3_PK": "ARM", "ADM0_A3_DE": "ARM", "ADM0_A3_GB": "ARM", "ADM0_A3_BR": "ARM", "ADM0_A3_IL": "ARM", "ADM0_A3_PS": "ARM", "ADM0_A3_SA": "ARM", "ADM0_A3_EG": "ARM", "ADM0_A3_MA": "ARM", "ADM0_A3_PT": "ARM", "ADM0_A3_AR": "ARM", "ADM0_A3_JP": "ARM", "ADM0_A3_KO": "ARM", "ADM0_A3_VN": "ARM", "ADM0_A3_TR": "ARM", "ADM0_A3_ID": "ARM", "ADM0_A3_PL": "ARM", "ADM0_A3_GR": "ARM", "ADM0_A3_IT": "ARM", "ADM0_A3_NL": "ARM", "ADM0_A3_SE": "ARM", "ADM0_A3_BD": "ARM", "ADM0_A3_UA": "ARM", "ADM0_A3_UN": -99, "ADM0_A3_WB": -99, "CONTINENT": "Asia", "REGION_UN": "Asia", "SUBREGION": "Western Asia", "REGION_WB": "Europe & Central Asia", "NAME_LEN": 7, "LONG_LEN": 7, "ABBREV_LEN": 4, "TINY": -99, "HOMEPART": 1, "MIN_ZOOM": 0, "MIN_LABEL": 5, "MAX_LABEL": 10, "LABEL_X": 44.800564, "LABEL_Y": 40.459077, "NE_ID": 1159320333, "WIKIDATAID": "Q399", "NAME_AR": "\u0623\u0631\u0645\u064a\u0646\u064a\u0627", "NAME_BN": "\u0986\u09b0\u09cd\u09ae\u09c7\u09a8\u09bf\u09af\u09bc\u09be", "NAME_DE": "Armenien", "NAME_EN": "Armenia", "NAME_ES": "Armenia", "NAME_FA": "\u0627\u0631\u0645\u0646\u0633\u062a\u0627\u0646", "NAME_FR": "Arm\u00e9nie", "NAME_EL": "\u0391\u03c1\u03bc\u03b5\u03bd\u03af\u03b1", "NAME_HE": "\u05d0\u05e8\u05de\u05e0\u05d9\u05d4", "NAME_HI": "\u0906\u0930\u094d\u092e\u0940\u0928\u093f\u092f\u093e", "NAME_HU": "\u00d6rm\u00e9nyorsz\u00e1g", "NAME_ID": "Armenia", "NAME_IT": "Armenia", "NAME_JA": "\u30a2\u30eb\u30e1\u30cb\u30a2", "NAME_KO": "\uc544\ub974\uba54\ub2c8\uc544", "NAME_NL": "Armeni\u00eb", "NAME_PL": "Armenia", "NAME_PT": "Arm\u00e9nia", "NAME_RU": "\u0410\u0440\u043c\u0435\u043d\u0438\u044f", "NAME_SV": "Armenien", "NAME_TR": "Ermenistan", "NAME_UK": "\u0412\u0456\u0440\u043c\u0435\u043d\u0456\u044f", "NAME_UR": "\u0622\u0631\u0645\u06cc\u0646\u06cc\u0627", "NAME_VI": "Armenia", "NAME_ZH": "\u4e9a\u7f8e\u5c3c\u4e9a", "NAME_ZHT": "\u4e9e\u7f8e\u5c3c\u4e9e", "FCLASS_ISO": "Admin-0 country", "TLC_DIFF": null, "FCLASS_TLC": "Admin-0 country", "FCLASS_US": null, "FCLASS_FR": null, "FCLASS_RU": null, "FCLASS_ES": null, "FCLASS_CN": null, "FCLASS_TW": null, "FCLASS_IN": null, "FCLASS_NP": null, "FCLASS_PK": null, "FCLASS_DE": null, "FCLASS_GB": null, "FCLASS_BR": null, "FCLASS_IL": null, "FCLASS_PS": null, "FCLASS_SA": null, "FCLASS_EG": null, "FCLASS_MA": null, "FCLASS_PT": null, "FCLASS_AR": null, "FCLASS_JP": null, "FCLASS_KO": null, "FCLASS_VN": null, "FCLASS_TR": null, "FCLASS_ID": null, "FCLASS_PL": null, "FCLASS_GR": null, "FCLASS_IT": null, "FCLASS_NL": null, "FCLASS_SE": null, "FCLASS_BD": null, "FCLASS_UA": null, "cartogram_scale": 0.3, "dc_count": 0, "dc_code": "OTHER"}, "geometry": {"type": "Polygon", "coordinates": [[[45.669, 39.593], [45.5604, 39.5842], [45.4379, 39.7578], [45.4393, 39.804], [45.3067, 39.8034], [45.2179, 39.8838], [45.1555, 39.8757], [45.0373, 39.9633], [44.8142, 40.0379], [44.8431, 40.1839], [44.7921, 40.2895], [45.209, 40.3363], [45.2711, 40.2574], [45.3854, 40.2055], [45.325, 40.1303], [45.4848, 40.0274], [45.4003, 39.9318], [45.5276, 39.8502], [45.6623, 39.8011], [45.669, 39.593]]]}}, {"type": "Feature", "properties": {"featurecla": "Admin-0 country", "scalerank": 1, "LABELRANK": 3, "SOVEREIGNT": "Sweden", "SOV_A3": "SWE", "ADM0_DIF": 0, "LEVEL": 2, "TYPE": "Sovereign country", "TLC": "1", "ADMIN": "Sweden", "ADM0_A3": "SWE", "GEOU_DIF": 0, "GEOUNIT": "Sweden", "GU_A3": "SWE", "SU_DIF": 0, "SUBUNIT": "Sweden", "SU_A3": "SWE", "BRK_DIFF": 0, "NAME": "Sweden", "NAME_LONG": "Sweden", "BRK_A3": "SWE", "BRK_NAME": "Sweden", "BRK_GROUP": null, "ABBREV": "Swe.", "POSTAL": "S", "FORMAL_EN": "Kingdom of Sweden", "FORMAL_FR": null, "NAME_CIAWF": "Sweden", "NOTE_ADM0": null, "NOTE_BRK": null, "NAME_SORT": "Sweden", "NAME_ALT": null, "MAPCOLOR7": 1, "MAPCOLOR8": 4, "MAPCOLOR9": 2, "MAPCOLOR13": 4, "POP_EST": 10285453, "POP_RANK": 14, "POP_YEAR": 2019, "GDP_MD": 530883, "GDP_YEAR": 2019, "ECONOMY": "2. Developed region: nonG7", "INCOME_GRP": "1. High income: OECD", "FIPS_10": "SW", "ISO_A2": "SE", "ISO_A2_EH": "SE", "ISO_A3": "SWE", "ISO_A3_EH": "SWE", "ISO_N3": "752", "ISO_N3_EH": "752", "UN_A3": "752", "WB_A2": "SE", "WB_A3": "SWE", "WOE_ID": 23424954, "WOE_ID_EH": 23424954, "WOE_NOTE": "Exact WOE match as country", "ADM0_ISO": "SWE", "ADM0_DIFF": null, "ADM0_TLC": "SWE", "ADM0_A3_US": "SWE", "ADM0_A3_FR": "SWE", "ADM0_A3_RU": "SWE", "ADM0_A3_ES": "SWE", "ADM0_A3_CN": "SWE", "ADM0_A3_TW": "SWE", "ADM0_A3_IN": "SWE", "ADM0_A3_NP": "SWE", "ADM0_A3_PK": "SWE", "ADM0_A3_DE": "SWE", "ADM0_A3_GB": "SWE", "ADM0_A3_BR": "SWE", "ADM0_A3_IL": "SWE", "ADM0_A3_PS": "SWE", "ADM0_A3_SA": "SWE", "ADM0_A3_EG": "SWE", "ADM0_A3_MA": "SWE", "ADM0_A3_PT": "SWE", "ADM0_A3_AR": "SWE", "ADM0_A3_JP": "SWE", "ADM0_A3_KO": "SWE", "ADM0_A3_VN": "SWE", "ADM0_A3_TR": "SWE", "ADM0_A3_ID": "SWE", "ADM0_A3_PL": "SWE", "ADM0_A3_GR": "SWE", "ADM0_A3_IT": "SWE", "ADM0_A3_NL": "SWE", "ADM0_A3_SE": "SWE", "ADM0_A3_BD": "SWE", "ADM0_A3_UA": "SWE", "ADM0_A3_UN": -99, "ADM0_A3_WB": -99, "CONTINENT": "Europe", "REGION_UN": "Europe", "SUBREGION": "Northern Europe", "REGION_WB": "Europe & Central Asia", "NAME_LEN": 6, "LONG_LEN": 6, "ABBREV_LEN": 4, "TINY": -99, "HOMEPART": 1, "MIN_ZOOM": 0, "MIN_LABEL": 2, "MAX_LABEL": 7, "LABEL_X": 19.01705, "LABEL_Y": 65.85918, "NE_ID": 1159321287, "WIKIDATAID": "Q34", "NAME_AR": "\u0627\u0644\u0633\u0648\u064a\u062f", "NAME_BN": "\u09b8\u09c1\u0987\u09a1\u09c7\u09a8", "NAME_DE": "Schweden", "NAME_EN": "Sweden", "NAME_ES": "Suecia", "NAME_FA": "\u0633\u0648\u0626\u062f", "NAME_FR": "Su\u00e8de", "NAME_EL": "\u03a3\u03bf\u03c5\u03b7\u03b4\u03af\u03b1", "NAME_HE": "\u05e9\u05d5\u05d5\u05d3\u05d9\u05d4", "NAME_HI": "\u0938\u094d\u0935\u0940\u0921\u0928", "NAME_HU": "Sv\u00e9dorsz\u00e1g", "NAME_ID": "Swedia", "NAME_IT": "Svezia", "NAME_JA": "\u30b9\u30a6\u30a7\u30fc\u30c7\u30f3", "NAME_KO": "\uc2a4\uc6e8\ub374", "NAME_NL": "Zweden", "NAME_PL": "Szwecja", "NAME_PT": "Su\u00e9cia", "NAME_RU": "\u0428\u0432\u0435\u0446\u0438\u044f", "NAME_SV": "Sverige", "NAME_TR": "\u0130sve\u00e7", "NAME_UK": "\u0428\u0432\u0435\u0446\u0456\u044f", "NAME_UR": "\u0633\u0648\u06cc\u0688\u0646", "NAME_VI": "Th\u1ee5y \u0110i\u1ec3n", "NAME_ZH": "\u745e\u5178", "NAME_ZHT": "\u745e\u5178", "FCLASS_ISO": "Admin-0 country", "TLC_DIFF": null, "FCLASS_TLC": "Admin-0 country", "FCLASS_US": null, "FCLASS_FR": null, "FCLASS_RU": null, "FCLASS_ES": null, "FCLASS_CN": null, "FCLASS_TW": null, "FCLASS_IN": null, "FCLASS_NP": null, "FCLASS_PK": null, "FCLASS_DE": null, "FCLASS_GB": null, "FCLASS_BR": null, "FCLASS_IL": null, "FCLASS_PS": null, "FCLASS_SA": null, "FCLASS_EG": null, "FCLASS_MA": null, "FCLASS_PT": null, "FCLASS_AR": null, "FCLASS_JP": null, "FCLASS_KO": null, "FCLASS_VN": null, "FCLASS_TR": null, "FCLASS_ID": null, "FCLASS_PL": null, "FCLASS_GR": null, "FCLASS_IT": null, "FCLASS_NL": null, "FCLASS_SE": null, "FCLASS_BD": null, "FCLASS_UA": null, "cartogram_scale": 1.4, "dc_count": 65, "dc_code": "SWE"}, "geometry": {"type": "Polygon", "coordinates": [[[8.813, 57.3029], [9.4303, 58.1096], [10.5952, 59.0694], [11.0583, 60.7152], [10.1636, 61.4248], [10.0775, 63.2839], [10.9866, 64.597], [12.3754, 64.573], [12.8626, 65.1278], [12.3527, 65.6061], [14.5265, 67.5757], [15.9269, 69.1277], [16.8511, 70.1238], [18.1955, 70.119], [18.5661, 70.8986], [21.2047, 70.6743], [21.4101, 71.5954], [22.2785, 71.653], [24.1446, 70.9678], [26.33, 70.0147], [26.3669, 67.8587], [26.8394, 67.3139], [24.4311, 66.9175], [23.0736, 65.9407], [23.2922, 65.0833], [21.0651, 63.9576], [18.3616, 62.7534], [17.3421, 60.7819], [18.3386, 59.7955], [19.6775, 59.0189], [18.3916, 57.4395], [16.9355, 57.112], [16.4015, 54.7618], [15.6064, 53.4503], [13.908, 53.5855], [13.1157, 52.4751], [11.4948, 52.4107], [11.0498, 53.7342], [9.8778, 55.3228], [8.813, 57.3029]]]}}, {"type": "Feature", "properties": {"featurecla": "Admin-0 country", "scalerank": 1, "LABELRANK": 4, "SOVEREIGNT": "Belarus", "SOV_A3": "BLR", "ADM0_DIF": 0, "LEVEL": 2, "TYPE": "Sovereign country", "TLC": "1", "ADMIN": "Belarus", "ADM0_A3": "BLR", "GEOU_DIF": 0, "GEOUNIT": "Belarus", "GU_A3": "BLR", "SU_DIF": 0, "SUBUNIT": "Belarus", "SU_A3": "BLR", "BRK_DIFF": 0, "NAME": "Belarus", "NAME_LONG": "Belarus", "BRK_A3": "BLR", "BRK_NAME": "Belarus", "BRK_GROUP": null, "ABBREV": "Bela.", "POSTAL": "BY", "FORMAL_EN": "Republic of Belarus", "FORMAL_FR": null, "NAME_CIAWF": "Belarus", "NOTE_ADM0": null, "NOTE_BRK": null, "NAME_SORT": "Belarus", "NAME_ALT": null, "MAPCOLOR7": 1, "MAPCOLOR8": 1, "MAPCOLOR9": 5, "MAPCOLOR13": 11, "POP_EST": 9466856, "POP_RANK": 13, "POP_YEAR": 2019, "GDP_MD": 63080, "GDP_YEAR": 2019, "ECONOMY": "6. Developing region", "INCOME_GRP": "3. Upper middle income", "FIPS_10": "BO", "ISO_A2": "BY", "ISO_A2_EH": "BY", "ISO_A3": "BLR", "ISO_A3_EH": "BLR", "ISO_N3": "112", "ISO_N3_EH": "112", "UN_A3": "112", "WB_A2": "BY", "WB_A3": "BLR", "WOE_ID": 23424765, "WOE_ID_EH": 23424765, "WOE_NOTE": "Exact WOE match as country", "ADM0_ISO": "BLR", "ADM0_DIFF": null, "ADM0_TLC": "BLR", "ADM0_A3_US": "BLR", "ADM0_A3_FR": "BLR", "ADM0_A3_RU": "BLR", "ADM0_A3_ES": "BLR", "ADM0_A3_CN": "BLR", "ADM0_A3_TW": "BLR", "ADM0_A3_IN": "BLR", "ADM0_A3_NP": "BLR", "ADM0_A3_PK": "BLR", "ADM0_A3_DE": "BLR", "ADM0_A3_GB": "BLR", "ADM0_A3_BR": "BLR", "ADM0_A3_IL": "BLR", "ADM0_A3_PS": "BLR", "ADM0_A3_SA": "BLR", "ADM0_A3_EG": "BLR", "ADM0_A3_MA": "BLR", "ADM0_A3_PT": "BLR", "ADM0_A3_AR": "BLR", "ADM0_A3_JP": "BLR", "ADM0_A3_KO": "BLR", "ADM0_A3_VN": "BLR", "ADM0_A3_TR": "BLR", "ADM0_A3_ID": "BLR", "ADM0_A3_PL": "BLR", "ADM0_A3_GR": "BLR", "ADM0_A3_IT": "BLR", "ADM0_A3_NL": "BLR", "ADM0_A3_SE": "BLR", "ADM0_A3_BD": "BLR", "ADM0_A3_UA": "BLR", "ADM0_A3_UN": -99, "ADM0_A3_WB": -99, "CONTINENT": "Europe", "REGION_UN": "Europe", "SUBREGION": "Eastern Europe", "REGION_WB": "Europe & Central Asia", "NAME_LEN": 7, "LONG_LEN": 7, "ABBREV_LEN": 5, "TINY": -99, "HOMEPART": 1, "MIN_ZOOM": 0, "MIN_LABEL": 3, "MAX_LABEL": 8, "LABEL_X": 28.417701, "LABEL_Y": 53.821888, "NE_ID": 1159320427, "WIKIDATAID": "Q184", "NAME_AR": "\u0628\u064a\u0644\u0627\u0631\u0648\u0633\u064a\u0627", "NAME_BN": "\u09ac\u09c7\u09b2\u09be\u09b0\u09c1\u09b6", "NAME_DE": "Belarus", "NAME_EN": "Belarus", "NAME_ES": "Bielorrusia", "NAME_FA": "\u0628\u0644\u0627\u0631\u0648\u0633", "NAME_FR": "Bi\u00e9lorussie", "NAME_EL": "\u039b\u03b5\u03c5\u03ba\u03bf\u03c1\u03c9\u03c3\u03af\u03b1", "NAME_HE": "\u05d1\u05dc\u05d0\u05e8\u05d5\u05e1", "NAME_HI": "\u092c\u0947\u0932\u093e\u0930\u0942\u0938", "NAME_HU": "Feh\u00e9roroszorsz\u00e1g", "NAME_ID": "Belarus", "NAME_IT": "Bielorussia", "NAME_JA": "\u30d9\u30e9\u30eb\u30fc\u30b7", "NAME_KO": "\ubca8\ub77c\ub8e8\uc2a4", "NAME_NL": "Wit-Rusland", "NAME_PL": "Bia\u0142oru\u015b", "NAME_PT": "Bielorr\u00fassia", "NAME_RU": "\u0411\u0435\u043b\u043e\u0440\u0443\u0441\u0441\u0438\u044f", "NAME_SV": "Belarus", "NAME_TR": "Beyaz Rusya", "NAME_UK": "\u0411\u0456\u043b\u043e\u0440\u0443\u0441\u044c", "NAME_UR": "\u0628\u06cc\u0644\u0627\u0631\u0648\u0633", "NAME_VI": "Belarus", "NAME_ZH": "\u767d\u4fc4\u7f57\u65af", "NAME_ZHT": "\u767d\u4fc4\u7f85\u65af", "FCLASS_ISO": "Admin-0 country", "TLC_DIFF": null, "FCLASS_TLC": "Admin-0 country", "FCLASS_US": null, "FCLASS_FR": null, "FCLASS_RU": null, "FCLASS_ES": null, "FCLASS_CN": null, "FCLASS_TW": null, "FCLASS_IN": null, "FCLASS_NP": null, "FCLASS_PK": null, "FCLASS_DE": null, "FCLASS_GB": null, "FCLASS_BR": null, "FCLASS_IL": null, "FCLASS_PS": null, "FCLASS_SA": null, "FCLASS_EG": null, "FCLASS_MA": null, "FCLASS_PT": null, "FCLASS_AR": null, "FCLASS_JP": null, "FCLASS_KO": null, "FCLASS_VN": null, "FCLASS_TR": null, "FCLASS_ID": null, "FCLASS_PL": null, "FCLASS_GR": null, "FCLASS_IT": null, "FCLASS_NL": null, "FCLASS_SE": null, "FCLASS_BD": null, "FCLASS_UA": null, "cartogram_scale": 0.3, "dc_count": 0, "dc_code": "OTHER"}, "geometry": {"type": "Polygon", "coordinates": [[[28.2632, 54.194], [28.5791, 54.1188], [28.6217, 54.0443], [28.7791, 54.0801], [29.0724, 54.0086], [29.1018, 53.8678], [29.0375, 53.7868], [29.2256, 53.5904], [29.3477, 53.5357], [29.3296, 53.4815], [29.5319, 53.4287], [29.6183, 53.3487], [29.5016, 53.2831], [29.2595, 53.2935], [29.2018, 53.2655], [29.2722, 53.1659], [29.346, 52.9738], [29.346, 52.9738], [29.0885, 52.956], [28.9961, 52.8901], [28.9768, 52.7391], [28.8574, 52.7681], [28.5867, 52.7538], [28.5081, 52.8239], [28.3955, 52.7716], [28.2827, 52.815], [28.0465, 52.821], [27.7116, 52.893], [27.4086, 52.9165], [27.1762, 52.9098], [27.0118, 52.8285], [26.8684, 52.8168], [26.8626, 52.9504], [26.7701, 53.0894], [26.95, 53.1506], [26.9517, 53.2702], [26.8685, 53.3843], [26.8555, 53.517], [27.1454, 53.515], [27.4711, 53.628], [27.5408, 53.7974], [27.7867, 53.8935], [27.7585, 54.0278], [27.941, 54.0783], [28.2632, 54.194]]]}}, {"type": "Feature", "properties": {"featurecla": "Admin-0 country", "scalerank": 1, "LABELRANK": 3, "SOVEREIGNT": "Ukraine", "SOV_A3": "UKR", "ADM0_DIF": 0, "LEVEL": 2, "TYPE": "Sovereign country", "TLC": "1", "ADMIN": "Ukraine", "ADM0_A3": "UKR", "GEOU_DIF": 0, "GEOUNIT": "Ukraine", "GU_A3": "UKR", "SU_DIF": 0, "SUBUNIT": "Ukraine", "SU_A3": "UKR", "BRK_DIFF": 0, "NAME": "Ukraine", "NAME_LONG": "Ukraine", "BRK_A3": "UKR", "BRK_NAME": "Ukraine", "BRK_GROUP": null, "ABBREV": "Ukr.", "POSTAL": "UA", "FORMAL_EN": "Ukraine", "FORMAL_FR": null, "NAME_CIAWF": "Ukraine", "NOTE_ADM0": null, "NOTE_BRK": null, "NAME_SORT": "Ukraine", "NAME_ALT": null, "MAPCOLOR7": 5, "MAPCOLOR8": 1, "MAPCOLOR9": 6, "MAPCOLOR13": 3, "POP_EST": 44385155, "POP_RANK": 15, "POP_YEAR": 2019, "GDP_MD": 153781, "GDP_YEAR": 2019, "ECONOMY": "6. Developing region", "INCOME_GRP": "4. Lower middle income", "FIPS_10": "UP", "ISO_A2": "UA", "ISO_A2_EH": "UA", "ISO_A3": "UKR", "ISO_A3_EH": "UKR", "ISO_N3": "804", "ISO_N3_EH": "804", "UN_A3": "804", "WB_A2": "UA", "WB_A3": "UKR", "WOE_ID": 23424976, "WOE_ID_EH": 23424976, "WOE_NOTE": "Exact WOE match as country", "ADM0_ISO": "UKR", "ADM0_DIFF": null, "ADM0_TLC": "UKR", "ADM0_A3_US": "UKR", "ADM0_A3_FR": "UKR", "ADM0_A3_RU": "UKR", "ADM0_A3_ES": "UKR", "ADM0_A3_CN": "UKR", "ADM0_A3_TW": "UKR", "ADM0_A3_IN": "UKR", "ADM0_A3_NP": "UKR", "ADM0_A3_PK": "UKR", "ADM0_A3_DE": "UKR", "ADM0_A3_GB": "UKR", "ADM0_A3_BR": "UKR", "ADM0_A3_IL": "UKR", "ADM0_A3_PS": "UKR", "ADM0_A3_SA": "UKR", "ADM0_A3_EG": "UKR", "ADM0_A3_MA": "UKR", "ADM0_A3_PT": "UKR", "ADM0_A3_AR": "UKR", "ADM0_A3_JP": "UKR", "ADM0_A3_KO": "UKR", "ADM0_A3_VN": "UKR", "ADM0_A3_TR": "UKR", "ADM0_A3_ID": "UKR", "ADM0_A3_PL": "UKR", "ADM0_A3_GR": "UKR", "ADM0_A3_IT": "UKR", "ADM0_A3_NL": "UKR", "ADM0_A3_SE": "UKR", "ADM0_A3_BD": "UKR", "ADM0_A3_UA": "UKR", "ADM0_A3_UN": -99, "ADM0_A3_WB": -99, "CONTINENT": "Europe", "REGION_UN": "Europe", "SUBREGION": "Eastern Europe", "REGION_WB": "Europe & Central Asia", "NAME_LEN": 7, "LONG_LEN": 7, "ABBREV_LEN": 4, "TINY": -99, "HOMEPART": 1, "MIN_ZOOM": 0, "MIN_LABEL": 2.7, "MAX_LABEL": 7, "LABEL_X": 32.140865, "LABEL_Y": 49.724739, "NE_ID": 1159321345, "WIKIDATAID": "Q212", "NAME_AR": "\u0623\u0648\u0643\u0631\u0627\u0646\u064a\u0627", "NAME_BN": "\u0987\u0989\u0995\u09cd\u09b0\u09c7\u09a8", "NAME_DE": "Ukraine", "NAME_EN": "Ukraine", "NAME_ES": "Ucrania", "NAME_FA": "\u0627\u0648\u06a9\u0631\u0627\u06cc\u0646", "NAME_FR": "Ukraine", "NAME_EL": "\u039f\u03c5\u03ba\u03c1\u03b1\u03bd\u03af\u03b1", "NAME_HE": "\u05d0\u05d5\u05e7\u05e8\u05d0\u05d9\u05e0\u05d4", "NAME_HI": "\u092f\u0941\u0915\u094d\u0930\u0947\u0928", "NAME_HU": "Ukrajna", "NAME_ID": "Ukraina", "NAME_IT": "Ucraina", "NAME_JA": "\u30a6\u30af\u30e9\u30a4\u30ca", "NAME_KO": "\uc6b0\ud06c\ub77c\uc774\ub098", "NAME_NL": "Oekra\u00efne", "NAME_PL": "Ukraina", "NAME_PT": "Ucr\u00e2nia", "NAME_RU": "\u0423\u043a\u0440\u0430\u0438\u043d\u0430", "NAME_SV": "Ukraina", "NAME_TR": "Ukrayna", "NAME_UK": "\u0423\u043a\u0440\u0430\u0457\u043d\u0430", "NAME_UR": "\u06cc\u0648\u06a9\u0631\u06cc\u0646", "NAME_VI": "Ukraina", "NAME_ZH": "\u4e4c\u514b\u5170", "NAME_ZHT": "\u70cf\u514b\u862d", "FCLASS_ISO": "Admin-0 country", "TLC_DIFF": null, "FCLASS_TLC": "Admin-0 country", "FCLASS_US": null, "FCLASS_FR": null, "FCLASS_RU": null, "FCLASS_ES": null, "FCLASS_CN": null, "FCLASS_TW": null, "FCLASS_IN": null, "FCLASS_NP": null, "FCLASS_PK": null, "FCLASS_DE": null, "FCLASS_GB": null, "FCLASS_BR": null, "FCLASS_IL": null, "FCLASS_PS": null, "FCLASS_SA": null, "FCLASS_EG": null, "FCLASS_MA": null, "FCLASS_PT": null, "FCLASS_AR": null, "FCLASS_JP": null, "FCLASS_KO": null, "FCLASS_VN": null, "FCLASS_TR": null, "FCLASS_ID": null, "FCLASS_PL": null, "FCLASS_GR": null, "FCLASS_IT": null, "FCLASS_NL": null, "FCLASS_SE": null, "FCLASS_BD": null, "FCLASS_UA": null, "cartogram_scale": 0.3, "dc_count": 0, "dc_code": "OTHER"}, "geometry": {"type": "Polygon", "coordinates": [[[30.8514, 49.7114], [30.9635, 49.6993], [31.0392, 49.7675], [31.1304, 49.7524], [31.4414, 49.7814], [31.6331, 49.6116], [31.5582, 49.5508], [31.5831, 49.4577], [31.8223, 49.4432], [31.929, 49.3131], [31.9225, 49.254], [32.3035, 49.1486], [32.5337, 49.1961], [32.7188, 49.0556], [32.8941, 49.0588], [33.3363, 48.9612], [33.3399, 48.8731], [33.218, 48.716], [33.2843, 48.5506], [33.2371, 48.4506], [32.9468, 48.4286], [32.7922, 48.3448], [32.7827, 48.2115], [32.5432, 48.1876], [32.3436, 48.0905], [32.0627, 48.0747], [31.8043, 47.9628], [31.8194, 47.8022], [31.7742, 47.8113], [31.7352, 47.8706], [31.6387, 47.8824], [31.4255, 47.9468], [31.3464, 47.8725], [31.3052, 47.9051], [30.8389, 47.9809], [30.8182, 48.0928], [30.5402, 48.0558], [30.4289, 47.8906], [30.1966, 47.6689], [30.0605, 47.7204], [29.9196, 47.6721], [29.7857, 47.7274], [29.8612, 47.76], [29.9136, 47.8629], [29.9957, 47.9585], [29.9745, 48.0123], [30.0373, 48.0362], [30.0668, 47.9947], [30.2436, 47.9859], [30.323, 48.0081], [30.2671, 48.0385], [30.2883, 48.0832], [30.1835, 48.1595], [30.1402, 48.2849], [30.0309, 48.334], [30.0524, 48.4356], [29.9169, 48.5163], [29.7935, 48.5276], [29.5724, 48.621], [29.373, 48.5914], [29.3014, 48.5471], [29.1749, 48.5472], [29.0994, 48.477], [28.8779, 48.4482], [28.7755, 48.4021], [28.6362, 48.4755], [28.4439, 48.4766], [28.2583, 48.5098], [28.1288, 48.4455], [28.1079, 48.526], [27.9413, 48.6076], [27.9999, 48.7285], [28.0831, 48.8066], [28.1485, 48.7891], [28.0712, 48.9239], [28.3436, 49.1734], [28.4925, 49.2084], [28.5246, 49.2925], [28.3737, 49.5544], [28.5171, 49.5661], [28.6816, 49.6474], [28.914, 49.6541], [29.217, 49.6306], [29.5518, 49.5586], [29.7881, 49.5526], [29.9009, 49.5092], [30.0135, 49.5615], [30.0921, 49.4914], [30.3628, 49.5057], [30.4822, 49.4767], [30.5015, 49.6277], [30.5939, 49.6936], [30.8514, 49.7114]]]}}, {"type": "Feature", "properties": {"featurecla": "Admin-0 country", "scalerank": 1, "LABELRANK": 3, "SOVEREIGNT": "Poland", "SOV_A3": "POL", "ADM0_DIF": 0, "LEVEL": 2, "TYPE": "Sovereign country", "TLC": "1", "ADMIN": "Poland", "ADM0_A3": "POL", "GEOU_DIF": 0, "GEOUNIT": "Poland", "GU_A3": "POL", "SU_DIF": 0, "SUBUNIT": "Poland", "SU_A3": "POL", "BRK_DIFF": 0, "NAME": "Poland", "NAME_LONG": "Poland", "BRK_A3": "POL", "BRK_NAME": "Poland", "BRK_GROUP": null, "ABBREV": "Pol.", "POSTAL": "PL", "FORMAL_EN": "Republic of Poland", "FORMAL_FR": null, "NAME_CIAWF": "Poland", "NOTE_ADM0": null, "NOTE_BRK": null, "NAME_SORT": "Poland", "NAME_ALT": null, "MAPCOLOR7": 3, "MAPCOLOR8": 7, "MAPCOLOR9": 1, "MAPCOLOR13": 2, "POP_EST": 37970874, "POP_RANK": 15, "POP_YEAR": 2019, "GDP_MD": 595858, "GDP_YEAR": 2019, "ECONOMY": "2. Developed region: nonG7", "INCOME_GRP": "1. High income: OECD", "FIPS_10": "PL", "ISO_A2": "PL", "ISO_A2_EH": "PL", "ISO_A3": "POL", "ISO_A3_EH": "POL", "ISO_N3": "616", "ISO_N3_EH": "616", "UN_A3": "616", "WB_A2": "PL", "WB_A3": "POL", "WOE_ID": 23424923, "WOE_ID_EH": 23424923, "WOE_NOTE": "Exact WOE match as country", "ADM0_ISO": "POL", "ADM0_DIFF": null, "ADM0_TLC": "POL", "ADM0_A3_US": "POL", "ADM0_A3_FR": "POL", "ADM0_A3_RU": "POL", "ADM0_A3_ES": "POL", "ADM0_A3_CN": "POL", "ADM0_A3_TW": "POL", "ADM0_A3_IN": "POL", "ADM0_A3_NP": "POL", "ADM0_A3_PK": "POL", "ADM0_A3_DE": "POL", "ADM0_A3_GB": "POL", "ADM0_A3_BR": "POL", "ADM0_A3_IL": "POL", "ADM0_A3_PS": "POL", "ADM0_A3_SA": "POL", "ADM0_A3_EG": "POL", "ADM0_A3_MA": "POL", "ADM0_A3_PT": "POL", "ADM0_A3_AR": "POL", "ADM0_A3_JP": "POL", "ADM0_A3_KO": "POL", "ADM0_A3_VN": "POL", "ADM0_A3_TR": "POL", "ADM0_A3_ID": "POL", "ADM0_A3_PL": "POL", "ADM0_A3_GR": "POL", "ADM0_A3_IT": "POL", "ADM0_A3_NL": "POL", "ADM0_A3_SE": "POL", "ADM0_A3_BD": "POL", "ADM0_A3_UA": "POL", "ADM0_A3_UN": -99, "ADM0_A3_WB": -99, "CONTINENT": "Europe", "REGION_UN": "Europe", "SUBREGION": "Eastern Europe", "REGION_WB": "Europe & Central Asia", "NAME_LEN": 6, "LONG_LEN": 6, "ABBREV_LEN": 4, "TINY": -99, "HOMEPART": 1, "MIN_ZOOM": 0, "MIN_LABEL": 2.5, "MAX_LABEL": 7, "LABEL_X": 19.490468, "LABEL_Y": 51.990316, "NE_ID": 1159321179, "WIKIDATAID": "Q36", "NAME_AR": "\u0628\u0648\u0644\u0646\u062f\u0627", "NAME_BN": "\u09aa\u09cb\u09b2\u09cd\u09af\u09be\u09a8\u09cd\u09a1", "NAME_DE": "Polen", "NAME_EN": "Poland", "NAME_ES": "Polonia", "NAME_FA": "\u0644\u0647\u0633\u062a\u0627\u0646", "NAME_FR": "Pologne", "NAME_EL": "\u03a0\u03bf\u03bb\u03c9\u03bd\u03af\u03b1", "NAME_HE": "\u05e4\u05d5\u05dc\u05d9\u05df", "NAME_HI": "\u092a\u094b\u0932\u0948\u0902\u0921", "NAME_HU": "Lengyelorsz\u00e1g", "NAME_ID": "Polandia", "NAME_IT": "Polonia", "NAME_JA": "\u30dd\u30fc\u30e9\u30f3\u30c9", "NAME_KO": "\ud3f4\ub780\ub4dc", "NAME_NL": "Polen", "NAME_PL": "Polska", "NAME_PT": "Pol\u00f3nia", "NAME_RU": "\u041f\u043e\u043b\u044c\u0448\u0430", "NAME_SV": "Polen", "NAME_TR": "Polonya", "NAME_UK": "\u041f\u043e\u043b\u044c\u0449\u0430", "NAME_UR": "\u067e\u0648\u0644\u06cc\u0646\u0688", "NAME_VI": "Ba Lan", "NAME_ZH": "\u6ce2\u5170", "NAME_ZHT": "\u6ce2\u862d", "FCLASS_ISO": "Admin-0 country", "TLC_DIFF": null, "FCLASS_TLC": "Admin-0 country", "FCLASS_US": null, "FCLASS_FR": null, "FCLASS_RU": null, "FCLASS_ES": null, "FCLASS_CN": null, "FCLASS_TW": null, "FCLASS_IN": null, "FCLASS_NP": null, "FCLASS_PK": null, "FCLASS_DE": null, "FCLASS_GB": null, "FCLASS_BR": null, "FCLASS_IL": null, "FCLASS_PS": null, "FCLASS_SA": null, "FCLASS_EG": null, "FCLASS_MA": null, "FCLASS_PT": null, "FCLASS_AR": null, "FCLASS_JP": null, "FCLASS_KO": null, "FCLASS_VN": null, "FCLASS_TR": null, "FCLASS_ID": null, "FCLASS_PL": null, "FCLASS_GR": null, "FCLASS_IT": null, "FCLASS_NL": null, "FCLASS_SE": null, "FCLASS_BD": null, "FCLASS_UA": null, "cartogram_scale": 1.4, "dc_count": 55, "dc_code": "POL"}, "geometry": {"type": "Polygon", "coordinates": [[[25.0875, 54.7796], [25.1483, 54.1603], [25.5366, 53.6277], [25.5286, 53.0696], [24.689, 52.7838], [25.1209, 52.1352], [25.1476, 51.5119], [25.8517, 50.2896], [25.7016, 49.8969], [25.0068, 49.734], [23.7356, 48.5696], [24.0967, 47.9404], [23.7911, 48.0221], [22.4607, 48.5602], [21.4529, 48.3624], [20.7919, 48.5061], [19.9648, 48.2061], [19.2587, 48.7023], [18.6831, 48.5123], [18.6041, 48.5968], [17.9598, 49.2862], [16.9189, 49.3707], [16.7861, 49.8091], [15.826, 49.9656], [15.617, 49.6041], [14.8565, 49.8937], [14.9438, 50.2789], [13.8971, 50.4007], [13.2335, 50.8514], [12.6597, 51.7453], [12.7688, 52.228], [12.4224, 52.9769], [11.9141, 53.4758], [12.3044, 53.8495], [11.9773, 54.5619], [12.9338, 54.9731], [15.1186, 55.6205], [16.8817, 56.0942], [18.2789, 55.8577], [18.3845, 55.5163], [19.7346, 55.4986], [21.4589, 55.3396], [24.0333, 55.3606], [24.7513, 55.2109], [25.0875, 54.7796]]]}}, {"type": "Feature", "properties": {"featurecla": "Admin-0 country", "scalerank": 1, "LABELRANK": 4, "SOVEREIGNT": "Austria", "SOV_A3": "AUT", "ADM0_DIF": 0, "LEVEL": 2, "TYPE": "Sovereign country", "TLC": "1", "ADMIN": "Austria", "ADM0_A3": "AUT", "GEOU_DIF": 0, "GEOUNIT": "Austria", "GU_A3": "AUT", "SU_DIF": 0, "SUBUNIT": "Austria", "SU_A3": "AUT", "BRK_DIFF": 0, "NAME": "Austria", "NAME_LONG": "Austria", "BRK_A3": "AUT", "BRK_NAME": "Austria", "BRK_GROUP": null, "ABBREV": "Aust.", "POSTAL": "A", "FORMAL_EN": "Republic of Austria", "FORMAL_FR": null, "NAME_CIAWF": "Austria", "NOTE_ADM0": null, "NOTE_BRK": null, "NAME_SORT": "Austria", "NAME_ALT": null, "MAPCOLOR7": 3, "MAPCOLOR8": 1, "MAPCOLOR9": 3, "MAPCOLOR13": 4, "POP_EST": 8877067, "POP_RANK": 13, "POP_YEAR": 2019, "GDP_MD": 445075, "GDP_YEAR": 2019, "ECONOMY": "2. Developed region: nonG7", "INCOME_GRP": "1. High income: OECD", "FIPS_10": "AU", "ISO_A2": "AT", "ISO_A2_EH": "AT", "ISO_A3": "AUT", "ISO_A3_EH": "AUT", "ISO_N3": "040", "ISO_N3_EH": "040", "UN_A3": "040", "WB_A2": "AT", "WB_A3": "AUT", "WOE_ID": 23424750, "WOE_ID_EH": 23424750, "WOE_NOTE": "Exact WOE match as country", "ADM0_ISO": "AUT", "ADM0_DIFF": null, "ADM0_TLC": "AUT", "ADM0_A3_US": "AUT", "ADM0_A3_FR": "AUT", "ADM0_A3_RU": "AUT", "ADM0_A3_ES": "AUT", "ADM0_A3_CN": "AUT", "ADM0_A3_TW": "AUT", "ADM0_A3_IN": "AUT", "ADM0_A3_NP": "AUT", "ADM0_A3_PK": "AUT", "ADM0_A3_DE": "AUT", "ADM0_A3_GB": "AUT", "ADM0_A3_BR": "AUT", "ADM0_A3_IL": "AUT", "ADM0_A3_PS": "AUT", "ADM0_A3_SA": "AUT", "ADM0_A3_EG": "AUT", "ADM0_A3_MA": "AUT", "ADM0_A3_PT": "AUT", "ADM0_A3_AR": "AUT", "ADM0_A3_JP": "AUT", "ADM0_A3_KO": "AUT", "ADM0_A3_VN": "AUT", "ADM0_A3_TR": "AUT", "ADM0_A3_ID": "AUT", "ADM0_A3_PL": "AUT", "ADM0_A3_GR": "AUT", "ADM0_A3_IT": "AUT", "ADM0_A3_NL": "AUT", "ADM0_A3_SE": "AUT", "ADM0_A3_BD": "AUT", "ADM0_A3_UA": "AUT", "ADM0_A3_UN": -99, "ADM0_A3_WB": -99, "CONTINENT": "Europe", "REGION_UN": "Europe", "SUBREGION": "Western Europe", "REGION_WB": "Europe & Central Asia", "NAME_LEN": 7, "LONG_LEN": 7, "ABBREV_LEN": 5, "TINY": -99, "HOMEPART": 1, "MIN_ZOOM": 0, "MIN_LABEL": 3, "MAX_LABEL": 8, "LABEL_X": 14.130515, "LABEL_Y": 47.518859, "NE_ID": 1159320379, "WIKIDATAID": "Q40", "NAME_AR": "\u0627\u0644\u0646\u0645\u0633\u0627", "NAME_BN": "\u0985\u09b8\u09cd\u099f\u09cd\u09b0\u09bf\u09af\u09bc\u09be", "NAME_DE": "\u00d6sterreich", "NAME_EN": "Austria", "NAME_ES": "Austria", "NAME_FA": "\u0627\u062a\u0631\u06cc\u0634", "NAME_FR": "Autriche", "NAME_EL": "\u0391\u03c5\u03c3\u03c4\u03c1\u03af\u03b1", "NAME_HE": "\u05d0\u05d5\u05e1\u05d8\u05e8\u05d9\u05d4", "NAME_HI": "\u0911\u0938\u094d\u091f\u094d\u0930\u093f\u092f\u093e", "NAME_HU": "Ausztria", "NAME_ID": "Austria", "NAME_IT": "Austria", "NAME_JA": "\u30aa\u30fc\u30b9\u30c8\u30ea\u30a2", "NAME_KO": "\uc624\uc2a4\ud2b8\ub9ac\uc544", "NAME_NL": "Oostenrijk", "NAME_PL": "Austria", "NAME_PT": "\u00c1ustria", "NAME_RU": "\u0410\u0432\u0441\u0442\u0440\u0438\u044f", "NAME_SV": "\u00d6sterrike", "NAME_TR": "Avusturya", "NAME_UK": "\u0410\u0432\u0441\u0442\u0440\u0456\u044f", "NAME_UR": "\u0622\u0633\u0679\u0631\u06cc\u0627", "NAME_VI": "\u00c1o", "NAME_ZH": "\u5965\u5730\u5229", "NAME_ZHT": "\u5967\u5730\u5229", "FCLASS_ISO": "Admin-0 country", "TLC_DIFF": null, "FCLASS_TLC": "Admin-0 country", "FCLASS_US": null, "FCLASS_FR": null, "FCLASS_RU": null, "FCLASS_ES": null, "FCLASS_CN": null, "FCLASS_TW": null, "FCLASS_IN": null, "FCLASS_NP": null, "FCLASS_PK": null, "FCLASS_DE": null, "FCLASS_GB": null, "FCLASS_BR": null, "FCLASS_IL": null, "FCLASS_PS": null, "FCLASS_SA": null, "FCLASS_EG": null, "FCLASS_MA": null, "FCLASS_PT": null, "FCLASS_AR": null, "FCLASS_JP": null, "FCLASS_KO": null, "FCLASS_VN": null, "FCLASS_TR": null, "FCLASS_ID": null, "FCLASS_PL": null, "FCLASS_GR": null, "FCLASS_IT": null, "FCLASS_NL": null, "FCLASS_SE": null, "FCLASS_BD": null, "FCLASS_UA": null, "cartogram_scale": 0.6, "dc_count": 8, "dc_code": "AUT"}, "geometry": {"type": "Polygon", "coordinates": [[[19.5816, 48.932], [19.5361, 48.6868], [19.1982, 48.6856], [19.3144, 48.5556], [19.1152, 48.1693], [19.0008, 48.068], [18.4761, 48.0531], [18.1733, 47.917], [17.6777, 47.9635], [16.8197, 48.1184], [16.6857, 48.3271], [16.0927, 48.2228], [16.023, 48.1087], [15.6594, 48.194], [15.3533, 48.2103], [15.0818, 48.3196], [15.1736, 48.4664], [15.1504, 48.5729], [15.3315, 48.606], [15.6351, 48.4394], [15.7205, 48.5977], [16.2497, 48.5721], [16.6786, 48.6797], [16.9663, 48.6613], [17.1534, 48.5385], [17.2093, 48.6404], [17.1243, 49.0314], [17.3398, 49.1075], [17.5514, 49.3842], [17.9972, 49.1911], [18.3347, 49.4365], [18.5459, 49.4813], [19.0116, 49.2982], [19.2934, 49.3294], [19.57, 49.2161], [19.5218, 49.1399], [19.5816, 48.932]]]}}, {"type": "Feature", "properties": {"featurecla": "Admin-0 country", "scalerank": 1, "LABELRANK": 5, "SOVEREIGNT": "Hungary", "SOV_A3": "HUN", "ADM0_DIF": 0, "LEVEL": 2, "TYPE": "Sovereign country", "TLC": "1", "ADMIN": "Hungary", "ADM0_A3": "HUN", "GEOU_DIF": 0, "GEOUNIT": "Hungary", "GU_A3": "HUN", "SU_DIF": 0, "SUBUNIT": "Hungary", "SU_A3": "HUN", "BRK_DIFF": 0, "NAME": "Hungary", "NAME_LONG": "Hungary", "BRK_A3": "HUN", "BRK_NAME": "Hungary", "BRK_GROUP": null, "ABBREV": "Hun.", "POSTAL": "HU", "FORMAL_EN": "Republic of Hungary", "FORMAL_FR": null, "NAME_CIAWF": "Hungary", "NOTE_ADM0": null, "NOTE_BRK": null, "NAME_SORT": "Hungary", "NAME_ALT": null, "MAPCOLOR7": 4, "MAPCOLOR8": 6, "MAPCOLOR9": 1, "MAPCOLOR13": 5, "POP_EST": 9769949, "POP_RANK": 13, "POP_YEAR": 2019, "GDP_MD": 163469, "GDP_YEAR": 2019, "ECONOMY": "2. Developed region: nonG7", "INCOME_GRP": "1. High income: OECD", "FIPS_10": "HU", "ISO_A2": "HU", "ISO_A2_EH": "HU", "ISO_A3": "HUN", "ISO_A3_EH": "HUN", "ISO_N3": "348", "ISO_N3_EH": "348", "UN_A3": "348", "WB_A2": "HU", "WB_A3": "HUN", "WOE_ID": 23424844, "WOE_ID_EH": 23424844, "WOE_NOTE": "Exact WOE match as country", "ADM0_ISO": "HUN", "ADM0_DIFF": null, "ADM0_TLC": "HUN", "ADM0_A3_US": "HUN", "ADM0_A3_FR": "HUN", "ADM0_A3_RU": "HUN", "ADM0_A3_ES": "HUN", "ADM0_A3_CN": "HUN", "ADM0_A3_TW": "HUN", "ADM0_A3_IN": "HUN", "ADM0_A3_NP": "HUN", "ADM0_A3_PK": "HUN", "ADM0_A3_DE": "HUN", "ADM0_A3_GB": "HUN", "ADM0_A3_BR": "HUN", "ADM0_A3_IL": "HUN", "ADM0_A3_PS": "HUN", "ADM0_A3_SA": "HUN", "ADM0_A3_EG": "HUN", "ADM0_A3_MA": "HUN", "ADM0_A3_PT": "HUN", "ADM0_A3_AR": "HUN", "ADM0_A3_JP": "HUN", "ADM0_A3_KO": "HUN", "ADM0_A3_VN": "HUN", "ADM0_A3_TR": "HUN", "ADM0_A3_ID": "HUN", "ADM0_A3_PL": "HUN", "ADM0_A3_GR": "HUN", "ADM0_A3_IT": "HUN", "ADM0_A3_NL": "HUN", "ADM0_A3_SE": "HUN", "ADM0_A3_BD": "HUN", "ADM0_A3_UA": "HUN", "ADM0_A3_UN": -99, "ADM0_A3_WB": -99, "CONTINENT": "Europe", "REGION_UN": "Europe", "SUBREGION": "Eastern Europe", "REGION_WB": "Europe & Central Asia", "NAME_LEN": 7, "LONG_LEN": 7, "ABBREV_LEN": 4, "TINY": -99, "HOMEPART": 1, "MIN_ZOOM": 0, "MIN_LABEL": 4, "MAX_LABEL": 9, "LABEL_X": 19.447867, "LABEL_Y": 47.086841, "NE_ID": 1159320841, "WIKIDATAID": "Q28", "NAME_AR": "\u0627\u0644\u0645\u062c\u0631", "NAME_BN": "\u09b9\u09be\u0999\u09cd\u0997\u09c7\u09b0\u09bf", "NAME_DE": "Ungarn", "NAME_EN": "Hungary", "NAME_ES": "Hungr\u00eda", "NAME_FA": "\u0645\u062c\u0627\u0631\u0633\u062a\u0627\u0646", "NAME_FR": "Hongrie", "NAME_EL": "\u039f\u03c5\u03b3\u03b3\u03b1\u03c1\u03af\u03b1", "NAME_HE": "\u05d4\u05d5\u05e0\u05d2\u05e8\u05d9\u05d4", "NAME_HI": "\u0939\u0902\u0917\u0930\u0940", "NAME_HU": "Magyarorsz\u00e1g", "NAME_ID": "Hongaria", "NAME_IT": "Ungheria", "NAME_JA": "\u30cf\u30f3\u30ac\u30ea\u30fc", "NAME_KO": "\ud5dd\uac00\ub9ac", "NAME_NL": "Hongarije", "NAME_PL": "W\u0119gry", "NAME_PT": "Hungria", "NAME_RU": "\u0412\u0435\u043d\u0433\u0440\u0438\u044f", "NAME_SV": "Ungern", "NAME_TR": "Macaristan", "NAME_UK": "\u0423\u0433\u043e\u0440\u0449\u0438\u043d\u0430", "NAME_UR": "\u06c1\u0646\u06af\u0631\u06cc", "NAME_VI": "Hungary", "NAME_ZH": "\u5308\u7259\u5229", "NAME_ZHT": "\u5308\u7259\u5229", "FCLASS_ISO": "Admin-0 country", "TLC_DIFF": null, "FCLASS_TLC": "Admin-0 country", "FCLASS_US": null, "FCLASS_FR": null, "FCLASS_RU": null, "FCLASS_ES": null, "FCLASS_CN": null, "FCLASS_TW": null, "FCLASS_IN": null, "FCLASS_NP": null, "FCLASS_PK": null, "FCLASS_DE": null, "FCLASS_GB": null, "FCLASS_BR": null, "FCLASS_IL": null, "FCLASS_PS": null, "FCLASS_SA": null, "FCLASS_EG": null, "FCLASS_MA": null, "FCLASS_PT": null, "FCLASS_AR": null, "FCLASS_JP": null, "FCLASS_KO": null, "FCLASS_VN": null, "FCLASS_TR": null, "FCLASS_ID": null, "FCLASS_PL": null, "FCLASS_GR": null, "FCLASS_IT": null, "FCLASS_NL": null, "FCLASS_SE": null, "FCLASS_BD": null, "FCLASS_UA": null, "cartogram_scale": 0.6, "dc_count": 6, "dc_code": "HUN"}, "geometry": {"type": "Polygon", "coordinates": [[[20.9441, 48.0198], [21.2773, 47.8566], [21.3191, 47.6958], [20.9526, 47.5699], [20.6687, 47.163], [20.3059, 46.7561], [19.8249, 46.6429], [19.4504, 46.6695], [18.9907, 46.5118], [18.9907, 46.5118], [18.7664, 46.4222], [18.2708, 46.5375], [17.8223, 46.7948], [17.6317, 46.8687], [17.5151, 47.0713], [17.4142, 47.0779], [17.6133, 47.4642], [17.4971, 47.5942], [17.835, 47.5954], [17.8806, 47.8406], [18.1859, 47.6869], [18.4071, 47.6215], [18.9107, 47.695], [18.959, 47.8155], [19.1974, 47.8333], [19.4896, 47.9264], [19.5545, 47.8881], [19.8362, 47.963], [19.9769, 48.1042], [20.1735, 48.1408], [20.8161, 47.9584], [20.9441, 48.0198]]]}}, {"type": "Feature", "properties": {"featurecla": "Admin-0 country", "scalerank": 1, "LABELRANK": 6, "SOVEREIGNT": "Moldova", "SOV_A3": "MDA", "ADM0_DIF": 0, "LEVEL": 2, "TYPE": "Sovereign country", "TLC": "1", "ADMIN": "Moldova", "ADM0_A3": "MDA", "GEOU_DIF": 0, "GEOUNIT": "Moldova", "GU_A3": "MDA", "SU_DIF": 0, "SUBUNIT": "Moldova", "SU_A3": "MDA", "BRK_DIFF": 0, "NAME": "Moldova", "NAME_LONG": "Moldova", "BRK_A3": "MDA", "BRK_NAME": "Moldova", "BRK_GROUP": null, "ABBREV": "Mda.", "POSTAL": "MD", "FORMAL_EN": "Republic of Moldova", "FORMAL_FR": null, "NAME_CIAWF": "Moldova", "NOTE_ADM0": null, "NOTE_BRK": null, "NAME_SORT": "Moldova", "NAME_ALT": null, "MAPCOLOR7": 3, "MAPCOLOR8": 5, "MAPCOLOR9": 4, "MAPCOLOR13": 12, "POP_EST": 2657637, "POP_RANK": 12, "POP_YEAR": 2019, "GDP_MD": 11968, "GDP_YEAR": 2019, "ECONOMY": "6. Developing region", "INCOME_GRP": "4. Lower middle income", "FIPS_10": "MD", "ISO_A2": "MD", "ISO_A2_EH": "MD", "ISO_A3": "MDA", "ISO_A3_EH": "MDA", "ISO_N3": "498", "ISO_N3_EH": "498", "UN_A3": "498", "WB_A2": "MD", "WB_A3": "MDA", "WOE_ID": 23424885, "WOE_ID_EH": 23424885, "WOE_NOTE": "Exact WOE match as country", "ADM0_ISO": "MDA", "ADM0_DIFF": null, "ADM0_TLC": "MDA", "ADM0_A3_US": "MDA", "ADM0_A3_FR": "MDA", "ADM0_A3_RU": "MDA", "ADM0_A3_ES": "MDA", "ADM0_A3_CN": "MDA", "ADM0_A3_TW": "MDA", "ADM0_A3_IN": "MDA", "ADM0_A3_NP": "MDA", "ADM0_A3_PK": "MDA", "ADM0_A3_DE": "MDA", "ADM0_A3_GB": "MDA", "ADM0_A3_BR": "MDA", "ADM0_A3_IL": "MDA", "ADM0_A3_PS": "MDA", "ADM0_A3_SA": "MDA", "ADM0_A3_EG": "MDA", "ADM0_A3_MA": "MDA", "ADM0_A3_PT": "MDA", "ADM0_A3_AR": "MDA", "ADM0_A3_JP": "MDA", "ADM0_A3_KO": "MDA", "ADM0_A3_VN": "MDA", "ADM0_A3_TR": "MDA", "ADM0_A3_ID": "MDA", "ADM0_A3_PL": "MDA", "ADM0_A3_GR": "MDA", "ADM0_A3_IT": "MDA", "ADM0_A3_NL": "MDA", "ADM0_A3_SE": "MDA", "ADM0_A3_BD": "MDA", "ADM0_A3_UA": "MDA", "ADM0_A3_UN": -99, "ADM0_A3_WB": -99, "CONTINENT": "Europe", "REGION_UN": "Europe", "SUBREGION": "Eastern Europe", "REGION_WB": "Europe & Central Asia", "NAME_LEN": 7, "LONG_LEN": 7, "ABBREV_LEN": 4, "TINY": -99, "HOMEPART": 1, "MIN_ZOOM": 0, "MIN_LABEL": 5, "MAX_LABEL": 10, "LABEL_X": 28.487904, "LABEL_Y": 47.434999, "NE_ID": 1159321045, "WIKIDATAID": "Q217", "NAME_AR": "\u0645\u0648\u0644\u062f\u0648\u0641\u0627", "NAME_BN": "\u09ae\u09b2\u09a6\u09cb\u09ad\u09be", "NAME_DE": "Republik Moldau", "NAME_EN": "Moldova", "NAME_ES": "Moldavia", "NAME_FA": "\u0645\u0648\u0644\u062f\u0627\u0648\u06cc", "NAME_FR": "Moldavie", "NAME_EL": "\u039c\u03bf\u03bb\u03b4\u03b1\u03b2\u03af\u03b1", "NAME_HE": "\u05de\u05d5\u05dc\u05d3\u05d5\u05d1\u05d4", "NAME_HI": "\u092e\u0949\u0932\u094d\u0921\u094b\u0935\u093e", "NAME_HU": "Moldova", "NAME_ID": "Moldova", "NAME_IT": "Moldavia", "NAME_JA": "\u30e2\u30eb\u30c9\u30d0", "NAME_KO": "\ubab0\ub3c4\ubc14", "NAME_NL": "Moldavi\u00eb", "NAME_PL": "Mo\u0142dawia", "NAME_PT": "Mold\u00e1via", "NAME_RU": "\u041c\u043e\u043b\u0434\u0430\u0432\u0438\u044f", "NAME_SV": "Moldavien", "NAME_TR": "Moldova", "NAME_UK": "\u041c\u043e\u043b\u0434\u043e\u0432\u0430", "NAME_UR": "\u0645\u0627\u0644\u062f\u0648\u0648\u0627", "NAME_VI": "Moldova", "NAME_ZH": "\u6469\u5c14\u591a\u74e6", "NAME_ZHT": "\u6469\u723e\u591a\u74e6", "FCLASS_ISO": "Admin-0 country", "TLC_DIFF": null, "FCLASS_TLC": "Admin-0 country", "FCLASS_US": null, "FCLASS_FR": null, "FCLASS_RU": null, "FCLASS_ES": null, "FCLASS_CN": null, "FCLASS_TW": null, "FCLASS_IN": null, "FCLASS_NP": null, "FCLASS_PK": null, "FCLASS_DE": null, "FCLASS_GB": null, "FCLASS_BR": null, "FCLASS_IL": null, "FCLASS_PS": null, "FCLASS_SA": null, "FCLASS_EG": null, "FCLASS_MA": null, "FCLASS_PT": null, "FCLASS_AR": null, "FCLASS_JP": null, "FCLASS_KO": null, "FCLASS_VN": null, "FCLASS_TR": null, "FCLASS_ID": null, "FCLASS_PL": null, "FCLASS_GR": null, "FCLASS_IT": null, "FCLASS_NL": null, "FCLASS_SE": null, "FCLASS_BD": null, "FCLASS_UA": null, "cartogram_scale": 0.3, "dc_count": 0, "dc_code": "OTHER"}, "geometry": {"type": "Polygon", "coordinates": [[[27.915, 47.3989], [27.9866, 47.4431], [28.186, 47.4728], [28.4071, 47.3793], [28.5305, 47.3681], [28.6661, 47.2874], [28.6445, 47.1857], [28.7538, 47.1366], [28.7971, 47.0112], [28.9019, 46.935], [28.8807, 46.8902], [28.9366, 46.8598], [28.8572, 46.8376], [28.6804, 46.8464], [28.6509, 46.888], [28.5881, 46.864], [28.6094, 46.8103], [28.5272, 46.7146], [28.4748, 46.6117], [28.3993, 46.5791], [28.3456, 46.716], [28.3773, 46.8441], [28.3677, 46.9758], [28.1946, 47.1542], [28.0994, 47.2807], [28.0065, 47.3696], [27.915, 47.3989]]]}}, {"type": "Feature", "properties": {"featurecla": "Admin-0 country", "scalerank": 1, "LABELRANK": 3, "SOVEREIGNT": "Romania", "SOV_A3": "ROU", "ADM0_DIF": 0, "LEVEL": 2, "TYPE": "Sovereign country", "TLC": "1", "ADMIN": "Romania", "ADM0_A3": "ROU", "GEOU_DIF": 0, "GEOUNIT": "Romania", "GU_A3": "ROU", "SU_DIF": 0, "SUBUNIT": "Romania", "SU_A3": "ROU", "BRK_DIFF": 0, "NAME": "Romania", "NAME_LONG": "Romania", "BRK_A3": "ROU", "BRK_NAME": "Romania", "BRK_GROUP": null, "ABBREV": "Rom.", "POSTAL": "RO", "FORMAL_EN": "Romania", "FORMAL_FR": null, "NAME_CIAWF": "Romania", "NOTE_ADM0": null, "NOTE_BRK": null, "NAME_SORT": "Romania", "NAME_ALT": null, "MAPCOLOR7": 1, "MAPCOLOR8": 4, "MAPCOLOR9": 3, "MAPCOLOR13": 13, "POP_EST": 19356544, "POP_RANK": 14, "POP_YEAR": 2019, "GDP_MD": 250077, "GDP_YEAR": 2019, "ECONOMY": "2. Developed region: nonG7", "INCOME_GRP": "3. Upper middle income", "FIPS_10": "RO", "ISO_A2": "RO", "ISO_A2_EH": "RO", "ISO_A3": "ROU", "ISO_A3_EH": "ROU", "ISO_N3": "642", "ISO_N3_EH": "642", "UN_A3": "642", "WB_A2": "RO", "WB_A3": "ROM", "WOE_ID": 23424933, "WOE_ID_EH": 23424933, "WOE_NOTE": "Exact WOE match as country", "ADM0_ISO": "ROU", "ADM0_DIFF": null, "ADM0_TLC": "ROU", "ADM0_A3_US": "ROU", "ADM0_A3_FR": "ROU", "ADM0_A3_RU": "ROU", "ADM0_A3_ES": "ROU", "ADM0_A3_CN": "ROU", "ADM0_A3_TW": "ROU", "ADM0_A3_IN": "ROU", "ADM0_A3_NP": "ROU", "ADM0_A3_PK": "ROU", "ADM0_A3_DE": "ROU", "ADM0_A3_GB": "ROU", "ADM0_A3_BR": "ROU", "ADM0_A3_IL": "ROU", "ADM0_A3_PS": "ROU", "ADM0_A3_SA": "ROU", "ADM0_A3_EG": "ROU", "ADM0_A3_MA": "ROU", "ADM0_A3_PT": "ROU", "ADM0_A3_AR": "ROU", "ADM0_A3_JP": "ROU", "ADM0_A3_KO": "ROU", "ADM0_A3_VN": "ROU", "ADM0_A3_TR": "ROU", "ADM0_A3_ID": "ROU", "ADM0_A3_PL": "ROU", "ADM0_A3_GR": "ROU", "ADM0_A3_IT": "ROU", "ADM0_A3_NL": "ROU", "ADM0_A3_SE": "ROU", "ADM0_A3_BD": "ROU", "ADM0_A3_UA": "ROU", "ADM0_A3_UN": -99, "ADM0_A3_WB": -99, "CONTINENT": "Europe", "REGION_UN": "Europe", "SUBREGION": "Eastern Europe", "REGION_WB": "Europe & Central Asia", "NAME_LEN": 7, "LONG_LEN": 7, "ABBREV_LEN": 4, "TINY": -99, "HOMEPART": 1, "MIN_ZOOM": 0, "MIN_LABEL": 3, "MAX_LABEL": 8, "LABEL_X": 24.972624, "LABEL_Y": 45.733237, "NE_ID": 1159321199, "WIKIDATAID": "Q218", "NAME_AR": "\u0631\u0648\u0645\u0627\u0646\u064a\u0627", "NAME_BN": "\u09b0\u09cb\u09ae\u09be\u09a8\u09bf\u09af\u09bc\u09be", "NAME_DE": "Rum\u00e4nien", "NAME_EN": "Romania", "NAME_ES": "Rumania", "NAME_FA": "\u0631\u0648\u0645\u0627\u0646\u06cc", "NAME_FR": "Roumanie", "NAME_EL": "\u03a1\u03bf\u03c5\u03bc\u03b1\u03bd\u03af\u03b1", "NAME_HE": "\u05e8\u05d5\u05de\u05e0\u05d9\u05d4", "NAME_HI": "\u0930\u094b\u092e\u093e\u0928\u093f\u092f\u093e", "NAME_HU": "Rom\u00e1nia", "NAME_ID": "Rumania", "NAME_IT": "Romania", "NAME_JA": "\u30eb\u30fc\u30de\u30cb\u30a2", "NAME_KO": "\ub8e8\ub9c8\ub2c8\uc544", "NAME_NL": "Roemeni\u00eb", "NAME_PL": "Rumunia", "NAME_PT": "Rom\u00e9nia", "NAME_RU": "\u0420\u0443\u043c\u044b\u043d\u0438\u044f", "NAME_SV": "Rum\u00e4nien", "NAME_TR": "Romanya", "NAME_UK": "\u0420\u0443\u043c\u0443\u043d\u0456\u044f", "NAME_UR": "\u0631\u0648\u0645\u0627\u0646\u06cc\u06c1", "NAME_VI": "Romania", "NAME_ZH": "\u7f57\u9a6c\u5c3c\u4e9a", "NAME_ZHT": "\u7f85\u99ac\u5c3c\u4e9e", "FCLASS_ISO": "Admin-0 country", "TLC_DIFF": null, "FCLASS_TLC": "Admin-0 country", "FCLASS_US": null, "FCLASS_FR": null, "FCLASS_RU": null, "FCLASS_ES": null, "FCLASS_CN": null, "FCLASS_TW": null, "FCLASS_IN": null, "FCLASS_NP": null, "FCLASS_PK": null, "FCLASS_DE": null, "FCLASS_GB": null, "FCLASS_BR": null, "FCLASS_IL": null, "FCLASS_PS": null, "FCLASS_SA": null, "FCLASS_EG": null, "FCLASS_MA": null, "FCLASS_PT": null, "FCLASS_AR": null, "FCLASS_JP": null, "FCLASS_KO": null, "FCLASS_VN": null, "FCLASS_TR": null, "FCLASS_ID": null, "FCLASS_PL": null, "FCLASS_GR": null, "FCLASS_IT": null, "FCLASS_NL": null, "FCLASS_SE": null, "FCLASS_BD": null, "FCLASS_UA": null, "cartogram_scale": 0.6, "dc_count": 6, "dc_code": "ROU"}, "geometry": {"type": "Polygon", "coordinates": [[[27.0154, 45.6357], [27.2832, 45.5251], [27.5651, 45.6217], [27.8373, 45.5187], [27.8512, 45.3639], [27.5603, 45.2348], [27.378, 45.291], [27.2102, 44.5672], [26.8574, 44.6302], [26.4208, 44.8483], [25.7144, 44.7088], [25.4169, 44.5558], [24.5357, 44.5873], [24.0747, 44.6809], [23.8422, 44.637], [23.6696, 44.8837], [23.5597, 44.9882], [23.6987, 45.0895], [23.5507, 45.1642], [23.3624, 45.0298], [23.0125, 45.2041], [22.9654, 45.4514], [22.5999, 45.5925], [22.5326, 45.7834], [22.2074, 46.0192], [22.6885, 46.1324], [23.0512, 46.5392], [23.3352, 46.9462], [23.7016, 47.072], [23.9607, 47.2005], [24.3319, 47.1341], [24.7165, 47.1318], [24.9951, 46.9852], [25.2, 47.0773], [25.6429, 47.135], [25.7938, 47.2752], [26.0469, 47.2751], [26.2298, 47.2167], [26.4156, 47.0388], [26.606, 46.7858], [26.9521, 46.429], [26.9713, 46.1656], [26.908, 45.9095], [27.0154, 45.6357]]]}}, {"type": "Feature", "properties": {"featurecla": "Admin-0 country", "scalerank": 1, "LABELRANK": 5, "SOVEREIGNT": "Lithuania", "SOV_A3": "LTU", "ADM0_DIF": 0, "LEVEL": 2, "TYPE": "Sovereign country", "TLC": "1", "ADMIN": "Lithuania", "ADM0_A3": "LTU", "GEOU_DIF": 0, "GEOUNIT": "Lithuania", "GU_A3": "LTU", "SU_DIF": 0, "SUBUNIT": "Lithuania", "SU_A3": "LTU", "BRK_DIFF": 0, "NAME": "Lithuania", "NAME_LONG": "Lithuania", "BRK_A3": "LTU", "BRK_NAME": "Lithuania", "BRK_GROUP": null, "ABBREV": "Lith.", "POSTAL": "LT", "FORMAL_EN": "Republic of Lithuania", "FORMAL_FR": null, "NAME_CIAWF": "Lithuania", "NOTE_ADM0": null, "NOTE_BRK": null, "NAME_SORT": "Lithuania", "NAME_ALT": null, "MAPCOLOR7": 6, "MAPCOLOR8": 3, "MAPCOLOR9": 3, "MAPCOLOR13": 9, "POP_EST": 2786844, "POP_RANK": 12, "POP_YEAR": 2019, "GDP_MD": 54627, "GDP_YEAR": 2019, "ECONOMY": "2. Developed region: nonG7", "INCOME_GRP": "3. Upper middle income", "FIPS_10": "LH", "ISO_A2": "LT", "ISO_A2_EH": "LT", "ISO_A3": "LTU", "ISO_A3_EH": "LTU", "ISO_N3": "440", "ISO_N3_EH": "440", "UN_A3": "440", "WB_A2": "LT", "WB_A3": "LTU", "WOE_ID": 23424875, "WOE_ID_EH": 23424875, "WOE_NOTE": "Exact WOE match as country", "ADM0_ISO": "LTU", "ADM0_DIFF": null, "ADM0_TLC": "LTU", "ADM0_A3_US": "LTU", "ADM0_A3_FR": "LTU", "ADM0_A3_RU": "LTU", "ADM0_A3_ES": "LTU", "ADM0_A3_CN": "LTU", "ADM0_A3_TW": "LTU", "ADM0_A3_IN": "LTU", "ADM0_A3_NP": "LTU", "ADM0_A3_PK": "LTU", "ADM0_A3_DE": "LTU", "ADM0_A3_GB": "LTU", "ADM0_A3_BR": "LTU", "ADM0_A3_IL": "LTU", "ADM0_A3_PS": "LTU", "ADM0_A3_SA": "LTU", "ADM0_A3_EG": "LTU", "ADM0_A3_MA": "LTU", "ADM0_A3_PT": "LTU", "ADM0_A3_AR": "LTU", "ADM0_A3_JP": "LTU", "ADM0_A3_KO": "LTU", "ADM0_A3_VN": "LTU", "ADM0_A3_TR": "LTU", "ADM0_A3_ID": "LTU", "ADM0_A3_PL": "LTU", "ADM0_A3_GR": "LTU", "ADM0_A3_IT": "LTU", "ADM0_A3_NL": "LTU", "ADM0_A3_SE": "LTU", "ADM0_A3_BD": "LTU", "ADM0_A3_UA": "LTU", "ADM0_A3_UN": -99, "ADM0_A3_WB": -99, "CONTINENT": "Europe", "REGION_UN": "Europe", "SUBREGION": "Northern Europe", "REGION_WB": "Europe & Central Asia", "NAME_LEN": 9, "LONG_LEN": 9, "ABBREV_LEN": 5, "TINY": -99, "HOMEPART": 1, "MIN_ZOOM": 0, "MIN_LABEL": 4, "MAX_LABEL": 9, "LABEL_X": 24.089932, "LABEL_Y": 55.103703, "NE_ID": 1159321029, "WIKIDATAID": "Q37", "NAME_AR": "\u0644\u064a\u062a\u0648\u0627\u0646\u064a\u0627", "NAME_BN": "\u09b2\u09bf\u09a5\u09c1\u09af\u09bc\u09be\u09a8\u09bf\u09af\u09bc\u09be", "NAME_DE": "Litauen", "NAME_EN": "Lithuania", "NAME_ES": "Lituania", "NAME_FA": "\u0644\u06cc\u062a\u0648\u0627\u0646\u06cc", "NAME_FR": "Lituanie", "NAME_EL": "\u039b\u03b9\u03b8\u03bf\u03c5\u03b1\u03bd\u03af\u03b1", "NAME_HE": "\u05dc\u05d9\u05d8\u05d0", "NAME_HI": "\u0932\u093f\u0925\u0941\u0906\u0928\u093f\u092f\u093e", "NAME_HU": "Litv\u00e1nia", "NAME_ID": "Lituania", "NAME_IT": "Lituania", "NAME_JA": "\u30ea\u30c8\u30a2\u30cb\u30a2", "NAME_KO": "\ub9ac\ud22c\uc544\ub2c8\uc544", "NAME_NL": "Litouwen", "NAME_PL": "Litwa", "NAME_PT": "Litu\u00e2nia", "NAME_RU": "\u041b\u0438\u0442\u0432\u0430", "NAME_SV": "Litauen", "NAME_TR": "Litvanya", "NAME_UK": "\u041b\u0438\u0442\u0432\u0430", "NAME_UR": "\u0644\u062a\u06be\u0648\u0648\u06cc\u0646\u06cc\u0627", "NAME_VI": "Litva", "NAME_ZH": "\u7acb\u9676\u5b9b", "NAME_ZHT": "\u7acb\u9676\u5b9b", "FCLASS_ISO": "Admin-0 country", "TLC_DIFF": null, "FCLASS_TLC": "Admin-0 country", "FCLASS_US": null, "FCLASS_FR": null, "FCLASS_RU": null, "FCLASS_ES": null, "FCLASS_CN": null, "FCLASS_TW": null, "FCLASS_IN": null, "FCLASS_NP": null, "FCLASS_PK": null, "FCLASS_DE": null, "FCLASS_GB": null, "FCLASS_BR": null, "FCLASS_IL": null, "FCLASS_PS": null, "FCLASS_SA": null, "FCLASS_EG": null, "FCLASS_MA": null, "FCLASS_PT": null, "FCLASS_AR": null, "FCLASS_JP": null, "FCLASS_KO": null, "FCLASS_VN": null, "FCLASS_TR": null, "FCLASS_ID": null, "FCLASS_PL": null, "FCLASS_GR": null, "FCLASS_IT": null, "FCLASS_NL": null, "FCLASS_SE": null, "FCLASS_BD": null, "FCLASS_UA": null, "cartogram_scale": 0.6, "dc_count": 5, "dc_code": "LTU"}, "geometry": {"type": "Polygon", "coordinates": [[[25.5032, 55.4494], [25.5596, 55.1807], [25.0677, 54.9886], [24.9284, 54.6498], [24.277, 54.4238], [23.6971, 54.4279], [23.553, 54.6127], [23.2453, 54.6769], [23.1973, 54.83], [23.2613, 54.9943], [22.9961, 55.0896], [22.3677, 55.1947], [22.2401, 55.699], [22.9273, 55.8831], [23.9336, 55.8446], [24.523, 55.9039], [24.6072, 55.7791], [24.9264, 55.7406], [25.5032, 55.4494]]]}}, {"type": "Feature", "properties": {"featurecla": "Admin-0 country", "scalerank": 1, "LABELRANK": 5, "SOVEREIGNT": "Latvia", "SOV_A3": "LVA", "ADM0_DIF": 0, "LEVEL": 2, "TYPE": "Sovereign country", "TLC": "1", "ADMIN": "Latvia", "ADM0_A3": "LVA", "GEOU_DIF": 0, "GEOUNIT": "Latvia", "GU_A3": "LVA", "SU_DIF": 0, "SUBUNIT": "Latvia", "SU_A3": "LVA", "BRK_DIFF": 0, "NAME": "Latvia", "NAME_LONG": "Latvia", "BRK_A3": "LVA", "BRK_NAME": "Latvia", "BRK_GROUP": null, "ABBREV": "Lat.", "POSTAL": "LV", "FORMAL_EN": "Republic of Latvia", "FORMAL_FR": null, "NAME_CIAWF": "Latvia", "NOTE_ADM0": null, "NOTE_BRK": null, "NAME_SORT": "Latvia", "NAME_ALT": null, "MAPCOLOR7": 4, "MAPCOLOR8": 7, "MAPCOLOR9": 6, "MAPCOLOR13": 13, "POP_EST": 1912789, "POP_RANK": 12, "POP_YEAR": 2019, "GDP_MD": 34102, "GDP_YEAR": 2019, "ECONOMY": "2. Developed region: nonG7", "INCOME_GRP": "3. Upper middle income", "FIPS_10": "LG", "ISO_A2": "LV", "ISO_A2_EH": "LV", "ISO_A3": "LVA", "ISO_A3_EH": "LVA", "ISO_N3": "428", "ISO_N3_EH": "428", "UN_A3": "428", "WB_A2": "LV", "WB_A3": "LVA", "WOE_ID": 23424874, "WOE_ID_EH": 23424874, "WOE_NOTE": "Exact WOE match as country", "ADM0_ISO": "LVA", "ADM0_DIFF": null, "ADM0_TLC": "LVA", "ADM0_A3_US": "LVA", "ADM0_A3_FR": "LVA", "ADM0_A3_RU": "LVA", "ADM0_A3_ES": "LVA", "ADM0_A3_CN": "LVA", "ADM0_A3_TW": "LVA", "ADM0_A3_IN": "LVA", "ADM0_A3_NP": "LVA", "ADM0_A3_PK": "LVA", "ADM0_A3_DE": "LVA", "ADM0_A3_GB": "LVA", "ADM0_A3_BR": "LVA", "ADM0_A3_IL": "LVA", "ADM0_A3_PS": "LVA", "ADM0_A3_SA": "LVA", "ADM0_A3_EG": "LVA", "ADM0_A3_MA": "LVA", "ADM0_A3_PT": "LVA", "ADM0_A3_AR": "LVA", "ADM0_A3_JP": "LVA", "ADM0_A3_KO": "LVA", "ADM0_A3_VN": "LVA", "ADM0_A3_TR": "LVA", "ADM0_A3_ID": "LVA", "ADM0_A3_PL": "LVA", "ADM0_A3_GR": "LVA", "ADM0_A3_IT": "LVA", "ADM0_A3_NL": "LVA", "ADM0_A3_SE": "LVA", "ADM0_A3_BD": "LVA", "ADM0_A3_UA": "LVA", "ADM0_A3_UN": -99, "ADM0_A3_WB": -99, "CONTINENT": "Europe", "REGION_UN": "Europe", "SUBREGION": "Northern Europe", "REGION_WB": "Europe & Central Asia", "NAME_LEN": 6, "LONG_LEN": 6, "ABBREV_LEN": 4, "TINY": -99, "HOMEPART": 1, "MIN_ZOOM": 0, "MIN_LABEL": 4, "MAX_LABEL": 9, "LABEL_X": 25.458723, "LABEL_Y": 57.066872, "NE_ID": 1159321033, "WIKIDATAID": "Q211", "NAME_AR": "\u0644\u0627\u062a\u0641\u064a\u0627", "NAME_BN": "\u09b2\u09be\u09a4\u09ad\u09bf\u09af\u09bc\u09be", "NAME_DE": "Lettland", "NAME_EN": "Latvia", "NAME_ES": "Letonia", "NAME_FA": "\u0644\u062a\u0648\u0646\u06cc", "NAME_FR": "Lettonie", "NAME_EL": "\u039b\u03b5\u03c4\u03bf\u03bd\u03af\u03b1", "NAME_HE": "\u05dc\u05d8\u05d1\u05d9\u05d4", "NAME_HI": "\u0932\u093e\u0924\u0935\u093f\u092f\u093e", "NAME_HU": "Lettorsz\u00e1g", "NAME_ID": "Latvia", "NAME_IT": "Lettonia", "NAME_JA": "\u30e9\u30c8\u30d3\u30a2", "NAME_KO": "\ub77c\ud2b8\ube44\uc544", "NAME_NL": "Letland", "NAME_PL": "\u0141otwa", "NAME_PT": "Let\u00f3nia", "NAME_RU": "\u041b\u0430\u0442\u0432\u0438\u044f", "NAME_SV": "Lettland", "NAME_TR": "Letonya", "NAME_UK": "\u041b\u0430\u0442\u0432\u0456\u044f", "NAME_UR": "\u0644\u0679\u0648\u06cc\u0627", "NAME_VI": "Latvia", "NAME_ZH": "\u62c9\u8131\u7ef4\u4e9a", "NAME_ZHT": "\u62c9\u812b\u7dad\u4e9e", "FCLASS_ISO": "Admin-0 country", "TLC_DIFF": null, "FCLASS_TLC": "Admin-0 country", "FCLASS_US": null, "FCLASS_FR": null, "FCLASS_RU": null, "FCLASS_ES": null, "FCLASS_CN": null, "FCLASS_TW": null, "FCLASS_IN": null, "FCLASS_NP": null, "FCLASS_PK": null, "FCLASS_DE": null, "FCLASS_GB": null, "FCLASS_BR": null, "FCLASS_IL": null, "FCLASS_PS": null, "FCLASS_SA": null, "FCLASS_EG": null, "FCLASS_MA": null, "FCLASS_PT": null, "FCLASS_AR": null, "FCLASS_JP": null, "FCLASS_KO": null, "FCLASS_VN": null, "FCLASS_TR": null, "FCLASS_ID": null, "FCLASS_PL": null, "FCLASS_GR": null, "FCLASS_IT": null, "FCLASS_NL": null, "FCLASS_SE": null, "FCLASS_BD": null, "FCLASS_UA": null, "cartogram_scale": 0.6, "dc_count": 5, "dc_code": "LVA"}, "geometry": {"type": "Polygon", "coordinates": [[[26.349, 57.2278], [26.6381, 57.0896], [26.6893, 56.7987], [26.8821, 56.4445], [26.2376, 56.2131], [25.8727, 56.1121], [25.2959, 56.4032], [24.9766, 56.4418], [24.8925, 56.5666], [24.303, 56.5073], [23.2968, 56.5457], [22.6096, 56.3617], [22.6303, 56.8134], [22.9252, 57.1902], [23.4907, 57.3951], [23.9672, 56.9468], [24.4485, 56.9585], [24.5638, 57.4191], [25.0748, 57.5252], [25.3378, 57.4516], [25.8542, 57.2289], [26.349, 57.2278]]]}}, {"type": "Feature", "properties": {"featurecla": "Admin-0 country", "scalerank": 1, "LABELRANK": 6, "SOVEREIGNT": "Estonia", "SOV_A3": "EST", "ADM0_DIF": 0, "LEVEL": 2, "TYPE": "Sovereign country", "TLC": "1", "ADMIN": "Estonia", "ADM0_A3": "EST", "GEOU_DIF": 0, "GEOUNIT": "Estonia", "GU_A3": "EST", "SU_DIF": 0, "SUBUNIT": "Estonia", "SU_A3": "EST", "BRK_DIFF": 0, "NAME": "Estonia", "NAME_LONG": "Estonia", "BRK_A3": "EST", "BRK_NAME": "Estonia", "BRK_GROUP": null, "ABBREV": "Est.", "POSTAL": "EST", "FORMAL_EN": "Republic of Estonia", "FORMAL_FR": null, "NAME_CIAWF": "Estonia", "NOTE_ADM0": null, "NOTE_BRK": null, "NAME_SORT": "Estonia", "NAME_ALT": null, "MAPCOLOR7": 3, "MAPCOLOR8": 2, "MAPCOLOR9": 1, "MAPCOLOR13": 10, "POP_EST": 1326590, "POP_RANK": 12, "POP_YEAR": 2019, "GDP_MD": 31471, "GDP_YEAR": 2019, "ECONOMY": "2. Developed region: nonG7", "INCOME_GRP": "1. High income: OECD", "FIPS_10": "EN", "ISO_A2": "EE", "ISO_A2_EH": "EE", "ISO_A3": "EST", "ISO_A3_EH": "EST", "ISO_N3": "233", "ISO_N3_EH": "233", "UN_A3": "233", "WB_A2": "EE", "WB_A3": "EST", "WOE_ID": 23424805, "WOE_ID_EH": 23424805, "WOE_NOTE": "Exact WOE match as country", "ADM0_ISO": "EST", "ADM0_DIFF": null, "ADM0_TLC": "EST", "ADM0_A3_US": "EST", "ADM0_A3_FR": "EST", "ADM0_A3_RU": "EST", "ADM0_A3_ES": "EST", "ADM0_A3_CN": "EST", "ADM0_A3_TW": "EST", "ADM0_A3_IN": "EST", "ADM0_A3_NP": "EST", "ADM0_A3_PK": "EST", "ADM0_A3_DE": "EST", "ADM0_A3_GB": "EST", "ADM0_A3_BR": "EST", "ADM0_A3_IL": "EST", "ADM0_A3_PS": "EST", "ADM0_A3_SA": "EST", "ADM0_A3_EG": "EST", "ADM0_A3_MA": "EST", "ADM0_A3_PT": "EST", "ADM0_A3_AR": "EST", "ADM0_A3_JP": "EST", "ADM0_A3_KO": "EST", "ADM0_A3_VN": "EST", "ADM0_A3_TR": "EST", "ADM0_A3_ID": "EST", "ADM0_A3_PL": "EST", "ADM0_A3_GR": "EST", "ADM0_A3_IT": "EST", "ADM0_A3_NL": "EST", "ADM0_A3_SE": "EST", "ADM0_A3_BD": "EST", "ADM0_A3_UA": "EST", "ADM0_A3_UN": -99, "ADM0_A3_WB": -99, "CONTINENT": "Europe", "REGION_UN": "Europe", "SUBREGION": "Northern Europe", "REGION_WB": "Europe & Central Asia", "NAME_LEN": 7, "LONG_LEN": 7, "ABBREV_LEN": 4, "TINY": -99, "HOMEPART": 1, "MIN_ZOOM": 0, "MIN_LABEL": 3, "MAX_LABEL": 8, "LABEL_X": 25.867126, "LABEL_Y": 58.724865, "NE_ID": 1159320615, "WIKIDATAID": "Q191", "NAME_AR": "\u0625\u0633\u062a\u0648\u0646\u064a\u0627", "NAME_BN": "\u098f\u09b8\u09cd\u09a4\u09cb\u09a8\u09bf\u09af\u09bc\u09be", "NAME_DE": "Estland", "NAME_EN": "Estonia", "NAME_ES": "Estonia", "NAME_FA": "\u0627\u0633\u062a\u0648\u0646\u06cc", "NAME_FR": "Estonie", "NAME_EL": "\u0395\u03c3\u03b8\u03bf\u03bd\u03af\u03b1", "NAME_HE": "\u05d0\u05e1\u05d8\u05d5\u05e0\u05d9\u05d4", "NAME_HI": "\u090f\u0938\u094d\u091f\u094b\u0928\u093f\u092f\u093e", "NAME_HU": "\u00c9sztorsz\u00e1g", "NAME_ID": "Estonia", "NAME_IT": "Estonia", "NAME_JA": "\u30a8\u30b9\u30c8\u30cb\u30a2", "NAME_KO": "\uc5d0\uc2a4\ud1a0\ub2c8\uc544", "NAME_NL": "Estland", "NAME_PL": "Estonia", "NAME_PT": "Est\u00f3nia", "NAME_RU": "\u042d\u0441\u0442\u043e\u043d\u0438\u044f", "NAME_SV": "Estland", "NAME_TR": "Estonya", "NAME_UK": "\u0415\u0441\u0442\u043e\u043d\u0456\u044f", "NAME_UR": "\u0627\u0633\u062a\u0648\u0646\u06cc\u0627", "NAME_VI": "Estonia", "NAME_ZH": "\u7231\u6c99\u5c3c\u4e9a", "NAME_ZHT": "\u611b\u6c99\u5c3c\u4e9e", "FCLASS_ISO": "Admin-0 country", "TLC_DIFF": null, "FCLASS_TLC": "Admin-0 country", "FCLASS_US": null, "FCLASS_FR": null, "FCLASS_RU": null, "FCLASS_ES": null, "FCLASS_CN": null, "FCLASS_TW": null, "FCLASS_IN": null, "FCLASS_NP": null, "FCLASS_PK": null, "FCLASS_DE": null, "FCLASS_GB": null, "FCLASS_BR": null, "FCLASS_IL": null, "FCLASS_PS": null, "FCLASS_SA": null, "FCLASS_EG": null, "FCLASS_MA": null, "FCLASS_PT": null, "FCLASS_AR": null, "FCLASS_JP": null, "FCLASS_KO": null, "FCLASS_VN": null, "FCLASS_TR": null, "FCLASS_ID": null, "FCLASS_PL": null, "FCLASS_GR": null, "FCLASS_IT": null, "FCLASS_NL": null, "FCLASS_SE": null, "FCLASS_BD": null, "FCLASS_UA": null, "cartogram_scale": 0.6, "dc_count": 5, "dc_code": "EST"}, "geometry": {"type": "Polygon", "coordinates": [[[27.2455, 59.1641], [27.2455, 59.1641], [27.3358, 59.0593], [26.9089, 58.7136], [27.0868, 58.154], [26.8297, 57.9635], [26.3349, 57.9647], [25.8185, 58.1873], [25.5556, 58.2609], [25.0445, 58.1549], [25.1142, 58.5089], [24.8935, 58.4333], [24.5128, 58.6465], [24.4607, 58.9912], [25.2194, 59.1583], [25.9753, 59.2455], [26.6263, 59.1463], [27.2455, 59.1641], [27.2455, 59.1641]]]}}, {"type": "Feature", "properties": {"featurecla": "Admin-0 country", "scalerank": 1, "LABELRANK": 2, "SOVEREIGNT": "Germany", "SOV_A3": "DEU", "ADM0_DIF": 0, "LEVEL": 2, "TYPE": "Sovereign country", "TLC": "1", "ADMIN": "Germany", "ADM0_A3": "DEU", "GEOU_DIF": 0, "GEOUNIT": "Germany", "GU_A3": "DEU", "SU_DIF": 0, "SUBUNIT": "Germany", "SU_A3": "DEU", "BRK_DIFF": 0, "NAME": "Germany", "NAME_LONG": "Germany", "BRK_A3": "DEU", "BRK_NAME": "Germany", "BRK_GROUP": null, "ABBREV": "Ger.", "POSTAL": "D", "FORMAL_EN": "Federal Republic of Germany", "FORMAL_FR": null, "NAME_CIAWF": "Germany", "NOTE_ADM0": null, "NOTE_BRK": null, "NAME_SORT": "Germany", "NAME_ALT": null, "MAPCOLOR7": 2, "MAPCOLOR8": 5, "MAPCOLOR9": 5, "MAPCOLOR13": 1, "POP_EST": 83132799, "POP_RANK": 16, "POP_YEAR": 2019, "GDP_MD": 3861123, "GDP_YEAR": 2019, "ECONOMY": "1. Developed region: G7", "INCOME_GRP": "1. High income: OECD", "FIPS_10": "GM", "ISO_A2": "DE", "ISO_A2_EH": "DE", "ISO_A3": "DEU", "ISO_A3_EH": "DEU", "ISO_N3": "276", "ISO_N3_EH": "276", "UN_A3": "276", "WB_A2": "DE", "WB_A3": "DEU", "WOE_ID": 23424829, "WOE_ID_EH": 23424829, "WOE_NOTE": "Exact WOE match as country", "ADM0_ISO": "DEU", "ADM0_DIFF": null, "ADM0_TLC": "DEU", "ADM0_A3_US": "DEU", "ADM0_A3_FR": "DEU", "ADM0_A3_RU": "DEU", "ADM0_A3_ES": "DEU", "ADM0_A3_CN": "DEU", "ADM0_A3_TW": "DEU", "ADM0_A3_IN": "DEU", "ADM0_A3_NP": "DEU", "ADM0_A3_PK": "DEU", "ADM0_A3_DE": "DEU", "ADM0_A3_GB": "DEU", "ADM0_A3_BR": "DEU", "ADM0_A3_IL": "DEU", "ADM0_A3_PS": "DEU", "ADM0_A3_SA": "DEU", "ADM0_A3_EG": "DEU", "ADM0_A3_MA": "DEU", "ADM0_A3_PT": "DEU", "ADM0_A3_AR": "DEU", "ADM0_A3_JP": "DEU", "ADM0_A3_KO": "DEU", "ADM0_A3_VN": "DEU", "ADM0_A3_TR": "DEU", "ADM0_A3_ID": "DEU", "ADM0_A3_PL": "DEU", "ADM0_A3_GR": "DEU", "ADM0_A3_IT": "DEU", "ADM0_A3_NL": "DEU", "ADM0_A3_SE": "DEU", "ADM0_A3_BD": "DEU", "ADM0_A3_UA": "DEU", "ADM0_A3_UN": -99, "ADM0_A3_WB": -99, "CONTINENT": "Europe", "REGION_UN": "Europe", "SUBREGION": "Western Europe", "REGION_WB": "Europe & Central Asia", "NAME_LEN": 7, "LONG_LEN": 7, "ABBREV_LEN": 4, "TINY": -99, "HOMEPART": 1, "MIN_ZOOM": 0, "MIN_LABEL": 1.7, "MAX_LABEL": 6.7, "LABEL_X": 9.678348, "LABEL_Y": 50.961733, "NE_ID": 1159320539, "WIKIDATAID": "Q183", "NAME_AR": "\u0623\u0644\u0645\u0627\u0646\u064a\u0627", "NAME_BN": "\u099c\u09be\u09b0\u09cd\u09ae\u09be\u09a8\u09bf", "NAME_DE": "Deutschland", "NAME_EN": "Germany", "NAME_ES": "Alemania", "NAME_FA": "\u0622\u0644\u0645\u0627\u0646", "NAME_FR": "Allemagne", "NAME_EL": "\u0393\u03b5\u03c1\u03bc\u03b1\u03bd\u03af\u03b1", "NAME_HE": "\u05d2\u05e8\u05de\u05e0\u05d9\u05d4", "NAME_HI": "\u091c\u0930\u094d\u092e\u0928\u0940", "NAME_HU": "N\u00e9metorsz\u00e1g", "NAME_ID": "Jerman", "NAME_IT": "Germania", "NAME_JA": "\u30c9\u30a4\u30c4", "NAME_KO": "\ub3c5\uc77c", "NAME_NL": "Duitsland", "NAME_PL": "Niemcy", "NAME_PT": "Alemanha", "NAME_RU": "\u0413\u0435\u0440\u043c\u0430\u043d\u0438\u044f", "NAME_SV": "Tyskland", "NAME_TR": "Almanya", "NAME_UK": "\u041d\u0456\u043c\u0435\u0447\u0447\u0438\u043d\u0430", "NAME_UR": "\u062c\u0631\u0645\u0646\u06cc", "NAME_VI": "\u0110\u1ee9c", "NAME_ZH": "\u5fb7\u56fd", "NAME_ZHT": "\u5fb7\u570b", "FCLASS_ISO": "Admin-0 country", "TLC_DIFF": null, "FCLASS_TLC": "Admin-0 country", "FCLASS_US": null, "FCLASS_FR": null, "FCLASS_RU": null, "FCLASS_ES": null, "FCLASS_CN": null, "FCLASS_TW": null, "FCLASS_IN": null, "FCLASS_NP": null, "FCLASS_PK": null, "FCLASS_DE": null, "FCLASS_GB": null, "FCLASS_BR": null, "FCLASS_IL": null, "FCLASS_PS": null, "FCLASS_SA": null, "FCLASS_EG": null, "FCLASS_MA": null, "FCLASS_PT": null, "FCLASS_AR": null, "FCLASS_JP": null, "FCLASS_KO": null, "FCLASS_VN": null, "FCLASS_TR": null, "FCLASS_ID": null, "FCLASS_PL": null, "FCLASS_GR": null, "FCLASS_IT": null, "FCLASS_NL": null, "FCLASS_SE": null, "FCLASS_BD": null, "FCLASS_UA": null, "cartogram_scale": 2.6, "dc_count": 522, "dc_code": "DEU"}, "geometry": {"type": "Polygon", "coordinates": [[[23.6054, 59.0973], [24.2128, 57.7743], [23.488, 57.0803], [24.432, 56.1536], [25.0753, 54.7629], [24.8727, 53.8665], [25.9384, 52.2064], [24.7781, 51.9351], [24.0924, 52.2339], [23.4404, 51.739], [21.5733, 51.2354], [20.608, 50.5876], [18.7185, 50.0215], [19.1737, 49.2487], [19.4489, 48.1523], [20.7757, 47.5274], [22.2437, 46.4097], [21.3269, 45.2109], [20.3929, 44.8808], [20.7614, 43.1867], [20.519, 42.7449], [19.7082, 43.2772], [18.4617, 43.357], [16.6029, 42.8908], [14.3099, 43.0017], [13.9396, 42.3155], [12.624, 43.0375], [11.8392, 42.8942], [9.053, 43.6892], [8.5192, 43.1243], [6.3078, 43.1425], [6.6378, 44.9949], [7.9523, 46.7753], [4.2056, 47.2541], [2.9786, 47.9349], [3.1254, 49.0748], [2.6062, 49.6619], [2.9015, 51.4187], [2.4647, 54.1432], [4.0266, 54.1443], [4.6857, 55.123], [5.3335, 57.5035], [4.8476, 58.3826], [5.3553, 58.9332], [7.5284, 59.0746], [8.0106, 58.5013], [9.7761, 59.7831], [9.1817, 60.7577], [9.0624, 62.2321], [11.0275, 61.8893], [12.6912, 62.2851], [12.7371, 61.2803], [15.3645, 60.6744], [15.3368, 59.7516], [17.9805, 60.2399], [19.4421, 60.952], [22.3776, 59.9253], [23.6054, 59.0973]]]}}, {"type": "Feature", "properties": {"featurecla": "Admin-0 country", "scalerank": 1, "LABELRANK": 4, "SOVEREIGNT": "Bulgaria", "SOV_A3": "BGR", "ADM0_DIF": 0, "LEVEL": 2, "TYPE": "Sovereign country", "TLC": "1", "ADMIN": "Bulgaria", "ADM0_A3": "BGR", "GEOU_DIF": 0, "GEOUNIT": "Bulgaria", "GU_A3": "BGR", "SU_DIF": 0, "SUBUNIT": "Bulgaria", "SU_A3": "BGR", "BRK_DIFF": 0, "NAME": "Bulgaria", "NAME_LONG": "Bulgaria", "BRK_A3": "BGR", "BRK_NAME": "Bulgaria", "BRK_GROUP": null, "ABBREV": "Bulg.", "POSTAL": "BG", "FORMAL_EN": "Republic of Bulgaria", "FORMAL_FR": null, "NAME_CIAWF": "Bulgaria", "NOTE_ADM0": null, "NOTE_BRK": null, "NAME_SORT": "Bulgaria", "NAME_ALT": null, "MAPCOLOR7": 4, "MAPCOLOR8": 5, "MAPCOLOR9": 1, "MAPCOLOR13": 8, "POP_EST": 6975761, "POP_RANK": 13, "POP_YEAR": 2019, "GDP_MD": 68558, "GDP_YEAR": 2019, "ECONOMY": "2. Developed region: nonG7", "INCOME_GRP": "3. Upper middle income", "FIPS_10": "BU", "ISO_A2": "BG", "ISO_A2_EH": "BG", "ISO_A3": "BGR", "ISO_A3_EH": "BGR", "ISO_N3": "100", "ISO_N3_EH": "100", "UN_A3": "100", "WB_A2": "BG", "WB_A3": "BGR", "WOE_ID": 23424771, "WOE_ID_EH": 23424771, "WOE_NOTE": "Exact WOE match as country", "ADM0_ISO": "BGR", "ADM0_DIFF": null, "ADM0_TLC": "BGR", "ADM0_A3_US": "BGR", "ADM0_A3_FR": "BGR", "ADM0_A3_RU": "BGR", "ADM0_A3_ES": "BGR", "ADM0_A3_CN": "BGR", "ADM0_A3_TW": "BGR", "ADM0_A3_IN": "BGR", "ADM0_A3_NP": "BGR", "ADM0_A3_PK": "BGR", "ADM0_A3_DE": "BGR", "ADM0_A3_GB": "BGR", "ADM0_A3_BR": "BGR", "ADM0_A3_IL": "BGR", "ADM0_A3_PS": "BGR", "ADM0_A3_SA": "BGR", "ADM0_A3_EG": "BGR", "ADM0_A3_MA": "BGR", "ADM0_A3_PT": "BGR", "ADM0_A3_AR": "BGR", "ADM0_A3_JP": "BGR", "ADM0_A3_KO": "BGR", "ADM0_A3_VN": "BGR", "ADM0_A3_TR": "BGR", "ADM0_A3_ID": "BGR", "ADM0_A3_PL": "BGR", "ADM0_A3_GR": "BGR", "ADM0_A3_IT": "BGR", "ADM0_A3_NL": "BGR", "ADM0_A3_SE": "BGR", "ADM0_A3_BD": "BGR", "ADM0_A3_UA": "BGR", "ADM0_A3_UN": -99, "ADM0_A3_WB": -99, "CONTINENT": "Europe", "REGION_UN": "Europe", "SUBREGION": "Eastern Europe", "REGION_WB": "Europe & Central Asia", "NAME_LEN": 8, "LONG_LEN": 8, "ABBREV_LEN": 5, "TINY": -99, "HOMEPART": 1, "MIN_ZOOM": 0, "MIN_LABEL": 4, "MAX_LABEL": 9, "LABEL_X": 25.15709, "LABEL_Y": 42.508785, "NE_ID": 1159320409, "WIKIDATAID": "Q219", "NAME_AR": "\u0628\u0644\u063a\u0627\u0631\u064a\u0627", "NAME_BN": "\u09ac\u09c1\u09b2\u0997\u09c7\u09b0\u09bf\u09af\u09bc\u09be", "NAME_DE": "Bulgarien", "NAME_EN": "Bulgaria", "NAME_ES": "Bulgaria", "NAME_FA": "\u0628\u0644\u063a\u0627\u0631\u0633\u062a\u0627\u0646", "NAME_FR": "Bulgarie", "NAME_EL": "\u0392\u03bf\u03c5\u03bb\u03b3\u03b1\u03c1\u03af\u03b1", "NAME_HE": "\u05d1\u05d5\u05dc\u05d2\u05e8\u05d9\u05d4", "NAME_HI": "\u092c\u0941\u0932\u094d\u0917\u093e\u0930\u093f\u092f\u093e", "NAME_HU": "Bulg\u00e1ria", "NAME_ID": "Bulgaria", "NAME_IT": "Bulgaria", "NAME_JA": "\u30d6\u30eb\u30ac\u30ea\u30a2", "NAME_KO": "\ubd88\uac00\ub9ac\uc544", "NAME_NL": "Bulgarije", "NAME_PL": "Bu\u0142garia", "NAME_PT": "Bulg\u00e1ria", "NAME_RU": "\u0411\u043e\u043b\u0433\u0430\u0440\u0438\u044f", "NAME_SV": "Bulgarien", "NAME_TR": "Bulgaristan", "NAME_UK": "\u0411\u043e\u043b\u0433\u0430\u0440\u0456\u044f", "NAME_UR": "\u0628\u0644\u063a\u0627\u0631\u06cc\u06c1", "NAME_VI": "Bulgaria", "NAME_ZH": "\u4fdd\u52a0\u5229\u4e9a", "NAME_ZHT": "\u4fdd\u52a0\u5229\u4e9e", "FCLASS_ISO": "Admin-0 country", "TLC_DIFF": null, "FCLASS_TLC": "Admin-0 country", "FCLASS_US": null, "FCLASS_FR": null, "FCLASS_RU": null, "FCLASS_ES": null, "FCLASS_CN": null, "FCLASS_TW": null, "FCLASS_IN": null, "FCLASS_NP": null, "FCLASS_PK": null, "FCLASS_DE": null, "FCLASS_GB": null, "FCLASS_BR": null, "FCLASS_IL": null, "FCLASS_PS": null, "FCLASS_SA": null, "FCLASS_EG": null, "FCLASS_MA": null, "FCLASS_PT": null, "FCLASS_AR": null, "FCLASS_JP": null, "FCLASS_KO": null, "FCLASS_VN": null, "FCLASS_TR": null, "FCLASS_ID": null, "FCLASS_PL": null, "FCLASS_GR": null, "FCLASS_IT": null, "FCLASS_NL": null, "FCLASS_SE": null, "FCLASS_BD": null, "FCLASS_UA": null, "cartogram_scale": 0.6, "dc_count": 5, "dc_code": "BGR"}, "geometry": {"type": "Polygon", "coordinates": [[[23.4692, 43.6984], [23.6418, 43.4517], [23.8743, 43.4957], [24.3353, 43.4021], [25.2165, 43.3705], [25.514, 43.5236], [26.2204, 43.6631], [26.657, 43.4449], [27.0098, 43.3819], [26.6984, 43.1334], [26.4793, 42.7042], [26.673, 42.3619], [26.1564, 42.4424], [25.5452, 42.2536], [25.5386, 41.9548], [24.9932, 41.8982], [24.5705, 42.1078], [24.0902, 41.9429], [23.6464, 41.9603], [23.6038, 42.357], [23.3032, 42.5496], [23.4019, 42.6343], [23.3369, 42.7057], [23.4378, 42.8966], [23.6665, 43.0842], [23.375, 43.3432], [23.3212, 43.5623], [23.4692, 43.6984]]]}}, {"type": "Feature", "properties": {"featurecla": "Admin-0 country", "scalerank": 1, "LABELRANK": 3, "SOVEREIGNT": "Greece", "SOV_A3": "GRC", "ADM0_DIF": 0, "LEVEL": 2, "TYPE": "Sovereign country", "TLC": "1", "ADMIN": "Greece", "ADM0_A3": "GRC", "GEOU_DIF": 0, "GEOUNIT": "Greece", "GU_A3": "GRC", "SU_DIF": 0, "SUBUNIT": "Greece", "SU_A3": "GRC", "BRK_DIFF": 0, "NAME": "Greece", "NAME_LONG": "Greece", "BRK_A3": "GRC", "BRK_NAME": "Greece", "BRK_GROUP": null, "ABBREV": "Greece", "POSTAL": "GR", "FORMAL_EN": "Hellenic Republic", "FORMAL_FR": null, "NAME_CIAWF": "Greece", "NOTE_ADM0": null, "NOTE_BRK": null, "NAME_SORT": "Greece", "NAME_ALT": null, "MAPCOLOR7": 2, "MAPCOLOR8": 2, "MAPCOLOR9": 2, "MAPCOLOR13": 9, "POP_EST": 10716322, "POP_RANK": 14, "POP_YEAR": 2019, "GDP_MD": 209852, "GDP_YEAR": 2019, "ECONOMY": "2. Developed region: nonG7", "INCOME_GRP": "1. High income: OECD", "FIPS_10": "GR", "ISO_A2": "GR", "ISO_A2_EH": "GR", "ISO_A3": "GRC", "ISO_A3_EH": "GRC", "ISO_N3": "300", "ISO_N3_EH": "300", "UN_A3": "300", "WB_A2": "GR", "WB_A3": "GRC", "WOE_ID": 23424833, "WOE_ID_EH": 23424833, "WOE_NOTE": "Exact WOE match as country", "ADM0_ISO": "GRC", "ADM0_DIFF": null, "ADM0_TLC": "GRC", "ADM0_A3_US": "GRC", "ADM0_A3_FR": "GRC", "ADM0_A3_RU": "GRC", "ADM0_A3_ES": "GRC", "ADM0_A3_CN": "GRC", "ADM0_A3_TW": "GRC", "ADM0_A3_IN": "GRC", "ADM0_A3_NP": "GRC", "ADM0_A3_PK": "GRC", "ADM0_A3_DE": "GRC", "ADM0_A3_GB": "GRC", "ADM0_A3_BR": "GRC", "ADM0_A3_IL": "GRC", "ADM0_A3_PS": "GRC", "ADM0_A3_SA": "GRC", "ADM0_A3_EG": "GRC", "ADM0_A3_MA": "GRC", "ADM0_A3_PT": "GRC", "ADM0_A3_AR": "GRC", "ADM0_A3_JP": "GRC", "ADM0_A3_KO": "GRC", "ADM0_A3_VN": "GRC", "ADM0_A3_TR": "GRC", "ADM0_A3_ID": "GRC", "ADM0_A3_PL": "GRC", "ADM0_A3_GR": "GRC", "ADM0_A3_IT": "GRC", "ADM0_A3_NL": "GRC", "ADM0_A3_SE": "GRC", "ADM0_A3_BD": "GRC", "ADM0_A3_UA": "GRC", "ADM0_A3_UN": -99, "ADM0_A3_WB": -99, "CONTINENT": "Europe", "REGION_UN": "Europe", "SUBREGION": "Southern Europe", "REGION_WB": "Europe & Central Asia", "NAME_LEN": 6, "LONG_LEN": 6, "ABBREV_LEN": 6, "TINY": -99, "HOMEPART": 1, "MIN_ZOOM": 0, "MIN_LABEL": 2.7, "MAX_LABEL": 8, "LABEL_X": 21.72568, "LABEL_Y": 39.492763, "NE_ID": 1159320811, "WIKIDATAID": "Q41", "NAME_AR": "\u0627\u0644\u064a\u0648\u0646\u0627\u0646", "NAME_BN": "\u0997\u09cd\u09b0\u09bf\u09b8", "NAME_DE": "Griechenland", "NAME_EN": "Greece", "NAME_ES": "Grecia", "NAME_FA": "\u06cc\u0648\u0646\u0627\u0646", "NAME_FR": "Gr\u00e8ce", "NAME_EL": "\u0395\u03bb\u03bb\u03ac\u03b4\u03b1", "NAME_HE": "\u05d9\u05d5\u05d5\u05df", "NAME_HI": "\u092f\u0942\u0928\u093e\u0928", "NAME_HU": "G\u00f6r\u00f6gorsz\u00e1g", "NAME_ID": "Yunani", "NAME_IT": "Grecia", "NAME_JA": "\u30ae\u30ea\u30b7\u30e3", "NAME_KO": "\uadf8\ub9ac\uc2a4", "NAME_NL": "Griekenland", "NAME_PL": "Grecja", "NAME_PT": "Gr\u00e9cia", "NAME_RU": "\u0413\u0440\u0435\u0446\u0438\u044f", "NAME_SV": "Grekland", "NAME_TR": "Yunanistan", "NAME_UK": "\u0413\u0440\u0435\u0446\u0456\u044f", "NAME_UR": "\u06cc\u0648\u0646\u0627\u0646", "NAME_VI": "Hy L\u1ea1p", "NAME_ZH": "\u5e0c\u814a", "NAME_ZHT": "\u5e0c\u81d8", "FCLASS_ISO": "Admin-0 country", "TLC_DIFF": null, "FCLASS_TLC": "Admin-0 country", "FCLASS_US": null, "FCLASS_FR": null, "FCLASS_RU": null, "FCLASS_ES": null, "FCLASS_CN": null, "FCLASS_TW": null, "FCLASS_IN": null, "FCLASS_NP": null, "FCLASS_PK": null, "FCLASS_DE": null, "FCLASS_GB": null, "FCLASS_BR": null, "FCLASS_IL": null, "FCLASS_PS": null, "FCLASS_SA": null, "FCLASS_EG": null, "FCLASS_MA": null, "FCLASS_PT": null, "FCLASS_AR": null, "FCLASS_JP": null, "FCLASS_KO": null, "FCLASS_VN": null, "FCLASS_TR": null, "FCLASS_ID": null, "FCLASS_PL": null, "FCLASS_GR": null, "FCLASS_IT": null, "FCLASS_NL": null, "FCLASS_SE": null, "FCLASS_BD": null, "FCLASS_UA": null, "cartogram_scale": 0.6, "dc_count": 7, "dc_code": "GRC"}, "geometry": {"type": "MultiPolygon", "coordinates": [[[[25.1899, 36.7294], [25.1149, 36.5524], [24.2509, 36.5014], [24.2569, 36.6004], [23.5249, 36.7174], [23.6359, 36.9724], [23.9639, 36.7702], [24.4309, 36.8044], [24.8774, 36.7618], [24.8629, 36.6574], [25.1899, 36.7294]]], [[[23.1873, 40.3522], [23.6311, 40.3348], [24.1115, 40.4997], [24.5342, 40.2901], [25.0796, 40.3467], [25.0861, 40.6455], [25.3784, 40.4866], [25.1926, 40.1111], [25.0501, 40.0438], [24.6845, 40.0609], [24.3714, 40.1176], [23.6448, 39.9616], [24.0607, 39.6244], [23.7559, 39.5266], [23.4217, 39.526], [23.1043, 39.835], [22.9917, 39.7033], [23.1257, 39.3449], [23.4259, 39.0634], [23.1997, 38.9319], [23.5339, 38.6554], [23.8309, 38.4814], [23.8399, 38.1424], [23.2849, 38.3014], [23.4619, 37.9954], [23.0809, 37.9324], [23.3084, 37.4029], [22.9099, 37.3954], [22.4179, 37.6564], [22.1929, 38.1364], [22.0879, 38.5356], [21.8539, 38.8114], [21.5465, 39.1535], [21.5059, 39.3244], [21.7849, 39.6154], [21.8209, 39.8104], [22.0159, 39.8974], [22.0279, 40.055], [22.4204, 40.1081], [22.6491, 40.2393], [22.9743, 40.2277], [23.0729, 40.3322], [23.1873, 40.3522]]]]}}, {"type": "Feature", "properties": {"featurecla": "Admin-0 country", "scalerank": 1, "LABELRANK": 2, "SOVEREIGNT": "Turkey", "SOV_A3": "TUR", "ADM0_DIF": 0, "LEVEL": 2, "TYPE": "Sovereign country", "TLC": "1", "ADMIN": "Turkey", "ADM0_A3": "TUR", "GEOU_DIF": 0, "GEOUNIT": "Turkey", "GU_A3": "TUR", "SU_DIF": 0, "SUBUNIT": "Turkey", "SU_A3": "TUR", "BRK_DIFF": 0, "NAME": "Turkey", "NAME_LONG": "Turkey", "BRK_A3": "TUR", "BRK_NAME": "Turkey", "BRK_GROUP": null, "ABBREV": "Tur.", "POSTAL": "TR", "FORMAL_EN": "Republic of Turkey", "FORMAL_FR": null, "NAME_CIAWF": "Turkey", "NOTE_ADM0": null, "NOTE_BRK": null, "NAME_SORT": "Turkey", "NAME_ALT": null, "MAPCOLOR7": 6, "MAPCOLOR8": 3, "MAPCOLOR9": 8, "MAPCOLOR13": 4, "POP_EST": 83429615, "POP_RANK": 16, "POP_YEAR": 2019, "GDP_MD": 761425, "GDP_YEAR": 2019, "ECONOMY": "4. Emerging region: MIKT", "INCOME_GRP": "3. Upper middle income", "FIPS_10": "TU", "ISO_A2": "TR", "ISO_A2_EH": "TR", "ISO_A3": "TUR", "ISO_A3_EH": "TUR", "ISO_N3": "792", "ISO_N3_EH": "792", "UN_A3": "792", "WB_A2": "TR", "WB_A3": "TUR", "WOE_ID": 23424969, "WOE_ID_EH": 23424969, "WOE_NOTE": "Exact WOE match as country", "ADM0_ISO": "TUR", "ADM0_DIFF": null, "ADM0_TLC": "TUR", "ADM0_A3_US": "TUR", "ADM0_A3_FR": "TUR", "ADM0_A3_RU": "TUR", "ADM0_A3_ES": "TUR", "ADM0_A3_CN": "TUR", "ADM0_A3_TW": "TUR", "ADM0_A3_IN": "TUR", "ADM0_A3_NP": "TUR", "ADM0_A3_PK": "TUR", "ADM0_A3_DE": "TUR", "ADM0_A3_GB": "TUR", "ADM0_A3_BR": "TUR", "ADM0_A3_IL": "TUR", "ADM0_A3_PS": "TUR", "ADM0_A3_SA": "TUR", "ADM0_A3_EG": "TUR", "ADM0_A3_MA": "TUR", "ADM0_A3_PT": "TUR", "ADM0_A3_AR": "TUR", "ADM0_A3_JP": "TUR", "ADM0_A3_KO": "TUR", "ADM0_A3_VN": "TUR", "ADM0_A3_TR": "TUR", "ADM0_A3_ID": "TUR", "ADM0_A3_PL": "TUR", "ADM0_A3_GR": "TUR", "ADM0_A3_IT": "TUR", "ADM0_A3_NL": "TUR", "ADM0_A3_SE": "TUR", "ADM0_A3_BD": "TUR", "ADM0_A3_UA": "TUR", "ADM0_A3_UN": -99, "ADM0_A3_WB": -99, "CONTINENT": "Asia", "REGION_UN": "Asia", "SUBREGION": "Western Asia", "REGION_WB": "Europe & Central Asia", "NAME_LEN": 6, "LONG_LEN": 6, "ABBREV_LEN": 4, "TINY": -99, "HOMEPART": 1, "MIN_ZOOM": 0, "MIN_LABEL": 2, "MAX_LABEL": 7, "LABEL_X": 34.508268, "LABEL_Y": 39.345388, "NE_ID": 1159321331, "WIKIDATAID": "Q43", "NAME_AR": "\u062a\u0631\u0643\u064a\u0627", "NAME_BN": "\u09a4\u09c1\u09b0\u09b8\u09cd\u0995", "NAME_DE": "T\u00fcrkei", "NAME_EN": "Turkey", "NAME_ES": "Turqu\u00eda", "NAME_FA": "\u062a\u0631\u06a9\u06cc\u0647", "NAME_FR": "Turquie", "NAME_EL": "\u03a4\u03bf\u03c5\u03c1\u03ba\u03af\u03b1", "NAME_HE": "\u05d8\u05d5\u05e8\u05e7\u05d9\u05d4", "NAME_HI": "\u0924\u0941\u0930\u094d\u0915\u0940", "NAME_HU": "T\u00f6r\u00f6korsz\u00e1g", "NAME_ID": "Turki", "NAME_IT": "Turchia", "NAME_JA": "\u30c8\u30eb\u30b3", "NAME_KO": "\ud130\ud0a4", "NAME_NL": "Turkije", "NAME_PL": "Turcja", "NAME_PT": "Turquia", "NAME_RU": "\u0422\u0443\u0440\u0446\u0438\u044f", "NAME_SV": "Turkiet", "NAME_TR": "T\u00fcrkiye", "NAME_UK": "\u0422\u0443\u0440\u0435\u0447\u0447\u0438\u043d\u0430", "NAME_UR": "\u062a\u0631\u06a9\u06cc", "NAME_VI": "Th\u1ed5 Nh\u0129 K\u1ef3", "NAME_ZH": "\u571f\u8033\u5176", "NAME_ZHT": "\u571f\u8033\u5176", "FCLASS_ISO": "Admin-0 country", "TLC_DIFF": null, "FCLASS_TLC": "Admin-0 country", "FCLASS_US": null, "FCLASS_FR": null, "FCLASS_RU": null, "FCLASS_ES": null, "FCLASS_CN": null, "FCLASS_TW": null, "FCLASS_IN": null, "FCLASS_NP": null, "FCLASS_PK": null, "FCLASS_DE": null, "FCLASS_GB": null, "FCLASS_BR": null, "FCLASS_IL": null, "FCLASS_PS": null, "FCLASS_SA": null, "FCLASS_EG": null, "FCLASS_MA": null, "FCLASS_PT": null, "FCLASS_AR": null, "FCLASS_JP": null, "FCLASS_KO": null, "FCLASS_VN": null, "FCLASS_TR": null, "FCLASS_ID": null, "FCLASS_PL": null, "FCLASS_GR": null, "FCLASS_IT": null, "FCLASS_NL": null, "FCLASS_SE": null, "FCLASS_BD": null, "FCLASS_UA": null, "cartogram_scale": 0.9, "dc_count": 38, "dc_code": "TUR"}, "geometry": {"type": "MultiPolygon", "coordinates": [[[[43.7838, 37.3504], [43.3525, 37.1984], [43.0364, 37.4276], [41.9896, 37.5438], [41.603, 37.4039], [40.5793, 37.264], [40.0943, 37.2792], [39.0587, 36.9415], [38.3183, 36.9387], [37.8394, 37.1081], [36.8485, 36.8578], [36.5539, 37.0328], [36.5053, 36.5308], [36.2642, 36.3336], [36.0232, 36.1364], [35.6923, 36.5445], [36.0331, 36.8826], [35.4842, 36.8059], [34.7315, 37.013], [34.1126, 36.495], [32.7466, 36.3938], [32.018, 36.8769], [31.0479, 36.9071], [30.8404, 36.5337], [30.2184, 36.427], [29.348, 36.9062], [28.3655, 36.89], [27.8323, 37.7851], [27.1748, 38.2844], [27.6126, 38.9842], [27.0421, 39.4143], [28.0404, 40.275], [29.4264, 40.311], [29.8044, 40.995], [31.5197, 40.8759], [32.6016, 41.4597], [33.6504, 41.7141], [35.1393, 41.7332], [36.7102, 41.0989], [38.0013, 40.7508], [39.0497, 40.8895], [39.8245, 40.8093], [40.8871, 41.2791], [41.846, 41.3219], [42.7129, 40.88], [42.8658, 40.5632], [42.7792, 40.1252], [43.4484, 39.9015], [43.803, 39.6387], [43.1867, 39.3824], [43.4677, 38.3502], [43.2916, 38.0715], [43.7838, 37.3504], [43.7838, 37.3504]]], [[[26.9937, 41.5412], [27.9106, 41.8244], [28.6854, 41.7037], [28.7924, 41.3576], [29.578, 41.067], [29.4142, 40.8465], [28.3455, 40.7969], [27.9615, 40.5185], [27.2106, 40.0338], [26.9274, 40.453], [26.9396, 40.6387], [27.1535, 40.7397], [27.4322, 41.3029], [26.9937, 41.5412]]]]}}, {"type": "Feature", "properties": {"featurecla": "Admin-0 country", "scalerank": 1, "LABELRANK": 6, "SOVEREIGNT": "Albania", "SOV_A3": "ALB", "ADM0_DIF": 0, "LEVEL": 2, "TYPE": "Sovereign country", "TLC": "1", "ADMIN": "Albania", "ADM0_A3": "ALB", "GEOU_DIF": 0, "GEOUNIT": "Albania", "GU_A3": "ALB", "SU_DIF": 0, "SUBUNIT": "Albania", "SU_A3": "ALB", "BRK_DIFF": 0, "NAME": "Albania", "NAME_LONG": "Albania", "BRK_A3": "ALB", "BRK_NAME": "Albania", "BRK_GROUP": null, "ABBREV": "Alb.", "POSTAL": "AL", "FORMAL_EN": "Republic of Albania", "FORMAL_FR": null, "NAME_CIAWF": "Albania", "NOTE_ADM0": null, "NOTE_BRK": null, "NAME_SORT": "Albania", "NAME_ALT": null, "MAPCOLOR7": 1, "MAPCOLOR8": 4, "MAPCOLOR9": 1, "MAPCOLOR13": 6, "POP_EST": 2854191, "POP_RANK": 12, "POP_YEAR": 2019, "GDP_MD": 15279, "GDP_YEAR": 2019, "ECONOMY": "6. Developing region", "INCOME_GRP": "4. Lower middle income", "FIPS_10": "AL", "ISO_A2": "AL", "ISO_A2_EH": "AL", "ISO_A3": "ALB", "ISO_A3_EH": "ALB", "ISO_N3": "008", "ISO_N3_EH": "008", "UN_A3": "008", "WB_A2": "AL", "WB_A3": "ALB", "WOE_ID": 23424742, "WOE_ID_EH": 23424742, "WOE_NOTE": "Exact WOE match as country", "ADM0_ISO": "ALB", "ADM0_DIFF": null, "ADM0_TLC": "ALB", "ADM0_A3_US": "ALB", "ADM0_A3_FR": "ALB", "ADM0_A3_RU": "ALB", "ADM0_A3_ES": "ALB", "ADM0_A3_CN": "ALB", "ADM0_A3_TW": "ALB", "ADM0_A3_IN": "ALB", "ADM0_A3_NP": "ALB", "ADM0_A3_PK": "ALB", "ADM0_A3_DE": "ALB", "ADM0_A3_GB": "ALB", "ADM0_A3_BR": "ALB", "ADM0_A3_IL": "ALB", "ADM0_A3_PS": "ALB", "ADM0_A3_SA": "ALB", "ADM0_A3_EG": "ALB", "ADM0_A3_MA": "ALB", "ADM0_A3_PT": "ALB", "ADM0_A3_AR": "ALB", "ADM0_A3_JP": "ALB", "ADM0_A3_KO": "ALB", "ADM0_A3_VN": "ALB", "ADM0_A3_TR": "ALB", "ADM0_A3_ID": "ALB", "ADM0_A3_PL": "ALB", "ADM0_A3_GR": "ALB", "ADM0_A3_IT": "ALB", "ADM0_A3_NL": "ALB", "ADM0_A3_SE": "ALB", "ADM0_A3_BD": "ALB", "ADM0_A3_UA": "ALB", "ADM0_A3_UN": -99, "ADM0_A3_WB": -99, "CONTINENT": "Europe", "REGION_UN": "Europe", "SUBREGION": "Southern Europe", "REGION_WB": "Europe & Central Asia", "NAME_LEN": 7, "LONG_LEN": 7, "ABBREV_LEN": 4, "TINY": -99, "HOMEPART": 1, "MIN_ZOOM": 0, "MIN_LABEL": 5, "MAX_LABEL": 10, "LABEL_X": 20.11384, "LABEL_Y": 40.654855, "NE_ID": 1159320325, "WIKIDATAID": "Q222", "NAME_AR": "\u0623\u0644\u0628\u0627\u0646\u064a\u0627", "NAME_BN": "\u0986\u09b2\u09ac\u09c7\u09a8\u09bf\u09af\u09bc\u09be", "NAME_DE": "Albanien", "NAME_EN": "Albania", "NAME_ES": "Albania", "NAME_FA": "\u0622\u0644\u0628\u0627\u0646\u06cc", "NAME_FR": "Albanie", "NAME_EL": "\u0391\u03bb\u03b2\u03b1\u03bd\u03af\u03b1", "NAME_HE": "\u05d0\u05dc\u05d1\u05e0\u05d9\u05d4", "NAME_HI": "\u0905\u0932\u094d\u092c\u093e\u0928\u093f\u092f\u093e", "NAME_HU": "Alb\u00e1nia", "NAME_ID": "Albania", "NAME_IT": "Albania", "NAME_JA": "\u30a2\u30eb\u30d0\u30cb\u30a2", "NAME_KO": "\uc54c\ubc14\ub2c8\uc544", "NAME_NL": "Albani\u00eb", "NAME_PL": "Albania", "NAME_PT": "Alb\u00e2nia", "NAME_RU": "\u0410\u043b\u0431\u0430\u043d\u0438\u044f", "NAME_SV": "Albanien", "NAME_TR": "Arnavutluk", "NAME_UK": "\u0410\u043b\u0431\u0430\u043d\u0456\u044f", "NAME_UR": "\u0627\u0644\u0628\u0627\u0646\u06cc\u0627", "NAME_VI": "Albania", "NAME_ZH": "\u963f\u5c14\u5df4\u5c3c\u4e9a", "NAME_ZHT": "\u963f\u723e\u5df4\u5c3c\u4e9e", "FCLASS_ISO": "Admin-0 country", "TLC_DIFF": null, "FCLASS_TLC": "Admin-0 country", "FCLASS_US": null, "FCLASS_FR": null, "FCLASS_RU": null, "FCLASS_ES": null, "FCLASS_CN": null, "FCLASS_TW": null, "FCLASS_IN": null, "FCLASS_NP": null, "FCLASS_PK": null, "FCLASS_DE": null, "FCLASS_GB": null, "FCLASS_BR": null, "FCLASS_IL": null, "FCLASS_PS": null, "FCLASS_SA": null, "FCLASS_EG": null, "FCLASS_MA": null, "FCLASS_PT": null, "FCLASS_AR": null, "FCLASS_JP": null, "FCLASS_KO": null, "FCLASS_VN": null, "FCLASS_TR": null, "FCLASS_ID": null, "FCLASS_PL": null, "FCLASS_GR": null, "FCLASS_IT": null, "FCLASS_NL": null, "FCLASS_SE": null, "FCLASS_BD": null, "FCLASS_UA": null, "cartogram_scale": 0.3, "dc_count": 0, "dc_code": "OTHER"}, "geometry": {"type": "Polygon", "coordinates": [[[20.3878, 41.1491], [20.3817, 41.0703], [20.2842, 41.0268], [20.2662, 40.9293], [20.1268, 40.7838], [20.0757, 40.8048], [20.0697, 40.8708], [19.9036, 40.9716], [19.8775, 41.1145], [19.9028, 41.3192], [19.9438, 41.4123], [19.8933, 41.4596], [19.8933, 41.4596], [19.8731, 41.555], [20.0032, 41.7028], [20.0222, 41.6464], [20.103, 41.6729], [20.1669, 41.5924], [20.2386, 41.5617], [20.2588, 41.4529], [20.2588, 41.4529], [20.2207, 41.3509], [20.2633, 41.2222], [20.3878, 41.1491]]]}}, {"type": "Feature", "properties": {"featurecla": "Admin-0 country", "scalerank": 1, "LABELRANK": 6, "SOVEREIGNT": "Croatia", "SOV_A3": "HRV", "ADM0_DIF": 0, "LEVEL": 2, "TYPE": "Sovereign country", "TLC": "1", "ADMIN": "Croatia", "ADM0_A3": "HRV", "GEOU_DIF": 0, "GEOUNIT": "Croatia", "GU_A3": "HRV", "SU_DIF": 0, "SUBUNIT": "Croatia", "SU_A3": "HRV", "BRK_DIFF": 0, "NAME": "Croatia", "NAME_LONG": "Croatia", "BRK_A3": "HRV", "BRK_NAME": "Croatia", "BRK_GROUP": null, "ABBREV": "Cro.", "POSTAL": "HR", "FORMAL_EN": "Republic of Croatia", "FORMAL_FR": null, "NAME_CIAWF": "Croatia", "NOTE_ADM0": null, "NOTE_BRK": null, "NAME_SORT": "Croatia", "NAME_ALT": null, "MAPCOLOR7": 5, "MAPCOLOR8": 4, "MAPCOLOR9": 5, "MAPCOLOR13": 1, "POP_EST": 4067500, "POP_RANK": 12, "POP_YEAR": 2019, "GDP_MD": 60752, "GDP_YEAR": 2019, "ECONOMY": "2. Developed region: nonG7", "INCOME_GRP": "2. High income: nonOECD", "FIPS_10": "HR", "ISO_A2": "HR", "ISO_A2_EH": "HR", "ISO_A3": "HRV", "ISO_A3_EH": "HRV", "ISO_N3": "191", "ISO_N3_EH": "191", "UN_A3": "191", "WB_A2": "HR", "WB_A3": "HRV", "WOE_ID": 23424843, "WOE_ID_EH": 23424843, "WOE_NOTE": "Exact WOE match as country", "ADM0_ISO": "HRV", "ADM0_DIFF": null, "ADM0_TLC": "HRV", "ADM0_A3_US": "HRV", "ADM0_A3_FR": "HRV", "ADM0_A3_RU": "HRV", "ADM0_A3_ES": "HRV", "ADM0_A3_CN": "HRV", "ADM0_A3_TW": "HRV", "ADM0_A3_IN": "HRV", "ADM0_A3_NP": "HRV", "ADM0_A3_PK": "HRV", "ADM0_A3_DE": "HRV", "ADM0_A3_GB": "HRV", "ADM0_A3_BR": "HRV", "ADM0_A3_IL": "HRV", "ADM0_A3_PS": "HRV", "ADM0_A3_SA": "HRV", "ADM0_A3_EG": "HRV", "ADM0_A3_MA": "HRV", "ADM0_A3_PT": "HRV", "ADM0_A3_AR": "HRV", "ADM0_A3_JP": "HRV", "ADM0_A3_KO": "HRV", "ADM0_A3_VN": "HRV", "ADM0_A3_TR": "HRV", "ADM0_A3_ID": "HRV", "ADM0_A3_PL": "HRV", "ADM0_A3_GR": "HRV", "ADM0_A3_IT": "HRV", "ADM0_A3_NL": "HRV", "ADM0_A3_SE": "HRV", "ADM0_A3_BD": "HRV", "ADM0_A3_UA": "HRV", "ADM0_A3_UN": -99, "ADM0_A3_WB": -99, "CONTINENT": "Europe", "REGION_UN": "Europe", "SUBREGION": "Southern Europe", "REGION_WB": "Europe & Central Asia", "NAME_LEN": 7, "LONG_LEN": 7, "ABBREV_LEN": 4, "TINY": -99, "HOMEPART": 1, "MIN_ZOOM": 0, "MIN_LABEL": 4, "MAX_LABEL": 9, "LABEL_X": 16.37241, "LABEL_Y": 45.805799, "NE_ID": 1159320833, "WIKIDATAID": "Q224", "NAME_AR": "\u0643\u0631\u0648\u0627\u062a\u064a\u0627", "NAME_BN": "\u0995\u09cd\u09b0\u09cb\u09af\u09bc\u09c7\u09b6\u09bf\u09af\u09bc\u09be", "NAME_DE": "Kroatien", "NAME_EN": "Croatia", "NAME_ES": "Croacia", "NAME_FA": "\u06a9\u0631\u0648\u0627\u0633\u06cc", "NAME_FR": "Croatie", "NAME_EL": "\u039a\u03c1\u03bf\u03b1\u03c4\u03af\u03b1", "NAME_HE": "\u05e7\u05e8\u05d5\u05d0\u05d8\u05d9\u05d4", "NAME_HI": "\u0915\u094d\u0930\u094b\u090f\u0936\u093f\u092f\u093e", "NAME_HU": "Horv\u00e1torsz\u00e1g", "NAME_ID": "Kroasia", "NAME_IT": "Croazia", "NAME_JA": "\u30af\u30ed\u30a2\u30c1\u30a2", "NAME_KO": "\ud06c\ub85c\uc544\ud2f0\uc544", "NAME_NL": "Kroati\u00eb", "NAME_PL": "Chorwacja", "NAME_PT": "Cro\u00e1cia", "NAME_RU": "\u0425\u043e\u0440\u0432\u0430\u0442\u0438\u044f", "NAME_SV": "Kroatien", "NAME_TR": "H\u0131rvatistan", "NAME_UK": "\u0425\u043e\u0440\u0432\u0430\u0442\u0456\u044f", "NAME_UR": "\u06a9\u0631\u0648\u0634\u06cc\u0627", "NAME_VI": "Croatia", "NAME_ZH": "\u514b\u7f57\u5730\u4e9a", "NAME_ZHT": "\u514b\u7f85\u5730\u4e9e", "FCLASS_ISO": "Admin-0 country", "TLC_DIFF": null, "FCLASS_TLC": "Admin-0 country", "FCLASS_US": null, "FCLASS_FR": null, "FCLASS_RU": null, "FCLASS_ES": null, "FCLASS_CN": null, "FCLASS_TW": null, "FCLASS_IN": null, "FCLASS_NP": null, "FCLASS_PK": null, "FCLASS_DE": null, "FCLASS_GB": null, "FCLASS_BR": null, "FCLASS_IL": null, "FCLASS_PS": null, "FCLASS_SA": null, "FCLASS_EG": null, "FCLASS_MA": null, "FCLASS_PT": null, "FCLASS_AR": null, "FCLASS_JP": null, "FCLASS_KO": null, "FCLASS_VN": null, "FCLASS_TR": null, "FCLASS_ID": null, "FCLASS_PL": null, "FCLASS_GR": null, "FCLASS_IT": null, "FCLASS_NL": null, "FCLASS_SE": null, "FCLASS_BD": null, "FCLASS_UA": null, "cartogram_scale": 0.6, "dc_count": 5, "dc_code": "HRV"}, "geometry": {"type": "Polygon", "coordinates": [[[16.5114, 45.8404], [16.702, 45.7665], [17.1506, 45.5092], [17.6462, 45.3938], [17.8704, 45.4835], [18.0162, 45.2511], [18.2068, 45.0801], [17.9758, 44.8543], [17.7044, 44.9871], [17.2896, 44.9788], [16.7738, 45.0784], [16.4935, 45.0651], [16.3634, 44.9406], [16.1481, 45.0784], [16.0225, 44.8294], [16.3163, 44.5488], [16.4464, 44.3629], [16.7222, 44.1388], [16.9509, 44.006], [17.1775, 43.7553], [17.7085, 43.5282], [17.6425, 43.4262], [17.6425, 43.4262], [17.0785, 43.6482], [16.7305, 43.8642], [16.1817, 44.0425], [15.6772, 44.4841], [15.7983, 44.5289], [15.5247, 44.7813], [15.5135, 44.9838], [15.1278, 45.0784], [14.9439, 44.8194], [14.7667, 45.0203], [14.7802, 45.2286], [14.8016, 45.2384], [15.2197, 45.2179], [15.3296, 45.3191], [15.5337, 45.2212], [15.7691, 45.2095], [15.7669, 45.3772], [15.9754, 45.4387], [16.0338, 45.681], [16.5114, 45.8404]]]}}, {"type": "Feature", "properties": {"featurecla": "Admin-0 country", "scalerank": 1, "LABELRANK": 4, "SOVEREIGNT": "Switzerland", "SOV_A3": "CHE", "ADM0_DIF": 0, "LEVEL": 2, "TYPE": "Sovereign country", "TLC": "1", "ADMIN": "Switzerland", "ADM0_A3": "CHE", "GEOU_DIF": 0, "GEOUNIT": "Switzerland", "GU_A3": "CHE", "SU_DIF": 0, "SUBUNIT": "Switzerland", "SU_A3": "CHE", "BRK_DIFF": 0, "NAME": "Switzerland", "NAME_LONG": "Switzerland", "BRK_A3": "CHE", "BRK_NAME": "Switzerland", "BRK_GROUP": null, "ABBREV": "Switz.", "POSTAL": "CH", "FORMAL_EN": "Swiss Confederation", "FORMAL_FR": null, "NAME_CIAWF": "Switzerland", "NOTE_ADM0": null, "NOTE_BRK": null, "NAME_SORT": "Switzerland", "NAME_ALT": null, "MAPCOLOR7": 5, "MAPCOLOR8": 2, "MAPCOLOR9": 7, "MAPCOLOR13": 3, "POP_EST": 8574832, "POP_RANK": 13, "POP_YEAR": 2019, "GDP_MD": 703082, "GDP_YEAR": 2019, "ECONOMY": "2. Developed region: nonG7", "INCOME_GRP": "1. High income: OECD", "FIPS_10": "SZ", "ISO_A2": "CH", "ISO_A2_EH": "CH", "ISO_A3": "CHE", "ISO_A3_EH": "CHE", "ISO_N3": "756", "ISO_N3_EH": "756", "UN_A3": "756", "WB_A2": "CH", "WB_A3": "CHE", "WOE_ID": 23424957, "WOE_ID_EH": 23424957, "WOE_NOTE": "Exact WOE match as country", "ADM0_ISO": "CHE", "ADM0_DIFF": null, "ADM0_TLC": "CHE", "ADM0_A3_US": "CHE", "ADM0_A3_FR": "CHE", "ADM0_A3_RU": "CHE", "ADM0_A3_ES": "CHE", "ADM0_A3_CN": "CHE", "ADM0_A3_TW": "CHE", "ADM0_A3_IN": "CHE", "ADM0_A3_NP": "CHE", "ADM0_A3_PK": "CHE", "ADM0_A3_DE": "CHE", "ADM0_A3_GB": "CHE", "ADM0_A3_BR": "CHE", "ADM0_A3_IL": "CHE", "ADM0_A3_PS": "CHE", "ADM0_A3_SA": "CHE", "ADM0_A3_EG": "CHE", "ADM0_A3_MA": "CHE", "ADM0_A3_PT": "CHE", "ADM0_A3_AR": "CHE", "ADM0_A3_JP": "CHE", "ADM0_A3_KO": "CHE", "ADM0_A3_VN": "CHE", "ADM0_A3_TR": "CHE", "ADM0_A3_ID": "CHE", "ADM0_A3_PL": "CHE", "ADM0_A3_GR": "CHE", "ADM0_A3_IT": "CHE", "ADM0_A3_NL": "CHE", "ADM0_A3_SE": "CHE", "ADM0_A3_BD": "CHE", "ADM0_A3_UA": "CHE", "ADM0_A3_UN": -99, "ADM0_A3_WB": -99, "CONTINENT": "Europe", "REGION_UN": "Europe", "SUBREGION": "Western Europe", "REGION_WB": "Europe & Central Asia", "NAME_LEN": 11, "LONG_LEN": 11, "ABBREV_LEN": 6, "TINY": -99, "HOMEPART": 1, "MIN_ZOOM": 0, "MIN_LABEL": 4, "MAX_LABEL": 9, "LABEL_X": 7.463965, "LABEL_Y": 46.719114, "NE_ID": 1159320491, "WIKIDATAID": "Q39", "NAME_AR": "\u0633\u0648\u064a\u0633\u0631\u0627", "NAME_BN": "\u09b8\u09c1\u0987\u099c\u09be\u09b0\u09b2\u09cd\u09af\u09be\u09a8\u09cd\u09a1", "NAME_DE": "Schweiz", "NAME_EN": "Switzerland", "NAME_ES": "Suiza", "NAME_FA": "\u0633\u0648\u0626\u06cc\u0633", "NAME_FR": "Suisse", "NAME_EL": "\u0395\u03bb\u03b2\u03b5\u03c4\u03af\u03b1", "NAME_HE": "\u05e9\u05d5\u05d5\u05d9\u05d9\u05e5", "NAME_HI": "\u0938\u094d\u0935\u093f\u091f\u094d\u091c\u093c\u0930\u0932\u0948\u0923\u094d\u0921", "NAME_HU": "Sv\u00e1jc", "NAME_ID": "Swiss", "NAME_IT": "Svizzera", "NAME_JA": "\u30b9\u30a4\u30b9", "NAME_KO": "\uc2a4\uc704\uc2a4", "NAME_NL": "Zwitserland", "NAME_PL": "Szwajcaria", "NAME_PT": "Su\u00ed\u00e7a", "NAME_RU": "\u0428\u0432\u0435\u0439\u0446\u0430\u0440\u0438\u044f", "NAME_SV": "Schweiz", "NAME_TR": "\u0130svi\u00e7re", "NAME_UK": "\u0428\u0432\u0435\u0439\u0446\u0430\u0440\u0456\u044f", "NAME_UR": "\u0633\u0648\u06cc\u0679\u0632\u0631\u0644\u06cc\u0646\u0688", "NAME_VI": "Th\u1ee5y S\u0129", "NAME_ZH": "\u745e\u58eb", "NAME_ZHT": "\u745e\u58eb", "FCLASS_ISO": "Admin-0 country", "TLC_DIFF": null, "FCLASS_TLC": "Admin-0 country", "FCLASS_US": null, "FCLASS_FR": null, "FCLASS_RU": null, "FCLASS_ES": null, "FCLASS_CN": null, "FCLASS_TW": null, "FCLASS_IN": null, "FCLASS_NP": null, "FCLASS_PK": null, "FCLASS_DE": null, "FCLASS_GB": null, "FCLASS_BR": null, "FCLASS_IL": null, "FCLASS_PS": null, "FCLASS_SA": null, "FCLASS_EG": null, "FCLASS_MA": null, "FCLASS_PT": null, "FCLASS_AR": null, "FCLASS_JP": null, "FCLASS_KO": null, "FCLASS_VN": null, "FCLASS_TR": null, "FCLASS_ID": null, "FCLASS_PL": null, "FCLASS_GR": null, "FCLASS_IT": null, "FCLASS_NL": null, "FCLASS_SE": null, "FCLASS_BD": null, "FCLASS_UA": null, "cartogram_scale": 2.3, "dc_count": 70, "dc_code": "CHE"}, "geometry": {"type": "Polygon", "coordinates": [[[15.2683, 49.4717], [15.3573, 49.0636], [15.0055, 48.5006], [16.0462, 48.0818], [17.2198, 48.0192], [17.0373, 47.0763], [16.0241, 46.6884], [14.3222, 46.9766], [13.824, 46.049], [12.7284, 45.9759], [12.3298, 46.3405], [11.0403, 45.5604], [9.9314, 45.4511], [8.9418, 45.9437], [8.1518, 46.9523], [7.0535, 46.592], [7.0875, 47.6334], [8.7696, 48.9258], [8.6957, 49.5102], [9.7436, 49.2986], [10.3751, 49.6914], [12.3313, 49.6753], [12.8035, 50.175], [15.2683, 49.4717]]]}}, {"type": "Feature", "properties": {"featurecla": "Admin-0 country", "scalerank": 1, "LABELRANK": 6, "SOVEREIGNT": "Luxembourg", "SOV_A3": "LUX", "ADM0_DIF": 0, "LEVEL": 2, "TYPE": "Sovereign country", "TLC": "1", "ADMIN": "Luxembourg", "ADM0_A3": "LUX", "GEOU_DIF": 0, "GEOUNIT": "Luxembourg", "GU_A3": "LUX", "SU_DIF": 0, "SUBUNIT": "Luxembourg", "SU_A3": "LUX", "BRK_DIFF": 0, "NAME": "Luxembourg", "NAME_LONG": "Luxembourg", "BRK_A3": "LUX", "BRK_NAME": "Luxembourg", "BRK_GROUP": null, "ABBREV": "Lux.", "POSTAL": "L", "FORMAL_EN": "Grand Duchy of Luxembourg", "FORMAL_FR": null, "NAME_CIAWF": "Luxembourg", "NOTE_ADM0": null, "NOTE_BRK": null, "NAME_SORT": "Luxembourg", "NAME_ALT": null, "MAPCOLOR7": 1, "MAPCOLOR8": 7, "MAPCOLOR9": 3, "MAPCOLOR13": 7, "POP_EST": 619896, "POP_RANK": 11, "POP_YEAR": 2019, "GDP_MD": 71104, "GDP_YEAR": 2019, "ECONOMY": "2. Developed region: nonG7", "INCOME_GRP": "1. High income: OECD", "FIPS_10": "LU", "ISO_A2": "LU", "ISO_A2_EH": "LU", "ISO_A3": "LUX", "ISO_A3_EH": "LUX", "ISO_N3": "442", "ISO_N3_EH": "442", "UN_A3": "442", "WB_A2": "LU", "WB_A3": "LUX", "WOE_ID": 23424881, "WOE_ID_EH": 23424881, "WOE_NOTE": "Exact WOE match as country", "ADM0_ISO": "LUX", "ADM0_DIFF": null, "ADM0_TLC": "LUX", "ADM0_A3_US": "LUX", "ADM0_A3_FR": "LUX", "ADM0_A3_RU": "LUX", "ADM0_A3_ES": "LUX", "ADM0_A3_CN": "LUX", "ADM0_A3_TW": "LUX", "ADM0_A3_IN": "LUX", "ADM0_A3_NP": "LUX", "ADM0_A3_PK": "LUX", "ADM0_A3_DE": "LUX", "ADM0_A3_GB": "LUX", "ADM0_A3_BR": "LUX", "ADM0_A3_IL": "LUX", "ADM0_A3_PS": "LUX", "ADM0_A3_SA": "LUX", "ADM0_A3_EG": "LUX", "ADM0_A3_MA": "LUX", "ADM0_A3_PT": "LUX", "ADM0_A3_AR": "LUX", "ADM0_A3_JP": "LUX", "ADM0_A3_KO": "LUX", "ADM0_A3_VN": "LUX", "ADM0_A3_TR": "LUX", "ADM0_A3_ID": "LUX", "ADM0_A3_PL": "LUX", "ADM0_A3_GR": "LUX", "ADM0_A3_IT": "LUX", "ADM0_A3_NL": "LUX", "ADM0_A3_SE": "LUX", "ADM0_A3_BD": "LUX", "ADM0_A3_UA": "LUX", "ADM0_A3_UN": -99, "ADM0_A3_WB": -99, "CONTINENT": "Europe", "REGION_UN": "Europe", "SUBREGION": "Western Europe", "REGION_WB": "Europe & Central Asia", "NAME_LEN": 10, "LONG_LEN": 10, "ABBREV_LEN": 4, "TINY": 5, "HOMEPART": 1, "MIN_ZOOM": 0, "MIN_LABEL": 5.7, "MAX_LABEL": 10, "LABEL_X": 6.07762, "LABEL_Y": 49.733732, "NE_ID": 1159321031, "WIKIDATAID": "Q32", "NAME_AR": "\u0644\u0648\u0643\u0633\u0645\u0628\u0648\u0631\u063a", "NAME_BN": "\u09b2\u09c1\u0995\u09cd\u09b8\u09c7\u09ae\u09ac\u09c1\u09b0\u09cd\u0997", "NAME_DE": "Luxemburg", "NAME_EN": "Luxembourg", "NAME_ES": "Luxemburgo", "NAME_FA": "\u0644\u0648\u06a9\u0632\u0627\u0645\u0628\u0648\u0631\u06af", "NAME_FR": "Luxembourg", "NAME_EL": "\u039b\u03bf\u03c5\u03be\u03b5\u03bc\u03b2\u03bf\u03cd\u03c1\u03b3\u03bf", "NAME_HE": "\u05dc\u05d5\u05e7\u05e1\u05de\u05d1\u05d5\u05e8\u05d2", "NAME_HI": "\u0932\u0915\u094d\u091c\u093c\u092e\u092c\u0930\u094d\u0917", "NAME_HU": "Luxemburg", "NAME_ID": "Luksemburg", "NAME_IT": "Lussemburgo", "NAME_JA": "\u30eb\u30af\u30bb\u30f3\u30d6\u30eb\u30af", "NAME_KO": "\ub8e9\uc148\ubd80\ub974\ud06c", "NAME_NL": "Luxemburg", "NAME_PL": "Luksemburg", "NAME_PT": "Luxemburgo", "NAME_RU": "\u041b\u044e\u043a\u0441\u0435\u043c\u0431\u0443\u0440\u0433", "NAME_SV": "Luxemburg", "NAME_TR": "L\u00fcksemburg", "NAME_UK": "\u041b\u044e\u043a\u0441\u0435\u043c\u0431\u0443\u0440\u0433", "NAME_UR": "\u0644\u06a9\u0633\u0645\u0628\u0631\u06af", "NAME_VI": "Luxembourg", "NAME_ZH": "\u5362\u68ee\u5821", "NAME_ZHT": "\u76e7\u68ee\u5821", "FCLASS_ISO": "Admin-0 country", "TLC_DIFF": null, "FCLASS_TLC": "Admin-0 country", "FCLASS_US": null, "FCLASS_FR": null, "FCLASS_RU": null, "FCLASS_ES": null, "FCLASS_CN": null, "FCLASS_TW": null, "FCLASS_IN": null, "FCLASS_NP": null, "FCLASS_PK": null, "FCLASS_DE": null, "FCLASS_GB": null, "FCLASS_BR": null, "FCLASS_IL": null, "FCLASS_PS": null, "FCLASS_SA": null, "FCLASS_EG": null, "FCLASS_MA": null, "FCLASS_PT": null, "FCLASS_AR": null, "FCLASS_JP": null, "FCLASS_KO": null, "FCLASS_VN": null, "FCLASS_TR": null, "FCLASS_ID": null, "FCLASS_PL": null, "FCLASS_GR": null, "FCLASS_IT": null, "FCLASS_NL": null, "FCLASS_SE": null, "FCLASS_BD": null, "FCLASS_UA": null, "cartogram_scale": 0.6, "dc_count": 5, "dc_code": "LUX"}, "geometry": {"type": "Polygon", "coordinates": [[[6.0184, 50.0017], [6.1382, 49.8662], [6.1043, 49.6031], [5.9312, 49.5904], [5.797, 49.6425], [5.862, 49.979], [6.0184, 50.0017]]]}}, {"type": "Feature", "properties": {"featurecla": "Admin-0 country", "scalerank": 1, "LABELRANK": 2, "SOVEREIGNT": "Belgium", "SOV_A3": "BEL", "ADM0_DIF": 0, "LEVEL": 2, "TYPE": "Sovereign country", "TLC": "1", "ADMIN": "Belgium", "ADM0_A3": "BEL", "GEOU_DIF": 0, "GEOUNIT": "Belgium", "GU_A3": "BEL", "SU_DIF": 0, "SUBUNIT": "Belgium", "SU_A3": "BEL", "BRK_DIFF": 0, "NAME": "Belgium", "NAME_LONG": "Belgium", "BRK_A3": "BEL", "BRK_NAME": "Belgium", "BRK_GROUP": null, "ABBREV": "Belg.", "POSTAL": "B", "FORMAL_EN": "Kingdom of Belgium", "FORMAL_FR": null, "NAME_CIAWF": "Belgium", "NOTE_ADM0": null, "NOTE_BRK": null, "NAME_SORT": "Belgium", "NAME_ALT": null, "MAPCOLOR7": 3, "MAPCOLOR8": 2, "MAPCOLOR9": 1, "MAPCOLOR13": 8, "POP_EST": 11484055, "POP_RANK": 14, "POP_YEAR": 2019, "GDP_MD": 533097, "GDP_YEAR": 2019, "ECONOMY": "2. Developed region: nonG7", "INCOME_GRP": "1. High income: OECD", "FIPS_10": "BE", "ISO_A2": "BE", "ISO_A2_EH": "BE", "ISO_A3": "BEL", "ISO_A3_EH": "BEL", "ISO_N3": "056", "ISO_N3_EH": "056", "UN_A3": "056", "WB_A2": "BE", "WB_A3": "BEL", "WOE_ID": 23424757, "WOE_ID_EH": 23424757, "WOE_NOTE": "Exact WOE match as country", "ADM0_ISO": "BEL", "ADM0_DIFF": null, "ADM0_TLC": "BEL", "ADM0_A3_US": "BEL", "ADM0_A3_FR": "BEL", "ADM0_A3_RU": "BEL", "ADM0_A3_ES": "BEL", "ADM0_A3_CN": "BEL", "ADM0_A3_TW": "BEL", "ADM0_A3_IN": "BEL", "ADM0_A3_NP": "BEL", "ADM0_A3_PK": "BEL", "ADM0_A3_DE": "BEL", "ADM0_A3_GB": "BEL", "ADM0_A3_BR": "BEL", "ADM0_A3_IL": "BEL", "ADM0_A3_PS": "BEL", "ADM0_A3_SA": "BEL", "ADM0_A3_EG": "BEL", "ADM0_A3_MA": "BEL", "ADM0_A3_PT": "BEL", "ADM0_A3_AR": "BEL", "ADM0_A3_JP": "BEL", "ADM0_A3_KO": "BEL", "ADM0_A3_VN": "BEL", "ADM0_A3_TR": "BEL", "ADM0_A3_ID": "BEL", "ADM0_A3_PL": "BEL", "ADM0_A3_GR": "BEL", "ADM0_A3_IT": "BEL", "ADM0_A3_NL": "BEL", "ADM0_A3_SE": "BEL", "ADM0_A3_BD": "BEL", "ADM0_A3_UA": "BEL", "ADM0_A3_UN": -99, "ADM0_A3_WB": -99, "CONTINENT": "Europe", "REGION_UN": "Europe", "SUBREGION": "Western Europe", "REGION_WB": "Europe & Central Asia", "NAME_LEN": 7, "LONG_LEN": 7, "ABBREV_LEN": 5, "TINY": -99, "HOMEPART": 1, "MIN_ZOOM": 0, "MIN_LABEL": 4, "MAX_LABEL": 9, "LABEL_X": 4.800448, "LABEL_Y": 50.785392, "NE_ID": 1159320389, "WIKIDATAID": "Q31", "NAME_AR": "\u0628\u0644\u062c\u064a\u0643\u0627", "NAME_BN": "\u09ac\u09c7\u09b2\u099c\u09bf\u09af\u09bc\u09be\u09ae", "NAME_DE": "Belgien", "NAME_EN": "Belgium", "NAME_ES": "B\u00e9lgica", "NAME_FA": "\u0628\u0644\u0698\u06cc\u06a9", "NAME_FR": "Belgique", "NAME_EL": "\u0392\u03ad\u03bb\u03b3\u03b9\u03bf", "NAME_HE": "\u05d1\u05dc\u05d2\u05d9\u05d4", "NAME_HI": "\u092c\u0947\u0932\u094d\u091c\u093f\u092f\u092e", "NAME_HU": "Belgium", "NAME_ID": "Belgia", "NAME_IT": "Belgio", "NAME_JA": "\u30d9\u30eb\u30ae\u30fc", "NAME_KO": "\ubca8\uae30\uc5d0", "NAME_NL": "Belgi\u00eb", "NAME_PL": "Belgia", "NAME_PT": "B\u00e9lgica", "NAME_RU": "\u0411\u0435\u043b\u044c\u0433\u0438\u044f", "NAME_SV": "Belgien", "NAME_TR": "Bel\u00e7ika", "NAME_UK": "\u0411\u0435\u043b\u044c\u0433\u0456\u044f", "NAME_UR": "\u0628\u0644\u062c\u0626\u06cc\u0645", "NAME_VI": "B\u1ec9", "NAME_ZH": "\u6bd4\u5229\u65f6", "NAME_ZHT": "\u6bd4\u5229\u6642", "FCLASS_ISO": "Admin-0 country", "TLC_DIFF": null, "FCLASS_TLC": "Admin-0 country", "FCLASS_US": null, "FCLASS_FR": null, "FCLASS_RU": null, "FCLASS_ES": null, "FCLASS_CN": null, "FCLASS_TW": null, "FCLASS_IN": null, "FCLASS_NP": null, "FCLASS_PK": null, "FCLASS_DE": null, "FCLASS_GB": null, "FCLASS_BR": null, "FCLASS_IL": null, "FCLASS_PS": null, "FCLASS_SA": null, "FCLASS_EG": null, "FCLASS_MA": null, "FCLASS_PT": null, "FCLASS_AR": null, "FCLASS_JP": null, "FCLASS_KO": null, "FCLASS_VN": null, "FCLASS_TR": null, "FCLASS_ID": null, "FCLASS_PL": null, "FCLASS_GR": null, "FCLASS_IT": null, "FCLASS_NL": null, "FCLASS_SE": null, "FCLASS_BD": null, "FCLASS_UA": null, "cartogram_scale": 0.6, "dc_count": 9, "dc_code": "BEL"}, "geometry": {"type": "Polygon", "coordinates": [[[9.467, 51.7686], [9.3989, 51.3632], [9.2425, 51.3405], [9.1775, 51.004], [8.6526, 51.2776], [8.3447, 51.2308], [7.926, 51.5137], [7.647, 51.7546], [7.3681, 51.7645], [7.2812, 51.9755], [7.762, 52.0938], [7.7621, 52.0938], [7.762, 52.0938], [8.2013, 52.0467], [8.7574, 52.1714], [9.1372, 51.9087], [9.467, 51.7686]]]}}, {"type": "Feature", "properties": {"featurecla": "Admin-0 country", "scalerank": 1, "LABELRANK": 5, "SOVEREIGNT": "Netherlands", "SOV_A3": "NL1", "ADM0_DIF": 1, "LEVEL": 2, "TYPE": "Country", "TLC": "1", "ADMIN": "Netherlands", "ADM0_A3": "NLD", "GEOU_DIF": 0, "GEOUNIT": "Netherlands", "GU_A3": "NLD", "SU_DIF": 0, "SUBUNIT": "Netherlands", "SU_A3": "NLD", "BRK_DIFF": 0, "NAME": "Netherlands", "NAME_LONG": "Netherlands", "BRK_A3": "NLD", "BRK_NAME": "Netherlands", "BRK_GROUP": null, "ABBREV": "Neth.", "POSTAL": "NL", "FORMAL_EN": "Kingdom of the Netherlands", "FORMAL_FR": null, "NAME_CIAWF": "Netherlands", "NOTE_ADM0": null, "NOTE_BRK": null, "NAME_SORT": "Netherlands", "NAME_ALT": null, "MAPCOLOR7": 4, "MAPCOLOR8": 2, "MAPCOLOR9": 2, "MAPCOLOR13": 9, "POP_EST": 17332850, "POP_RANK": 14, "POP_YEAR": 2019, "GDP_MD": 907050, "GDP_YEAR": 2019, "ECONOMY": "2. Developed region: nonG7", "INCOME_GRP": "1. High income: OECD", "FIPS_10": "NL", "ISO_A2": "NL", "ISO_A2_EH": "NL", "ISO_A3": "NLD", "ISO_A3_EH": "NLD", "ISO_N3": "528", "ISO_N3_EH": "528", "UN_A3": "528", "WB_A2": "NL", "WB_A3": "NLD", "WOE_ID": -90, "WOE_ID_EH": 23424909, "WOE_NOTE": "Doesn't include new former units of Netherlands Antilles (24549811, 24549808, and 24549809)", "ADM0_ISO": "NLD", "ADM0_DIFF": null, "ADM0_TLC": "NLD", "ADM0_A3_US": "NLD", "ADM0_A3_FR": "NLD", "ADM0_A3_RU": "NLD", "ADM0_A3_ES": "NLD", "ADM0_A3_CN": "NLD", "ADM0_A3_TW": "NLD", "ADM0_A3_IN": "NLD", "ADM0_A3_NP": "NLD", "ADM0_A3_PK": "NLD", "ADM0_A3_DE": "NLD", "ADM0_A3_GB": "NLD", "ADM0_A3_BR": "NLD", "ADM0_A3_IL": "NLD", "ADM0_A3_PS": "NLD", "ADM0_A3_SA": "NLD", "ADM0_A3_EG": "NLD", "ADM0_A3_MA": "NLD", "ADM0_A3_PT": "NLD", "ADM0_A3_AR": "NLD", "ADM0_A3_JP": "NLD", "ADM0_A3_KO": "NLD", "ADM0_A3_VN": "NLD", "ADM0_A3_TR": "NLD", "ADM0_A3_ID": "NLD", "ADM0_A3_PL": "NLD", "ADM0_A3_GR": "NLD", "ADM0_A3_IT": "NLD", "ADM0_A3_NL": "NLD", "ADM0_A3_SE": "NLD", "ADM0_A3_BD": "NLD", "ADM0_A3_UA": "NLD", "ADM0_A3_UN": -99, "ADM0_A3_WB": -99, "CONTINENT": "Europe", "REGION_UN": "Europe", "SUBREGION": "Western Europe", "REGION_WB": "Europe & Central Asia", "NAME_LEN": 11, "LONG_LEN": 11, "ABBREV_LEN": 5, "TINY": -99, "HOMEPART": 1, "MIN_ZOOM": 0, "MIN_LABEL": 4, "MAX_LABEL": 10, "LABEL_X": 5.61144, "LABEL_Y": 52.422211, "NE_ID": 1159321101, "WIKIDATAID": "Q55", "NAME_AR": "\u0647\u0648\u0644\u0646\u062f\u0627", "NAME_BN": "\u09a8\u09c7\u09a6\u09be\u09b0\u09b2\u09cd\u09af\u09be\u09a8\u09cd\u09a1\u09b8", "NAME_DE": "Niederlande", "NAME_EN": "Netherlands", "NAME_ES": "Pa\u00edses Bajos", "NAME_FA": "\u0647\u0644\u0646\u062f", "NAME_FR": "Pays-Bas", "NAME_EL": "\u039f\u03bb\u03bb\u03b1\u03bd\u03b4\u03af\u03b1", "NAME_HE": "\u05d4\u05d5\u05dc\u05e0\u05d3", "NAME_HI": "\u0928\u0940\u0926\u0930\u0932\u0948\u0923\u094d\u0921", "NAME_HU": "Hollandia", "NAME_ID": "Belanda", "NAME_IT": "Paesi Bassi", "NAME_JA": "\u30aa\u30e9\u30f3\u30c0", "NAME_KO": "\ub124\ub35c\ub780\ub4dc", "NAME_NL": "Nederland", "NAME_PL": "Holandia", "NAME_PT": "Pa\u00edses Baixos", "NAME_RU": "\u041d\u0438\u0434\u0435\u0440\u043b\u0430\u043d\u0434\u044b", "NAME_SV": "Nederl\u00e4nderna", "NAME_TR": "Hollanda", "NAME_UK": "\u041d\u0456\u0434\u0435\u0440\u043b\u0430\u043d\u0434\u0438", "NAME_UR": "\u0646\u06cc\u062f\u0631\u0644\u06cc\u0646\u0688\u0632", "NAME_VI": "H\u00e0 Lan", "NAME_ZH": "\u8377\u5170", "NAME_ZHT": "\u8377\u862d", "FCLASS_ISO": "Admin-0 country", "TLC_DIFF": null, "FCLASS_TLC": "Admin-0 country", "FCLASS_US": null, "FCLASS_FR": null, "FCLASS_RU": null, "FCLASS_ES": null, "FCLASS_CN": null, "FCLASS_TW": null, "FCLASS_IN": null, "FCLASS_NP": null, "FCLASS_PK": null, "FCLASS_DE": null, "FCLASS_GB": null, "FCLASS_BR": null, "FCLASS_IL": null, "FCLASS_PS": null, "FCLASS_SA": null, "FCLASS_EG": null, "FCLASS_MA": null, "FCLASS_PT": null, "FCLASS_AR": null, "FCLASS_JP": null, "FCLASS_KO": null, "FCLASS_VN": null, "FCLASS_TR": null, "FCLASS_ID": null, "FCLASS_PL": null, "FCLASS_GR": null, "FCLASS_IT": null, "FCLASS_NL": null, "FCLASS_SE": null, "FCLASS_BD": null, "FCLASS_UA": null, "cartogram_scale": 3.1, "dc_count": 281, "dc_code": "NLD"}, "geometry": {"type": "Polygon", "coordinates": [[[13.8772, 57.3794], [14.4566, 56.3312], [13.6841, 53.4928], [12.8984, 52.326], [11.0361, 52.3247], [11.5569, 49.0762], [9.8528, 49.8003], [7.8906, 51.1572], [5.0171, 50.5132], [2.7476, 50.7565], [2.7478, 50.7566], [4.3451, 51.6084], [7.0598, 56.1692], [11.3012, 57.4669], [13.8772, 57.3794]]]}}, {"type": "Feature", "properties": {"featurecla": "Admin-0 country", "scalerank": 1, "LABELRANK": 2, "SOVEREIGNT": "Portugal", "SOV_A3": "PRT", "ADM0_DIF": 0, "LEVEL": 2, "TYPE": "Sovereign country", "TLC": "1", "ADMIN": "Portugal", "ADM0_A3": "PRT", "GEOU_DIF": 0, "GEOUNIT": "Portugal", "GU_A3": "PRT", "SU_DIF": 1, "SUBUNIT": "Portugal", "SU_A3": "PR1", "BRK_DIFF": 0, "NAME": "Portugal", "NAME_LONG": "Portugal", "BRK_A3": "PR1", "BRK_NAME": "Portugal", "BRK_GROUP": null, "ABBREV": "Port.", "POSTAL": "P", "FORMAL_EN": "Portuguese Republic", "FORMAL_FR": null, "NAME_CIAWF": "Portugal", "NOTE_ADM0": null, "NOTE_BRK": null, "NAME_SORT": "Portugal", "NAME_ALT": null, "MAPCOLOR7": 1, "MAPCOLOR8": 7, "MAPCOLOR9": 1, "MAPCOLOR13": 4, "POP_EST": 10269417, "POP_RANK": 14, "POP_YEAR": 2019, "GDP_MD": 238785, "GDP_YEAR": 2019, "ECONOMY": "2. Developed region: nonG7", "INCOME_GRP": "1. High income: OECD", "FIPS_10": "PO", "ISO_A2": "PT", "ISO_A2_EH": "PT", "ISO_A3": "PRT", "ISO_A3_EH": "PRT", "ISO_N3": "620", "ISO_N3_EH": "620", "UN_A3": "620", "WB_A2": "PT", "WB_A3": "PRT", "WOE_ID": 23424925, "WOE_ID_EH": 23424925, "WOE_NOTE": "Exact WOE match as country", "ADM0_ISO": "PR1", "ADM0_DIFF": null, "ADM0_TLC": "PR1", "ADM0_A3_US": "PRT", "ADM0_A3_FR": "PRT", "ADM0_A3_RU": "PRT", "ADM0_A3_ES": "PRT", "ADM0_A3_CN": "PRT", "ADM0_A3_TW": "PRT", "ADM0_A3_IN": "PRT", "ADM0_A3_NP": "PRT", "ADM0_A3_PK": "PRT", "ADM0_A3_DE": "PRT", "ADM0_A3_GB": "PRT", "ADM0_A3_BR": "PRT", "ADM0_A3_IL": "PRT", "ADM0_A3_PS": "PRT", "ADM0_A3_SA": "PRT", "ADM0_A3_EG": "PRT", "ADM0_A3_MA": "PRT", "ADM0_A3_PT": "PRT", "ADM0_A3_AR": "PRT", "ADM0_A3_JP": "PRT", "ADM0_A3_KO": "PRT", "ADM0_A3_VN": "PRT", "ADM0_A3_TR": "PRT", "ADM0_A3_ID": "PRT", "ADM0_A3_PL": "PRT", "ADM0_A3_GR": "PRT", "ADM0_A3_IT": "PRT", "ADM0_A3_NL": "PRT", "ADM0_A3_SE": "PRT", "ADM0_A3_BD": "PRT", "ADM0_A3_UA": "PRT", "ADM0_A3_UN": -99, "ADM0_A3_WB": -99, "CONTINENT": "Europe", "REGION_UN": "Europe", "SUBREGION": "Southern Europe", "REGION_WB": "Europe & Central Asia", "NAME_LEN": 8, "LONG_LEN": 8, "ABBREV_LEN": 5, "TINY": -99, "HOMEPART": 1, "MIN_ZOOM": 0, "MIN_LABEL": 3, "MAX_LABEL": 8, "LABEL_X": -8.271754, "LABEL_Y": 39.606675, "NE_ID": 1159321187, "WIKIDATAID": "Q45", "NAME_AR": "\u0627\u0644\u0628\u0631\u062a\u063a\u0627\u0644", "NAME_BN": "\u09aa\u09b0\u09cd\u09a4\u09c1\u0997\u09be\u09b2", "NAME_DE": "Portugal", "NAME_EN": "Portugal", "NAME_ES": "Portugal", "NAME_FA": "\u067e\u0631\u062a\u063a\u0627\u0644", "NAME_FR": "Portugal", "NAME_EL": "\u03a0\u03bf\u03c1\u03c4\u03bf\u03b3\u03b1\u03bb\u03af\u03b1", "NAME_HE": "\u05e4\u05d5\u05e8\u05d8\u05d5\u05d2\u05dc", "NAME_HI": "\u092a\u0941\u0930\u094d\u0924\u0917\u093e\u0932", "NAME_HU": "Portug\u00e1lia", "NAME_ID": "Portugal", "NAME_IT": "Portogallo", "NAME_JA": "\u30dd\u30eb\u30c8\u30ac\u30eb", "NAME_KO": "\ud3ec\ub974\ud22c\uac08", "NAME_NL": "Portugal", "NAME_PL": "Portugalia", "NAME_PT": "Portugal", "NAME_RU": "\u041f\u043e\u0440\u0442\u0443\u0433\u0430\u043b\u0438\u044f", "NAME_SV": "Portugal", "NAME_TR": "Portekiz", "NAME_UK": "\u041f\u043e\u0440\u0442\u0443\u0433\u0430\u043b\u0456\u044f", "NAME_UR": "\u067e\u0631\u062a\u06af\u0627\u0644", "NAME_VI": "B\u1ed3 \u0110\u00e0o Nha", "NAME_ZH": "\u8461\u8404\u7259", "NAME_ZHT": "\u8461\u8404\u7259", "FCLASS_ISO": "Admin-0 country", "TLC_DIFF": null, "FCLASS_TLC": "Admin-0 country", "FCLASS_US": null, "FCLASS_FR": null, "FCLASS_RU": null, "FCLASS_ES": null, "FCLASS_CN": null, "FCLASS_TW": null, "FCLASS_IN": null, "FCLASS_NP": null, "FCLASS_PK": null, "FCLASS_DE": null, "FCLASS_GB": null, "FCLASS_BR": null, "FCLASS_IL": null, "FCLASS_PS": null, "FCLASS_SA": null, "FCLASS_EG": null, "FCLASS_MA": null, "FCLASS_PT": null, "FCLASS_AR": null, "FCLASS_JP": null, "FCLASS_KO": null, "FCLASS_VN": null, "FCLASS_TR": null, "FCLASS_ID": null, "FCLASS_PL": null, "FCLASS_GR": null, "FCLASS_IT": null, "FCLASS_NL": null, "FCLASS_SE": null, "FCLASS_BD": null, "FCLASS_UA": null, "cartogram_scale": 0.6, "dc_count": 8, "dc_code": "PRT"}, "geometry": {"type": "Polygon", "coordinates": [[[-4.6364, 42.034], [-4.4186, 42.1864], [-4.1738, 42.2739], [-4.0234, 41.9802], [-3.669, 41.9809], [-3.5663, 42.0566], [-3.2166, 42.0357], [-3.0489, 41.7347], [-3.3261, 41.5723], [-3.3339, 41.1042], [-3.4313, 41.0163], [-3.4554, 40.7328], [-3.7146, 40.6834], [-3.4743, 40.3237], [-3.6399, 39.9295], [-3.433, 39.7511], [-3.5154, 39.588], [-3.7377, 39.363], [-3.6877, 39.1643], [-3.9288, 39.0086], [-4.2452, 39.093], [-4.5548, 39.0269], [-4.4631, 39.4964], [-4.5195, 39.8654], [-4.7879, 39.9207], [-4.9314, 40.1481], [-4.8837, 40.5409], [-4.6445, 40.7587], [-4.6019, 41.0012], [-4.4767, 41.362], [-4.49, 41.6162], [-4.6099, 41.8317], [-4.6364, 42.034]]]}}, {"type": "Feature", "properties": {"featurecla": "Admin-0 country", "scalerank": 1, "LABELRANK": 2, "SOVEREIGNT": "Spain", "SOV_A3": "ESP", "ADM0_DIF": 0, "LEVEL": 2, "TYPE": "Sovereign country", "TLC": "1", "ADMIN": "Spain", "ADM0_A3": "ESP", "GEOU_DIF": 0, "GEOUNIT": "Spain", "GU_A3": "ESP", "SU_DIF": 0, "SUBUNIT": "Spain", "SU_A3": "ESP", "BRK_DIFF": 0, "NAME": "Spain", "NAME_LONG": "Spain", "BRK_A3": "ESP", "BRK_NAME": "Spain", "BRK_GROUP": null, "ABBREV": "Sp.", "POSTAL": "E", "FORMAL_EN": "Kingdom of Spain", "FORMAL_FR": null, "NAME_CIAWF": "Spain", "NOTE_ADM0": null, "NOTE_BRK": null, "NAME_SORT": "Spain", "NAME_ALT": null, "MAPCOLOR7": 4, "MAPCOLOR8": 5, "MAPCOLOR9": 5, "MAPCOLOR13": 5, "POP_EST": 47076781, "POP_RANK": 15, "POP_YEAR": 2019, "GDP_MD": 1393490, "GDP_YEAR": 2019, "ECONOMY": "2. Developed region: nonG7", "INCOME_GRP": "1. High income: OECD", "FIPS_10": "SP", "ISO_A2": "ES", "ISO_A2_EH": "ES", "ISO_A3": "ESP", "ISO_A3_EH": "ESP", "ISO_N3": "724", "ISO_N3_EH": "724", "UN_A3": "724", "WB_A2": "ES", "WB_A3": "ESP", "WOE_ID": 23424950, "WOE_ID_EH": 23424950, "WOE_NOTE": "Exact WOE match as country", "ADM0_ISO": "ESP", "ADM0_DIFF": null, "ADM0_TLC": "ESP", "ADM0_A3_US": "ESP", "ADM0_A3_FR": "ESP", "ADM0_A3_RU": "ESP", "ADM0_A3_ES": "ESP", "ADM0_A3_CN": "ESP", "ADM0_A3_TW": "ESP", "ADM0_A3_IN": "ESP", "ADM0_A3_NP": "ESP", "ADM0_A3_PK": "ESP", "ADM0_A3_DE": "ESP", "ADM0_A3_GB": "ESP", "ADM0_A3_BR": "ESP", "ADM0_A3_IL": "ESP", "ADM0_A3_PS": "ESP", "ADM0_A3_SA": "ESP", "ADM0_A3_EG": "ESP", "ADM0_A3_MA": "ESP", "ADM0_A3_PT": "ESP", "ADM0_A3_AR": "ESP", "ADM0_A3_JP": "ESP", "ADM0_A3_KO": "ESP", "ADM0_A3_VN": "ESP", "ADM0_A3_TR": "ESP", "ADM0_A3_ID": "ESP", "ADM0_A3_PL": "ESP", "ADM0_A3_GR": "ESP", "ADM0_A3_IT": "ESP", "ADM0_A3_NL": "ESP", "ADM0_A3_SE": "ESP", "ADM0_A3_BD": "ESP", "ADM0_A3_UA": "ESP", "ADM0_A3_UN": -99, "ADM0_A3_WB": -99, "CONTINENT": "Europe", "REGION_UN": "Europe", "SUBREGION": "Southern Europe", "REGION_WB": "Europe & Central Asia", "NAME_LEN": 5, "LONG_LEN": 5, "ABBREV_LEN": 3, "TINY": -99, "HOMEPART": 1, "MIN_ZOOM": 0, "MIN_LABEL": 2, "MAX_LABEL": 7, "LABEL_X": -3.464718, "LABEL_Y": 40.090953, "NE_ID": 1159320587, "WIKIDATAID": "Q29", "NAME_AR": "\u0625\u0633\u0628\u0627\u0646\u064a\u0627", "NAME_BN": "\u09b8\u09cd\u09aa\u09c7\u09a8", "NAME_DE": "Spanien", "NAME_EN": "Spain", "NAME_ES": "Espa\u00f1a", "NAME_FA": "\u0627\u0633\u067e\u0627\u0646\u06cc\u0627", "NAME_FR": "Espagne", "NAME_EL": "\u0399\u03c3\u03c0\u03b1\u03bd\u03af\u03b1", "NAME_HE": "\u05e1\u05e4\u05e8\u05d3", "NAME_HI": "\u0938\u094d\u092a\u0947\u0928", "NAME_HU": "Spanyolorsz\u00e1g", "NAME_ID": "Spanyol", "NAME_IT": "Spagna", "NAME_JA": "\u30b9\u30da\u30a4\u30f3", "NAME_KO": "\uc2a4\ud398\uc778", "NAME_NL": "Spanje", "NAME_PL": "Hiszpania", "NAME_PT": "Espanha", "NAME_RU": "\u0418\u0441\u043f\u0430\u043d\u0438\u044f", "NAME_SV": "Spanien", "NAME_TR": "\u0130spanya", "NAME_UK": "\u0406\u0441\u043f\u0430\u043d\u0456\u044f", "NAME_UR": "\u06c1\u0633\u067e\u0627\u0646\u06cc\u06c1", "NAME_VI": "T\u00e2y Ban Nha", "NAME_ZH": "\u897f\u73ed\u7259", "NAME_ZHT": "\u897f\u73ed\u7259", "FCLASS_ISO": "Admin-0 country", "TLC_DIFF": null, "FCLASS_TLC": "Admin-0 country", "FCLASS_US": null, "FCLASS_FR": null, "FCLASS_RU": null, "FCLASS_ES": null, "FCLASS_CN": null, "FCLASS_TW": null, "FCLASS_IN": null, "FCLASS_NP": null, "FCLASS_PK": null, "FCLASS_DE": null, "FCLASS_GB": null, "FCLASS_BR": null, "FCLASS_IL": null, "FCLASS_PS": null, "FCLASS_SA": null, "FCLASS_EG": null, "FCLASS_MA": null, "FCLASS_PT": null, "FCLASS_AR": null, "FCLASS_JP": null, "FCLASS_KO": null, "FCLASS_VN": null, "FCLASS_TR": null, "FCLASS_ID": null, "FCLASS_PL": null, "FCLASS_GR": null, "FCLASS_IT": null, "FCLASS_NL": null, "FCLASS_SE": null, "FCLASS_BD": null, "FCLASS_UA": null, "cartogram_scale": 1.4, "dc_count": 75, "dc_code": "ESP"}, "geometry": {"type": "Polygon", "coordinates": [[[-4.6549, 36.8668], [-4.7717, 37.3304], [-4.2528, 37.8553], [-4.0607, 38.236], [-4.5434, 38.6522], [-4.157, 39.572], [-4.7178, 40.4113], [-4.1129, 40.5265], [-4.0567, 41.1882], [-3.8293, 41.3931], [-3.8113, 42.4854], [-3.1644, 42.8644], [-3.5558, 43.5666], [-4.3715, 43.6156], [-4.6112, 43.4388], [-5.4382, 43.4371], [-5.7891, 44.1225], [-6.3604, 43.9185], [-6.8685, 43.5627], [-6.7979, 44.5598], [-7.3697, 45.1672], [-5.3892, 46.1776], [-3.676, 45.925], [-1.7964, 45.9338], [-0.3067, 45.6947], [0.8557, 45.7681], [3.1184, 45.7218], [3.6764, 45.1775], [6.2536, 44.5413], [6.7625, 44.8439], [8.3378, 44.2106], [9.9607, 44.3921], [10.0356, 43.5789], [8.7089, 42.6464], [6.915, 42.3505], [6.7902, 41.8795], [5.9297, 41.1034], [5.3901, 39.9639], [5.9361, 39.1638], [5.1263, 38.5392], [4.8235, 37.6292], [3.7666, 37.3502], [2.7753, 36.2737], [0.9982, 36.2523], [-0.3362, 36.2789], [-1.213, 35.7845], [-1.7477, 35.2555], [-2.4327, 35.3716], [-2.9511, 35.8446], [-3.348, 36.65], [-4.6549, 36.8668]]]}}, {"type": "Feature", "properties": {"featurecla": "Admin-0 country", "scalerank": 1, "LABELRANK": 3, "SOVEREIGNT": "Ireland", "SOV_A3": "IRL", "ADM0_DIF": 0, "LEVEL": 2, "TYPE": "Sovereign country", "TLC": "1", "ADMIN": "Ireland", "ADM0_A3": "IRL", "GEOU_DIF": 0, "GEOUNIT": "Ireland", "GU_A3": "IRL", "SU_DIF": 0, "SUBUNIT": "Ireland", "SU_A3": "IRL", "BRK_DIFF": 0, "NAME": "Ireland", "NAME_LONG": "Ireland", "BRK_A3": "IRL", "BRK_NAME": "Ireland", "BRK_GROUP": null, "ABBREV": "Ire.", "POSTAL": "IRL", "FORMAL_EN": "Ireland", "FORMAL_FR": null, "NAME_CIAWF": "Ireland", "NOTE_ADM0": null, "NOTE_BRK": null, "NAME_SORT": "Ireland", "NAME_ALT": null, "MAPCOLOR7": 2, "MAPCOLOR8": 3, "MAPCOLOR9": 2, "MAPCOLOR13": 2, "POP_EST": 4941444, "POP_RANK": 12, "POP_YEAR": 2019, "GDP_MD": 388698, "GDP_YEAR": 2019, "ECONOMY": "2. Developed region: nonG7", "INCOME_GRP": "1. High income: OECD", "FIPS_10": "EI", "ISO_A2": "IE", "ISO_A2_EH": "IE", "ISO_A3": "IRL", "ISO_A3_EH": "IRL", "ISO_N3": "372", "ISO_N3_EH": "372", "UN_A3": "372", "WB_A2": "IE", "WB_A3": "IRL", "WOE_ID": 23424803, "WOE_ID_EH": 23424803, "WOE_NOTE": "Exact WOE match as country", "ADM0_ISO": "IRL", "ADM0_DIFF": null, "ADM0_TLC": "IRL", "ADM0_A3_US": "IRL", "ADM0_A3_FR": "IRL", "ADM0_A3_RU": "IRL", "ADM0_A3_ES": "IRL", "ADM0_A3_CN": "IRL", "ADM0_A3_TW": "IRL", "ADM0_A3_IN": "IRL", "ADM0_A3_NP": "IRL", "ADM0_A3_PK": "IRL", "ADM0_A3_DE": "IRL", "ADM0_A3_GB": "IRL", "ADM0_A3_BR": "IRL", "ADM0_A3_IL": "IRL", "ADM0_A3_PS": "IRL", "ADM0_A3_SA": "IRL", "ADM0_A3_EG": "IRL", "ADM0_A3_MA": "IRL", "ADM0_A3_PT": "IRL", "ADM0_A3_AR": "IRL", "ADM0_A3_JP": "IRL", "ADM0_A3_KO": "IRL", "ADM0_A3_VN": "IRL", "ADM0_A3_TR": "IRL", "ADM0_A3_ID": "IRL", "ADM0_A3_PL": "IRL", "ADM0_A3_GR": "IRL", "ADM0_A3_IT": "IRL", "ADM0_A3_NL": "IRL", "ADM0_A3_SE": "IRL", "ADM0_A3_BD": "IRL", "ADM0_A3_UA": "IRL", "ADM0_A3_UN": -99, "ADM0_A3_WB": -99, "CONTINENT": "Europe", "REGION_UN": "Europe", "SUBREGION": "Northern Europe", "REGION_WB": "Europe & Central Asia", "NAME_LEN": 7, "LONG_LEN": 7, "ABBREV_LEN": 4, "TINY": -99, "HOMEPART": 1, "MIN_ZOOM": 0, "MIN_LABEL": 3, "MAX_LABEL": 8, "LABEL_X": -7.798588, "LABEL_Y": 53.078726, "NE_ID": 1159320877, "WIKIDATAID": "Q27", "NAME_AR": "\u062c\u0645\u0647\u0648\u0631\u064a\u0629 \u0623\u064a\u0631\u0644\u0646\u062f\u0627", "NAME_BN": "\u09aa\u09cd\u09b0\u099c\u09be\u09a4\u09a8\u09cd\u09a4\u09cd\u09b0\u09c0 \u0986\u09af\u09bc\u09be\u09b0\u09b2\u09cd\u09af\u09be\u09a8\u09cd\u09a1", "NAME_DE": "Irland", "NAME_EN": "Ireland", "NAME_ES": "Irlanda", "NAME_FA": "\u0627\u06cc\u0631\u0644\u0646\u062f", "NAME_FR": "Irlande", "NAME_EL": "\u0394\u03b7\u03bc\u03bf\u03ba\u03c1\u03b1\u03c4\u03af\u03b1 \u03c4\u03b7\u03c2 \u0399\u03c1\u03bb\u03b1\u03bd\u03b4\u03af\u03b1\u03c2", "NAME_HE": "\u05d0\u05d9\u05e8\u05dc\u05e0\u05d3", "NAME_HI": "\u0906\u092f\u0930\u0932\u0948\u0923\u094d\u0921", "NAME_HU": "\u00cdrorsz\u00e1g", "NAME_ID": "Republik Irlandia", "NAME_IT": "Irlanda", "NAME_JA": "\u30a2\u30a4\u30eb\u30e9\u30f3\u30c9", "NAME_KO": "\uc544\uc77c\ub79c\ub4dc", "NAME_NL": "Ierland", "NAME_PL": "Irlandia", "NAME_PT": "Rep\u00fablica da Irlanda", "NAME_RU": "\u0418\u0440\u043b\u0430\u043d\u0434\u0438\u044f", "NAME_SV": "Irland", "NAME_TR": "\u0130rlanda", "NAME_UK": "\u0406\u0440\u043b\u0430\u043d\u0434\u0456\u044f", "NAME_UR": "\u062c\u0645\u06c1\u0648\u0631\u06cc\u06c1 \u0622\u0626\u0631\u0644\u06cc\u0646\u0688", "NAME_VI": "C\u1ed9ng h\u00f2a Ireland", "NAME_ZH": "\u7231\u5c14\u5170", "NAME_ZHT": "\u611b\u723e\u862d", "FCLASS_ISO": "Admin-0 country", "TLC_DIFF": null, "FCLASS_TLC": "Admin-0 country", "FCLASS_US": null, "FCLASS_FR": null, "FCLASS_RU": null, "FCLASS_ES": null, "FCLASS_CN": null, "FCLASS_TW": null, "FCLASS_IN": null, "FCLASS_NP": null, "FCLASS_PK": null, "FCLASS_DE": null, "FCLASS_GB": null, "FCLASS_BR": null, "FCLASS_IL": null, "FCLASS_PS": null, "FCLASS_SA": null, "FCLASS_EG": null, "FCLASS_MA": null, "FCLASS_PT": null, "FCLASS_AR": null, "FCLASS_JP": null, "FCLASS_KO": null, "FCLASS_VN": null, "FCLASS_TR": null, "FCLASS_ID": null, "FCLASS_PL": null, "FCLASS_GR": null, "FCLASS_IT": null, "FCLASS_NL": null, "FCLASS_SE": null, "FCLASS_BD": null, "FCLASS_UA": null, "cartogram_scale": 2.4, "dc_count": 40, "dc_code": "IRL"}, "geometry": {"type": "Polygon", "coordinates": [[[-0.0623, 55.338], [0.3335, 53.6235], [-1.4806, 51.4802], [-5.7352, 50.0622], [-9.1324, 50.425], [-7.1864, 52.931], [-8.4398, 55.3711], [-5.1745, 57.2507], [-3.3606, 58.3718], [-2.8658, 57.0859], [-3.3606, 55.7998], [-1.8763, 55.8328], [-0.0623, 55.338]]]}}, {"type": "Feature", "properties": {"featurecla": "Admin-0 country", "scalerank": 1, "LABELRANK": 3, "SOVEREIGNT": "France", "SOV_A3": "FR1", "ADM0_DIF": 1, "LEVEL": 2, "TYPE": "Dependency", "TLC": "1", "ADMIN": "New Caledonia", "ADM0_A3": "NCL", "GEOU_DIF": 0, "GEOUNIT": "New Caledonia", "GU_A3": "NCL", "SU_DIF": 0, "SUBUNIT": "New Caledonia", "SU_A3": "NCL", "BRK_DIFF": 0, "NAME": "New Caledonia", "NAME_LONG": "New Caledonia", "BRK_A3": "NCL", "BRK_NAME": "New Caledonia", "BRK_GROUP": null, "ABBREV": "New C.", "POSTAL": "NC", "FORMAL_EN": "New Caledonia", "FORMAL_FR": "Nouvelle-Cal\u00e9donie", "NAME_CIAWF": "New Caledonia", "NOTE_ADM0": "Fr.", "NOTE_BRK": null, "NAME_SORT": "New Caledonia", "NAME_ALT": null, "MAPCOLOR7": 7, "MAPCOLOR8": 5, "MAPCOLOR9": 9, "MAPCOLOR13": 11, "POP_EST": 287800, "POP_RANK": 10, "POP_YEAR": 2019, "GDP_MD": 10770, "GDP_YEAR": 2016, "ECONOMY": "6. Developing region", "INCOME_GRP": "2. High income: nonOECD", "FIPS_10": "NC", "ISO_A2": "NC", "ISO_A2_EH": "NC", "ISO_A3": "NCL", "ISO_A3_EH": "NCL", "ISO_N3": "540", "ISO_N3_EH": "540", "UN_A3": "540", "WB_A2": "NC", "WB_A3": "NCL", "WOE_ID": 23424903, "WOE_ID_EH": 23424903, "WOE_NOTE": "Exact WOE match as country", "ADM0_ISO": "NCL", "ADM0_DIFF": null, "ADM0_TLC": "NCL", "ADM0_A3_US": "NCL", "ADM0_A3_FR": "NCL", "ADM0_A3_RU": "NCL", "ADM0_A3_ES": "NCL", "ADM0_A3_CN": "NCL", "ADM0_A3_TW": "NCL", "ADM0_A3_IN": "NCL", "ADM0_A3_NP": "NCL", "ADM0_A3_PK": "NCL", "ADM0_A3_DE": "NCL", "ADM0_A3_GB": "NCL", "ADM0_A3_BR": "NCL", "ADM0_A3_IL": "NCL", "ADM0_A3_PS": "NCL", "ADM0_A3_SA": "NCL", "ADM0_A3_EG": "NCL", "ADM0_A3_MA": "NCL", "ADM0_A3_PT": "NCL", "ADM0_A3_AR": "NCL", "ADM0_A3_JP": "NCL", "ADM0_A3_KO": "NCL", "ADM0_A3_VN": "NCL", "ADM0_A3_TR": "NCL", "ADM0_A3_ID": "NCL", "ADM0_A3_PL": "NCL", "ADM0_A3_GR": "NCL", "ADM0_A3_IT": "NCL", "ADM0_A3_NL": "NCL", "ADM0_A3_SE": "NCL", "ADM0_A3_BD": "NCL", "ADM0_A3_UA": "NCL", "ADM0_A3_UN": -99, "ADM0_A3_WB": -99, "CONTINENT": "Oceania", "REGION_UN": "Oceania", "SUBREGION": "Melanesia", "REGION_WB": "East Asia & Pacific", "NAME_LEN": 13, "LONG_LEN": 13, "ABBREV_LEN": 6, "TINY": -99, "HOMEPART": -99, "MIN_ZOOM": 0, "MIN_LABEL": 4.6, "MAX_LABEL": 8, "LABEL_X": 165.084004, "LABEL_Y": -21.064697, "NE_ID": 1159320641, "WIKIDATAID": "Q33788", "NAME_AR": "\u0643\u0627\u0644\u064a\u062f\u0648\u0646\u064a\u0627 \u0627\u0644\u062c\u062f\u064a\u062f\u0629", "NAME_BN": "\u09a8\u09a4\u09c1\u09a8 \u0995\u09cd\u09af\u09be\u09b2\u09bf\u09a1\u09cb\u09a8\u09bf\u09af\u09bc\u09be", "NAME_DE": "Neukaledonien", "NAME_EN": "New Caledonia", "NAME_ES": "Nueva Caledonia", "NAME_FA": "\u06a9\u0627\u0644\u062f\u0648\u0646\u06cc\u0627\u06cc \u062c\u062f\u06cc\u062f", "NAME_FR": "Nouvelle-Cal\u00e9donie", "NAME_EL": "\u039d\u03ad\u03b1 \u039a\u03b1\u03bb\u03b7\u03b4\u03bf\u03bd\u03af\u03b1", "NAME_HE": "\u05e7\u05dc\u05d3\u05d5\u05e0\u05d9\u05d4 \u05d4\u05d7\u05d3\u05e9\u05d4", "NAME_HI": "\u0928\u092f\u093e \u0915\u0948\u0932\u0947\u0921\u094b\u0928\u093f\u092f\u093e", "NAME_HU": "\u00daj-Kaled\u00f3nia", "NAME_ID": "Kaledonia Baru", "NAME_IT": "Nuova Caledonia", "NAME_JA": "\u30cb\u30e5\u30fc\u30ab\u30ec\u30c9\u30cb\u30a2", "NAME_KO": "\ub204\ubca8\uce7c\ub808\ub3c4\ub2c8", "NAME_NL": "Nieuw-Caledoni\u00eb", "NAME_PL": "Nowa Kaledonia", "NAME_PT": "Nova Caled\u00f3nia", "NAME_RU": "\u041d\u043e\u0432\u0430\u044f \u041a\u0430\u043b\u0435\u0434\u043e\u043d\u0438\u044f", "NAME_SV": "Nya Kaledonien", "NAME_TR": "Yeni Kaledonya", "NAME_UK": "\u041d\u043e\u0432\u0430 \u041a\u0430\u043b\u0435\u0434\u043e\u043d\u0456\u044f", "NAME_UR": "\u0646\u06cc\u0648 \u06a9\u06cc\u0644\u06cc\u0688\u0648\u0646\u06cc\u0627", "NAME_VI": "Nouvelle-Cal\u00e9donie", "NAME_ZH": "\u65b0\u5580\u91cc\u591a\u5c3c\u4e9a", "NAME_ZHT": "\u65b0\u5580\u91cc\u591a\u5c3c\u4e9e", "FCLASS_ISO": "Admin-0 dependency", "TLC_DIFF": null, "FCLASS_TLC": "Admin-0 dependency", "FCLASS_US": null, "FCLASS_FR": null, "FCLASS_RU": null, "FCLASS_ES": null, "FCLASS_CN": null, "FCLASS_TW": null, "FCLASS_IN": null, "FCLASS_NP": null, "FCLASS_PK": null, "FCLASS_DE": null, "FCLASS_GB": null, "FCLASS_BR": null, "FCLASS_IL": null, "FCLASS_PS": null, "FCLASS_SA": null, "FCLASS_EG": null, "FCLASS_MA": null, "FCLASS_PT": null, "FCLASS_AR": null, "FCLASS_JP": null, "FCLASS_KO": null, "FCLASS_VN": null, "FCLASS_TR": null, "FCLASS_ID": null, "FCLASS_PL": null, "FCLASS_GR": null, "FCLASS_IT": null, "FCLASS_NL": null, "FCLASS_SE": null, "FCLASS_BD": null, "FCLASS_UA": null, "cartogram_scale": 0.3, "dc_count": 0, "dc_code": "OTHER"}, "geometry": {"type": "Polygon", "coordinates": [[[165.5922, -21.1484], [165.8382, -21.3344], [165.9942, -21.4724], [165.8802, -21.5444], [165.7151, -21.4633], [165.5005, -21.3282], [165.3071, -21.1693], [165.1086, -20.9578], [165.067, -20.8561], [165.1962, -20.8604], [165.3642, -20.9624], [165.4962, -21.0644], [165.5922, -21.1484]]]}}, {"type": "Feature", "properties": {"featurecla": "Admin-0 country", "scalerank": 1, "LABELRANK": 3, "SOVEREIGNT": "Solomon Islands", "SOV_A3": "SLB", "ADM0_DIF": 0, "LEVEL": 2, "TYPE": "Sovereign country", "TLC": "1", "ADMIN": "Solomon Islands", "ADM0_A3": "SLB", "GEOU_DIF": 0, "GEOUNIT": "Solomon Islands", "GU_A3": "SLB", "SU_DIF": 0, "SUBUNIT": "Solomon Islands", "SU_A3": "SLB", "BRK_DIFF": 0, "NAME": "Solomon Is.", "NAME_LONG": "Solomon Islands", "BRK_A3": "SLB", "BRK_NAME": "Solomon Is.", "BRK_GROUP": null, "ABBREV": "S. Is.", "POSTAL": "SB", "FORMAL_EN": null, "FORMAL_FR": null, "NAME_CIAWF": "Solomon Islands", "NOTE_ADM0": null, "NOTE_BRK": null, "NAME_SORT": "Solomon Islands", "NAME_ALT": null, "MAPCOLOR7": 1, "MAPCOLOR8": 4, "MAPCOLOR9": 1, "MAPCOLOR13": 6, "POP_EST": 669823, "POP_RANK": 11, "POP_YEAR": 2019, "GDP_MD": 1589, "GDP_YEAR": 2019, "ECONOMY": "7. Least developed region", "INCOME_GRP": "4. Lower middle income", "FIPS_10": "BP", "ISO_A2": "SB", "ISO_A2_EH": "SB", "ISO_A3": "SLB", "ISO_A3_EH": "SLB", "ISO_N3": "090", "ISO_N3_EH": "090", "UN_A3": "090", "WB_A2": "SB", "WB_A3": "SLB", "WOE_ID": 23424766, "WOE_ID_EH": 23424766, "WOE_NOTE": "Exact WOE match as country", "ADM0_ISO": "SLB", "ADM0_DIFF": null, "ADM0_TLC": "SLB", "ADM0_A3_US": "SLB", "ADM0_A3_FR": "SLB", "ADM0_A3_RU": "SLB", "ADM0_A3_ES": "SLB", "ADM0_A3_CN": "SLB", "ADM0_A3_TW": "SLB", "ADM0_A3_IN": "SLB", "ADM0_A3_NP": "SLB", "ADM0_A3_PK": "SLB", "ADM0_A3_DE": "SLB", "ADM0_A3_GB": "SLB", "ADM0_A3_BR": "SLB", "ADM0_A3_IL": "SLB", "ADM0_A3_PS": "SLB", "ADM0_A3_SA": "SLB", "ADM0_A3_EG": "SLB", "ADM0_A3_MA": "SLB", "ADM0_A3_PT": "SLB", "ADM0_A3_AR": "SLB", "ADM0_A3_JP": "SLB", "ADM0_A3_KO": "SLB", "ADM0_A3_VN": "SLB", "ADM0_A3_TR": "SLB", "ADM0_A3_ID": "SLB", "ADM0_A3_PL": "SLB", "ADM0_A3_GR": "SLB", "ADM0_A3_IT": "SLB", "ADM0_A3_NL": "SLB", "ADM0_A3_SE": "SLB", "ADM0_A3_BD": "SLB", "ADM0_A3_UA": "SLB", "ADM0_A3_UN": -99, "ADM0_A3_WB": -99, "CONTINENT": "Oceania", "REGION_UN": "Oceania", "SUBREGION": "Melanesia", "REGION_WB": "East Asia & Pacific", "NAME_LEN": 11, "LONG_LEN": 15, "ABBREV_LEN": 6, "TINY": -99, "HOMEPART": 1, "MIN_ZOOM": 0, "MIN_LABEL": 3, "MAX_LABEL": 8, "LABEL_X": 159.170468, "LABEL_Y": -8.029548, "NE_ID": 1159321249, "WIKIDATAID": "Q685", "NAME_AR": "\u062c\u0632\u0631 \u0633\u0644\u064a\u0645\u0627\u0646", "NAME_BN": "\u09b8\u09b2\u09cb\u09ae\u09a8 \u09a6\u09cd\u09ac\u09c0\u09aa\u09aa\u09c1\u099e\u09cd\u099c", "NAME_DE": "Salomonen", "NAME_EN": "Solomon Islands", "NAME_ES": "Islas Salom\u00f3n", "NAME_FA": "\u062c\u0632\u0627\u06cc\u0631 \u0633\u0644\u06cc\u0645\u0627\u0646", "NAME_FR": "\u00celes Salomon", "NAME_EL": "\u039d\u03b7\u03c3\u03b9\u03ac \u03a3\u03bf\u03bb\u03bf\u03bc\u03ce\u03bd\u03c4\u03b1", "NAME_HE": "\u05d0\u05d9\u05d9 \u05e9\u05dc\u05de\u05d4", "NAME_HI": "\u0938\u094b\u0932\u094b\u092e\u0928 \u0926\u094d\u0935\u0940\u092a\u0938\u092e\u0942\u0939", "NAME_HU": "Salamon-szigetek", "NAME_ID": "Kepulauan Solomon", "NAME_IT": "Isole Salomone", "NAME_JA": "\u30bd\u30ed\u30e2\u30f3\u8af8\u5cf6", "NAME_KO": "\uc194\ub85c\ubaac \uc81c\ub3c4", "NAME_NL": "Salomonseilanden", "NAME_PL": "Wyspy Salomona", "NAME_PT": "Ilhas Salom\u00e3o", "NAME_RU": "\u0421\u043e\u043b\u043e\u043c\u043e\u043d\u043e\u0432\u044b \u041e\u0441\u0442\u0440\u043e\u0432\u0430", "NAME_SV": "Salomon\u00f6arna", "NAME_TR": "Solomon Adalar\u0131", "NAME_UK": "\u0421\u043e\u043b\u043e\u043c\u043e\u043d\u043e\u0432\u0456 \u041e\u0441\u0442\u0440\u043e\u0432\u0438", "NAME_UR": "\u062c\u0632\u0627\u0626\u0631 \u0633\u0644\u06cc\u0645\u0627\u0646", "NAME_VI": "Qu\u1ea7n \u0111\u1ea3o Solomon", "NAME_ZH": "\u6240\u7f57\u95e8\u7fa4\u5c9b", "NAME_ZHT": "\u7d22\u7f85\u9580\u7fa4\u5cf6", "FCLASS_ISO": "Admin-0 country", "TLC_DIFF": null, "FCLASS_TLC": "Admin-0 country", "FCLASS_US": null, "FCLASS_FR": null, "FCLASS_RU": null, "FCLASS_ES": null, "FCLASS_CN": null, "FCLASS_TW": null, "FCLASS_IN": null, "FCLASS_NP": null, "FCLASS_PK": null, "FCLASS_DE": null, "FCLASS_GB": null, "FCLASS_BR": null, "FCLASS_IL": null, "FCLASS_PS": null, "FCLASS_SA": null, "FCLASS_EG": null, "FCLASS_MA": null, "FCLASS_PT": null, "FCLASS_AR": null, "FCLASS_JP": null, "FCLASS_KO": null, "FCLASS_VN": null, "FCLASS_TR": null, "FCLASS_ID": null, "FCLASS_PL": null, "FCLASS_GR": null, "FCLASS_IT": null, "FCLASS_NL": null, "FCLASS_SE": null, "FCLASS_BD": null, "FCLASS_UA": null, "cartogram_scale": 0.3, "dc_count": 0, "dc_code": "OTHER"}, "geometry": {"type": "MultiPolygon", "coordinates": [[[[160.5169, -9.2874], [160.6008, -9.3905], [160.3912, -9.3886], [160.2771, -9.204], [160.4564, -9.2766], [160.5169, -9.2874]]], [[[160.3852, -9.0226], [160.34, -9.0779], [160.1177, -8.8178], [160.0552, -8.6386], [160.1572, -8.6386], [160.2652, -8.8786], [160.3852, -9.0226]]], [[[160.1369, -9.1044], [160.02, -9.1111], [159.836, -9.0808], [159.7732, -9.0346], [159.7921, -8.9154], [159.9901, -8.9627], [160.0877, -9.0256], [160.1369, -9.1044]]], [[[159.7732, -8.5486], [159.8437, -8.6438], [159.8564, -8.704], [159.6213, -8.5768], [159.457, -8.469], [159.3445, -8.3691], [159.3892, -8.3386], [159.5272, -8.4106], [159.7732, -8.5486]]], [[[159.0232, -8.2491], [159.1427, -8.3469], [159.083, -8.364], [158.9518, -8.2956], [158.8286, -8.1723], [158.844, -8.1224], [159.0232, -8.2491]]]]}}, {"type": "Feature", "properties": {"featurecla": "Admin-0 country", "scalerank": 1, "LABELRANK": 2, "SOVEREIGNT": "New Zealand", "SOV_A3": "NZ1", "ADM0_DIF": 1, "LEVEL": 2, "TYPE": "Country", "TLC": "1", "ADMIN": "New Zealand", "ADM0_A3": "NZL", "GEOU_DIF": 0, "GEOUNIT": "New Zealand", "GU_A3": "NZL", "SU_DIF": 0, "SUBUNIT": "New Zealand", "SU_A3": "NZL", "BRK_DIFF": 0, "NAME": "New Zealand", "NAME_LONG": "New Zealand", "BRK_A3": "NZL", "BRK_NAME": "New Zealand", "BRK_GROUP": null, "ABBREV": "N.Z.", "POSTAL": "NZ", "FORMAL_EN": "New Zealand", "FORMAL_FR": null, "NAME_CIAWF": "New Zealand", "NOTE_ADM0": null, "NOTE_BRK": null, "NAME_SORT": "New Zealand", "NAME_ALT": null, "MAPCOLOR7": 3, "MAPCOLOR8": 3, "MAPCOLOR9": 4, "MAPCOLOR13": 4, "POP_EST": 4917000, "POP_RANK": 12, "POP_YEAR": 2019, "GDP_MD": 206928, "GDP_YEAR": 2019, "ECONOMY": "2. Developed region: nonG7", "INCOME_GRP": "1. High income: OECD", "FIPS_10": "NZ", "ISO_A2": "NZ", "ISO_A2_EH": "NZ", "ISO_A3": "NZL", "ISO_A3_EH": "NZL", "ISO_N3": "554", "ISO_N3_EH": "554", "UN_A3": "554", "WB_A2": "NZ", "WB_A3": "NZL", "WOE_ID": 23424916, "WOE_ID_EH": 23424916, "WOE_NOTE": "Exact WOE match as country", "ADM0_ISO": "NZL", "ADM0_DIFF": null, "ADM0_TLC": "NZL", "ADM0_A3_US": "NZL", "ADM0_A3_FR": "NZL", "ADM0_A3_RU": "NZL", "ADM0_A3_ES": "NZL", "ADM0_A3_CN": "NZL", "ADM0_A3_TW": "NZL", "ADM0_A3_IN": "NZL", "ADM0_A3_NP": "NZL", "ADM0_A3_PK": "NZL", "ADM0_A3_DE": "NZL", "ADM0_A3_GB": "NZL", "ADM0_A3_BR": "NZL", "ADM0_A3_IL": "NZL", "ADM0_A3_PS": "NZL", "ADM0_A3_SA": "NZL", "ADM0_A3_EG": "NZL", "ADM0_A3_MA": "NZL", "ADM0_A3_PT": "NZL", "ADM0_A3_AR": "NZL", "ADM0_A3_JP": "NZL", "ADM0_A3_KO": "NZL", "ADM0_A3_VN": "NZL", "ADM0_A3_TR": "NZL", "ADM0_A3_ID": "NZL", "ADM0_A3_PL": "NZL", "ADM0_A3_GR": "NZL", "ADM0_A3_IT": "NZL", "ADM0_A3_NL": "NZL", "ADM0_A3_SE": "NZL", "ADM0_A3_BD": "NZL", "ADM0_A3_UA": "NZL", "ADM0_A3_UN": -99, "ADM0_A3_WB": -99, "CONTINENT": "Oceania", "REGION_UN": "Oceania", "SUBREGION": "Australia and New Zealand", "REGION_WB": "East Asia & Pacific", "NAME_LEN": 11, "LONG_LEN": 11, "ABBREV_LEN": 4, "TINY": -99, "HOMEPART": 1, "MIN_ZOOM": 0, "MIN_LABEL": 2, "MAX_LABEL": 6.7, "LABEL_X": 172.787, "LABEL_Y": -39.759, "NE_ID": 1159321135, "WIKIDATAID": "Q664", "NAME_AR": "\u0646\u064a\u0648\u0632\u064a\u0644\u0646\u062f\u0627", "NAME_BN": "\u09a8\u09bf\u0989\u099c\u09bf\u09b2\u09cd\u09af\u09be\u09a8\u09cd\u09a1", "NAME_DE": "Neuseeland", "NAME_EN": "New Zealand", "NAME_ES": "Nueva Zelanda", "NAME_FA": "\u0646\u06cc\u0648\u0632\u06cc\u0644\u0646\u062f", "NAME_FR": "Nouvelle-Z\u00e9lande", "NAME_EL": "\u039d\u03ad\u03b1 \u0396\u03b7\u03bb\u03b1\u03bd\u03b4\u03af\u03b1", "NAME_HE": "\u05e0\u05d9\u05d5 \u05d6\u05d9\u05dc\u05e0\u05d3", "NAME_HI": "\u0928\u094d\u092f\u0942\u091c\u093c\u0940\u0932\u0948\u0923\u094d\u0921", "NAME_HU": "\u00daj-Z\u00e9land", "NAME_ID": "Selandia Baru", "NAME_IT": "Nuova Zelanda", "NAME_JA": "\u30cb\u30e5\u30fc\u30b8\u30fc\u30e9\u30f3\u30c9", "NAME_KO": "\ub274\uc9c8\ub79c\ub4dc", "NAME_NL": "Nieuw-Zeeland", "NAME_PL": "Nowa Zelandia", "NAME_PT": "Nova Zel\u00e2ndia", "NAME_RU": "\u041d\u043e\u0432\u0430\u044f \u0417\u0435\u043b\u0430\u043d\u0434\u0438\u044f", "NAME_SV": "Nya Zeeland", "NAME_TR": "Yeni Zelanda", "NAME_UK": "\u041d\u043e\u0432\u0430 \u0417\u0435\u043b\u0430\u043d\u0434\u0456\u044f", "NAME_UR": "\u0646\u06cc\u0648\u0632\u06cc \u0644\u06cc\u0646\u0688", "NAME_VI": "New Zealand", "NAME_ZH": "\u65b0\u897f\u5170", "NAME_ZHT": "\u65b0\u897f\u862d", "FCLASS_ISO": "Admin-0 country", "TLC_DIFF": null, "FCLASS_TLC": "Admin-0 country", "FCLASS_US": null, "FCLASS_FR": null, "FCLASS_RU": null, "FCLASS_ES": null, "FCLASS_CN": null, "FCLASS_TW": null, "FCLASS_IN": null, "FCLASS_NP": null, "FCLASS_PK": null, "FCLASS_DE": null, "FCLASS_GB": null, "FCLASS_BR": null, "FCLASS_IL": null, "FCLASS_PS": null, "FCLASS_SA": null, "FCLASS_EG": null, "FCLASS_MA": null, "FCLASS_PT": null, "FCLASS_AR": null, "FCLASS_JP": null, "FCLASS_KO": null, "FCLASS_VN": null, "FCLASS_TR": null, "FCLASS_ID": null, "FCLASS_PL": null, "FCLASS_GR": null, "FCLASS_IT": null, "FCLASS_NL": null, "FCLASS_SE": null, "FCLASS_BD": null, "FCLASS_UA": null, "cartogram_scale": 0.6, "dc_count": 9, "dc_code": "NZL"}, "geometry": {"type": "MultiPolygon", "coordinates": [[[[175.5056, -40.2897], [175.2789, -40.613], [174.9816, -41.0239], [174.5179, -41.2631], [174.4149, -41.1057], [174.1647, -41.0192], [174.5107, -40.5257], [174.3142, -40.1955], [173.6685, -39.9555], [173.6855, -39.7381], [174.119, -39.5288], [174.2202, -39.0668], [174.1923, -38.6788], [173.9493, -38.2768], [173.9655, -38.171], [173.6787, -37.9233], [173.2066, -37.3924], [172.9557, -36.9676], [173.1783, -36.9205], [173.5049, -37.2539], [173.9717, -37.4094], [174.1413, -37.944], [174.5761, -38.5756], [174.5887, -38.1659], [174.8594, -38.3295], [174.9492, -38.7834], [175.432, -38.9789], [175.8374, -39.0269], [176.1803, -38.798], [176.4844, -38.8674], [176.339, -39.3998], [176.1564, -39.75], [175.6983, -39.7376], [175.5381, -39.92], [175.5939, -40.1781], [175.5056, -40.2897]]], [[[171.1748, -42.3833], [171.6891, -42.0692], [172.0492, -41.7578], [172.3159, -41.3106], [172.5433, -41.1588], [172.6324, -40.8238], [173.0533, -40.5465], [173.1863, -40.8016], [173.3225, -41.0494], [173.7492, -40.8062], [173.9227, -41.0596], [173.9232, -41.3122], [173.7, -41.5901], [173.3078, -42.0322], [173.0009, -42.2735], [173.2222, -42.5622], [172.7593, -42.5696], [172.2459, -42.7957], [172.0852, -43.1884], [171.7441, -43.7955], [171.273, -44.0636], [170.9735, -44.2349], [170.4209, -44.2221], [170.0324, -44.0243], [169.3802, -43.9821], [169.2796, -43.7618], [169.602, -43.3167], [170.3564, -42.7245], [170.7438, -42.6116], [171.1748, -42.3833]]]]}}, {"type": "Feature", "properties": {"featurecla": "Admin-0 country", "scalerank": 1, "LABELRANK": 2, "SOVEREIGNT": "Australia", "SOV_A3": "AU1", "ADM0_DIF": 1, "LEVEL": 2, "TYPE": "Country", "TLC": "1", "ADMIN": "Australia", "ADM0_A3": "AUS", "GEOU_DIF": 0, "GEOUNIT": "Australia", "GU_A3": "AUS", "SU_DIF": 0, "SUBUNIT": "Australia", "SU_A3": "AUS", "BRK_DIFF": 0, "NAME": "Australia", "NAME_LONG": "Australia", "BRK_A3": "AUS", "BRK_NAME": "Australia", "BRK_GROUP": null, "ABBREV": "Auz.", "POSTAL": "AU", "FORMAL_EN": "Commonwealth of Australia", "FORMAL_FR": null, "NAME_CIAWF": "Australia", "NOTE_ADM0": null, "NOTE_BRK": null, "NAME_SORT": "Australia", "NAME_ALT": null, "MAPCOLOR7": 1, "MAPCOLOR8": 2, "MAPCOLOR9": 2, "MAPCOLOR13": 7, "POP_EST": 25364307, "POP_RANK": 15, "POP_YEAR": 2019, "GDP_MD": 1396567, "GDP_YEAR": 2019, "ECONOMY": "2. Developed region: nonG7", "INCOME_GRP": "1. High income: OECD", "FIPS_10": "AS", "ISO_A2": "AU", "ISO_A2_EH": "AU", "ISO_A3": "AUS", "ISO_A3_EH": "AUS", "ISO_N3": "036", "ISO_N3_EH": "036", "UN_A3": "036", "WB_A2": "AU", "WB_A3": "AUS", "WOE_ID": -90, "WOE_ID_EH": 23424748, "WOE_NOTE": "Includes Ashmore and Cartier Islands (23424749) and Coral Sea Islands (23424790).", "ADM0_ISO": "AUS", "ADM0_DIFF": null, "ADM0_TLC": "AUS", "ADM0_A3_US": "AUS", "ADM0_A3_FR": "AUS", "ADM0_A3_RU": "AUS", "ADM0_A3_ES": "AUS", "ADM0_A3_CN": "AUS", "ADM0_A3_TW": "AUS", "ADM0_A3_IN": "AUS", "ADM0_A3_NP": "AUS", "ADM0_A3_PK": "AUS", "ADM0_A3_DE": "AUS", "ADM0_A3_GB": "AUS", "ADM0_A3_BR": "AUS", "ADM0_A3_IL": "AUS", "ADM0_A3_PS": "AUS", "ADM0_A3_SA": "AUS", "ADM0_A3_EG": "AUS", "ADM0_A3_MA": "AUS", "ADM0_A3_PT": "AUS", "ADM0_A3_AR": "AUS", "ADM0_A3_JP": "AUS", "ADM0_A3_KO": "AUS", "ADM0_A3_VN": "AUS", "ADM0_A3_TR": "AUS", "ADM0_A3_ID": "AUS", "ADM0_A3_PL": "AUS", "ADM0_A3_GR": "AUS", "ADM0_A3_IT": "AUS", "ADM0_A3_NL": "AUS", "ADM0_A3_SE": "AUS", "ADM0_A3_BD": "AUS", "ADM0_A3_UA": "AUS", "ADM0_A3_UN": -99, "ADM0_A3_WB": -99, "CONTINENT": "Oceania", "REGION_UN": "Oceania", "SUBREGION": "Australia and New Zealand", "REGION_WB": "East Asia & Pacific", "NAME_LEN": 9, "LONG_LEN": 9, "ABBREV_LEN": 4, "TINY": -99, "HOMEPART": 1, "MIN_ZOOM": 0, "MIN_LABEL": 1.7, "MAX_LABEL": 5.7, "LABEL_X": 134.04972, "LABEL_Y": -24.129522, "NE_ID": 1159320355, "WIKIDATAID": "Q408", "NAME_AR": "\u0623\u0633\u062a\u0631\u0627\u0644\u064a\u0627", "NAME_BN": "\u0985\u09b8\u09cd\u099f\u09cd\u09b0\u09c7\u09b2\u09bf\u09af\u09bc\u09be", "NAME_DE": "Australien", "NAME_EN": "Australia", "NAME_ES": "Australia", "NAME_FA": "\u0627\u0633\u062a\u0631\u0627\u0644\u06cc\u0627", "NAME_FR": "Australie", "NAME_EL": "\u0391\u03c5\u03c3\u03c4\u03c1\u03b1\u03bb\u03af\u03b1", "NAME_HE": "\u05d0\u05d5\u05e1\u05d8\u05e8\u05dc\u05d9\u05d4", "NAME_HI": "\u0911\u0938\u094d\u091f\u094d\u0930\u0947\u0932\u093f\u092f\u093e", "NAME_HU": "Ausztr\u00e1lia", "NAME_ID": "Australia", "NAME_IT": "Australia", "NAME_JA": "\u30aa\u30fc\u30b9\u30c8\u30e9\u30ea\u30a2", "NAME_KO": "\uc624\uc2a4\ud2b8\ub808\uc77c\ub9ac\uc544", "NAME_NL": "Australi\u00eb", "NAME_PL": "Australia", "NAME_PT": "Austr\u00e1lia", "NAME_RU": "\u0410\u0432\u0441\u0442\u0440\u0430\u043b\u0438\u044f", "NAME_SV": "Australien", "NAME_TR": "Avustralya", "NAME_UK": "\u0410\u0432\u0441\u0442\u0440\u0430\u043b\u0456\u044f", "NAME_UR": "\u0622\u0633\u0679\u0631\u06cc\u0644\u06cc\u0627", "NAME_VI": "\u00dac", "NAME_ZH": "\u6fb3\u5927\u5229\u4e9a", "NAME_ZHT": "\u6fb3\u5927\u5229\u4e9e", "FCLASS_ISO": "Admin-0 country", "TLC_DIFF": null, "FCLASS_TLC": "Admin-0 country", "FCLASS_US": null, "FCLASS_FR": null, "FCLASS_RU": null, "FCLASS_ES": null, "FCLASS_CN": null, "FCLASS_TW": null, "FCLASS_IN": null, "FCLASS_NP": null, "FCLASS_PK": null, "FCLASS_DE": null, "FCLASS_GB": null, "FCLASS_BR": null, "FCLASS_IL": null, "FCLASS_PS": null, "FCLASS_SA": null, "FCLASS_EG": null, "FCLASS_MA": null, "FCLASS_PT": null, "FCLASS_AR": null, "FCLASS_JP": null, "FCLASS_KO": null, "FCLASS_VN": null, "FCLASS_TR": null, "FCLASS_ID": null, "FCLASS_PL": null, "FCLASS_GR": null, "FCLASS_IT": null, "FCLASS_NL": null, "FCLASS_SE": null, "FCLASS_BD": null, "FCLASS_UA": null, "cartogram_scale": 0.75, "dc_count": 306, "dc_code": "AUS"}, "geometry": {"type": "MultiPolygon", "coordinates": [[[[144.3158, -36.8775], [144.7656, -36.9278], [144.8187, -37.8181], [144.5618, -38.0765], [144.4843, -38.6799], [144.2222, -38.4745], [143.7016, -38.9972], [143.5463, -38.9569], [143.0851, -38.9336], [142.6228, -38.2916], [142.5201, -37.7965], [142.0874, -37.1432], [142.1066, -36.7992], [142.5973, -36.8657], [143.3219, -37.1245], [143.7302, -37.0217], [144.3158, -36.8775]]], [[[128.1603, -30.4332], [127.3653, -30.8178], [126.715, -30.9909], [126.5705, -31.3841], [126.2936, -31.6889], [125.6571, -31.7071], [125.1861, -31.7738], [124.5232, -31.637], [123.984, -31.7189], [123.4691, -31.7533], [123.023, -32.1533], [122.8043, -32.1194], [122.4281, -32.3314], [122.0675, -32.5698], [121.5204, -32.5404], [121.0176, -32.5401], [120.2221, -32.0611], [119.8189, -31.9186], [119.8353, -31.4888], [120.2077, -31.3867], [120.3348, -31.2159], [120.3083, -30.9465], [120.4, -30.4251], [120.316, -29.9806], [119.9195, -29.2225], [119.7966, -28.7943], [119.8288, -28.3671], [119.5303, -27.8789], [119.5112, -27.6586], [119.179, -27.3598], [119.0855, -26.7723], [118.6569, -26.1786], [118.553, -25.8587], [118.8826, -26.183], [118.6295, -25.4872], [119.0015, -25.7047], [119.2234, -25.9951], [119.2109, -25.611], [118.8397, -25.0205], [118.7678, -24.7842], [118.594, -24.5598], [118.6753, -24.126], [118.8291, -23.9414], [118.9314, -23.5663], [118.8512, -23.1279], [119.1611, -22.5882], [119.2178, -23.1594], [119.5346, -22.6434], [120.1439, -22.3926], [120.5093, -22.0728], [121.0825, -21.7975], [121.4235, -21.739], [121.63, -21.8314], [122.221, -21.5519], [122.6759, -21.4687], [122.7897, -21.3044], [122.9882, -21.236], [123.4027, -21.2536], [124.191, -21.034], [124.5987, -20.7011], [124.7902, -20.3003], [125.2301, -19.9195], [125.2638, -19.6202], [125.2834, -19.2125], [125.8082, -18.5752], [126.1241, -19.2227], [126.4433, -19.073], [126.1762, -18.7186], [126.4116, -18.3547], [126.7425, -18.5172], [126.8336, -17.9466], [127.2434, -17.5776], [127.4243, -17.2816], [127.8014, -17.1538], [127.8132, -16.9443], [128.1427, -17.0318], [128.1559, -16.8433], [128.4857, -16.7359], [128.8482, -16.6347], [129.4023, -16.9789], [129.8186, -17.4231], [130.288, -17.4283], [130.7649, -17.4986], [130.606, -17.0868], [130.9653, -16.4853], [131.3034, -16.2893], [131.1864, -16.1019], [131.5122, -15.6736], [131.9664, -15.409], [132.3501, -15.4981], [132.9803, -15.3568], [132.9667, -14.9735], [132.4173, -14.7266], [132.8167, -14.6177], [133.3135, -14.8036], [133.7119, -15.1111], [134.3436, -15.303], [134.5578, -15.2271], [135.0227, -15.4577], [135.4608, -15.243], [135.7426, -15.3083], [135.9182, -15.1642], [136.2625, -15.5352], [136.0627, -15.9367], [135.7779, -16.2397], [135.5201, -16.2646], [135.607, -16.5645], [135.3867, -16.9393], [135.1203, -17.3078], [135.1739, -17.5196], [135.7702, -17.934], [136.3478, -18.1743], [136.7342, -18.4326], [137.2762, -18.877], [137.4877, -18.8762], [137.8802, -19.0683], [137.9942, -19.3], [138.7102, -19.5544], [139.2054, -19.2981], [139.3521, -18.8953], [139.5044, -18.5629], [139.5975, -18.1517], [139.8254, -17.555], [139.7213, -17.1923], [139.7754, -16.9741], [139.6887, -16.5448], [139.787, -15.9798], [139.9308, -15.8274], [139.8141, -15.577], [139.9953, -15.1794], [140.1377, -14.7673], [140.1566, -14.5533], [140.4353, -14.2724], [140.6468, -14.6393], [140.6989, -15.1098], [140.8858, -15.2005], [140.9178, -15.5155], [141.1904, -15.897], [141.2467, -16.3216], [141.2202, -16.594], [141.4904, -17.1825], [141.9716, -16.8996], [142.22, -17.2171], [142.5799, -17.51], [142.5028, -17.8424], [142.6628, -18.4855], [142.7766, -18.86], [142.9655, -18.9515], [143.169, -19.5925], [143.0966, -19.9813], [143.3394, -20.49], [144.1521, -20.8818], [144.682, -21.2382], [145.1851, -21.5647], [145.0869, -21.7464], [145.5159, -22.2166], [145.8076, -23.0281], [146.1068, -22.8633], [146.411, -23.1884], [146.5943, -23.0731], [146.7235, -23.8679], [147.2557, -24.3285], [147.604, -24.6147], [148.1902, -25.2219], [148.4009, -25.8246], [148.4203, -26.2523], [148.3685, -26.7165], [148.7259, -27.3538], [148.6829, -28.0176], [148.5531, -28.3649], [148.3507, -29.0339], [148.366, -29.464], [148.2175, -30.0016], [147.8863, -30.6838], [147.3306, -31.0523], [147.0568, -31.6333], [146.8067, -32.004], [146.5844, -32.6514], [146.295, -33.0252], [146.1052, -33.5864], [146.0084, -34.1031], [146.0468, -34.3402], [145.6167, -34.6008], [144.7773, -34.6281], [144.0851, -34.9357], [143.7404, -35.2262], [143.2872, -35.5481], [142.666, -35.2166], [142.2065, -35.0843], [142.323, -34.6934], [141.9131, -34.8353], [141.2563, -35.3784], [140.6079, -35.175], [140.1826, -35.0563], [139.7537, -35.0026], [139.0277, -34.7858], [138.5429, -34.3235], [138.4037, -33.754], [138.2294, -33.375], [137.8609, -33.0708], [137.1394, -32.9805], [137.3859, -32.6167], [137.2045, -32.0598], [136.8382, -32.5789], [136.1709, -32.7167], [136.5631, -32.3018], [136.6767, -31.869], [136.9664, -31.5016], [136.9066, -30.9463], [136.2964, -31.5858], [135.8279, -31.8423], [135.5406, -32.4389], [134.955, -32.1303], [134.9782, -31.7322], [134.5089, -31.1883], [134.1132, -30.9073], [134.2542, -30.7342], [133.2919, -30.2797], [132.7649, -30.2582], [132.0436, -29.8931], [130.7007, -29.9641], [129.7295, -30.2326], [128.876, -30.483], [128.1603, -30.4332]]]]}}, {"type": "Feature", "properties": {"featurecla": "Admin-0 country", "scalerank": 1, "LABELRANK": 3, "SOVEREIGNT": "Sri Lanka", "SOV_A3": "LKA", "ADM0_DIF": 0, "LEVEL": 2, "TYPE": "Sovereign country", "TLC": "1", "ADMIN": "Sri Lanka", "ADM0_A3": "LKA", "GEOU_DIF": 0, "GEOUNIT": "Sri Lanka", "GU_A3": "LKA", "SU_DIF": 0, "SUBUNIT": "Sri Lanka", "SU_A3": "LKA", "BRK_DIFF": 0, "NAME": "Sri Lanka", "NAME_LONG": "Sri Lanka", "BRK_A3": "LKA", "BRK_NAME": "Sri Lanka", "BRK_GROUP": null, "ABBREV": "Sri L.", "POSTAL": "LK", "FORMAL_EN": "Democratic Socialist Republic of Sri Lanka", "FORMAL_FR": null, "NAME_CIAWF": "Sri Lanka", "NOTE_ADM0": null, "NOTE_BRK": null, "NAME_SORT": "Sri Lanka", "NAME_ALT": null, "MAPCOLOR7": 3, "MAPCOLOR8": 5, "MAPCOLOR9": 4, "MAPCOLOR13": 9, "POP_EST": 21803000, "POP_RANK": 15, "POP_YEAR": 2019, "GDP_MD": 84008, "GDP_YEAR": 2019, "ECONOMY": "6. Developing region", "INCOME_GRP": "4. Lower middle income", "FIPS_10": "CE", "ISO_A2": "LK", "ISO_A2_EH": "LK", "ISO_A3": "LKA", "ISO_A3_EH": "LKA", "ISO_N3": "144", "ISO_N3_EH": "144", "UN_A3": "144", "WB_A2": "LK", "WB_A3": "LKA", "WOE_ID": 23424778, "WOE_ID_EH": 23424778, "WOE_NOTE": "Exact WOE match as country", "ADM0_ISO": "LKA", "ADM0_DIFF": null, "ADM0_TLC": "LKA", "ADM0_A3_US": "LKA", "ADM0_A3_FR": "LKA", "ADM0_A3_RU": "LKA", "ADM0_A3_ES": "LKA", "ADM0_A3_CN": "LKA", "ADM0_A3_TW": "LKA", "ADM0_A3_IN": "LKA", "ADM0_A3_NP": "LKA", "ADM0_A3_PK": "LKA", "ADM0_A3_DE": "LKA", "ADM0_A3_GB": "LKA", "ADM0_A3_BR": "LKA", "ADM0_A3_IL": "LKA", "ADM0_A3_PS": "LKA", "ADM0_A3_SA": "LKA", "ADM0_A3_EG": "LKA", "ADM0_A3_MA": "LKA", "ADM0_A3_PT": "LKA", "ADM0_A3_AR": "LKA", "ADM0_A3_JP": "LKA", "ADM0_A3_KO": "LKA", "ADM0_A3_VN": "LKA", "ADM0_A3_TR": "LKA", "ADM0_A3_ID": "LKA", "ADM0_A3_PL": "LKA", "ADM0_A3_GR": "LKA", "ADM0_A3_IT": "LKA", "ADM0_A3_NL": "LKA", "ADM0_A3_SE": "LKA", "ADM0_A3_BD": "LKA", "ADM0_A3_UA": "LKA", "ADM0_A3_UN": -99, "ADM0_A3_WB": -99, "CONTINENT": "Asia", "REGION_UN": "Asia", "SUBREGION": "Southern Asia", "REGION_WB": "South Asia", "NAME_LEN": 9, "LONG_LEN": 9, "ABBREV_LEN": 6, "TINY": -99, "HOMEPART": 1, "MIN_ZOOM": 0, "MIN_LABEL": 3, "MAX_LABEL": 8, "LABEL_X": 80.704823, "LABEL_Y": 7.581097, "NE_ID": 1159321025, "WIKIDATAID": "Q854", "NAME_AR": "\u0633\u0631\u064a\u0644\u0627\u0646\u0643\u0627", "NAME_BN": "\u09b6\u09cd\u09b0\u09c0\u09b2\u0999\u09cd\u0995\u09be", "NAME_DE": "Sri Lanka", "NAME_EN": "Sri Lanka", "NAME_ES": "Sri Lanka", "NAME_FA": "\u0633\u0631\u06cc\u0644\u0627\u0646\u06a9\u0627", "NAME_FR": "Sri Lanka", "NAME_EL": "\u03a3\u03c1\u03b9 \u039b\u03ac\u03bd\u03ba\u03b1", "NAME_HE": "\u05e1\u05e8\u05d9 \u05dc\u05e0\u05e7\u05d4", "NAME_HI": "\u0936\u094d\u0930\u0940\u0932\u0902\u0915\u093e", "NAME_HU": "Sr\u00ed Lanka", "NAME_ID": "Sri Lanka", "NAME_IT": "Sri Lanka", "NAME_JA": "\u30b9\u30ea\u30e9\u30f3\u30ab", "NAME_KO": "\uc2a4\ub9ac\ub791\uce74", "NAME_NL": "Sri Lanka", "NAME_PL": "Sri Lanka", "NAME_PT": "Sri Lanka", "NAME_RU": "\u0428\u0440\u0438-\u041b\u0430\u043d\u043a\u0430", "NAME_SV": "Sri Lanka", "NAME_TR": "Sri Lanka", "NAME_UK": "\u0428\u0440\u0456-\u041b\u0430\u043d\u043a\u0430", "NAME_UR": "\u0633\u0631\u06cc \u0644\u0646\u06a9\u0627", "NAME_VI": "Sri Lanka", "NAME_ZH": "\u65af\u91cc\u5170\u5361", "NAME_ZHT": "\u65af\u91cc\u862d\u5361", "FCLASS_ISO": "Admin-0 country", "TLC_DIFF": null, "FCLASS_TLC": "Admin-0 country", "FCLASS_US": null, "FCLASS_FR": null, "FCLASS_RU": null, "FCLASS_ES": null, "FCLASS_CN": null, "FCLASS_TW": null, "FCLASS_IN": null, "FCLASS_NP": null, "FCLASS_PK": null, "FCLASS_DE": null, "FCLASS_GB": null, "FCLASS_BR": null, "FCLASS_IL": null, "FCLASS_PS": null, "FCLASS_SA": null, "FCLASS_EG": null, "FCLASS_MA": null, "FCLASS_PT": null, "FCLASS_AR": null, "FCLASS_JP": null, "FCLASS_KO": null, "FCLASS_VN": null, "FCLASS_TR": null, "FCLASS_ID": null, "FCLASS_PL": null, "FCLASS_GR": null, "FCLASS_IT": null, "FCLASS_NL": null, "FCLASS_SE": null, "FCLASS_BD": null, "FCLASS_UA": null, "cartogram_scale": 0.3, "dc_count": 0, "dc_code": "OTHER"}, "geometry": {"type": "Polygon", "coordinates": [[[81.1411, 7.5989], [81.0959, 7.2865], [80.9701, 7.2012], [80.7092, 7.1325], [80.5664, 7.371], [80.5132, 7.8023], [80.649, 8.2892], [80.8563, 8.1225], [80.996, 7.9113], [81.1411, 7.5989]]]}}, {"type": "Feature", "properties": {"featurecla": "Admin-0 country", "scalerank": 1, "LABELRANK": 2, "SOVEREIGNT": "China", "SOV_A3": "CH1", "ADM0_DIF": 1, "LEVEL": 2, "TYPE": "Country", "TLC": "1", "ADMIN": "China", "ADM0_A3": "CHN", "GEOU_DIF": 0, "GEOUNIT": "China", "GU_A3": "CHN", "SU_DIF": 0, "SUBUNIT": "China", "SU_A3": "CHN", "BRK_DIFF": 0, "NAME": "China", "NAME_LONG": "China", "BRK_A3": "CHN", "BRK_NAME": "China", "BRK_GROUP": null, "ABBREV": "China", "POSTAL": "CN", "FORMAL_EN": "People's Republic of China", "FORMAL_FR": null, "NAME_CIAWF": "China", "NOTE_ADM0": null, "NOTE_BRK": null, "NAME_SORT": "China", "NAME_ALT": null, "MAPCOLOR7": 4, "MAPCOLOR8": 4, "MAPCOLOR9": 4, "MAPCOLOR13": 3, "POP_EST": 1397715000, "POP_RANK": 18, "POP_YEAR": 2019, "GDP_MD": 14342903, "GDP_YEAR": 2019, "ECONOMY": "3. Emerging region: BRIC", "INCOME_GRP": "3. Upper middle income", "FIPS_10": "CH", "ISO_A2": "CN", "ISO_A2_EH": "CN", "ISO_A3": "CHN", "ISO_A3_EH": "CHN", "ISO_N3": "156", "ISO_N3_EH": "156", "UN_A3": "156", "WB_A2": "CN", "WB_A3": "CHN", "WOE_ID": 23424781, "WOE_ID_EH": 23424781, "WOE_NOTE": "Exact WOE match as country", "ADM0_ISO": "CHN", "ADM0_DIFF": null, "ADM0_TLC": "CHN", "ADM0_A3_US": "CHN", "ADM0_A3_FR": "CHN", "ADM0_A3_RU": "CHN", "ADM0_A3_ES": "CHN", "ADM0_A3_CN": "CHN", "ADM0_A3_TW": "TWN", "ADM0_A3_IN": "CHN", "ADM0_A3_NP": "CHN", "ADM0_A3_PK": "CHN", "ADM0_A3_DE": "CHN", "ADM0_A3_GB": "CHN", "ADM0_A3_BR": "CHN", "ADM0_A3_IL": "CHN", "ADM0_A3_PS": "CHN", "ADM0_A3_SA": "CHN", "ADM0_A3_EG": "CHN", "ADM0_A3_MA": "CHN", "ADM0_A3_PT": "CHN", "ADM0_A3_AR": "CHN", "ADM0_A3_JP": "CHN", "ADM0_A3_KO": "CHN", "ADM0_A3_VN": "CHN", "ADM0_A3_TR": "CHN", "ADM0_A3_ID": "CHN", "ADM0_A3_PL": "CHN", "ADM0_A3_GR": "CHN", "ADM0_A3_IT": "CHN", "ADM0_A3_NL": "CHN", "ADM0_A3_SE": "CHN", "ADM0_A3_BD": "CHN", "ADM0_A3_UA": "CHN", "ADM0_A3_UN": -99, "ADM0_A3_WB": -99, "CONTINENT": "Asia", "REGION_UN": "Asia", "SUBREGION": "Eastern Asia", "REGION_WB": "East Asia & Pacific", "NAME_LEN": 5, "LONG_LEN": 5, "ABBREV_LEN": 5, "TINY": -99, "HOMEPART": 1, "MIN_ZOOM": 0, "MIN_LABEL": 1.7, "MAX_LABEL": 5.7, "LABEL_X": 106.337289, "LABEL_Y": 32.498178, "NE_ID": 1159320471, "WIKIDATAID": "Q148", "NAME_AR": "\u0627\u0644\u0635\u064a\u0646", "NAME_BN": "\u0997\u09a3\u099a\u09c0\u09a8", "NAME_DE": "Volksrepublik China", "NAME_EN": "People's Republic of China", "NAME_ES": "China", "NAME_FA": "\u062c\u0645\u0647\u0648\u0631\u06cc \u062e\u0644\u0642 \u0686\u06cc\u0646", "NAME_FR": "R\u00e9publique populaire de Chine", "NAME_EL": "\u039b\u03b1\u03ca\u03ba\u03ae \u0394\u03b7\u03bc\u03bf\u03ba\u03c1\u03b1\u03c4\u03af\u03b1 \u03c4\u03b7\u03c2 \u039a\u03af\u03bd\u03b1\u03c2", "NAME_HE": "\u05d4\u05e8\u05e4\u05d5\u05d1\u05dc\u05d9\u05e7\u05d4 \u05d4\u05e2\u05de\u05de\u05d9\u05ea \u05e9\u05dc \u05e1\u05d9\u05df", "NAME_HI": "\u091a\u0940\u0928\u0940 \u091c\u0928\u0935\u093e\u0926\u0940 \u0917\u0923\u0930\u093e\u091c\u094d\u092f", "NAME_HU": "K\u00edna", "NAME_ID": "Republik Rakyat Tiongkok", "NAME_IT": "Cina", "NAME_JA": "\u4e2d\u83ef\u4eba\u6c11\u5171\u548c\u56fd", "NAME_KO": "\uc911\ud654\uc778\ubbfc\uacf5\ud654\uad6d", "NAME_NL": "Volksrepubliek China", "NAME_PL": "Chi\u0144ska Republika Ludowa", "NAME_PT": "China", "NAME_RU": "\u041a\u0438\u0442\u0430\u0439\u0441\u043a\u0430\u044f \u041d\u0430\u0440\u043e\u0434\u043d\u0430\u044f \u0420\u0435\u0441\u043f\u0443\u0431\u043b\u0438\u043a\u0430", "NAME_SV": "Kina", "NAME_TR": "\u00c7in Halk Cumhuriyeti", "NAME_UK": "\u041a\u0438\u0442\u0430\u0439\u0441\u044c\u043a\u0430 \u041d\u0430\u0440\u043e\u0434\u043d\u0430 \u0420\u0435\u0441\u043f\u0443\u0431\u043b\u0456\u043a\u0430", "NAME_UR": "\u0639\u0648\u0627\u0645\u06cc \u062c\u0645\u06c1\u0648\u0631\u06cc\u06c1 \u0686\u06cc\u0646", "NAME_VI": "Trung Qu\u1ed1c", "NAME_ZH": "\u4e2d\u534e\u4eba\u6c11\u5171\u548c\u56fd", "NAME_ZHT": "\u4e2d\u83ef\u4eba\u6c11\u5171\u548c\u570b", "FCLASS_ISO": "Admin-0 country", "TLC_DIFF": null, "FCLASS_TLC": "Admin-0 country", "FCLASS_US": null, "FCLASS_FR": null, "FCLASS_RU": null, "FCLASS_ES": null, "FCLASS_CN": null, "FCLASS_TW": "Unrecognized", "FCLASS_IN": null, "FCLASS_NP": null, "FCLASS_PK": null, "FCLASS_DE": null, "FCLASS_GB": null, "FCLASS_BR": null, "FCLASS_IL": null, "FCLASS_PS": null, "FCLASS_SA": null, "FCLASS_EG": null, "FCLASS_MA": null, "FCLASS_PT": null, "FCLASS_AR": null, "FCLASS_JP": null, "FCLASS_KO": null, "FCLASS_VN": null, "FCLASS_TR": null, "FCLASS_ID": null, "FCLASS_PL": null, "FCLASS_GR": null, "FCLASS_IT": null, "FCLASS_NL": null, "FCLASS_SE": null, "FCLASS_BD": null, "FCLASS_UA": null, "cartogram_scale": 1.2, "dc_count": 449, "dc_code": "CHN"}, "geometry": {"type": "MultiPolygon", "coordinates": [[[[118.2019, 14.5268], [117.2179, 14.8988], [117.1831, 15.931], [117.7745, 16.4748], [119.0856, 16.8111], [119.7755, 16.7826], [120.0437, 16.3247], [119.5164, 15.7966], [119.2387, 15.1036], [118.2019, 14.5268]]], [[[83.1437, 43.5096], [83.0478, 44.1937], [83.8711, 44.506], [82.791, 46.5906], [85.1681, 47.07], [85.7824, 47.3372], [86.6482, 49.4856], [89.0288, 49.0907], [89.6962, 49.6331], [89.7535, 50.8365], [90.7502, 50.9486], [91.6636, 51.7476], [92.1332, 51.8462], [92.4483, 51.0089], [93.4568, 50.3725], [95.1687, 49.9218], [95.9966, 48.9554], [95.5346, 47.5532], [95.9663, 47.0329], [97.3923, 46.8277], [99.0085, 46.6601], [100.4584, 45.9124], [101.1999, 45.7792], [101.7466, 44.6729], [102.4509, 43.9603], [103.7738, 43.9882], [106.2506, 43.7192], [107.8467, 43.8861], [109.0313, 43.7074], [110.8064, 42.9785], [112.2584, 42.9796], [112.7897, 42.6065], [114.1868, 43.2508], [116.1254, 43.6674], [117.924, 43.7129], [119.3262, 44.1351], [120.1873, 44.7778], [121.0272, 45.1813], [120.8329, 45.5774], [120.4497, 46.0385], [121.0796, 46.8121], [121.7549, 46.7036], [122.9884, 46.4602], [124.1841, 47.0974], [126.0138, 47.5623], [126.8931, 48.3554], [127.7377, 48.6969], [129.4809, 48.8561], [130.4276, 48.7208], [130.5591, 49.1472], [129.4716, 49.986], [128.5086, 50.3697], [127.5863, 49.9268], [126.4024, 50.1137], [125.7231, 49.9614], [125.414, 50.452], [126.2618, 51.6511], [126.8462, 52.5558], [128.2868, 52.1028], [129.9778, 52.861], [129.9669, 53.3891], [131.0502, 54.6618], [131.7175, 55.0465], [131.7026, 55.709], [131.0442, 55.9942], [132.0354, 56.5913], [133.5266, 56.8076], [135.1174, 56.8401], [136.9135, 56.4828], [137.9673, 56.0409], [138.7089, 54.8307], [139.1587, 54.3142], [139.5766, 53.5773], [140.0205, 52.4019], [142.109, 52.0183], [143.5304, 51.1652], [144.0164, 50.0377], [145.8397, 50.0363], [146.88, 50.5097], [148.8632, 50.8635], [148.2326, 49.7837], [147.7665, 49.3446], [147.3552, 48.0299], [146.5482, 46.8625], [145.0918, 47.075], [144.0619, 46.6511], [144.3779, 45.6234], [144.2053, 44.2056], [143.5923, 44.1732], [143.5997, 43.5636], [142.8248, 44.272], [142.3477, 43.5996], [140.4943, 43.0827], [140.6818, 42.4497], [139.6442, 42.4934], [139.0746, 42.8695], [138.2501, 42.0184], [136.9276, 41.3734], [135.9504, 40.6038], [134.2727, 40.2549], [133.3893, 39.6941], [132.0971, 39.3665], [132.7349, 39.9226], [132.4838, 40.3899], [133.434, 41.1965], [132.8001, 41.8252], [131.754, 41.4016], [130.3992, 40.5672], [129.6598, 39.7924], [128.483, 39.7347], [127.8709, 39.1747], [128.5033, 38.3633], [129.4854, 38.1664], [129.5256, 37.6277], [130.475, 37.2772], [131.8198, 38.1341], [132.8852, 37.6669], [133.6612, 37.635], [133.8557, 37.0063], [132.1567, 36.6712], [131.5961, 36.0233], [130.4291, 35.4213], [129.8131, 34.5814], [131.1047, 33.922], [131.5761, 32.7416], [132.3065, 31.642], [133.1214, 30.7202], [133.102, 29.8288], [132.3488, 29.5011], [132.6359, 28.8611], [133.3422, 28.4886], [133.1578, 27.5112], [132.853, 26.5602], [132.1825, 26.4524], [131.3062, 25.1534], [130.3343, 23.5785], [129.2199, 22.1464], [127.5696, 21.039], [125.9005, 20.029], [124.5483, 19.8913], [123.8147, 19.3581], [123.3998, 19.7476], [122.721, 19.1512], [121.044, 18.5502], [119.7742, 18.3661], [119.3645, 17.0988], [118.6995, 17.0285], [118.3848, 17.8994], [118.669, 18.3636], [117.059, 18.7478], [116.4919, 18.5524], [115.2838, 18.8639], [114.7124, 19.3514], [114.9021, 20.0427], [113.8052, 20.2618], [113.2267, 20.7121], [112.2039, 20.0726], [111.0371, 19.9341], [110.0801, 19.9401], [109.4362, 19.6473], [108.8141, 19.4714], [108.9954, 18.0988], [108.3557, 18.1316], [108.2477, 18.4135], [108.2117, 18.9096], [107.3315, 18.5602], [106.8119, 18.7811], [105.9207, 19.2316], [106.2701, 20.2284], [105.5102, 20.4608], [105.224, 21.5655], [103.9573, 21.3665], [104.1012, 22.7899], [105.2379, 23.792], [105.2862, 24.7818], [105.2509, 25.7001], [104.7271, 25.9862], [104.326, 26.6927], [103.6242, 26.6035], [102.3303, 26.7828], [102.7356, 27.2868], [102.1729, 28.0329], [101.3174, 27.5276], [100.3109, 27.8225], [98.9277, 27.0583], [97.8354, 26.1658], [96.8677, 26.0157], [96.3423, 26.3383], [95.7083, 26.3675], [94.8507, 26.6453], [94.2026, 26.3409], [93.4088, 25.4488], [93.3081, 26.3938], [92.5762, 26.1414], [91.1771, 26.2587], [89.8196, 26.5339], [88.8456, 27.0609], [87.9132, 27.2974], [87.5105, 27.8738], [86.8362, 28.0461], [85.6247, 28.8279], [84.6626, 29.1968], [84.1652, 28.9098], [82.4973, 29.7488], [81.3183, 30.5087], [80.9818, 31.8314], [81.843, 31.6701], [81.8823, 32.2828], [81.405, 32.897], [81.5264, 33.8759], [80.2366, 35.2824], [78.2631, 35.7677], [77.9079, 36.6897], [77.0213, 37.2492], [76.8077, 37.5936], [76.6276, 38.2776], [76.6694, 38.7442], [75.9407, 39.0174], [75.5463, 38.8966], [75.2421, 40.0071], [75.5837, 40.2816], [75.4184, 40.5623], [76.5639, 41.1293], [77.3931, 41.3641], [78.6633, 41.2031], [79.117, 41.9694], [80.6563, 42.112], [81.0841, 42.5883], [82.975, 43.2383], [83.1437, 43.5096]]]]}}, {"type": "Feature", "properties": {"featurecla": "Admin-0 country", "scalerank": 1, "LABELRANK": 3, "SOVEREIGNT": "Taiwan", "SOV_A3": "TWN", "ADM0_DIF": 0, "LEVEL": 2, "TYPE": "Sovereign country", "TLC": "1", "ADMIN": "Taiwan", "ADM0_A3": "TWN", "GEOU_DIF": 0, "GEOUNIT": "Taiwan", "GU_A3": "TWN", "SU_DIF": 0, "SUBUNIT": "Taiwan", "SU_A3": "TWN", "BRK_DIFF": 0, "NAME": "Taiwan", "NAME_LONG": "Taiwan", "BRK_A3": "TWN", "BRK_NAME": "Taiwan", "BRK_GROUP": null, "ABBREV": "Taiwan", "POSTAL": "TW", "FORMAL_EN": null, "FORMAL_FR": null, "NAME_CIAWF": "Taiwan", "NOTE_ADM0": null, "NOTE_BRK": "Self admin.; Claimed by China", "NAME_SORT": "Taiwan", "NAME_ALT": null, "MAPCOLOR7": 1, "MAPCOLOR8": 5, "MAPCOLOR9": 7, "MAPCOLOR13": 2, "POP_EST": 23568378, "POP_RANK": 15, "POP_YEAR": 2020, "GDP_MD": 1127000, "GDP_YEAR": 2016, "ECONOMY": "2. Developed region: nonG7", "INCOME_GRP": "2. High income: nonOECD", "FIPS_10": "TW", "ISO_A2": "CN-TW", "ISO_A2_EH": "TW", "ISO_A3": "TWN", "ISO_A3_EH": "TWN", "ISO_N3": "158", "ISO_N3_EH": "158", "UN_A3": "-099", "WB_A2": "-99", "WB_A3": "-99", "WOE_ID": 23424971, "WOE_ID_EH": 23424971, "WOE_NOTE": "Exact WOE match as country", "ADM0_ISO": "TWN", "ADM0_DIFF": null, "ADM0_TLC": "TWN", "ADM0_A3_US": "TWN", "ADM0_A3_FR": "TWN", "ADM0_A3_RU": "CHN", "ADM0_A3_ES": "TWN", "ADM0_A3_CN": "CHN", "ADM0_A3_TW": "TWN", "ADM0_A3_IN": "TWN", "ADM0_A3_NP": "CHN", "ADM0_A3_PK": "CHN", "ADM0_A3_DE": "TWN", "ADM0_A3_GB": "TWN", "ADM0_A3_BR": "TWN", "ADM0_A3_IL": "TWN", "ADM0_A3_PS": "TWN", "ADM0_A3_SA": "TWN", "ADM0_A3_EG": "CHN", "ADM0_A3_MA": "CHN", "ADM0_A3_PT": "TWN", "ADM0_A3_AR": "TWN", "ADM0_A3_JP": "TWN", "ADM0_A3_KO": "TWN", "ADM0_A3_VN": "TWN", "ADM0_A3_TR": "TWN", "ADM0_A3_ID": "CHN", "ADM0_A3_PL": "TWN", "ADM0_A3_GR": "TWN", "ADM0_A3_IT": "TWN", "ADM0_A3_NL": "TWN", "ADM0_A3_SE": "TWN", "ADM0_A3_BD": "CHN", "ADM0_A3_UA": "TWN", "ADM0_A3_UN": -99, "ADM0_A3_WB": -99, "CONTINENT": "Asia", "REGION_UN": "Asia", "SUBREGION": "Eastern Asia", "REGION_WB": "East Asia & Pacific", "NAME_LEN": 6, "LONG_LEN": 6, "ABBREV_LEN": 6, "TINY": -99, "HOMEPART": 1, "MIN_ZOOM": 0, "MIN_LABEL": 4.5, "MAX_LABEL": 8, "LABEL_X": 120.868204, "LABEL_Y": 23.652408, "NE_ID": 1159321335, "WIKIDATAID": "Q865", "NAME_AR": "\u062a\u0627\u064a\u0648\u0627\u0646", "NAME_BN": "\u09a4\u09be\u0987\u0993\u09af\u09bc\u09be\u09a8", "NAME_DE": "Republik China", "NAME_EN": "Taiwan", "NAME_ES": "Rep\u00fablica de China", "NAME_FA": "\u062a\u0627\u06cc\u0648\u0627\u0646", "NAME_FR": "Ta\u00efwan", "NAME_EL": "\u0394\u03b7\u03bc\u03bf\u03ba\u03c1\u03b1\u03c4\u03af\u03b1 \u03c4\u03b7\u03c2 \u039a\u03af\u03bd\u03b1\u03c2", "NAME_HE": "\u05d8\u05d0\u05d9\u05d5\u05d5\u05d0\u05df", "NAME_HI": "\u091a\u0940\u0928\u0940 \u0917\u0923\u0930\u093e\u091c\u094d\u092f", "NAME_HU": "K\u00ednai K\u00f6zt\u00e1rsas\u00e1g", "NAME_ID": "Taiwan", "NAME_IT": "Taiwan", "NAME_JA": "\u4e2d\u83ef\u6c11\u56fd", "NAME_KO": "\uc911\ud654\ubbfc\uad6d", "NAME_NL": "Taiwan", "NAME_PL": "Republika Chi\u0144ska", "NAME_PT": "Taiwan", "NAME_RU": "\u0422\u0430\u0439\u0432\u0430\u043d\u044c", "NAME_SV": "Taiwan", "NAME_TR": "\u00c7in Cumhuriyeti", "NAME_UK": "\u0420\u0435\u0441\u043f\u0443\u0431\u043b\u0456\u043a\u0430 \u041a\u0438\u0442\u0430\u0439", "NAME_UR": "\u062a\u0627\u0626\u06cc\u0648\u0627\u0646", "NAME_VI": "\u0110\u00e0i Loan", "NAME_ZH": "\u4e2d\u534e\u6c11\u56fd", "NAME_ZHT": "\u4e2d\u83ef\u6c11\u570b", "FCLASS_ISO": "Admin-1 states provinces", "TLC_DIFF": "1", "FCLASS_TLC": "Admin-0 country", "FCLASS_US": null, "FCLASS_FR": null, "FCLASS_RU": null, "FCLASS_ES": null, "FCLASS_CN": "Admin-1 states provinces", "FCLASS_TW": "Admin-0 country", "FCLASS_IN": null, "FCLASS_NP": "Admin-1 states provinces", "FCLASS_PK": null, "FCLASS_DE": null, "FCLASS_GB": null, "FCLASS_BR": null, "FCLASS_IL": null, "FCLASS_PS": null, "FCLASS_SA": null, "FCLASS_EG": "Admin-1 states provinces", "FCLASS_MA": "Admin-1 states provinces", "FCLASS_PT": null, "FCLASS_AR": null, "FCLASS_JP": null, "FCLASS_KO": null, "FCLASS_VN": null, "FCLASS_TR": null, "FCLASS_ID": "Admin-1 states provinces", "FCLASS_PL": null, "FCLASS_GR": null, "FCLASS_IT": null, "FCLASS_NL": null, "FCLASS_SE": null, "FCLASS_BD": "Admin-1 states provinces", "FCLASS_UA": null, "cartogram_scale": 0.3, "dc_count": 0, "dc_code": "OTHER"}, "geometry": {"type": "Polygon", "coordinates": [[[121.3069, 24.0213], [121.1262, 23.5402], [120.9977, 23.2942], [120.8396, 23.5474], [120.8054, 23.7699], [120.9819, 24.0645], [121.2221, 24.2916], [121.3589, 24.2023], [121.3069, 24.0213]]]}}, {"type": "Feature", "properties": {"featurecla": "Admin-0 country", "scalerank": 1, "LABELRANK": 2, "SOVEREIGNT": "Italy", "SOV_A3": "ITA", "ADM0_DIF": 0, "LEVEL": 2, "TYPE": "Sovereign country", "TLC": "1", "ADMIN": "Italy", "ADM0_A3": "ITA", "GEOU_DIF": 0, "GEOUNIT": "Italy", "GU_A3": "ITA", "SU_DIF": 0, "SUBUNIT": "Italy", "SU_A3": "ITA", "BRK_DIFF": 0, "NAME": "Italy", "NAME_LONG": "Italy", "BRK_A3": "ITA", "BRK_NAME": "Italy", "BRK_GROUP": null, "ABBREV": "Italy", "POSTAL": "I", "FORMAL_EN": "Italian Republic", "FORMAL_FR": null, "NAME_CIAWF": "Italy", "NOTE_ADM0": null, "NOTE_BRK": null, "NAME_SORT": "Italy", "NAME_ALT": null, "MAPCOLOR7": 6, "MAPCOLOR8": 7, "MAPCOLOR9": 8, "MAPCOLOR13": 7, "POP_EST": 60297396, "POP_RANK": 16, "POP_YEAR": 2019, "GDP_MD": 2003576, "GDP_YEAR": 2019, "ECONOMY": "1. Developed region: G7", "INCOME_GRP": "1. High income: OECD", "FIPS_10": "IT", "ISO_A2": "IT", "ISO_A2_EH": "IT", "ISO_A3": "ITA", "ISO_A3_EH": "ITA", "ISO_N3": "380", "ISO_N3_EH": "380", "UN_A3": "380", "WB_A2": "IT", "WB_A3": "ITA", "WOE_ID": 23424853, "WOE_ID_EH": 23424853, "WOE_NOTE": "Exact WOE match as country", "ADM0_ISO": "ITA", "ADM0_DIFF": null, "ADM0_TLC": "ITA", "ADM0_A3_US": "ITA", "ADM0_A3_FR": "ITA", "ADM0_A3_RU": "ITA", "ADM0_A3_ES": "ITA", "ADM0_A3_CN": "ITA", "ADM0_A3_TW": "ITA", "ADM0_A3_IN": "ITA", "ADM0_A3_NP": "ITA", "ADM0_A3_PK": "ITA", "ADM0_A3_DE": "ITA", "ADM0_A3_GB": "ITA", "ADM0_A3_BR": "ITA", "ADM0_A3_IL": "ITA", "ADM0_A3_PS": "ITA", "ADM0_A3_SA": "ITA", "ADM0_A3_EG": "ITA", "ADM0_A3_MA": "ITA", "ADM0_A3_PT": "ITA", "ADM0_A3_AR": "ITA", "ADM0_A3_JP": "ITA", "ADM0_A3_KO": "ITA", "ADM0_A3_VN": "ITA", "ADM0_A3_TR": "ITA", "ADM0_A3_ID": "ITA", "ADM0_A3_PL": "ITA", "ADM0_A3_GR": "ITA", "ADM0_A3_IT": "ITA", "ADM0_A3_NL": "ITA", "ADM0_A3_SE": "ITA", "ADM0_A3_BD": "ITA", "ADM0_A3_UA": "ITA", "ADM0_A3_UN": -99, "ADM0_A3_WB": -99, "CONTINENT": "Europe", "REGION_UN": "Europe", "SUBREGION": "Southern Europe", "REGION_WB": "Europe & Central Asia", "NAME_LEN": 5, "LONG_LEN": 5, "ABBREV_LEN": 5, "TINY": -99, "HOMEPART": 1, "MIN_ZOOM": 0, "MIN_LABEL": 2, "MAX_LABEL": 7, "LABEL_X": 11.076907, "LABEL_Y": 44.732482, "NE_ID": 1159320919, "WIKIDATAID": "Q38", "NAME_AR": "\u0625\u064a\u0637\u0627\u0644\u064a\u0627", "NAME_BN": "\u0987\u09a4\u09be\u09b2\u09bf", "NAME_DE": "Italien", "NAME_EN": "Italy", "NAME_ES": "Italia", "NAME_FA": "\u0627\u06cc\u062a\u0627\u0644\u06cc\u0627", "NAME_FR": "Italie", "NAME_EL": "\u0399\u03c4\u03b1\u03bb\u03af\u03b1", "NAME_HE": "\u05d0\u05d9\u05d8\u05dc\u05d9\u05d4", "NAME_HI": "\u0907\u091f\u0932\u0940", "NAME_HU": "Olaszorsz\u00e1g", "NAME_ID": "Italia", "NAME_IT": "Italia", "NAME_JA": "\u30a4\u30bf\u30ea\u30a2", "NAME_KO": "\uc774\ud0c8\ub9ac\uc544", "NAME_NL": "Itali\u00eb", "NAME_PL": "W\u0142ochy", "NAME_PT": "It\u00e1lia", "NAME_RU": "\u0418\u0442\u0430\u043b\u0438\u044f", "NAME_SV": "Italien", "NAME_TR": "\u0130talya", "NAME_UK": "\u0406\u0442\u0430\u043b\u0456\u044f", "NAME_UR": "\u0627\u0637\u0627\u0644\u06cc\u06c1", "NAME_VI": "\u00dd", "NAME_ZH": "\u610f\u5927\u5229", "NAME_ZHT": "\u7fa9\u5927\u5229", "FCLASS_ISO": "Admin-0 country", "TLC_DIFF": null, "FCLASS_TLC": "Admin-0 country", "FCLASS_US": null, "FCLASS_FR": null, "FCLASS_RU": null, "FCLASS_ES": null, "FCLASS_CN": null, "FCLASS_TW": null, "FCLASS_IN": null, "FCLASS_NP": null, "FCLASS_PK": null, "FCLASS_DE": null, "FCLASS_GB": null, "FCLASS_BR": null, "FCLASS_IL": null, "FCLASS_PS": null, "FCLASS_SA": null, "FCLASS_EG": null, "FCLASS_MA": null, "FCLASS_PT": null, "FCLASS_AR": null, "FCLASS_JP": null, "FCLASS_KO": null, "FCLASS_VN": null, "FCLASS_TR": null, "FCLASS_ID": null, "FCLASS_PL": null, "FCLASS_GR": null, "FCLASS_IT": null, "FCLASS_NL": null, "FCLASS_SE": null, "FCLASS_BD": null, "FCLASS_UA": null, "cartogram_scale": 1.4, "dc_count": 80, "dc_code": "ITA"}, "geometry": {"type": "MultiPolygon", "coordinates": [[[[13.6544, 49.8296], [14.5026, 49.6305], [14.6653, 49.8968], [16.0489, 50.1402], [16.3617, 49.6532], [18.3636, 49.2917], [18.2119, 48.6021], [18.5473, 48.0061], [17.4328, 48.21], [16.2946, 47.7131], [16.372, 47.0182], [16.2006, 46.6193], [16.6595, 45.9065], [17.9722, 45.2015], [18.6763, 44.044], [20.2342, 42.9158], [21.3312, 42.9245], [21.6724, 42.615], [21.2797, 42.3362], [22.5336, 41.8301], [23.5614, 41.4066], [24.7619, 40.6765], [24.9069, 40.415], [24.6453, 39.9137], [23.8683, 40.5674], [22.652, 40.7978], [22.0628, 39.8922], [23.0747, 39.3732], [22.9086, 38.6427], [22.3237, 38.5596], [21.5759, 37.3589], [20.9923, 37.251], [20.9977, 37.6791], [21.2833, 38.43], [21.5876, 38.729], [21.0409, 39.5403], [20.6136, 40.2463], [20.0325, 40.4208], [19.6192, 41.025], [18.7195, 41.2795], [18.1138, 41.8422], [17.0779, 41.933], [15.9839, 42.565], [14.7032, 43.4762], [13.7513, 44.2827], [13.3146, 45.6666], [12.6181, 45.8294], [11.4791, 46.2915], [10.8346, 46.1024], [10.0256, 45.4526], [9.4438, 45.35], [9.604, 45.9577], [8.8452, 46.1353], [8.4845, 47.2186], [8.9699, 47.645], [8.5579, 48.1706], [8.6156, 48.5662], [9.218, 48.2664], [9.893, 48.3329], [10.6779, 48.8077], [10.9205, 48.5858], [11.5874, 48.6303], [11.8906, 49.1949], [12.9265, 49.0195], [13.5433, 49.2556], [13.6544, 49.8296]]], [[[19.7003, 37.5801], [20.7631, 37.7023], [20.2589, 36.6003], [20.4684, 36.1665], [20.1746, 35.4466], [19.1039, 35.9739], [18.392, 36.125], [16.438, 36.8368], [16.6339, 37.5556], [18.2722, 37.4276], [19.7003, 37.5801]]], [[[11.2286, 41.4386], [11.9286, 41.8726], [12.7685, 40.8786], [12.5719, 39.027], [11.9353, 39.1153], [11.3643, 38.6479], [10.8342, 39.0192], [10.7781, 40.7083], [10.4586, 41.5086], [11.2286, 41.4386]]]]}}, {"type": "Feature", "properties": {"featurecla": "Admin-0 country", "scalerank": 1, "LABELRANK": 4, "SOVEREIGNT": "Denmark", "SOV_A3": "DN1", "ADM0_DIF": 1, "LEVEL": 2, "TYPE": "Country", "TLC": "1", "ADMIN": "Denmark", "ADM0_A3": "DNK", "GEOU_DIF": 0, "GEOUNIT": "Denmark", "GU_A3": "DNK", "SU_DIF": 0, "SUBUNIT": "Denmark", "SU_A3": "DNK", "BRK_DIFF": 0, "NAME": "Denmark", "NAME_LONG": "Denmark", "BRK_A3": "DNK", "BRK_NAME": "Denmark", "BRK_GROUP": null, "ABBREV": "Den.", "POSTAL": "DK", "FORMAL_EN": "Kingdom of Denmark", "FORMAL_FR": null, "NAME_CIAWF": "Denmark", "NOTE_ADM0": null, "NOTE_BRK": null, "NAME_SORT": "Denmark", "NAME_ALT": null, "MAPCOLOR7": 4, "MAPCOLOR8": 1, "MAPCOLOR9": 3, "MAPCOLOR13": 12, "POP_EST": 5818553, "POP_RANK": 13, "POP_YEAR": 2019, "GDP_MD": 350104, "GDP_YEAR": 2019, "ECONOMY": "2. Developed region: nonG7", "INCOME_GRP": "1. High income: OECD", "FIPS_10": "DA", "ISO_A2": "DK", "ISO_A2_EH": "DK", "ISO_A3": "DNK", "ISO_A3_EH": "DNK", "ISO_N3": "208", "ISO_N3_EH": "208", "UN_A3": "208", "WB_A2": "DK", "WB_A3": "DNK", "WOE_ID": 23424796, "WOE_ID_EH": 23424796, "WOE_NOTE": "Exact WOE match as country", "ADM0_ISO": "DNK", "ADM0_DIFF": null, "ADM0_TLC": "DNK", "ADM0_A3_US": "DNK", "ADM0_A3_FR": "DNK", "ADM0_A3_RU": "DNK", "ADM0_A3_ES": "DNK", "ADM0_A3_CN": "DNK", "ADM0_A3_TW": "DNK", "ADM0_A3_IN": "DNK", "ADM0_A3_NP": "DNK", "ADM0_A3_PK": "DNK", "ADM0_A3_DE": "DNK", "ADM0_A3_GB": "DNK", "ADM0_A3_BR": "DNK", "ADM0_A3_IL": "DNK", "ADM0_A3_PS": "DNK", "ADM0_A3_SA": "DNK", "ADM0_A3_EG": "DNK", "ADM0_A3_MA": "DNK", "ADM0_A3_PT": "DNK", "ADM0_A3_AR": "DNK", "ADM0_A3_JP": "DNK", "ADM0_A3_KO": "DNK", "ADM0_A3_VN": "DNK", "ADM0_A3_TR": "DNK", "ADM0_A3_ID": "DNK", "ADM0_A3_PL": "DNK", "ADM0_A3_GR": "DNK", "ADM0_A3_IT": "DNK", "ADM0_A3_NL": "DNK", "ADM0_A3_SE": "DNK", "ADM0_A3_BD": "DNK", "ADM0_A3_UA": "DNK", "ADM0_A3_UN": -99, "ADM0_A3_WB": -99, "CONTINENT": "Europe", "REGION_UN": "Europe", "SUBREGION": "Northern Europe", "REGION_WB": "Europe & Central Asia", "NAME_LEN": 7, "LONG_LEN": 7, "ABBREV_LEN": 4, "TINY": -99, "HOMEPART": 1, "MIN_ZOOM": 0, "MIN_LABEL": 3, "MAX_LABEL": 8, "LABEL_X": 9.018163, "LABEL_Y": 55.966965, "NE_ID": 1159320547, "WIKIDATAID": "Q35", "NAME_AR": "\u0627\u0644\u062f\u0646\u0645\u0627\u0631\u0643", "NAME_BN": "\u09a1\u09c7\u09a8\u09ae\u09be\u09b0\u09cd\u0995", "NAME_DE": "D\u00e4nemark", "NAME_EN": "Denmark", "NAME_ES": "Dinamarca", "NAME_FA": "\u062f\u0627\u0646\u0645\u0627\u0631\u06a9", "NAME_FR": "Danemark", "NAME_EL": "\u0394\u03b1\u03bd\u03af\u03b1", "NAME_HE": "\u05d3\u05e0\u05de\u05e8\u05e7", "NAME_HI": "\u0921\u0947\u0928\u092e\u093e\u0930\u094d\u0915", "NAME_HU": "D\u00e1nia", "NAME_ID": "Denmark", "NAME_IT": "Danimarca", "NAME_JA": "\u30c7\u30f3\u30de\u30fc\u30af", "NAME_KO": "\ub374\ub9c8\ud06c", "NAME_NL": "Denemarken", "NAME_PL": "Dania", "NAME_PT": "Dinamarca", "NAME_RU": "\u0414\u0430\u043d\u0438\u044f", "NAME_SV": "Danmark", "NAME_TR": "Danimarka", "NAME_UK": "\u0414\u0430\u043d\u0456\u044f", "NAME_UR": "\u0688\u0646\u0645\u0627\u0631\u06a9", "NAME_VI": "\u0110an M\u1ea1ch", "NAME_ZH": "\u4e39\u9ea6", "NAME_ZHT": "\u4e39\u9ea5", "FCLASS_ISO": "Admin-0 country", "TLC_DIFF": null, "FCLASS_TLC": "Admin-0 country", "FCLASS_US": null, "FCLASS_FR": null, "FCLASS_RU": null, "FCLASS_ES": null, "FCLASS_CN": null, "FCLASS_TW": null, "FCLASS_IN": null, "FCLASS_NP": null, "FCLASS_PK": null, "FCLASS_DE": null, "FCLASS_GB": null, "FCLASS_BR": null, "FCLASS_IL": null, "FCLASS_PS": null, "FCLASS_SA": null, "FCLASS_EG": null, "FCLASS_MA": null, "FCLASS_PT": null, "FCLASS_AR": null, "FCLASS_JP": null, "FCLASS_KO": null, "FCLASS_VN": null, "FCLASS_TR": null, "FCLASS_ID": null, "FCLASS_PL": null, "FCLASS_GR": null, "FCLASS_IT": null, "FCLASS_NL": null, "FCLASS_SE": null, "FCLASS_BD": null, "FCLASS_UA": null, "cartogram_scale": 0.6, "dc_count": 10, "dc_code": "DNK"}, "geometry": {"type": "MultiPolygon", "coordinates": [[[[10.0311, 55.4362], [9.6472, 55.3449], [9.1937, 55.424], [8.9501, 55.757], [8.9319, 56.3704], [9.0319, 56.5323], [9.204, 56.7124], [9.7326, 56.7496], [9.9433, 56.9151], [10.426, 57.0844], [10.4056, 56.7758], [10.228, 56.5804], [10.3, 56.4123], [10.6253, 56.3215], [10.4786, 56.0952], [10.3, 56.1604], [9.868, 55.7283], [10.0311, 55.4362]]], [[[11.5005, 56.1132], [11.692, 55.8123], [11.332, 55.3264], [10.7041, 55.6653], [10.6203, 55.9143], [11.5005, 56.1132]]]]}}, {"type": "Feature", "properties": {"featurecla": "Admin-0 country", "scalerank": 1, "LABELRANK": 2, "SOVEREIGNT": "United Kingdom", "SOV_A3": "GB1", "ADM0_DIF": 1, "LEVEL": 2, "TYPE": "Country", "TLC": "1", "ADMIN": "United Kingdom", "ADM0_A3": "GBR", "GEOU_DIF": 0, "GEOUNIT": "United Kingdom", "GU_A3": "GBR", "SU_DIF": 0, "SUBUNIT": "United Kingdom", "SU_A3": "GBR", "BRK_DIFF": 0, "NAME": "United Kingdom", "NAME_LONG": "United Kingdom", "BRK_A3": "GBR", "BRK_NAME": "United Kingdom", "BRK_GROUP": null, "ABBREV": "U.K.", "POSTAL": "GB", "FORMAL_EN": "United Kingdom of Great Britain and Northern Ireland", "FORMAL_FR": null, "NAME_CIAWF": "United Kingdom", "NOTE_ADM0": null, "NOTE_BRK": null, "NAME_SORT": "United Kingdom", "NAME_ALT": null, "MAPCOLOR7": 6, "MAPCOLOR8": 6, "MAPCOLOR9": 6, "MAPCOLOR13": 3, "POP_EST": 66834405, "POP_RANK": 16, "POP_YEAR": 2019, "GDP_MD": 2829108, "GDP_YEAR": 2019, "ECONOMY": "1. Developed region: G7", "INCOME_GRP": "1. High income: OECD", "FIPS_10": "UK", "ISO_A2": "GB", "ISO_A2_EH": "GB", "ISO_A3": "GBR", "ISO_A3_EH": "GBR", "ISO_N3": "826", "ISO_N3_EH": "826", "UN_A3": "826", "WB_A2": "GB", "WB_A3": "GBR", "WOE_ID": -90, "WOE_ID_EH": 23424975, "WOE_NOTE": "Eh ID includes Channel Islands and Isle of Man. UK constituent countries of England (24554868), Wales (12578049), Scotland (12578048), and Northern Ireland (20070563).", "ADM0_ISO": "GBR", "ADM0_DIFF": null, "ADM0_TLC": "GBR", "ADM0_A3_US": "GBR", "ADM0_A3_FR": "GBR", "ADM0_A3_RU": "GBR", "ADM0_A3_ES": "GBR", "ADM0_A3_CN": "GBR", "ADM0_A3_TW": "GBR", "ADM0_A3_IN": "GBR", "ADM0_A3_NP": "GBR", "ADM0_A3_PK": "GBR", "ADM0_A3_DE": "GBR", "ADM0_A3_GB": "GBR", "ADM0_A3_BR": "GBR", "ADM0_A3_IL": "GBR", "ADM0_A3_PS": "GBR", "ADM0_A3_SA": "GBR", "ADM0_A3_EG": "GBR", "ADM0_A3_MA": "GBR", "ADM0_A3_PT": "GBR", "ADM0_A3_AR": "GBR", "ADM0_A3_JP": "GBR", "ADM0_A3_KO": "GBR", "ADM0_A3_VN": "GBR", "ADM0_A3_TR": "GBR", "ADM0_A3_ID": "GBR", "ADM0_A3_PL": "GBR", "ADM0_A3_GR": "GBR", "ADM0_A3_IT": "GBR", "ADM0_A3_NL": "GBR", "ADM0_A3_SE": "GBR", "ADM0_A3_BD": "GBR", "ADM0_A3_UA": "GBR", "ADM0_A3_UN": -99, "ADM0_A3_WB": -99, "CONTINENT": "Europe", "REGION_UN": "Europe", "SUBREGION": "Northern Europe", "REGION_WB": "Europe & Central Asia", "NAME_LEN": 14, "LONG_LEN": 14, "ABBREV_LEN": 4, "TINY": -99, "HOMEPART": 1, "MIN_ZOOM": 0, "MIN_LABEL": 1.7, "MAX_LABEL": 6.7, "LABEL_X": -2.116346, "LABEL_Y": 54.402739, "NE_ID": 1159320713, "WIKIDATAID": "Q145", "NAME_AR": "\u0627\u0644\u0645\u0645\u0644\u0643\u0629 \u0627\u0644\u0645\u062a\u062d\u062f\u0629", "NAME_BN": "\u09af\u09c1\u0995\u09cd\u09a4\u09b0\u09be\u099c\u09cd\u09af", "NAME_DE": "Vereinigtes K\u00f6nigreich", "NAME_EN": "United Kingdom", "NAME_ES": "Reino Unido", "NAME_FA": "\u0628\u0631\u06cc\u062a\u0627\u0646\u06cc\u0627", "NAME_FR": "Royaume-Uni", "NAME_EL": "\u0397\u03bd\u03c9\u03bc\u03ad\u03bd\u03bf \u0392\u03b1\u03c3\u03af\u03bb\u03b5\u03b9\u03bf", "NAME_HE": "\u05d4\u05de\u05de\u05dc\u05db\u05d4 \u05d4\u05de\u05d0\u05d5\u05d7\u05d3\u05ea", "NAME_HI": "\u092f\u0942\u0928\u093e\u0907\u091f\u0947\u0921 \u0915\u093f\u0902\u0917\u0921\u092e", "NAME_HU": "Egyes\u00fclt Kir\u00e1lys\u00e1g", "NAME_ID": "Britania Raya", "NAME_IT": "Regno Unito", "NAME_JA": "\u30a4\u30ae\u30ea\u30b9", "NAME_KO": "\uc601\uad6d", "NAME_NL": "Verenigd Koninkrijk", "NAME_PL": "Wielka Brytania", "NAME_PT": "Reino Unido", "NAME_RU": "\u0412\u0435\u043b\u0438\u043a\u043e\u0431\u0440\u0438\u0442\u0430\u043d\u0438\u044f", "NAME_SV": "Storbritannien", "NAME_TR": "Birle\u015fik Krall\u0131k", "NAME_UK": "\u0412\u0435\u043b\u0438\u043a\u0430 \u0411\u0440\u0438\u0442\u0430\u043d\u0456\u044f", "NAME_UR": "\u0645\u0645\u0644\u06a9\u062a \u0645\u062a\u062d\u062f\u06c1", "NAME_VI": "V\u01b0\u01a1ng qu\u1ed1c Li\u00ean hi\u1ec7p Anh v\u00e0 B\u1eafc Ireland", "NAME_ZH": "\u82f1\u56fd", "NAME_ZHT": "\u82f1\u570b", "FCLASS_ISO": "Admin-0 country", "TLC_DIFF": null, "FCLASS_TLC": "Admin-0 country", "FCLASS_US": null, "FCLASS_FR": null, "FCLASS_RU": null, "FCLASS_ES": null, "FCLASS_CN": null, "FCLASS_TW": null, "FCLASS_IN": null, "FCLASS_NP": null, "FCLASS_PK": null, "FCLASS_DE": null, "FCLASS_GB": null, "FCLASS_BR": null, "FCLASS_IL": null, "FCLASS_PS": null, "FCLASS_SA": null, "FCLASS_EG": null, "FCLASS_MA": null, "FCLASS_PT": null, "FCLASS_AR": null, "FCLASS_JP": null, "FCLASS_KO": null, "FCLASS_VN": null, "FCLASS_TR": null, "FCLASS_ID": null, "FCLASS_PL": null, "FCLASS_GR": null, "FCLASS_IT": null, "FCLASS_NL": null, "FCLASS_SE": null, "FCLASS_BD": null, "FCLASS_UA": null, "cartogram_scale": 2.7, "dc_count": 456, "dc_code": "GBR"}, "geometry": {"type": "MultiPolygon", "coordinates": [[[[-6.5925, 54.692], [-8.6333, 55.2486], [-10.3031, 55.2114], [-9.7465, 56.6583], [-10.3031, 58.1049], [-8.0396, 58.2163], [-5.1455, 56.547], [-6.5925, 54.692]]], [[[1.7884, 53.4418], [1.7931, 53.4416], [2.1902, 55.0091], [0.3821, 56.6721], [0.3407, 56.7101], [-2.9375, 57.1852], [-3.5811, 57.9159], [-2.5998, 59.1224], [-3.4878, 59.8663], [-4.9415, 58.5897], [-5.0997, 61.1921], [-6.4632, 62.5691], [-5.4827, 65.3605], [-3.3852, 67.5506], [-1.2293, 67.3368], [2.0282, 67.5641], [-0.8576, 64.6427], [1.8932, 65.0126], [4.8517, 64.9985], [4.1478, 62.7986], [1.7204, 60.3788], [4.5122, 60.2066], [4.7264, 59.9228], [7.1313, 56.737], [8.9794, 56.3034], [10.6412, 53.2271], [11.4107, 52.1606], [14.6819, 51.6463], [14.3537, 49.9196], [12.9783, 49.1278], [14.0564, 47.731], [11.6277, 46.3171], [8.0155, 46.342], [3.4188, 45.5996], [2.1598, 46.1311], [0.3746, 44.8661], [-2.123, 45.1725], [-4.0198, 44.1416], [-5.455, 44.6807], [-1.4952, 47.5166], [0.9217, 48.0998], [0.9004, 48.1021], [-3.316, 48.5519], [-4.0799, 49.6263], [-1.2586, 50.4632], [-2.7373, 51.9176], [-2.2242, 53.6861], [1.7884, 53.4418]]]]}}, {"type": "Feature", "properties": {"featurecla": "Admin-0 country", "scalerank": 1, "LABELRANK": 3, "SOVEREIGNT": "Iceland", "SOV_A3": "ISL", "ADM0_DIF": 0, "LEVEL": 2, "TYPE": "Sovereign country", "TLC": "1", "ADMIN": "Iceland", "ADM0_A3": "ISL", "GEOU_DIF": 0, "GEOUNIT": "Iceland", "GU_A3": "ISL", "SU_DIF": 0, "SUBUNIT": "Iceland", "SU_A3": "ISL", "BRK_DIFF": 0, "NAME": "Iceland", "NAME_LONG": "Iceland", "BRK_A3": "ISL", "BRK_NAME": "Iceland", "BRK_GROUP": null, "ABBREV": "Iceland", "POSTAL": "IS", "FORMAL_EN": "Republic of Iceland", "FORMAL_FR": null, "NAME_CIAWF": "Iceland", "NOTE_ADM0": null, "NOTE_BRK": null, "NAME_SORT": "Iceland", "NAME_ALT": null, "MAPCOLOR7": 1, "MAPCOLOR8": 4, "MAPCOLOR9": 4, "MAPCOLOR13": 9, "POP_EST": 361313, "POP_RANK": 10, "POP_YEAR": 2019, "GDP_MD": 24188, "GDP_YEAR": 2019, "ECONOMY": "2. Developed region: nonG7", "INCOME_GRP": "1. High income: OECD", "FIPS_10": "IC", "ISO_A2": "IS", "ISO_A2_EH": "IS", "ISO_A3": "ISL", "ISO_A3_EH": "ISL", "ISO_N3": "352", "ISO_N3_EH": "352", "UN_A3": "352", "WB_A2": "IS", "WB_A3": "ISL", "WOE_ID": 23424845, "WOE_ID_EH": 23424845, "WOE_NOTE": "Exact WOE match as country", "ADM0_ISO": "ISL", "ADM0_DIFF": null, "ADM0_TLC": "ISL", "ADM0_A3_US": "ISL", "ADM0_A3_FR": "ISL", "ADM0_A3_RU": "ISL", "ADM0_A3_ES": "ISL", "ADM0_A3_CN": "ISL", "ADM0_A3_TW": "ISL", "ADM0_A3_IN": "ISL", "ADM0_A3_NP": "ISL", "ADM0_A3_PK": "ISL", "ADM0_A3_DE": "ISL", "ADM0_A3_GB": "ISL", "ADM0_A3_BR": "ISL", "ADM0_A3_IL": "ISL", "ADM0_A3_PS": "ISL", "ADM0_A3_SA": "ISL", "ADM0_A3_EG": "ISL", "ADM0_A3_MA": "ISL", "ADM0_A3_PT": "ISL", "ADM0_A3_AR": "ISL", "ADM0_A3_JP": "ISL", "ADM0_A3_KO": "ISL", "ADM0_A3_VN": "ISL", "ADM0_A3_TR": "ISL", "ADM0_A3_ID": "ISL", "ADM0_A3_PL": "ISL", "ADM0_A3_GR": "ISL", "ADM0_A3_IT": "ISL", "ADM0_A3_NL": "ISL", "ADM0_A3_SE": "ISL", "ADM0_A3_BD": "ISL", "ADM0_A3_UA": "ISL", "ADM0_A3_UN": -99, "ADM0_A3_WB": -99, "CONTINENT": "Europe", "REGION_UN": "Europe", "SUBREGION": "Northern Europe", "REGION_WB": "Europe & Central Asia", "NAME_LEN": 7, "LONG_LEN": 7, "ABBREV_LEN": 7, "TINY": -99, "HOMEPART": 1, "MIN_ZOOM": 0, "MIN_LABEL": 2, "MAX_LABEL": 7, "LABEL_X": -18.673711, "LABEL_Y": 64.779286, "NE_ID": 1159320917, "WIKIDATAID": "Q189", "NAME_AR": "\u0622\u064a\u0633\u0644\u0646\u062f\u0627", "NAME_BN": "\u0986\u0987\u09b8\u09b2\u09cd\u09af\u09be\u09a8\u09cd\u09a1", "NAME_DE": "Island", "NAME_EN": "Iceland", "NAME_ES": "Islandia", "NAME_FA": "\u0627\u06cc\u0633\u0644\u0646\u062f", "NAME_FR": "Islande", "NAME_EL": "\u0399\u03c3\u03bb\u03b1\u03bd\u03b4\u03af\u03b1", "NAME_HE": "\u05d0\u05d9\u05e1\u05dc\u05e0\u05d3", "NAME_HI": "\u0906\u0907\u0938\u0932\u0948\u0923\u094d\u0921", "NAME_HU": "Izland", "NAME_ID": "Islandia", "NAME_IT": "Islanda", "NAME_JA": "\u30a2\u30a4\u30b9\u30e9\u30f3\u30c9", "NAME_KO": "\uc544\uc774\uc2ac\ub780\ub4dc", "NAME_NL": "IJsland", "NAME_PL": "Islandia", "NAME_PT": "Isl\u00e2ndia", "NAME_RU": "\u0418\u0441\u043b\u0430\u043d\u0434\u0438\u044f", "NAME_SV": "Island", "NAME_TR": "\u0130zlanda", "NAME_UK": "\u0406\u0441\u043b\u0430\u043d\u0434\u0456\u044f", "NAME_UR": "\u0622\u0626\u0633 \u0644\u06cc\u0646\u0688", "NAME_VI": "Iceland", "NAME_ZH": "\u51b0\u5c9b", "NAME_ZHT": "\u51b0\u5cf6", "FCLASS_ISO": "Admin-0 country", "TLC_DIFF": null, "FCLASS_TLC": "Admin-0 country", "FCLASS_US": null, "FCLASS_FR": null, "FCLASS_RU": null, "FCLASS_ES": null, "FCLASS_CN": null, "FCLASS_TW": null, "FCLASS_IN": null, "FCLASS_NP": null, "FCLASS_PK": null, "FCLASS_DE": null, "FCLASS_GB": null, "FCLASS_BR": null, "FCLASS_IL": null, "FCLASS_PS": null, "FCLASS_SA": null, "FCLASS_EG": null, "FCLASS_MA": null, "FCLASS_PT": null, "FCLASS_AR": null, "FCLASS_JP": null, "FCLASS_KO": null, "FCLASS_VN": null, "FCLASS_TR": null, "FCLASS_ID": null, "FCLASS_PL": null, "FCLASS_GR": null, "FCLASS_IT": null, "FCLASS_NL": null, "FCLASS_SE": null, "FCLASS_BD": null, "FCLASS_UA": null, "cartogram_scale": 0.6, "dc_count": 5, "dc_code": "ISL"}, "geometry": {"type": "Polygon", "coordinates": [[[-16.4116, 65.9847], [-16.5502, 65.5965], [-15.8722, 65.1872], [-16.6523, 64.7297], [-18.3831, 64.3185], [-18.9001, 64.209], [-19.69, 64.2974], [-21.3642, 64.4873], [-20.7735, 64.7525], [-22.0794, 65.0459], [-21.017, 65.1622], [-21.0428, 65.3384], [-22.3021, 65.4779], [-21.8967, 65.8687], [-20.9873, 65.9575], [-20.0522, 65.5505], [-19.1405, 65.8772], [-18.3856, 65.7075], [-17.4071, 66.0273], [-16.4116, 65.9847]]]}}, {"type": "Feature", "properties": {"featurecla": "Admin-0 country", "scalerank": 1, "LABELRANK": 5, "SOVEREIGNT": "Azerbaijan", "SOV_A3": "AZE", "ADM0_DIF": 0, "LEVEL": 2, "TYPE": "Sovereign country", "TLC": "1", "ADMIN": "Azerbaijan", "ADM0_A3": "AZE", "GEOU_DIF": 0, "GEOUNIT": "Azerbaijan", "GU_A3": "AZE", "SU_DIF": 0, "SUBUNIT": "Azerbaijan", "SU_A3": "AZE", "BRK_DIFF": 0, "NAME": "Azerbaijan", "NAME_LONG": "Azerbaijan", "BRK_A3": "AZE", "BRK_NAME": "Azerbaijan", "BRK_GROUP": null, "ABBREV": "Aze.", "POSTAL": "AZ", "FORMAL_EN": "Republic of Azerbaijan", "FORMAL_FR": null, "NAME_CIAWF": "Azerbaijan", "NOTE_ADM0": null, "NOTE_BRK": null, "NAME_SORT": "Azerbaijan", "NAME_ALT": null, "MAPCOLOR7": 1, "MAPCOLOR8": 6, "MAPCOLOR9": 5, "MAPCOLOR13": 8, "POP_EST": 10023318, "POP_RANK": 14, "POP_YEAR": 2019, "GDP_MD": 48047, "GDP_YEAR": 2019, "ECONOMY": "6. Developing region", "INCOME_GRP": "3. Upper middle income", "FIPS_10": "AJ", "ISO_A2": "AZ", "ISO_A2_EH": "AZ", "ISO_A3": "AZE", "ISO_A3_EH": "AZE", "ISO_N3": "031", "ISO_N3_EH": "031", "UN_A3": "031", "WB_A2": "AZ", "WB_A3": "AZE", "WOE_ID": 23424741, "WOE_ID_EH": 23424741, "WOE_NOTE": "Exact WOE match as country", "ADM0_ISO": "AZE", "ADM0_DIFF": null, "ADM0_TLC": "AZE", "ADM0_A3_US": "AZE", "ADM0_A3_FR": "AZE", "ADM0_A3_RU": "AZE", "ADM0_A3_ES": "AZE", "ADM0_A3_CN": "AZE", "ADM0_A3_TW": "AZE", "ADM0_A3_IN": "AZE", "ADM0_A3_NP": "AZE", "ADM0_A3_PK": "AZE", "ADM0_A3_DE": "AZE", "ADM0_A3_GB": "AZE", "ADM0_A3_BR": "AZE", "ADM0_A3_IL": "AZE", "ADM0_A3_PS": "AZE", "ADM0_A3_SA": "AZE", "ADM0_A3_EG": "AZE", "ADM0_A3_MA": "AZE", "ADM0_A3_PT": "AZE", "ADM0_A3_AR": "AZE", "ADM0_A3_JP": "AZE", "ADM0_A3_KO": "AZE", "ADM0_A3_VN": "AZE", "ADM0_A3_TR": "AZE", "ADM0_A3_ID": "AZE", "ADM0_A3_PL": "AZE", "ADM0_A3_GR": "AZE", "ADM0_A3_IT": "AZE", "ADM0_A3_NL": "AZE", "ADM0_A3_SE": "AZE", "ADM0_A3_BD": "AZE", "ADM0_A3_UA": "AZE", "ADM0_A3_UN": -99, "ADM0_A3_WB": -99, "CONTINENT": "Asia", "REGION_UN": "Asia", "SUBREGION": "Western Asia", "REGION_WB": "Europe & Central Asia", "NAME_LEN": 10, "LONG_LEN": 10, "ABBREV_LEN": 4, "TINY": -99, "HOMEPART": 1, "MIN_ZOOM": 0, "MIN_LABEL": 4, "MAX_LABEL": 9, "LABEL_X": 47.210994, "LABEL_Y": 40.402387, "NE_ID": 1159320381, "WIKIDATAID": "Q227", "NAME_AR": "\u0623\u0630\u0631\u0628\u064a\u062c\u0627\u0646", "NAME_BN": "\u0986\u099c\u09be\u09b0\u09ac\u09be\u0987\u099c\u09be\u09a8", "NAME_DE": "Aserbaidschan", "NAME_EN": "Azerbaijan", "NAME_ES": "Azerbaiy\u00e1n", "NAME_FA": "\u062c\u0645\u0647\u0648\u0631\u06cc \u0622\u0630\u0631\u0628\u0627\u06cc\u062c\u0627\u0646", "NAME_FR": "Azerba\u00efdjan", "NAME_EL": "\u0391\u03b6\u03b5\u03c1\u03bc\u03c0\u03b1\u03ca\u03c4\u03b6\u03ac\u03bd", "NAME_HE": "\u05d0\u05d6\u05e8\u05d1\u05d9\u05d9\u05d2'\u05df", "NAME_HI": "\u0905\u091c\u093c\u0930\u092c\u0948\u091c\u093e\u0928", "NAME_HU": "Azerbajdzs\u00e1n", "NAME_ID": "Azerbaijan", "NAME_IT": "Azerbaigian", "NAME_JA": "\u30a2\u30bc\u30eb\u30d0\u30a4\u30b8\u30e3\u30f3", "NAME_KO": "\uc544\uc81c\ub974\ubc14\uc774\uc794", "NAME_NL": "Azerbeidzjan", "NAME_PL": "Azerbejd\u017can", "NAME_PT": "Azerbaij\u00e3o", "NAME_RU": "\u0410\u0437\u0435\u0440\u0431\u0430\u0439\u0434\u0436\u0430\u043d", "NAME_SV": "Azerbajdzjan", "NAME_TR": "Azerbaycan", "NAME_UK": "\u0410\u0437\u0435\u0440\u0431\u0430\u0439\u0434\u0436\u0430\u043d", "NAME_UR": "\u0622\u0630\u0631\u0628\u0627\u0626\u06cc\u062c\u0627\u0646", "NAME_VI": "Azerbaijan", "NAME_ZH": "\u963f\u585e\u62dc\u7586", "NAME_ZHT": "\u4e9e\u585e\u62dc\u7136", "FCLASS_ISO": "Admin-0 country", "TLC_DIFF": null, "FCLASS_TLC": "Admin-0 country", "FCLASS_US": null, "FCLASS_FR": null, "FCLASS_RU": null, "FCLASS_ES": null, "FCLASS_CN": null, "FCLASS_TW": null, "FCLASS_IN": null, "FCLASS_NP": null, "FCLASS_PK": null, "FCLASS_DE": null, "FCLASS_GB": null, "FCLASS_BR": null, "FCLASS_IL": null, "FCLASS_PS": null, "FCLASS_SA": null, "FCLASS_EG": null, "FCLASS_MA": null, "FCLASS_PT": null, "FCLASS_AR": null, "FCLASS_JP": null, "FCLASS_KO": null, "FCLASS_VN": null, "FCLASS_TR": null, "FCLASS_ID": null, "FCLASS_PL": null, "FCLASS_GR": null, "FCLASS_IT": null, "FCLASS_NL": null, "FCLASS_SE": null, "FCLASS_BD": null, "FCLASS_UA": null, "cartogram_scale": 0.3, "dc_count": 0, "dc_code": "OTHER"}, "geometry": {"type": "MultiPolygon", "coordinates": [[[[46.8289, 40.6613], [46.9132, 40.6512], [47.1194, 40.469], [47.2521, 40.4485], [47.3036, 40.5248], [47.4827, 40.6458], [47.6405, 40.4878], [47.7931, 40.275], [47.9329, 40.2609], [48.0253, 40.1801], [47.7782, 40.1559], [47.726, 39.9229], [47.6744, 39.8179], [47.5644, 39.7477], [47.5724, 39.5992], [47.4977, 39.5842], [47.3106, 39.7413], [47.4141, 39.8897], [47.3254, 39.9778], [47.2129, 39.9556], [46.8591, 39.7343], [46.8525, 39.9423], [46.7178, 39.9915], [46.5904, 40.0731], [46.675, 40.1686], [46.5152, 40.2715], [46.5755, 40.3468], [46.4613, 40.3987], [46.3992, 40.4775], [46.4726, 40.5265], [46.6962, 40.4403], [46.8579, 40.4224], [46.8988, 40.4576], [46.751, 40.6199], [46.8289, 40.6613]]], [[[46.7505, 39.7255], [46.5447, 39.7653], [46.3932, 39.9038], [46.3456, 40.017], [46.408, 40.0251], [46.4969, 39.9446], [46.6294, 39.9453], [46.628, 39.899], [46.7505, 39.7255]]]]}}, {"type": "Feature", "properties": {"featurecla": "Admin-0 country", "scalerank": 1, "LABELRANK": 5, "SOVEREIGNT": "Georgia", "SOV_A3": "GEO", "ADM0_DIF": 0, "LEVEL": 2, "TYPE": "Sovereign country", "TLC": "1", "ADMIN": "Georgia", "ADM0_A3": "GEO", "GEOU_DIF": 0, "GEOUNIT": "Georgia", "GU_A3": "GEO", "SU_DIF": 0, "SUBUNIT": "Georgia", "SU_A3": "GEO", "BRK_DIFF": 0, "NAME": "Georgia", "NAME_LONG": "Georgia", "BRK_A3": "GEO", "BRK_NAME": "Georgia", "BRK_GROUP": null, "ABBREV": "Geo.", "POSTAL": "GE", "FORMAL_EN": "Georgia", "FORMAL_FR": null, "NAME_CIAWF": "Georgia", "NOTE_ADM0": null, "NOTE_BRK": null, "NAME_SORT": "Georgia", "NAME_ALT": null, "MAPCOLOR7": 5, "MAPCOLOR8": 1, "MAPCOLOR9": 3, "MAPCOLOR13": 2, "POP_EST": 3720382, "POP_RANK": 12, "POP_YEAR": 2019, "GDP_MD": 17477, "GDP_YEAR": 2019, "ECONOMY": "6. Developing region", "INCOME_GRP": "4. Lower middle income", "FIPS_10": "GG", "ISO_A2": "GE", "ISO_A2_EH": "GE", "ISO_A3": "GEO", "ISO_A3_EH": "GEO", "ISO_N3": "268", "ISO_N3_EH": "268", "UN_A3": "268", "WB_A2": "GE", "WB_A3": "GEO", "WOE_ID": 23424823, "WOE_ID_EH": 23424823, "WOE_NOTE": "Exact WOE match as country", "ADM0_ISO": "GEO", "ADM0_DIFF": null, "ADM0_TLC": "GEO", "ADM0_A3_US": "GEO", "ADM0_A3_FR": "GEO", "ADM0_A3_RU": "GEO", "ADM0_A3_ES": "GEO", "ADM0_A3_CN": "GEO", "ADM0_A3_TW": "GEO", "ADM0_A3_IN": "GEO", "ADM0_A3_NP": "GEO", "ADM0_A3_PK": "GEO", "ADM0_A3_DE": "GEO", "ADM0_A3_GB": "GEO", "ADM0_A3_BR": "GEO", "ADM0_A3_IL": "GEO", "ADM0_A3_PS": "GEO", "ADM0_A3_SA": "GEO", "ADM0_A3_EG": "GEO", "ADM0_A3_MA": "GEO", "ADM0_A3_PT": "GEO", "ADM0_A3_AR": "GEO", "ADM0_A3_JP": "GEO", "ADM0_A3_KO": "GEO", "ADM0_A3_VN": "GEO", "ADM0_A3_TR": "GEO", "ADM0_A3_ID": "GEO", "ADM0_A3_PL": "GEO", "ADM0_A3_GR": "GEO", "ADM0_A3_IT": "GEO", "ADM0_A3_NL": "GEO", "ADM0_A3_SE": "GEO", "ADM0_A3_BD": "GEO", "ADM0_A3_UA": "GEO", "ADM0_A3_UN": -99, "ADM0_A3_WB": -99, "CONTINENT": "Asia", "REGION_UN": "Asia", "SUBREGION": "Western Asia", "REGION_WB": "Europe & Central Asia", "NAME_LEN": 7, "LONG_LEN": 7, "ABBREV_LEN": 4, "TINY": -99, "HOMEPART": 1, "MIN_ZOOM": 0, "MIN_LABEL": 4, "MAX_LABEL": 9, "LABEL_X": 43.735724, "LABEL_Y": 41.870087, "NE_ID": 1159320779, "WIKIDATAID": "Q230", "NAME_AR": "\u062c\u0648\u0631\u062c\u064a\u0627", "NAME_BN": "\u099c\u09b0\u09cd\u099c\u09bf\u09af\u09bc\u09be", "NAME_DE": "Georgien", "NAME_EN": "Georgia", "NAME_ES": "Georgia", "NAME_FA": "\u06af\u0631\u062c\u0633\u062a\u0627\u0646", "NAME_FR": "G\u00e9orgie", "NAME_EL": "\u0393\u03b5\u03c9\u03c1\u03b3\u03af\u03b1", "NAME_HE": "\u05d2\u05d0\u05d5\u05e8\u05d2\u05d9\u05d4", "NAME_HI": "\u091c\u0949\u0930\u094d\u091c\u093f\u092f\u093e", "NAME_HU": "Gr\u00fazia", "NAME_ID": "Georgia", "NAME_IT": "Georgia", "NAME_JA": "\u30b8\u30e7\u30fc\u30b8\u30a2", "NAME_KO": "\uc870\uc9c0\uc544", "NAME_NL": "Georgi\u00eb", "NAME_PL": "Gruzja", "NAME_PT": "Ge\u00f3rgia", "NAME_RU": "\u0413\u0440\u0443\u0437\u0438\u044f", "NAME_SV": "Georgien", "NAME_TR": "G\u00fcrcistan", "NAME_UK": "\u0413\u0440\u0443\u0437\u0456\u044f", "NAME_UR": "\u062c\u0627\u0631\u062c\u06cc\u0627", "NAME_VI": "Gruzia", "NAME_ZH": "\u683c\u9c81\u5409\u4e9a", "NAME_ZHT": "\u55ac\u6cbb\u4e9e", "FCLASS_ISO": "Admin-0 country", "TLC_DIFF": null, "FCLASS_TLC": "Admin-0 country", "FCLASS_US": null, "FCLASS_FR": null, "FCLASS_RU": null, "FCLASS_ES": null, "FCLASS_CN": null, "FCLASS_TW": null, "FCLASS_IN": null, "FCLASS_NP": null, "FCLASS_PK": null, "FCLASS_DE": null, "FCLASS_GB": null, "FCLASS_BR": null, "FCLASS_IL": null, "FCLASS_PS": null, "FCLASS_SA": null, "FCLASS_EG": null, "FCLASS_MA": null, "FCLASS_PT": null, "FCLASS_AR": null, "FCLASS_JP": null, "FCLASS_KO": null, "FCLASS_VN": null, "FCLASS_TR": null, "FCLASS_ID": null, "FCLASS_PL": null, "FCLASS_GR": null, "FCLASS_IT": null, "FCLASS_NL": null, "FCLASS_SE": null, "FCLASS_BD": null, "FCLASS_UA": null, "cartogram_scale": 0.3, "dc_count": 0, "dc_code": "OTHER"}, "geometry": {"type": "Polygon", "coordinates": [[[42.3411, 42.6114], [42.3776, 42.6468], [42.6312, 42.5956], [43.0729, 42.547], [43.4813, 42.4032], [43.5339, 42.3474], [43.7158, 42.3945], [43.9956, 42.3318], [44.0875, 42.2087], [44.276, 42.1391], [44.1982, 42.0978], [44.3459, 41.9354], [44.305, 41.9003], [44.1433, 41.9181], [43.9198, 42.0044], [43.8463, 41.9554], [43.4294, 41.9086], [43.1404, 42.0559], [42.8208, 42.0416], [42.8655, 42.1698], [42.7906, 42.3745], [42.6172, 42.485], [42.451, 42.5195], [42.3411, 42.6114]]]}}, {"type": "Feature", "properties": {"featurecla": "Admin-0 country", "scalerank": 1, "LABELRANK": 2, "SOVEREIGNT": "Philippines", "SOV_A3": "PHL", "ADM0_DIF": 0, "LEVEL": 2, "TYPE": "Sovereign country", "TLC": "1", "ADMIN": "Philippines", "ADM0_A3": "PHL", "GEOU_DIF": 0, "GEOUNIT": "Philippines", "GU_A3": "PHL", "SU_DIF": 0, "SUBUNIT": "Philippines", "SU_A3": "PHL", "BRK_DIFF": 0, "NAME": "Philippines", "NAME_LONG": "Philippines", "BRK_A3": "PHL", "BRK_NAME": "Philippines", "BRK_GROUP": null, "ABBREV": "Phil.", "POSTAL": "PH", "FORMAL_EN": "Republic of the Philippines", "FORMAL_FR": null, "NAME_CIAWF": "Philippines", "NOTE_ADM0": null, "NOTE_BRK": null, "NAME_SORT": "Philippines", "NAME_ALT": null, "MAPCOLOR7": 3, "MAPCOLOR8": 2, "MAPCOLOR9": 2, "MAPCOLOR13": 8, "POP_EST": 108116615, "POP_RANK": 17, "POP_YEAR": 2019, "GDP_MD": 376795, "GDP_YEAR": 2019, "ECONOMY": "5. Emerging region: G20", "INCOME_GRP": "4. Lower middle income", "FIPS_10": "RP", "ISO_A2": "PH", "ISO_A2_EH": "PH", "ISO_A3": "PHL", "ISO_A3_EH": "PHL", "ISO_N3": "608", "ISO_N3_EH": "608", "UN_A3": "608", "WB_A2": "PH", "WB_A3": "PHL", "WOE_ID": 23424934, "WOE_ID_EH": 23424934, "WOE_NOTE": "Exact WOE match as country", "ADM0_ISO": "PHL", "ADM0_DIFF": null, "ADM0_TLC": "PHL", "ADM0_A3_US": "PHL", "ADM0_A3_FR": "PHL", "ADM0_A3_RU": "PHL", "ADM0_A3_ES": "PHL", "ADM0_A3_CN": "PHL", "ADM0_A3_TW": "PHL", "ADM0_A3_IN": "PHL", "ADM0_A3_NP": "PHL", "ADM0_A3_PK": "PHL", "ADM0_A3_DE": "PHL", "ADM0_A3_GB": "PHL", "ADM0_A3_BR": "PHL", "ADM0_A3_IL": "PHL", "ADM0_A3_PS": "PHL", "ADM0_A3_SA": "PHL", "ADM0_A3_EG": "PHL", "ADM0_A3_MA": "PHL", "ADM0_A3_PT": "PHL", "ADM0_A3_AR": "PHL", "ADM0_A3_JP": "PHL", "ADM0_A3_KO": "PHL", "ADM0_A3_VN": "PHL", "ADM0_A3_TR": "PHL", "ADM0_A3_ID": "PHL", "ADM0_A3_PL": "PHL", "ADM0_A3_GR": "PHL", "ADM0_A3_IT": "PHL", "ADM0_A3_NL": "PHL", "ADM0_A3_SE": "PHL", "ADM0_A3_BD": "PHL", "ADM0_A3_UA": "PHL", "ADM0_A3_UN": -99, "ADM0_A3_WB": -99, "CONTINENT": "Asia", "REGION_UN": "Asia", "SUBREGION": "South-Eastern Asia", "REGION_WB": "East Asia & Pacific", "NAME_LEN": 11, "LONG_LEN": 11, "ABBREV_LEN": 5, "TINY": -99, "HOMEPART": 1, "MIN_ZOOM": 0, "MIN_LABEL": 2.5, "MAX_LABEL": 7, "LABEL_X": 122.465, "LABEL_Y": 11.198, "NE_ID": 1159321169, "WIKIDATAID": "Q928", "NAME_AR": "\u0627\u0644\u0641\u0644\u0628\u064a\u0646", "NAME_BN": "\u09ab\u09bf\u09b2\u09bf\u09aa\u09be\u0987\u09a8", "NAME_DE": "Philippinen", "NAME_EN": "Philippines", "NAME_ES": "Filipinas", "NAME_FA": "\u0641\u06cc\u0644\u06cc\u067e\u06cc\u0646", "NAME_FR": "Philippines", "NAME_EL": "\u03a6\u03b9\u03bb\u03b9\u03c0\u03c0\u03af\u03bd\u03b5\u03c2", "NAME_HE": "\u05d4\u05e4\u05d9\u05dc\u05d9\u05e4\u05d9\u05e0\u05d9\u05dd", "NAME_HI": "\u092b\u093c\u093f\u0932\u0940\u092a\u0940\u0928\u094d\u0938", "NAME_HU": "F\u00fcl\u00f6p-szigetek", "NAME_ID": "Filipina", "NAME_IT": "Filippine", "NAME_JA": "\u30d5\u30a3\u30ea\u30d4\u30f3", "NAME_KO": "\ud544\ub9ac\ud540", "NAME_NL": "Filipijnen", "NAME_PL": "Filipiny", "NAME_PT": "Filipinas", "NAME_RU": "\u0424\u0438\u043b\u0438\u043f\u043f\u0438\u043d\u044b", "NAME_SV": "Filippinerna", "NAME_TR": "Filipinler", "NAME_UK": "\u0424\u0456\u043b\u0456\u043f\u043f\u0456\u043d\u0438", "NAME_UR": "\u0641\u0644\u067e\u0627\u0626\u0646", "NAME_VI": "Philippines", "NAME_ZH": "\u83f2\u5f8b\u5bbe", "NAME_ZHT": "\u83f2\u5f8b\u8cd3", "FCLASS_ISO": "Admin-0 country", "TLC_DIFF": null, "FCLASS_TLC": "Admin-0 country", "FCLASS_US": null, "FCLASS_FR": null, "FCLASS_RU": null, "FCLASS_ES": null, "FCLASS_CN": null, "FCLASS_TW": null, "FCLASS_IN": null, "FCLASS_NP": null, "FCLASS_PK": null, "FCLASS_DE": null, "FCLASS_GB": null, "FCLASS_BR": null, "FCLASS_IL": null, "FCLASS_PS": null, "FCLASS_SA": null, "FCLASS_EG": null, "FCLASS_MA": null, "FCLASS_PT": null, "FCLASS_AR": null, "FCLASS_JP": null, "FCLASS_KO": null, "FCLASS_VN": null, "FCLASS_TR": null, "FCLASS_ID": null, "FCLASS_PL": null, "FCLASS_GR": null, "FCLASS_IT": null, "FCLASS_NL": null, "FCLASS_SE": null, "FCLASS_BD": null, "FCLASS_UA": null, "cartogram_scale": 0.6, "dc_count": 15, "dc_code": "PHL"}, "geometry": {"type": "MultiPolygon", "coordinates": [[[[121.6211, 12.2191], [121.3148, 12.6762], [121.8289, 12.6542], [122.0372, 12.4382], [121.8781, 11.9197], [121.6211, 12.2191]]], [[[122.6724, 10.585], [122.823, 10.7531], [122.8892, 11.1255], [123.2201, 11.1608], [123.1234, 10.7568], [123.5675, 11.336], [123.5102, 10.7637], [123.2947, 10.5665], [123.1067, 10.1874], [122.9183, 10.0097], [122.5488, 10.4244], [122.6724, 10.585]]], [[[124.9469, 9.6452], [125.0079, 9.2466], [125.0432, 8.91], [124.8388, 8.361], [124.6196, 8.9726], [124.3391, 8.6683], [124.5307, 8.2262], [124.3587, 7.945], [123.6527, 8.2932], [123.484, 8.7275], [123.667, 9.0128], [123.2869, 9.2965], [123.0984, 9.0477], [122.8161, 9.0708], [122.3721, 8.7361], [122.2727, 8.9117], [122.5082, 9.4174], [122.8862, 9.5861], [123.2134, 9.8122], [123.4255, 9.5406], [123.8817, 9.7049], [123.9796, 9.9726], [124.4036, 9.9886], [124.3681, 10.4526], [124.8544, 10.168], [124.9048, 9.8659], [124.9469, 9.6452]]], [[[120.2235, 10.1862], [119.4253, 9.6169], [119.7195, 10.0365], [120.1529, 10.4071], [120.5132, 10.8222], [120.8277, 11.4182], [120.9346, 10.929], [120.5385, 10.5986], [120.2235, 10.1862]]], [[[122.523, 15.5313], [122.4254, 15.2826], [122.6302, 14.8525], [122.4722, 14.3539], [122.1185, 14.155], [122.0238, 13.6713], [122.1581, 13.1934], [122.4761, 13.1273], [122.7415, 13.1983], [123.491, 12.8657], [123.4338, 12.5391], [123.6296, 12.3949], [123.5672, 12.1184], [123.0996, 12.4129], [122.878, 12.7281], [122.7236, 12.5079], [122.3416, 12.8671], [121.7966, 12.7784], [121.498, 12.911], [121.5284, 13.159], [121.7159, 13.3116], [121.5368, 13.4504], [121.4593, 13.2342], [121.163, 13.5789], [121.0733, 13.8402], [121.051, 14.4146], [121.2927, 14.2172], [121.3548, 15.1558], [121.5503, 15.6995], [121.9136, 15.6988], [122.2833, 15.5275], [122.4684, 15.6838], [122.523, 15.5313]]], [[[122.3438, 11.4459], [122.2509, 11.7314], [122.6111, 11.5457], [122.9929, 11.5466], [122.9813, 11.296], [122.7034, 11.0412], [122.3224, 10.861], [122.3012, 11.1398], [122.3438, 11.4459]]], [[[124.4223, 11.894], [124.5909, 11.2241], [124.1279, 11.3833], [124.1404, 11.1819], [124.2873, 10.8116], [124.0019, 10.6772], [123.9769, 11.0992], [123.7962, 11.1304], [123.7023, 11.4936], [124.0554, 11.4457], [124.0476, 11.6729], [123.6808, 12.1311], [124.2571, 12.1178], [124.4223, 11.894]]]]}}, {"type": "Feature", "properties": {"featurecla": "Admin-0 country", "scalerank": 1, "LABELRANK": 3, "SOVEREIGNT": "Malaysia", "SOV_A3": "MYS", "ADM0_DIF": 0, "LEVEL": 2, "TYPE": "Sovereign country", "TLC": "1", "ADMIN": "Malaysia", "ADM0_A3": "MYS", "GEOU_DIF": 0, "GEOUNIT": "Malaysia", "GU_A3": "MYS", "SU_DIF": 0, "SUBUNIT": "Malaysia", "SU_A3": "MYS", "BRK_DIFF": 0, "NAME": "Malaysia", "NAME_LONG": "Malaysia", "BRK_A3": "MYS", "BRK_NAME": "Malaysia", "BRK_GROUP": null, "ABBREV": "Malay.", "POSTAL": "MY", "FORMAL_EN": "Malaysia", "FORMAL_FR": null, "NAME_CIAWF": "Malaysia", "NOTE_ADM0": null, "NOTE_BRK": null, "NAME_SORT": "Malaysia", "NAME_ALT": null, "MAPCOLOR7": 2, "MAPCOLOR8": 4, "MAPCOLOR9": 3, "MAPCOLOR13": 6, "POP_EST": 31949777, "POP_RANK": 15, "POP_YEAR": 2019, "GDP_MD": 364681, "GDP_YEAR": 2019, "ECONOMY": "6. Developing region", "INCOME_GRP": "3. Upper middle income", "FIPS_10": "MY", "ISO_A2": "MY", "ISO_A2_EH": "MY", "ISO_A3": "MYS", "ISO_A3_EH": "MYS", "ISO_N3": "458", "ISO_N3_EH": "458", "UN_A3": "458", "WB_A2": "MY", "WB_A3": "MYS", "WOE_ID": 23424901, "WOE_ID_EH": 23424901, "WOE_NOTE": "Exact WOE match as country", "ADM0_ISO": "MYS", "ADM0_DIFF": null, "ADM0_TLC": "MYS", "ADM0_A3_US": "MYS", "ADM0_A3_FR": "MYS", "ADM0_A3_RU": "MYS", "ADM0_A3_ES": "MYS", "ADM0_A3_CN": "MYS", "ADM0_A3_TW": "MYS", "ADM0_A3_IN": "MYS", "ADM0_A3_NP": "MYS", "ADM0_A3_PK": "MYS", "ADM0_A3_DE": "MYS", "ADM0_A3_GB": "MYS", "ADM0_A3_BR": "MYS", "ADM0_A3_IL": "MYS", "ADM0_A3_PS": "MYS", "ADM0_A3_SA": "MYS", "ADM0_A3_EG": "MYS", "ADM0_A3_MA": "MYS", "ADM0_A3_PT": "MYS", "ADM0_A3_AR": "MYS", "ADM0_A3_JP": "MYS", "ADM0_A3_KO": "MYS", "ADM0_A3_VN": "MYS", "ADM0_A3_TR": "MYS", "ADM0_A3_ID": "MYS", "ADM0_A3_PL": "MYS", "ADM0_A3_GR": "MYS", "ADM0_A3_IT": "MYS", "ADM0_A3_NL": "MYS", "ADM0_A3_SE": "MYS", "ADM0_A3_BD": "MYS", "ADM0_A3_UA": "MYS", "ADM0_A3_UN": -99, "ADM0_A3_WB": -99, "CONTINENT": "Asia", "REGION_UN": "Asia", "SUBREGION": "South-Eastern Asia", "REGION_WB": "East Asia & Pacific", "NAME_LEN": 8, "LONG_LEN": 8, "ABBREV_LEN": 6, "TINY": -99, "HOMEPART": 1, "MIN_ZOOM": 0, "MIN_LABEL": 3, "MAX_LABEL": 8, "LABEL_X": 113.83708, "LABEL_Y": 2.528667, "NE_ID": 1159321083, "WIKIDATAID": "Q833", "NAME_AR": "\u0645\u0627\u0644\u064a\u0632\u064a\u0627", "NAME_BN": "\u09ae\u09be\u09b2\u09af\u09bc\u09c7\u09b6\u09bf\u09af\u09bc\u09be", "NAME_DE": "Malaysia", "NAME_EN": "Malaysia", "NAME_ES": "Malasia", "NAME_FA": "\u0645\u0627\u0644\u0632\u06cc", "NAME_FR": "Malaisie", "NAME_EL": "\u039c\u03b1\u03bb\u03b1\u03b9\u03c3\u03af\u03b1", "NAME_HE": "\u05de\u05dc\u05d6\u05d9\u05d4", "NAME_HI": "\u092e\u0932\u0947\u0936\u093f\u092f\u093e", "NAME_HU": "Malajzia", "NAME_ID": "Malaysia", "NAME_IT": "Malaysia", "NAME_JA": "\u30de\u30ec\u30fc\u30b7\u30a2", "NAME_KO": "\ub9d0\ub808\uc774\uc2dc\uc544", "NAME_NL": "Maleisi\u00eb", "NAME_PL": "Malezja", "NAME_PT": "Mal\u00e1sia", "NAME_RU": "\u041c\u0430\u043b\u0430\u0439\u0437\u0438\u044f", "NAME_SV": "Malaysia", "NAME_TR": "Malezya", "NAME_UK": "\u041c\u0430\u043b\u0430\u0439\u0437\u0456\u044f", "NAME_UR": "\u0645\u0644\u0627\u0626\u06cc\u0634\u06cc\u0627", "NAME_VI": "Malaysia", "NAME_ZH": "\u9a6c\u6765\u897f\u4e9a", "NAME_ZHT": "\u99ac\u4f86\u897f\u4e9e", "FCLASS_ISO": "Admin-0 country", "TLC_DIFF": null, "FCLASS_TLC": "Admin-0 country", "FCLASS_US": null, "FCLASS_FR": null, "FCLASS_RU": null, "FCLASS_ES": null, "FCLASS_CN": null, "FCLASS_TW": null, "FCLASS_IN": null, "FCLASS_NP": null, "FCLASS_PK": null, "FCLASS_DE": null, "FCLASS_GB": null, "FCLASS_BR": null, "FCLASS_IL": null, "FCLASS_PS": null, "FCLASS_SA": null, "FCLASS_EG": null, "FCLASS_MA": null, "FCLASS_PT": null, "FCLASS_AR": null, "FCLASS_JP": null, "FCLASS_KO": null, "FCLASS_VN": null, "FCLASS_TR": null, "FCLASS_ID": null, "FCLASS_PL": null, "FCLASS_GR": null, "FCLASS_IT": null, "FCLASS_NL": null, "FCLASS_SE": null, "FCLASS_BD": null, "FCLASS_UA": null, "cartogram_scale": 0.9, "dc_count": 33, "dc_code": "MYS"}, "geometry": {"type": "MultiPolygon", "coordinates": [[[[109.0422, 6.2131], [109.1986, 6.3736], [109.9329, 5.9794], [110.0038, 5.5173], [110.5978, 5.6248], [110.8921, 5.9945], [111.099, 5.9104], [111.6305, 5.3671], [112.0081, 4.7645], [112.0597, 4.1585], [111.9639, 3.7491], [112.0515, 3.4396], [112.1172, 2.907], [112.4342, 2.6589], [112.7881, 1.8631], [112.7709, 1.5588], [112.1327, 1.4987], [111.2812, 2.1654], [110.2166, 2.8798], [110.1112, 3.3383], [109.5909, 3.9403], [109.4667, 4.6856], [109.142, 5.1763], [109.2406, 5.8315], [109.0422, 6.2131]]], [[[125.0588, 4.1188], [124.2787, 4.2705], [123.244, 4.2709], [122.9322, 3.2474], [122.5856, 2.9344], [122.1242, 1.6827], [121.3903, 1.4908], [120.5388, 1.7431], [120.1072, 1.6641], [119.5828, 1.209], [119.0082, 1.2739], [118.4276, 1.0909], [117.8122, 1.5994], [117.6619, 2.2009], [118.3215, 1.8924], [119.017, 2.0606], [119.1981, 2.8226], [119.5822, 2.9923], [120.661, 3.1872], [121.3066, 3.8992], [121.7486, 4.4683], [122.1586, 4.0019], [122.3476, 4.3085], [122.7777, 4.28], [122.8301, 4.8547], [122.8706, 5.298], [123.5637, 5.9239], [124.0176, 6.6273], [124.3816, 6.6303], [124.844, 6.175], [124.8852, 5.7838], [125.4779, 5.5329], [126.2287, 5.2621], [126.1646, 4.9096], [125.5607, 4.8649], [125.7215, 4.4254], [125.0588, 4.1188]]]]}}, {"type": "Feature", "properties": {"featurecla": "Admin-0 country", "scalerank": 1, "LABELRANK": 6, "SOVEREIGNT": "Brunei", "SOV_A3": "BRN", "ADM0_DIF": 0, "LEVEL": 2, "TYPE": "Sovereign country", "TLC": "1", "ADMIN": "Brunei", "ADM0_A3": "BRN", "GEOU_DIF": 0, "GEOUNIT": "Brunei", "GU_A3": "BRN", "SU_DIF": 0, "SUBUNIT": "Brunei", "SU_A3": "BRN", "BRK_DIFF": 0, "NAME": "Brunei", "NAME_LONG": "Brunei Darussalam", "BRK_A3": "BRN", "BRK_NAME": "Brunei", "BRK_GROUP": null, "ABBREV": "Brunei", "POSTAL": "BN", "FORMAL_EN": "Negara Brunei Darussalam", "FORMAL_FR": null, "NAME_CIAWF": "Brunei", "NOTE_ADM0": null, "NOTE_BRK": null, "NAME_SORT": "Brunei", "NAME_ALT": null, "MAPCOLOR7": 4, "MAPCOLOR8": 6, "MAPCOLOR9": 6, "MAPCOLOR13": 12, "POP_EST": 433285, "POP_RANK": 10, "POP_YEAR": 2019, "GDP_MD": 13469, "GDP_YEAR": 2019, "ECONOMY": "6. Developing region", "INCOME_GRP": "2. High income: nonOECD", "FIPS_10": "BX", "ISO_A2": "BN", "ISO_A2_EH": "BN", "ISO_A3": "BRN", "ISO_A3_EH": "BRN", "ISO_N3": "096", "ISO_N3_EH": "096", "UN_A3": "096", "WB_A2": "BN", "WB_A3": "BRN", "WOE_ID": 23424773, "WOE_ID_EH": 23424773, "WOE_NOTE": "Exact WOE match as country", "ADM0_ISO": "BRN", "ADM0_DIFF": null, "ADM0_TLC": "BRN", "ADM0_A3_US": "BRN", "ADM0_A3_FR": "BRN", "ADM0_A3_RU": "BRN", "ADM0_A3_ES": "BRN", "ADM0_A3_CN": "BRN", "ADM0_A3_TW": "BRN", "ADM0_A3_IN": "BRN", "ADM0_A3_NP": "BRN", "ADM0_A3_PK": "BRN", "ADM0_A3_DE": "BRN", "ADM0_A3_GB": "BRN", "ADM0_A3_BR": "BRN", "ADM0_A3_IL": "BRN", "ADM0_A3_PS": "BRN", "ADM0_A3_SA": "BRN", "ADM0_A3_EG": "BRN", "ADM0_A3_MA": "BRN", "ADM0_A3_PT": "BRN", "ADM0_A3_AR": "BRN", "ADM0_A3_JP": "BRN", "ADM0_A3_KO": "BRN", "ADM0_A3_VN": "BRN", "ADM0_A3_TR": "BRN", "ADM0_A3_ID": "BRN", "ADM0_A3_PL": "BRN", "ADM0_A3_GR": "BRN", "ADM0_A3_IT": "BRN", "ADM0_A3_NL": "BRN", "ADM0_A3_SE": "BRN", "ADM0_A3_BD": "BRN", "ADM0_A3_UA": "BRN", "ADM0_A3_UN": -99, "ADM0_A3_WB": -99, "CONTINENT": "Asia", "REGION_UN": "Asia", "SUBREGION": "South-Eastern Asia", "REGION_WB": "East Asia & Pacific", "NAME_LEN": 6, "LONG_LEN": 17, "ABBREV_LEN": 6, "TINY": 2, "HOMEPART": 1, "MIN_ZOOM": 0, "MIN_LABEL": 4, "MAX_LABEL": 9, "LABEL_X": 114.551943, "LABEL_Y": 4.448298, "NE_ID": 1159320451, "WIKIDATAID": "Q921", "NAME_AR": "\u0628\u0631\u0648\u0646\u0627\u064a", "NAME_BN": "\u09ac\u09cd\u09b0\u09c1\u09a8\u09be\u0987", "NAME_DE": "Brunei", "NAME_EN": "Brunei", "NAME_ES": "Brun\u00e9i", "NAME_FA": "\u0628\u0631\u0648\u0646\u0626\u06cc", "NAME_FR": "Brunei", "NAME_EL": "\u039c\u03c0\u03c1\u03bf\u03c5\u03bd\u03ad\u03b9", "NAME_HE": "\u05d1\u05e8\u05d5\u05e0\u05d9\u05d9", "NAME_HI": "\u092c\u094d\u0930\u0941\u0928\u0947\u0908", "NAME_HU": "Brunei", "NAME_ID": "Brunei Darussalam", "NAME_IT": "Brunei", "NAME_JA": "\u30d6\u30eb\u30cd\u30a4", "NAME_KO": "\ube0c\ub8e8\ub098\uc774", "NAME_NL": "Brunei", "NAME_PL": "Brunei", "NAME_PT": "Brunei", "NAME_RU": "\u0411\u0440\u0443\u043d\u0435\u0439", "NAME_SV": "Brunei", "NAME_TR": "Brunei", "NAME_UK": "\u0411\u0440\u0443\u043d\u0435\u0439", "NAME_UR": "\u0628\u0631\u0648\u0646\u0627\u0626\u06cc \u062f\u0627\u0631 \u0627\u0644\u0633\u0644\u0627\u0645", "NAME_VI": "Brunei", "NAME_ZH": "\u6587\u83b1", "NAME_ZHT": "\u6c76\u840a", "FCLASS_ISO": "Admin-0 country", "TLC_DIFF": null, "FCLASS_TLC": "Admin-0 country", "FCLASS_US": null, "FCLASS_FR": null, "FCLASS_RU": null, "FCLASS_ES": null, "FCLASS_CN": null, "FCLASS_TW": null, "FCLASS_IN": null, "FCLASS_NP": null, "FCLASS_PK": null, "FCLASS_DE": null, "FCLASS_GB": null, "FCLASS_BR": null, "FCLASS_IL": null, "FCLASS_PS": null, "FCLASS_SA": null, "FCLASS_EG": null, "FCLASS_MA": null, "FCLASS_PT": null, "FCLASS_AR": null, "FCLASS_JP": null, "FCLASS_KO": null, "FCLASS_VN": null, "FCLASS_TR": null, "FCLASS_ID": null, "FCLASS_PL": null, "FCLASS_GR": null, "FCLASS_IT": null, "FCLASS_NL": null, "FCLASS_SE": null, "FCLASS_BD": null, "FCLASS_UA": null, "cartogram_scale": 0.3, "dc_count": 0, "dc_code": "OTHER"}, "geometry": {"type": "Polygon", "coordinates": [[[115.1341, 4.9549], [115.1206, 4.8071], [115.1032, 4.6155], [114.9598, 4.625], [114.8968, 4.5228], [114.7601, 4.6783], [114.8789, 4.7906], [115.1341, 4.9549]]]}}, {"type": "Feature", "properties": {"featurecla": "Admin-0 country", "scalerank": 1, "LABELRANK": 6, "SOVEREIGNT": "Slovenia", "SOV_A3": "SVN", "ADM0_DIF": 0, "LEVEL": 2, "TYPE": "Sovereign country", "TLC": "1", "ADMIN": "Slovenia", "ADM0_A3": "SVN", "GEOU_DIF": 0, "GEOUNIT": "Slovenia", "GU_A3": "SVN", "SU_DIF": 0, "SUBUNIT": "Slovenia", "SU_A3": "SVN", "BRK_DIFF": 0, "NAME": "Slovenia", "NAME_LONG": "Slovenia", "BRK_A3": "SVN", "BRK_NAME": "Slovenia", "BRK_GROUP": null, "ABBREV": "Slo.", "POSTAL": "SLO", "FORMAL_EN": "Republic of Slovenia", "FORMAL_FR": null, "NAME_CIAWF": "Slovenia", "NOTE_ADM0": null, "NOTE_BRK": null, "NAME_SORT": "Slovenia", "NAME_ALT": null, "MAPCOLOR7": 2, "MAPCOLOR8": 3, "MAPCOLOR9": 2, "MAPCOLOR13": 12, "POP_EST": 2087946, "POP_RANK": 12, "POP_YEAR": 2019, "GDP_MD": 54174, "GDP_YEAR": 2019, "ECONOMY": "2. Developed region: nonG7", "INCOME_GRP": "1. High income: OECD", "FIPS_10": "SI", "ISO_A2": "SI", "ISO_A2_EH": "SI", "ISO_A3": "SVN", "ISO_A3_EH": "SVN", "ISO_N3": "705", "ISO_N3_EH": "705", "UN_A3": "705", "WB_A2": "SI", "WB_A3": "SVN", "WOE_ID": 23424945, "WOE_ID_EH": 23424945, "WOE_NOTE": "Exact WOE match as country", "ADM0_ISO": "SVN", "ADM0_DIFF": null, "ADM0_TLC": "SVN", "ADM0_A3_US": "SVN", "ADM0_A3_FR": "SVN", "ADM0_A3_RU": "SVN", "ADM0_A3_ES": "SVN", "ADM0_A3_CN": "SVN", "ADM0_A3_TW": "SVN", "ADM0_A3_IN": "SVN", "ADM0_A3_NP": "SVN", "ADM0_A3_PK": "SVN", "ADM0_A3_DE": "SVN", "ADM0_A3_GB": "SVN", "ADM0_A3_BR": "SVN", "ADM0_A3_IL": "SVN", "ADM0_A3_PS": "SVN", "ADM0_A3_SA": "SVN", "ADM0_A3_EG": "SVN", "ADM0_A3_MA": "SVN", "ADM0_A3_PT": "SVN", "ADM0_A3_AR": "SVN", "ADM0_A3_JP": "SVN", "ADM0_A3_KO": "SVN", "ADM0_A3_VN": "SVN", "ADM0_A3_TR": "SVN", "ADM0_A3_ID": "SVN", "ADM0_A3_PL": "SVN", "ADM0_A3_GR": "SVN", "ADM0_A3_IT": "SVN", "ADM0_A3_NL": "SVN", "ADM0_A3_SE": "SVN", "ADM0_A3_BD": "SVN", "ADM0_A3_UA": "SVN", "ADM0_A3_UN": -99, "ADM0_A3_WB": -99, "CONTINENT": "Europe", "REGION_UN": "Europe", "SUBREGION": "Southern Europe", "REGION_WB": "Europe & Central Asia", "NAME_LEN": 8, "LONG_LEN": 8, "ABBREV_LEN": 4, "TINY": -99, "HOMEPART": 1, "MIN_ZOOM": 0, "MIN_LABEL": 5, "MAX_LABEL": 10, "LABEL_X": 14.915312, "LABEL_Y": 46.06076, "NE_ID": 1159321285, "WIKIDATAID": "Q215", "NAME_AR": "\u0633\u0644\u0648\u0641\u064a\u0646\u064a\u0627", "NAME_BN": "\u09b8\u09cd\u09b2\u09cb\u09ad\u09c7\u09a8\u09bf\u09af\u09bc\u09be", "NAME_DE": "Slowenien", "NAME_EN": "Slovenia", "NAME_ES": "Eslovenia", "NAME_FA": "\u0627\u0633\u0644\u0648\u0648\u0646\u06cc", "NAME_FR": "Slov\u00e9nie", "NAME_EL": "\u03a3\u03bb\u03bf\u03b2\u03b5\u03bd\u03af\u03b1", "NAME_HE": "\u05e1\u05dc\u05d5\u05d1\u05e0\u05d9\u05d4", "NAME_HI": "\u0938\u094d\u0932\u094b\u0935\u0947\u0928\u093f\u092f\u093e", "NAME_HU": "Szlov\u00e9nia", "NAME_ID": "Slovenia", "NAME_IT": "Slovenia", "NAME_JA": "\u30b9\u30ed\u30d9\u30cb\u30a2", "NAME_KO": "\uc2ac\ub85c\ubca0\ub2c8\uc544", "NAME_NL": "Sloveni\u00eb", "NAME_PL": "S\u0142owenia", "NAME_PT": "Eslov\u00e9nia", "NAME_RU": "\u0421\u043b\u043e\u0432\u0435\u043d\u0438\u044f", "NAME_SV": "Slovenien", "NAME_TR": "Slovenya", "NAME_UK": "\u0421\u043b\u043e\u0432\u0435\u043d\u0456\u044f", "NAME_UR": "\u0633\u0644\u0648\u0648\u06cc\u0646\u06cc\u0627", "NAME_VI": "Slovenia", "NAME_ZH": "\u65af\u6d1b\u6587\u5c3c\u4e9a", "NAME_ZHT": "\u65af\u6d1b\u7dad\u5c3c\u4e9e", "FCLASS_ISO": "Admin-0 country", "TLC_DIFF": null, "FCLASS_TLC": "Admin-0 country", "FCLASS_US": null, "FCLASS_FR": null, "FCLASS_RU": null, "FCLASS_ES": null, "FCLASS_CN": null, "FCLASS_TW": null, "FCLASS_IN": null, "FCLASS_NP": null, "FCLASS_PK": null, "FCLASS_DE": null, "FCLASS_GB": null, "FCLASS_BR": null, "FCLASS_IL": null, "FCLASS_PS": null, "FCLASS_SA": null, "FCLASS_EG": null, "FCLASS_MA": null, "FCLASS_PT": null, "FCLASS_AR": null, "FCLASS_JP": null, "FCLASS_KO": null, "FCLASS_VN": null, "FCLASS_TR": null, "FCLASS_ID": null, "FCLASS_PL": null, "FCLASS_GR": null, "FCLASS_IT": null, "FCLASS_NL": null, "FCLASS_SE": null, "FCLASS_BD": null, "FCLASS_UA": null, "cartogram_scale": 0.6, "dc_count": 5, "dc_code": "SVN"}, "geometry": {"type": "Polygon", "coordinates": [[[14.282, 46.3484], [14.7776, 46.3019], [15.0804, 46.4381], [15.6051, 46.453], [15.7195, 46.5543], [15.8205, 46.5476], [15.937, 46.3451], [15.4594, 46.1857], [15.4011, 45.9433], [15.1925, 45.8819], [15.1948, 45.7142], [14.9593, 45.7259], [14.7552, 45.8238], [14.6453, 45.7225], [14.2272, 45.743], [14.3607, 45.7974], [14.217, 46.0529], [14.282, 46.3484]]]}}, {"type": "Feature", "properties": {"featurecla": "Admin-0 country", "scalerank": 1, "LABELRANK": 3, "SOVEREIGNT": "Finland", "SOV_A3": "FI1", "ADM0_DIF": 1, "LEVEL": 2, "TYPE": "Country", "TLC": "1", "ADMIN": "Finland", "ADM0_A3": "FIN", "GEOU_DIF": 0, "GEOUNIT": "Finland", "GU_A3": "FIN", "SU_DIF": 0, "SUBUNIT": "Finland", "SU_A3": "FIN", "BRK_DIFF": 0, "NAME": "Finland", "NAME_LONG": "Finland", "BRK_A3": "FIN", "BRK_NAME": "Finland", "BRK_GROUP": null, "ABBREV": "Fin.", "POSTAL": "FIN", "FORMAL_EN": "Republic of Finland", "FORMAL_FR": null, "NAME_CIAWF": "Finland", "NOTE_ADM0": null, "NOTE_BRK": null, "NAME_SORT": "Finland", "NAME_ALT": null, "MAPCOLOR7": 4, "MAPCOLOR8": 1, "MAPCOLOR9": 4, "MAPCOLOR13": 6, "POP_EST": 5520314, "POP_RANK": 13, "POP_YEAR": 2019, "GDP_MD": 269296, "GDP_YEAR": 2019, "ECONOMY": "2. Developed region: nonG7", "INCOME_GRP": "1. High income: OECD", "FIPS_10": "FI", "ISO_A2": "FI", "ISO_A2_EH": "FI", "ISO_A3": "FIN", "ISO_A3_EH": "FIN", "ISO_N3": "246", "ISO_N3_EH": "246", "UN_A3": "246", "WB_A2": "FI", "WB_A3": "FIN", "WOE_ID": 23424812, "WOE_ID_EH": 23424812, "WOE_NOTE": "Exact WOE match as country", "ADM0_ISO": "FIN", "ADM0_DIFF": null, "ADM0_TLC": "FIN", "ADM0_A3_US": "FIN", "ADM0_A3_FR": "FIN", "ADM0_A3_RU": "FIN", "ADM0_A3_ES": "FIN", "ADM0_A3_CN": "FIN", "ADM0_A3_TW": "FIN", "ADM0_A3_IN": "FIN", "ADM0_A3_NP": "FIN", "ADM0_A3_PK": "FIN", "ADM0_A3_DE": "FIN", "ADM0_A3_GB": "FIN", "ADM0_A3_BR": "FIN", "ADM0_A3_IL": "FIN", "ADM0_A3_PS": "FIN", "ADM0_A3_SA": "FIN", "ADM0_A3_EG": "FIN", "ADM0_A3_MA": "FIN", "ADM0_A3_PT": "FIN", "ADM0_A3_AR": "FIN", "ADM0_A3_JP": "FIN", "ADM0_A3_KO": "FIN", "ADM0_A3_VN": "FIN", "ADM0_A3_TR": "FIN", "ADM0_A3_ID": "FIN", "ADM0_A3_PL": "FIN", "ADM0_A3_GR": "FIN", "ADM0_A3_IT": "FIN", "ADM0_A3_NL": "FIN", "ADM0_A3_SE": "FIN", "ADM0_A3_BD": "FIN", "ADM0_A3_UA": "FIN", "ADM0_A3_UN": -99, "ADM0_A3_WB": -99, "CONTINENT": "Europe", "REGION_UN": "Europe", "SUBREGION": "Northern Europe", "REGION_WB": "Europe & Central Asia", "NAME_LEN": 7, "LONG_LEN": 7, "ABBREV_LEN": 4, "TINY": -99, "HOMEPART": 1, "MIN_ZOOM": 0, "MIN_LABEL": 3, "MAX_LABEL": 8, "LABEL_X": 27.276449, "LABEL_Y": 63.252361, "NE_ID": 1159320623, "WIKIDATAID": "Q33", "NAME_AR": "\u0641\u0646\u0644\u0646\u062f\u0627", "NAME_BN": "\u09ab\u09bf\u09a8\u09b2\u09cd\u09af\u09be\u09a8\u09cd\u09a1", "NAME_DE": "Finnland", "NAME_EN": "Finland", "NAME_ES": "Finlandia", "NAME_FA": "\u0641\u0646\u0644\u0627\u0646\u062f", "NAME_FR": "Finlande", "NAME_EL": "\u03a6\u03b9\u03bd\u03bb\u03b1\u03bd\u03b4\u03af\u03b1", "NAME_HE": "\u05e4\u05d9\u05e0\u05dc\u05e0\u05d3", "NAME_HI": "\u092b\u093c\u093f\u0928\u0932\u0948\u0923\u094d\u0921", "NAME_HU": "Finnorsz\u00e1g", "NAME_ID": "Finlandia", "NAME_IT": "Finlandia", "NAME_JA": "\u30d5\u30a3\u30f3\u30e9\u30f3\u30c9", "NAME_KO": "\ud540\ub780\ub4dc", "NAME_NL": "Finland", "NAME_PL": "Finlandia", "NAME_PT": "Finl\u00e2ndia", "NAME_RU": "\u0424\u0438\u043d\u043b\u044f\u043d\u0434\u0438\u044f", "NAME_SV": "Finland", "NAME_TR": "Finlandiya", "NAME_UK": "\u0424\u0456\u043d\u043b\u044f\u043d\u0434\u0456\u044f", "NAME_UR": "\u0641\u0646 \u0644\u06cc\u0646\u0688", "NAME_VI": "Ph\u1ea7n Lan", "NAME_ZH": "\u82ac\u5170", "NAME_ZHT": "\u82ac\u862d", "FCLASS_ISO": "Admin-0 country", "TLC_DIFF": null, "FCLASS_TLC": "Admin-0 country", "FCLASS_US": null, "FCLASS_FR": null, "FCLASS_RU": null, "FCLASS_ES": null, "FCLASS_CN": null, "FCLASS_TW": null, "FCLASS_IN": null, "FCLASS_NP": null, "FCLASS_PK": null, "FCLASS_DE": null, "FCLASS_GB": null, "FCLASS_BR": null, "FCLASS_IL": null, "FCLASS_PS": null, "FCLASS_SA": null, "FCLASS_EG": null, "FCLASS_MA": null, "FCLASS_PT": null, "FCLASS_AR": null, "FCLASS_JP": null, "FCLASS_KO": null, "FCLASS_VN": null, "FCLASS_TR": null, "FCLASS_ID": null, "FCLASS_PL": null, "FCLASS_GR": null, "FCLASS_IT": null, "FCLASS_NL": null, "FCLASS_SE": null, "FCLASS_BD": null, "FCLASS_UA": null, "cartogram_scale": 0.6, "dc_count": 10, "dc_code": "FIN"}, "geometry": {"type": "Polygon", "coordinates": [[[27.5099, 67.5302], [27.4223, 67.1101], [28.3412, 66.7103], [27.7875, 66.2579], [28.4853, 65.5749], [28.0814, 65.0606], [28.6215, 64.614], [28.3762, 64.223], [29.2644, 63.812], [29.0387, 63.506], [28.4814, 63.1594], [27.1967, 62.3935], [27.1967, 62.3935], [27.1967, 62.3935], [26.1078, 62.3457], [25.0527, 62.1257], [24.0765, 61.9992], [23.7292, 62.3265], [23.148, 62.5235], [23.2816, 63.1146], [22.9902, 63.6558], [23.2763, 64.0052], [23.8203, 64.382], [25.193, 65.0328], [25.5935, 65.1582], [25.5311, 65.412], [24.6967, 65.6955], [24.4942, 65.929], [24.4784, 66.853], [23.5418, 67.2615], [22.7421, 67.5551], [23.1017, 67.7136], [23.7684, 67.3964], [24.5519, 67.4261], [25.1961, 67.2811], [25.7682, 67.5466], [26.0625, 67.9865], [26.9941, 68.1899], [27.764, 67.9513], [27.5099, 67.5302]]]}}, {"type": "Feature", "properties": {"featurecla": "Admin-0 country", "scalerank": 1, "LABELRANK": 6, "SOVEREIGNT": "Slovakia", "SOV_A3": "SVK", "ADM0_DIF": 0, "LEVEL": 2, "TYPE": "Sovereign country", "TLC": "1", "ADMIN": "Slovakia", "ADM0_A3": "SVK", "GEOU_DIF": 0, "GEOUNIT": "Slovakia", "GU_A3": "SVK", "SU_DIF": 0, "SUBUNIT": "Slovakia", "SU_A3": "SVK", "BRK_DIFF": 0, "NAME": "Slovakia", "NAME_LONG": "Slovakia", "BRK_A3": "SVK", "BRK_NAME": "Slovakia", "BRK_GROUP": null, "ABBREV": "Svk.", "POSTAL": "SK", "FORMAL_EN": "Slovak Republic", "FORMAL_FR": null, "NAME_CIAWF": "Slovakia", "NOTE_ADM0": null, "NOTE_BRK": null, "NAME_SORT": "Slovak Republic", "NAME_ALT": null, "MAPCOLOR7": 2, "MAPCOLOR8": 4, "MAPCOLOR9": 4, "MAPCOLOR13": 9, "POP_EST": 5454073, "POP_RANK": 13, "POP_YEAR": 2019, "GDP_MD": 105079, "GDP_YEAR": 2019, "ECONOMY": "2. Developed region: nonG7", "INCOME_GRP": "1. High income: OECD", "FIPS_10": "LO", "ISO_A2": "SK", "ISO_A2_EH": "SK", "ISO_A3": "SVK", "ISO_A3_EH": "SVK", "ISO_N3": "703", "ISO_N3_EH": "703", "UN_A3": "703", "WB_A2": "SK", "WB_A3": "SVK", "WOE_ID": 23424877, "WOE_ID_EH": 23424877, "WOE_NOTE": "Exact WOE match as country", "ADM0_ISO": "SVK", "ADM0_DIFF": null, "ADM0_TLC": "SVK", "ADM0_A3_US": "SVK", "ADM0_A3_FR": "SVK", "ADM0_A3_RU": "SVK", "ADM0_A3_ES": "SVK", "ADM0_A3_CN": "SVK", "ADM0_A3_TW": "SVK", "ADM0_A3_IN": "SVK", "ADM0_A3_NP": "SVK", "ADM0_A3_PK": "SVK", "ADM0_A3_DE": "SVK", "ADM0_A3_GB": "SVK", "ADM0_A3_BR": "SVK", "ADM0_A3_IL": "SVK", "ADM0_A3_PS": "SVK", "ADM0_A3_SA": "SVK", "ADM0_A3_EG": "SVK", "ADM0_A3_MA": "SVK", "ADM0_A3_PT": "SVK", "ADM0_A3_AR": "SVK", "ADM0_A3_JP": "SVK", "ADM0_A3_KO": "SVK", "ADM0_A3_VN": "SVK", "ADM0_A3_TR": "SVK", "ADM0_A3_ID": "SVK", "ADM0_A3_PL": "SVK", "ADM0_A3_GR": "SVK", "ADM0_A3_IT": "SVK", "ADM0_A3_NL": "SVK", "ADM0_A3_SE": "SVK", "ADM0_A3_BD": "SVK", "ADM0_A3_UA": "SVK", "ADM0_A3_UN": -99, "ADM0_A3_WB": -99, "CONTINENT": "Europe", "REGION_UN": "Europe", "SUBREGION": "Eastern Europe", "REGION_WB": "Europe & Central Asia", "NAME_LEN": 8, "LONG_LEN": 8, "ABBREV_LEN": 4, "TINY": -99, "HOMEPART": 1, "MIN_ZOOM": 0, "MIN_LABEL": 4, "MAX_LABEL": 9, "LABEL_X": 19.049868, "LABEL_Y": 48.734044, "NE_ID": 1159321283, "WIKIDATAID": "Q214", "NAME_AR": "\u0633\u0644\u0648\u0641\u0627\u0643\u064a\u0627", "NAME_BN": "\u09b8\u09cd\u09b2\u09cb\u09ad\u09be\u0995\u09bf\u09af\u09bc\u09be", "NAME_DE": "Slowakei", "NAME_EN": "Slovakia", "NAME_ES": "Eslovaquia", "NAME_FA": "\u0627\u0633\u0644\u0648\u0627\u06a9\u06cc", "NAME_FR": "Slovaquie", "NAME_EL": "\u03a3\u03bb\u03bf\u03b2\u03b1\u03ba\u03af\u03b1", "NAME_HE": "\u05e1\u05dc\u05d5\u05d1\u05e7\u05d9\u05d4", "NAME_HI": "\u0938\u094d\u0932\u094b\u0935\u093e\u0915\u093f\u092f\u093e", "NAME_HU": "Szlov\u00e1kia", "NAME_ID": "Slowakia", "NAME_IT": "Slovacchia", "NAME_JA": "\u30b9\u30ed\u30d0\u30ad\u30a2", "NAME_KO": "\uc2ac\ub85c\ubc14\ud0a4\uc544", "NAME_NL": "Slowakije", "NAME_PL": "S\u0142owacja", "NAME_PT": "Eslov\u00e1quia", "NAME_RU": "\u0421\u043b\u043e\u0432\u0430\u043a\u0438\u044f", "NAME_SV": "Slovakien", "NAME_TR": "Slovakya", "NAME_UK": "\u0421\u043b\u043e\u0432\u0430\u0447\u0447\u0438\u043d\u0430", "NAME_UR": "\u0633\u0644\u0648\u0648\u0627\u06a9\u06cc\u06c1", "NAME_VI": "Slovakia", "NAME_ZH": "\u65af\u6d1b\u4f10\u514b", "NAME_ZHT": "\u65af\u6d1b\u4f10\u514b", "FCLASS_ISO": "Admin-0 country", "TLC_DIFF": null, "FCLASS_TLC": "Admin-0 country", "FCLASS_US": null, "FCLASS_FR": null, "FCLASS_RU": null, "FCLASS_ES": null, "FCLASS_CN": null, "FCLASS_TW": null, "FCLASS_IN": null, "FCLASS_NP": null, "FCLASS_PK": null, "FCLASS_DE": null, "FCLASS_GB": null, "FCLASS_BR": null, "FCLASS_IL": null, "FCLASS_PS": null, "FCLASS_SA": null, "FCLASS_EG": null, "FCLASS_MA": null, "FCLASS_PT": null, "FCLASS_AR": null, "FCLASS_JP": null, "FCLASS_KO": null, "FCLASS_VN": null, "FCLASS_TR": null, "FCLASS_ID": null, "FCLASS_PL": null, "FCLASS_GR": null, "FCLASS_IT": null, "FCLASS_NL": null, "FCLASS_SE": null, "FCLASS_BD": null, "FCLASS_UA": null, "cartogram_scale": 0.6, "dc_count": 5, "dc_code": "SVK"}, "geometry": {"type": "Polygon", "coordinates": [[[21.2756, 48.957], [21.1092, 48.8008], [20.9921, 48.5589], [20.8641, 48.4975], [20.2215, 48.6798], [20.0249, 48.6432], [19.8842, 48.5021], [19.6024, 48.4272], [19.5376, 48.4655], [19.2454, 48.3724], [19.0069, 48.3546], [18.9586, 48.2341], [18.455, 48.1606], [18.2338, 48.226], [17.9285, 48.3796], [17.8687, 48.5875], [17.9169, 48.6637], [18.0019, 48.7957], [18.2677, 48.7855], [18.4726, 48.8476], [18.4888, 48.9034], [18.6037, 48.9319], [18.643, 49.0684], [18.7807, 49.0945], [18.8737, 49.2025], [19.0526, 49.2033], [19.0865, 49.167], [19.3332, 49.2485], [19.6357, 49.0358], [19.9902, 49.1644], [20.2735, 49.1028], [20.7054, 49.1876], [21.2756, 48.957]]]}}, {"type": "Feature", "properties": {"featurecla": "Admin-0 country", "scalerank": 1, "LABELRANK": 5, "SOVEREIGNT": "Czechia", "SOV_A3": "CZE", "ADM0_DIF": 0, "LEVEL": 2, "TYPE": "Sovereign country", "TLC": "1", "ADMIN": "Czechia", "ADM0_A3": "CZE", "GEOU_DIF": 0, "GEOUNIT": "Czechia", "GU_A3": "CZE", "SU_DIF": 0, "SUBUNIT": "Czechia", "SU_A3": "CZE", "BRK_DIFF": 0, "NAME": "Czechia", "NAME_LONG": "Czech Republic", "BRK_A3": "CZE", "BRK_NAME": "Czechia", "BRK_GROUP": null, "ABBREV": "Cz.", "POSTAL": "CZ", "FORMAL_EN": "Czech Republic", "FORMAL_FR": "la R\u00e9publique tch\u00e8que", "NAME_CIAWF": "Czechia", "NOTE_ADM0": null, "NOTE_BRK": null, "NAME_SORT": "Czechia", "NAME_ALT": "\u010cesko", "MAPCOLOR7": 1, "MAPCOLOR8": 1, "MAPCOLOR9": 2, "MAPCOLOR13": 6, "POP_EST": 10669709, "POP_RANK": 14, "POP_YEAR": 2019, "GDP_MD": 250680, "GDP_YEAR": 2019, "ECONOMY": "2. Developed region: nonG7", "INCOME_GRP": "1. High income: OECD", "FIPS_10": "EZ", "ISO_A2": "CZ", "ISO_A2_EH": "CZ", "ISO_A3": "CZE", "ISO_A3_EH": "CZE", "ISO_N3": "203", "ISO_N3_EH": "203", "UN_A3": "203", "WB_A2": "CZ", "WB_A3": "CZE", "WOE_ID": 23424810, "WOE_ID_EH": 23424810, "WOE_NOTE": "Exact WOE match as country", "ADM0_ISO": "CZE", "ADM0_DIFF": null, "ADM0_TLC": "CZE", "ADM0_A3_US": "CZE", "ADM0_A3_FR": "CZE", "ADM0_A3_RU": "CZE", "ADM0_A3_ES": "CZE", "ADM0_A3_CN": "CZE", "ADM0_A3_TW": "CZE", "ADM0_A3_IN": "CZE", "ADM0_A3_NP": "CZE", "ADM0_A3_PK": "CZE", "ADM0_A3_DE": "CZE", "ADM0_A3_GB": "CZE", "ADM0_A3_BR": "CZE", "ADM0_A3_IL": "CZE", "ADM0_A3_PS": "CZE", "ADM0_A3_SA": "CZE", "ADM0_A3_EG": "CZE", "ADM0_A3_MA": "CZE", "ADM0_A3_PT": "CZE", "ADM0_A3_AR": "CZE", "ADM0_A3_JP": "CZE", "ADM0_A3_KO": "CZE", "ADM0_A3_VN": "CZE", "ADM0_A3_TR": "CZE", "ADM0_A3_ID": "CZE", "ADM0_A3_PL": "CZE", "ADM0_A3_GR": "CZE", "ADM0_A3_IT": "CZE", "ADM0_A3_NL": "CZE", "ADM0_A3_SE": "CZE", "ADM0_A3_BD": "CZE", "ADM0_A3_UA": "CZE", "ADM0_A3_UN": -99, "ADM0_A3_WB": -99, "CONTINENT": "Europe", "REGION_UN": "Europe", "SUBREGION": "Eastern Europe", "REGION_WB": "Europe & Central Asia", "NAME_LEN": 7, "LONG_LEN": 14, "ABBREV_LEN": 3, "TINY": -99, "HOMEPART": 1, "MIN_ZOOM": 0, "MIN_LABEL": 4, "MAX_LABEL": 9, "LABEL_X": 15.377555, "LABEL_Y": 49.882364, "NE_ID": 1159320535, "WIKIDATAID": "Q213", "NAME_AR": "\u0627\u0644\u062a\u0634\u064a\u0643", "NAME_BN": "\u099a\u09c7\u0995 \u09aa\u09cd\u09b0\u099c\u09be\u09a4\u09a8\u09cd\u09a4\u09cd\u09b0", "NAME_DE": "Tschechien", "NAME_EN": "Czech Republic", "NAME_ES": "Rep\u00fablica Checa", "NAME_FA": "\u062c\u0645\u0647\u0648\u0631\u06cc \u0686\u06a9", "NAME_FR": "Tch\u00e9quie", "NAME_EL": "\u03a4\u03c3\u03b5\u03c7\u03af\u03b1", "NAME_HE": "\u05e6'\u05db\u05d9\u05d4", "NAME_HI": "\u091a\u0947\u0915 \u0917\u0923\u0930\u093e\u091c\u094d\u092f", "NAME_HU": "Csehorsz\u00e1g", "NAME_ID": "Republik Ceko", "NAME_IT": "Repubblica Ceca", "NAME_JA": "\u30c1\u30a7\u30b3", "NAME_KO": "\uccb4\ucf54", "NAME_NL": "Tsjechi\u00eb", "NAME_PL": "Czechy", "NAME_PT": "Ch\u00e9quia", "NAME_RU": "\u0427\u0435\u0445\u0438\u044f", "NAME_SV": "Tjeckien", "NAME_TR": "\u00c7ek Cumhuriyeti", "NAME_UK": "\u0427\u0435\u0445\u0456\u044f", "NAME_UR": "\u0686\u06cc\u06a9 \u062c\u0645\u06c1\u0648\u0631\u06cc\u06c1", "NAME_VI": "C\u1ed9ng h\u00f2a S\u00e9c", "NAME_ZH": "\u6377\u514b", "NAME_ZHT": "\u6377\u514b\u5171\u548c\u570b", "FCLASS_ISO": "Admin-0 country", "TLC_DIFF": null, "FCLASS_TLC": "Admin-0 country", "FCLASS_US": null, "FCLASS_FR": null, "FCLASS_RU": null, "FCLASS_ES": null, "FCLASS_CN": null, "FCLASS_TW": null, "FCLASS_IN": null, "FCLASS_NP": null, "FCLASS_PK": null, "FCLASS_DE": null, "FCLASS_GB": null, "FCLASS_BR": null, "FCLASS_IL": null, "FCLASS_PS": null, "FCLASS_SA": null, "FCLASS_EG": null, "FCLASS_MA": null, "FCLASS_PT": null, "FCLASS_AR": null, "FCLASS_JP": null, "FCLASS_KO": null, "FCLASS_VN": null, "FCLASS_TR": null, "FCLASS_ID": null, "FCLASS_PL": null, "FCLASS_GR": null, "FCLASS_IT": null, "FCLASS_NL": null, "FCLASS_SE": null, "FCLASS_BD": null, "FCLASS_UA": null, "cartogram_scale": 0.6, "dc_count": 7, "dc_code": "CZE"}, "geometry": {"type": "Polygon", "coordinates": [[[15.3494, 50.5755], [15.6338, 50.3823], [16.0824, 50.3301], [16.045, 50.165], [16.3709, 50.0409], [16.4605, 50.1958], [16.872, 50.1288], [16.9289, 49.9409], [17.375, 49.9046], [17.6511, 49.6092], [17.4722, 49.6085], [17.3792, 49.5005], [17.2415, 49.4744], [17.2022, 49.3379], [17.0873, 49.3094], [17.0711, 49.2535], [16.8662, 49.1915], [16.6004, 49.2016], [16.5154, 49.0697], [16.2388, 49.1829], [15.957, 49.1518], [15.4913, 49.3349], [15.2801, 49.2901], [14.9426, 49.0446], [14.4968, 49.2378], [14.158, 49.4957], [13.8518, 49.6399], [13.7883, 49.8929], [13.6833, 50.0713], [14.1193, 50.2019], [14.3421, 50.3514], [14.7729, 50.4676], [14.9234, 50.5818], [15.0816, 50.5129], [15.3494, 50.5755]]]}}, {"type": "Feature", "properties": {"featurecla": "Admin-0 country", "scalerank": 1, "LABELRANK": 4, "SOVEREIGNT": "Eritrea", "SOV_A3": "ERI", "ADM0_DIF": 0, "LEVEL": 2, "TYPE": "Sovereign country", "TLC": "1", "ADMIN": "Eritrea", "ADM0_A3": "ERI", "GEOU_DIF": 0, "GEOUNIT": "Eritrea", "GU_A3": "ERI", "SU_DIF": 0, "SUBUNIT": "Eritrea", "SU_A3": "ERI", "BRK_DIFF": 0, "NAME": "Eritrea", "NAME_LONG": "Eritrea", "BRK_A3": "ERI", "BRK_NAME": "Eritrea", "BRK_GROUP": null, "ABBREV": "Erit.", "POSTAL": "ER", "FORMAL_EN": "State of Eritrea", "FORMAL_FR": null, "NAME_CIAWF": "Eritrea", "NOTE_ADM0": null, "NOTE_BRK": null, "NAME_SORT": "Eritrea", "NAME_ALT": null, "MAPCOLOR7": 3, "MAPCOLOR8": 1, "MAPCOLOR9": 2, "MAPCOLOR13": 12, "POP_EST": 6081196, "POP_RANK": 13, "POP_YEAR": 2020, "GDP_MD": 2065, "GDP_YEAR": 2011, "ECONOMY": "7. Least developed region", "INCOME_GRP": "5. Low income", "FIPS_10": "ER", "ISO_A2": "ER", "ISO_A2_EH": "ER", "ISO_A3": "ERI", "ISO_A3_EH": "ERI", "ISO_N3": "232", "ISO_N3_EH": "232", "UN_A3": "232", "WB_A2": "ER", "WB_A3": "ERI", "WOE_ID": 23424806, "WOE_ID_EH": 23424806, "WOE_NOTE": "Exact WOE match as country", "ADM0_ISO": "ERI", "ADM0_DIFF": null, "ADM0_TLC": "ERI", "ADM0_A3_US": "ERI", "ADM0_A3_FR": "ERI", "ADM0_A3_RU": "ERI", "ADM0_A3_ES": "ERI", "ADM0_A3_CN": "ERI", "ADM0_A3_TW": "ERI", "ADM0_A3_IN": "ERI", "ADM0_A3_NP": "ERI", "ADM0_A3_PK": "ERI", "ADM0_A3_DE": "ERI", "ADM0_A3_GB": "ERI", "ADM0_A3_BR": "ERI", "ADM0_A3_IL": "ERI", "ADM0_A3_PS": "ERI", "ADM0_A3_SA": "ERI", "ADM0_A3_EG": "ERI", "ADM0_A3_MA": "ERI", "ADM0_A3_PT": "ERI", "ADM0_A3_AR": "ERI", "ADM0_A3_JP": "ERI", "ADM0_A3_KO": "ERI", "ADM0_A3_VN": "ERI", "ADM0_A3_TR": "ERI", "ADM0_A3_ID": "ERI", "ADM0_A3_PL": "ERI", "ADM0_A3_GR": "ERI", "ADM0_A3_IT": "ERI", "ADM0_A3_NL": "ERI", "ADM0_A3_SE": "ERI", "ADM0_A3_BD": "ERI", "ADM0_A3_UA": "ERI", "ADM0_A3_UN": -99, "ADM0_A3_WB": -99, "CONTINENT": "Africa", "REGION_UN": "Africa", "SUBREGION": "Eastern Africa", "REGION_WB": "Sub-Saharan Africa", "NAME_LEN": 7, "LONG_LEN": 7, "ABBREV_LEN": 5, "TINY": -99, "HOMEPART": 1, "MIN_ZOOM": 0, "MIN_LABEL": 4, "MAX_LABEL": 9, "LABEL_X": 38.285566, "LABEL_Y": 15.787401, "NE_ID": 1159320581, "WIKIDATAID": "Q986", "NAME_AR": "\u0625\u0631\u064a\u062a\u0631\u064a\u0627", "NAME_BN": "\u0987\u09b0\u09bf\u09a4\u09cd\u09b0\u09bf\u09af\u09bc\u09be", "NAME_DE": "Eritrea", "NAME_EN": "Eritrea", "NAME_ES": "Eritrea", "NAME_FA": "\u0627\u0631\u06cc\u062a\u0631\u0647", "NAME_FR": "\u00c9rythr\u00e9e", "NAME_EL": "\u0395\u03c1\u03c5\u03b8\u03c1\u03b1\u03af\u03b1", "NAME_HE": "\u05d0\u05e8\u05d9\u05ea\u05e8\u05d9\u05d0\u05d4", "NAME_HI": "\u0907\u0930\u093f\u0924\u094d\u0930\u093f\u092f\u093e", "NAME_HU": "Eritrea", "NAME_ID": "Eritrea", "NAME_IT": "Eritrea", "NAME_JA": "\u30a8\u30ea\u30c8\u30ea\u30a2", "NAME_KO": "\uc5d0\ub9ac\ud2b8\ub808\uc544", "NAME_NL": "Eritrea", "NAME_PL": "Erytrea", "NAME_PT": "Eritreia", "NAME_RU": "\u042d\u0440\u0438\u0442\u0440\u0435\u044f", "NAME_SV": "Eritrea", "NAME_TR": "Eritre", "NAME_UK": "\u0415\u0440\u0438\u0442\u0440\u0435\u044f", "NAME_UR": "\u0627\u0631\u06cc\u062a\u0631\u06cc\u0627", "NAME_VI": "Eritrea", "NAME_ZH": "\u5384\u7acb\u7279\u91cc\u4e9a", "NAME_ZHT": "\u5384\u5229\u5782\u4e9e", "FCLASS_ISO": "Admin-0 country", "TLC_DIFF": null, "FCLASS_TLC": "Admin-0 country", "FCLASS_US": null, "FCLASS_FR": null, "FCLASS_RU": null, "FCLASS_ES": null, "FCLASS_CN": null, "FCLASS_TW": null, "FCLASS_IN": null, "FCLASS_NP": null, "FCLASS_PK": null, "FCLASS_DE": null, "FCLASS_GB": null, "FCLASS_BR": null, "FCLASS_IL": null, "FCLASS_PS": null, "FCLASS_SA": null, "FCLASS_EG": null, "FCLASS_MA": null, "FCLASS_PT": null, "FCLASS_AR": null, "FCLASS_JP": null, "FCLASS_KO": null, "FCLASS_VN": null, "FCLASS_TR": null, "FCLASS_ID": null, "FCLASS_PL": null, "FCLASS_GR": null, "FCLASS_IT": null, "FCLASS_NL": null, "FCLASS_SE": null, "FCLASS_BD": null, "FCLASS_UA": null, "cartogram_scale": 0.3, "dc_count": 0, "dc_code": "OTHER"}, "geometry": {"type": "Polygon", "coordinates": [[[38.6407, 14.625], [38.6088, 14.7452], [38.738, 15.186], [38.7676, 15.3854], [38.8621, 15.4774], [39.083, 15.5267], [39.2349, 15.6979], [39.409, 15.3506], [39.4917, 15.0752], [39.6561, 14.9291], [40.0656, 14.6457], [40.2323, 14.4747], [40.3949, 14.3016], [40.4887, 14.1985], [40.6362, 14.1083], [40.5457, 14.035], [40.4173, 14.0611], [40.3148, 14.1582], [40.1914, 14.334], [40.0584, 14.4304], [39.9808, 14.534], [39.7197, 14.6543], [39.514, 14.6579], [39.4417, 14.7206], [39.2657, 14.6501], [39.0837, 14.7862], [38.99, 14.5623], [38.6407, 14.625]]]}}, {"type": "Feature", "properties": {"featurecla": "Admin-0 country", "scalerank": 1, "LABELRANK": 2, "SOVEREIGNT": "Japan", "SOV_A3": "JPN", "ADM0_DIF": 0, "LEVEL": 2, "TYPE": "Sovereign country", "TLC": "1", "ADMIN": "Japan", "ADM0_A3": "JPN", "GEOU_DIF": 0, "GEOUNIT": "Japan", "GU_A3": "JPN", "SU_DIF": 0, "SUBUNIT": "Japan", "SU_A3": "JPN", "BRK_DIFF": 0, "NAME": "Japan", "NAME_LONG": "Japan", "BRK_A3": "JPN", "BRK_NAME": "Japan", "BRK_GROUP": null, "ABBREV": "Japan", "POSTAL": "J", "FORMAL_EN": "Japan", "FORMAL_FR": null, "NAME_CIAWF": "Japan", "NOTE_ADM0": null, "NOTE_BRK": null, "NAME_SORT": "Japan", "NAME_ALT": null, "MAPCOLOR7": 5, "MAPCOLOR8": 3, "MAPCOLOR9": 5, "MAPCOLOR13": 4, "POP_EST": 126264931, "POP_RANK": 17, "POP_YEAR": 2019, "GDP_MD": 5081769, "GDP_YEAR": 2019, "ECONOMY": "1. Developed region: G7", "INCOME_GRP": "1. High income: OECD", "FIPS_10": "JA", "ISO_A2": "JP", "ISO_A2_EH": "JP", "ISO_A3": "JPN", "ISO_A3_EH": "JPN", "ISO_N3": "392", "ISO_N3_EH": "392", "UN_A3": "392", "WB_A2": "JP", "WB_A3": "JPN", "WOE_ID": 23424856, "WOE_ID_EH": 23424856, "WOE_NOTE": "Exact WOE match as country", "ADM0_ISO": "JPN", "ADM0_DIFF": null, "ADM0_TLC": "JPN", "ADM0_A3_US": "JPN", "ADM0_A3_FR": "JPN", "ADM0_A3_RU": "JPN", "ADM0_A3_ES": "JPN", "ADM0_A3_CN": "JPN", "ADM0_A3_TW": "JPN", "ADM0_A3_IN": "JPN", "ADM0_A3_NP": "JPN", "ADM0_A3_PK": "JPN", "ADM0_A3_DE": "JPN", "ADM0_A3_GB": "JPN", "ADM0_A3_BR": "JPN", "ADM0_A3_IL": "JPN", "ADM0_A3_PS": "JPN", "ADM0_A3_SA": "JPN", "ADM0_A3_EG": "JPN", "ADM0_A3_MA": "JPN", "ADM0_A3_PT": "JPN", "ADM0_A3_AR": "JPN", "ADM0_A3_JP": "JPN", "ADM0_A3_KO": "JPN", "ADM0_A3_VN": "JPN", "ADM0_A3_TR": "JPN", "ADM0_A3_ID": "JPN", "ADM0_A3_PL": "JPN", "ADM0_A3_GR": "JPN", "ADM0_A3_IT": "JPN", "ADM0_A3_NL": "JPN", "ADM0_A3_SE": "JPN", "ADM0_A3_BD": "JPN", "ADM0_A3_UA": "JPN", "ADM0_A3_UN": -99, "ADM0_A3_WB": -99, "CONTINENT": "Asia", "REGION_UN": "Asia", "SUBREGION": "Eastern Asia", "REGION_WB": "East Asia & Pacific", "NAME_LEN": 5, "LONG_LEN": 5, "ABBREV_LEN": 5, "TINY": -99, "HOMEPART": 1, "MIN_ZOOM": 0, "MIN_LABEL": 1.7, "MAX_LABEL": 7, "LABEL_X": 138.44217, "LABEL_Y": 36.142538, "NE_ID": 1159320937, "WIKIDATAID": "Q17", "NAME_AR": "\u0627\u0644\u064a\u0627\u0628\u0627\u0646", "NAME_BN": "\u099c\u09be\u09aa\u09be\u09a8", "NAME_DE": "Japan", "NAME_EN": "Japan", "NAME_ES": "Jap\u00f3n", "NAME_FA": "\u0698\u0627\u067e\u0646", "NAME_FR": "Japon", "NAME_EL": "\u0399\u03b1\u03c0\u03c9\u03bd\u03af\u03b1", "NAME_HE": "\u05d9\u05e4\u05df", "NAME_HI": "\u091c\u093e\u092a\u093e\u0928", "NAME_HU": "Jap\u00e1n", "NAME_ID": "Jepang", "NAME_IT": "Giappone", "NAME_JA": "\u65e5\u672c", "NAME_KO": "\uc77c\ubcf8", "NAME_NL": "Japan", "NAME_PL": "Japonia", "NAME_PT": "Jap\u00e3o", "NAME_RU": "\u042f\u043f\u043e\u043d\u0438\u044f", "NAME_SV": "Japan", "NAME_TR": "Japonya", "NAME_UK": "\u042f\u043f\u043e\u043d\u0456\u044f", "NAME_UR": "\u062c\u0627\u067e\u0627\u0646", "NAME_VI": "Nh\u1eadt B\u1ea3n", "NAME_ZH": "\u65e5\u672c", "NAME_ZHT": "\u65e5\u672c", "FCLASS_ISO": "Admin-0 country", "TLC_DIFF": null, "FCLASS_TLC": "Admin-0 country", "FCLASS_US": null, "FCLASS_FR": null, "FCLASS_RU": null, "FCLASS_ES": null, "FCLASS_CN": null, "FCLASS_TW": null, "FCLASS_IN": null, "FCLASS_NP": null, "FCLASS_PK": null, "FCLASS_DE": null, "FCLASS_GB": null, "FCLASS_BR": null, "FCLASS_IL": null, "FCLASS_PS": null, "FCLASS_SA": null, "FCLASS_EG": null, "FCLASS_MA": null, "FCLASS_PT": null, "FCLASS_AR": null, "FCLASS_JP": null, "FCLASS_KO": null, "FCLASS_VN": null, "FCLASS_TR": null, "FCLASS_ID": null, "FCLASS_PL": null, "FCLASS_GR": null, "FCLASS_IT": null, "FCLASS_NL": null, "FCLASS_SE": null, "FCLASS_BD": null, "FCLASS_UA": null, "cartogram_scale": 1.8, "dc_count": 219, "dc_code": "JPN"}, "geometry": {"type": "MultiPolygon", "coordinates": [[[[153.6676, 40.7497], [152.0023, 38.9373], [152.0328, 37.0799], [151.3549, 35.6433], [151.6686, 34.7413], [150.7312, 33.4728], [148.4312, 32.6258], [145.2669, 32.5155], [142.7026, 30.4608], [141.493, 31.1525], [141.4183, 32.4979], [138.2878, 32.1008], [136.1575, 31.253], [134.0503, 31.2185], [135.8753, 29.8941], [134.6743, 26.8348], [133.5106, 26.0774], [132.6396, 26.777], [133.0811, 28.3992], [131.9417, 28.9227], [131.2105, 30.157], [132.9124, 30.7116], [133.8565, 31.8431], [135.6669, 32.7736], [136.9871, 34.0043], [140.5702, 34.5411], [142.4948, 34.173], [144.3782, 37.3731], [145.5784, 36.5135], [148.219, 38.3136], [149.2428, 39.0129], [150.3739, 41.214], [150.0654, 43.2381], [150.8257, 44.3752], [152.7394, 44.7056], [153.7209, 42.2091], [153.6676, 40.7497]]], [[[158.5794, 49.3537], [159.8528, 50.1167], [160.2529, 48.0959], [157.5827, 47.6032], [156.0062, 45.8155], [153.176, 47.046], [152.1964, 45.0764], [150.1945, 45.0493], [149.9468, 46.8389], [150.837, 48.224], [152.7603, 48.324], [153.2848, 50.814], [153.817, 52.2168], [155.9324, 50.3428], [157.3136, 49.7375], [158.5794, 49.3537]]], [[[136.5434, 30.4587], [137.5391, 31.5327], [138.5626, 31.3245], [139.3027, 32.081], [140.6244, 31.6928], [140.8548, 31.0756], [139.8414, 29.9863], [139.1026, 30.5637], [138.1798, 30.1454], [137.702, 29.0924], [136.5289, 29.605], [136.5434, 30.4587]]]]}}, {"type": "Feature", "properties": {"featurecla": "Admin-0 country", "scalerank": 1, "LABELRANK": 4, "SOVEREIGNT": "Paraguay", "SOV_A3": "PRY", "ADM0_DIF": 0, "LEVEL": 2, "TYPE": "Sovereign country", "TLC": "1", "ADMIN": "Paraguay", "ADM0_A3": "PRY", "GEOU_DIF": 0, "GEOUNIT": "Paraguay", "GU_A3": "PRY", "SU_DIF": 0, "SUBUNIT": "Paraguay", "SU_A3": "PRY", "BRK_DIFF": 0, "NAME": "Paraguay", "NAME_LONG": "Paraguay", "BRK_A3": "PRY", "BRK_NAME": "Paraguay", "BRK_GROUP": null, "ABBREV": "Para.", "POSTAL": "PY", "FORMAL_EN": "Republic of Paraguay", "FORMAL_FR": null, "NAME_CIAWF": "Paraguay", "NOTE_ADM0": null, "NOTE_BRK": null, "NAME_SORT": "Paraguay", "NAME_ALT": null, "MAPCOLOR7": 6, "MAPCOLOR8": 3, "MAPCOLOR9": 6, "MAPCOLOR13": 2, "POP_EST": 7044636, "POP_RANK": 13, "POP_YEAR": 2019, "GDP_MD": 38145, "GDP_YEAR": 2019, "ECONOMY": "5. Emerging region: G20", "INCOME_GRP": "4. Lower middle income", "FIPS_10": "PA", "ISO_A2": "PY", "ISO_A2_EH": "PY", "ISO_A3": "PRY", "ISO_A3_EH": "PRY", "ISO_N3": "600", "ISO_N3_EH": "600", "UN_A3": "600", "WB_A2": "PY", "WB_A3": "PRY", "WOE_ID": 23424917, "WOE_ID_EH": 23424917, "WOE_NOTE": "Exact WOE match as country", "ADM0_ISO": "PRY", "ADM0_DIFF": null, "ADM0_TLC": "PRY", "ADM0_A3_US": "PRY", "ADM0_A3_FR": "PRY", "ADM0_A3_RU": "PRY", "ADM0_A3_ES": "PRY", "ADM0_A3_CN": "PRY", "ADM0_A3_TW": "PRY", "ADM0_A3_IN": "PRY", "ADM0_A3_NP": "PRY", "ADM0_A3_PK": "PRY", "ADM0_A3_DE": "PRY", "ADM0_A3_GB": "PRY", "ADM0_A3_BR": "PRY", "ADM0_A3_IL": "PRY", "ADM0_A3_PS": "PRY", "ADM0_A3_SA": "PRY", "ADM0_A3_EG": "PRY", "ADM0_A3_MA": "PRY", "ADM0_A3_PT": "PRY", "ADM0_A3_AR": "PRY", "ADM0_A3_JP": "PRY", "ADM0_A3_KO": "PRY", "ADM0_A3_VN": "PRY", "ADM0_A3_TR": "PRY", "ADM0_A3_ID": "PRY", "ADM0_A3_PL": "PRY", "ADM0_A3_GR": "PRY", "ADM0_A3_IT": "PRY", "ADM0_A3_NL": "PRY", "ADM0_A3_SE": "PRY", "ADM0_A3_BD": "PRY", "ADM0_A3_UA": "PRY", "ADM0_A3_UN": -99, "ADM0_A3_WB": -99, "CONTINENT": "South America", "REGION_UN": "Americas", "SUBREGION": "South America", "REGION_WB": "Latin America & Caribbean", "NAME_LEN": 8, "LONG_LEN": 8, "ABBREV_LEN": 5, "TINY": -99, "HOMEPART": 1, "MIN_ZOOM": 0, "MIN_LABEL": 3, "MAX_LABEL": 8, "LABEL_X": -60.146394, "LABEL_Y": -21.674509, "NE_ID": 1159321195, "WIKIDATAID": "Q733", "NAME_AR": "\u0628\u0627\u0631\u0627\u063a\u0648\u0627\u064a", "NAME_BN": "\u09aa\u09cd\u09af\u09be\u09b0\u09be\u0997\u09c1\u09af\u09bc\u09c7", "NAME_DE": "Paraguay", "NAME_EN": "Paraguay", "NAME_ES": "Paraguay", "NAME_FA": "\u067e\u0627\u0631\u0627\u06af\u0648\u0626\u0647", "NAME_FR": "Paraguay", "NAME_EL": "\u03a0\u03b1\u03c1\u03b1\u03b3\u03bf\u03c5\u03ac\u03b7", "NAME_HE": "\u05e4\u05e8\u05d2\u05d5\u05d5\u05d0\u05d9", "NAME_HI": "\u092a\u0948\u0930\u093e\u0917\u094d\u0935\u0947", "NAME_HU": "Paraguay", "NAME_ID": "Paraguay", "NAME_IT": "Paraguay", "NAME_JA": "\u30d1\u30e9\u30b0\u30a2\u30a4", "NAME_KO": "\ud30c\ub77c\uacfc\uc774", "NAME_NL": "Paraguay", "NAME_PL": "Paragwaj", "NAME_PT": "Paraguai", "NAME_RU": "\u041f\u0430\u0440\u0430\u0433\u0432\u0430\u0439", "NAME_SV": "Paraguay", "NAME_TR": "Paraguay", "NAME_UK": "\u041f\u0430\u0440\u0430\u0433\u0432\u0430\u0439", "NAME_UR": "\u067e\u06cc\u0631\u0627\u06af\u0648\u0626\u06d2", "NAME_VI": "Paraguay", "NAME_ZH": "\u5df4\u62c9\u572d", "NAME_ZHT": "\u5df4\u62c9\u572d", "FCLASS_ISO": "Admin-0 country", "TLC_DIFF": null, "FCLASS_TLC": "Admin-0 country", "FCLASS_US": null, "FCLASS_FR": null, "FCLASS_RU": null, "FCLASS_ES": null, "FCLASS_CN": null, "FCLASS_TW": null, "FCLASS_IN": null, "FCLASS_NP": null, "FCLASS_PK": null, "FCLASS_DE": null, "FCLASS_GB": null, "FCLASS_BR": null, "FCLASS_IL": null, "FCLASS_PS": null, "FCLASS_SA": null, "FCLASS_EG": null, "FCLASS_MA": null, "FCLASS_PT": null, "FCLASS_AR": null, "FCLASS_JP": null, "FCLASS_KO": null, "FCLASS_VN": null, "FCLASS_TR": null, "FCLASS_ID": null, "FCLASS_PL": null, "FCLASS_GR": null, "FCLASS_IT": null, "FCLASS_NL": null, "FCLASS_SE": null, "FCLASS_BD": null, "FCLASS_UA": null, "cartogram_scale": 0.45, "dc_count": 2, "dc_code": "PRY"}, "geometry": {"type": "Polygon", "coordinates": [[[-57.8383, -21.8956], [-57.7053, -22.1458], [-57.7352, -22.7567], [-57.2601, -22.8431], [-57.0764, -22.7549], [-56.7725, -22.8767], [-56.6883, -23.0111], [-56.6464, -23.4235], [-56.5938, -23.5967], [-56.426, -23.6167], [-56.2572, -23.5439], [-56.0953, -23.6255], [-56.0955, -23.8729], [-56.1565, -24.1391], [-56.2448, -24.3988], [-56.3184, -24.7959], [-56.7266, -25.1406], [-57.0825, -25.2129], [-57.5878, -25.1442], [-58.0416, -25.0218], [-57.5986, -24.3377], [-57.6632, -24.1391], [-58.1267, -23.9632], [-58.6765, -23.6308], [-59.0444, -23.5624], [-59.8717, -22.8281], [-59.6945, -22.2893], [-59.6831, -22.0473], [-59.4673, -21.6513], [-58.6831, -21.5203], [-58.2652, -21.5267], [-57.846, -21.7569], [-57.8383, -21.8956]]]}}, {"type": "Feature", "properties": {"featurecla": "Admin-0 country", "scalerank": 1, "LABELRANK": 3, "SOVEREIGNT": "Yemen", "SOV_A3": "YEM", "ADM0_DIF": 0, "LEVEL": 2, "TYPE": "Sovereign country", "TLC": "1", "ADMIN": "Yemen", "ADM0_A3": "YEM", "GEOU_DIF": 0, "GEOUNIT": "Yemen", "GU_A3": "YEM", "SU_DIF": 0, "SUBUNIT": "Yemen", "SU_A3": "YEM", "BRK_DIFF": 0, "NAME": "Yemen", "NAME_LONG": "Yemen", "BRK_A3": "YEM", "BRK_NAME": "Yemen", "BRK_GROUP": null, "ABBREV": "Yem.", "POSTAL": "YE", "FORMAL_EN": "Republic of Yemen", "FORMAL_FR": null, "NAME_CIAWF": "Yemen", "NOTE_ADM0": null, "NOTE_BRK": null, "NAME_SORT": "Yemen, Rep.", "NAME_ALT": null, "MAPCOLOR7": 5, "MAPCOLOR8": 3, "MAPCOLOR9": 3, "MAPCOLOR13": 11, "POP_EST": 29161922, "POP_RANK": 15, "POP_YEAR": 2019, "GDP_MD": 22581, "GDP_YEAR": 2019, "ECONOMY": "7. Least developed region", "INCOME_GRP": "4. Lower middle income", "FIPS_10": "YM", "ISO_A2": "YE", "ISO_A2_EH": "YE", "ISO_A3": "YEM", "ISO_A3_EH": "YEM", "ISO_N3": "887", "ISO_N3_EH": "887", "UN_A3": "887", "WB_A2": "RY", "WB_A3": "YEM", "WOE_ID": 23425002, "WOE_ID_EH": 23425002, "WOE_NOTE": "Exact WOE match as country", "ADM0_ISO": "YEM", "ADM0_DIFF": null, "ADM0_TLC": "YEM", "ADM0_A3_US": "YEM", "ADM0_A3_FR": "YEM", "ADM0_A3_RU": "YEM", "ADM0_A3_ES": "YEM", "ADM0_A3_CN": "YEM", "ADM0_A3_TW": "YEM", "ADM0_A3_IN": "YEM", "ADM0_A3_NP": "YEM", "ADM0_A3_PK": "YEM", "ADM0_A3_DE": "YEM", "ADM0_A3_GB": "YEM", "ADM0_A3_BR": "YEM", "ADM0_A3_IL": "YEM", "ADM0_A3_PS": "YEM", "ADM0_A3_SA": "YEM", "ADM0_A3_EG": "YEM", "ADM0_A3_MA": "YEM", "ADM0_A3_PT": "YEM", "ADM0_A3_AR": "YEM", "ADM0_A3_JP": "YEM", "ADM0_A3_KO": "YEM", "ADM0_A3_VN": "YEM", "ADM0_A3_TR": "YEM", "ADM0_A3_ID": "YEM", "ADM0_A3_PL": "YEM", "ADM0_A3_GR": "YEM", "ADM0_A3_IT": "YEM", "ADM0_A3_NL": "YEM", "ADM0_A3_SE": "YEM", "ADM0_A3_BD": "YEM", "ADM0_A3_UA": "YEM", "ADM0_A3_UN": -99, "ADM0_A3_WB": -99, "CONTINENT": "Asia", "REGION_UN": "Asia", "SUBREGION": "Western Asia", "REGION_WB": "Middle East & North Africa", "NAME_LEN": 5, "LONG_LEN": 5, "ABBREV_LEN": 4, "TINY": -99, "HOMEPART": 1, "MIN_ZOOM": 0, "MIN_LABEL": 3, "MAX_LABEL": 8, "LABEL_X": 45.874383, "LABEL_Y": 15.328226, "NE_ID": 1159321425, "WIKIDATAID": "Q805", "NAME_AR": "\u0627\u0644\u064a\u0645\u0646", "NAME_BN": "\u0987\u09af\u09bc\u09c7\u09ae\u09c7\u09a8", "NAME_DE": "Jemen", "NAME_EN": "Yemen", "NAME_ES": "Yemen", "NAME_FA": "\u06cc\u0645\u0646", "NAME_FR": "Y\u00e9men", "NAME_EL": "\u03a5\u03b5\u03bc\u03ad\u03bd\u03b7", "NAME_HE": "\u05ea\u05d9\u05de\u05df", "NAME_HI": "\u092f\u092e\u0928", "NAME_HU": "Jemen", "NAME_ID": "Yaman", "NAME_IT": "Yemen", "NAME_JA": "\u30a4\u30a8\u30e1\u30f3", "NAME_KO": "\uc608\uba58", "NAME_NL": "Jemen", "NAME_PL": "Jemen", "NAME_PT": "I\u00e9men", "NAME_RU": "\u0419\u0435\u043c\u0435\u043d", "NAME_SV": "Jemen", "NAME_TR": "Yemen", "NAME_UK": "\u0404\u043c\u0435\u043d", "NAME_UR": "\u06cc\u0645\u0646", "NAME_VI": "Yemen", "NAME_ZH": "\u4e5f\u95e8", "NAME_ZHT": "\u8449\u9580", "FCLASS_ISO": "Admin-0 country", "TLC_DIFF": null, "FCLASS_TLC": "Admin-0 country", "FCLASS_US": null, "FCLASS_FR": null, "FCLASS_RU": null, "FCLASS_ES": null, "FCLASS_CN": null, "FCLASS_TW": null, "FCLASS_IN": null, "FCLASS_NP": null, "FCLASS_PK": null, "FCLASS_DE": null, "FCLASS_GB": null, "FCLASS_BR": null, "FCLASS_IL": null, "FCLASS_PS": null, "FCLASS_SA": null, "FCLASS_EG": null, "FCLASS_MA": null, "FCLASS_PT": null, "FCLASS_AR": null, "FCLASS_JP": null, "FCLASS_KO": null, "FCLASS_VN": null, "FCLASS_TR": null, "FCLASS_ID": null, "FCLASS_PL": null, "FCLASS_GR": null, "FCLASS_IT": null, "FCLASS_NL": null, "FCLASS_SE": null, "FCLASS_BD": null, "FCLASS_UA": null, "cartogram_scale": 0.3, "dc_count": 0, "dc_code": "OTHER"}, "geometry": {"type": "Polygon", "coordinates": [[[48.1301, 16.5583], [48.3647, 16.0632], [48.4626, 15.8536], [48.2456, 15.773], [48.1876, 15.6399], [48.1805, 15.5376], [47.8818, 15.4109], [47.4024, 15.271], [47.1338, 15.0593], [47.0017, 15.0428], [46.9117, 15.0605], [46.7364, 14.936], [46.5452, 14.8782], [46.2933, 14.8627], [46.2176, 14.8456], [46.152, 14.7664], [46.0734, 14.7445], [46.0269, 14.6682], [45.8784, 14.6748], [45.7826, 14.6341], [45.5749, 14.6494], [45.4969, 14.8246], [45.5055, 14.9886], [45.4564, 15.0771], [45.3977, 15.299], [45.3115, 15.4223], [45.3716, 15.4369], [45.3408, 15.574], [45.3772, 15.6318], [45.3639, 15.7627], [45.4956, 15.8584], [45.4648, 15.9849], [45.5443, 16.1323], [45.6675, 16.0543], [45.7488, 16.0814], [46.095, 16.0883], [46.1501, 16.0583], [46.4401, 16.0283], [46.5551, 16.0433], [46.6301, 15.9433], [46.7701, 15.9933], [46.9851, 16.3083], [47.2651, 16.4433], [48.1301, 16.5583]]]}}, {"type": "Feature", "properties": {"featurecla": "Admin-0 country", "scalerank": 1, "LABELRANK": 2, "SOVEREIGNT": "Saudi Arabia", "SOV_A3": "SAU", "ADM0_DIF": 0, "LEVEL": 2, "TYPE": "Sovereign country", "TLC": "1", "ADMIN": "Saudi Arabia", "ADM0_A3": "SAU", "GEOU_DIF": 0, "GEOUNIT": "Saudi Arabia", "GU_A3": "SAU", "SU_DIF": 0, "SUBUNIT": "Saudi Arabia", "SU_A3": "SAU", "BRK_DIFF": 0, "NAME": "Saudi Arabia", "NAME_LONG": "Saudi Arabia", "BRK_A3": "SAU", "BRK_NAME": "Saudi Arabia", "BRK_GROUP": null, "ABBREV": "Saud.", "POSTAL": "SA", "FORMAL_EN": "Kingdom of Saudi Arabia", "FORMAL_FR": null, "NAME_CIAWF": "Saudi Arabia", "NOTE_ADM0": null, "NOTE_BRK": null, "NAME_SORT": "Saudi Arabia", "NAME_ALT": null, "MAPCOLOR7": 6, "MAPCOLOR8": 1, "MAPCOLOR9": 6, "MAPCOLOR13": 7, "POP_EST": 34268528, "POP_RANK": 15, "POP_YEAR": 2019, "GDP_MD": 792966, "GDP_YEAR": 2019, "ECONOMY": "2. Developed region: nonG7", "INCOME_GRP": "2. High income: nonOECD", "FIPS_10": "SA", "ISO_A2": "SA", "ISO_A2_EH": "SA", "ISO_A3": "SAU", "ISO_A3_EH": "SAU", "ISO_N3": "682", "ISO_N3_EH": "682", "UN_A3": "682", "WB_A2": "SA", "WB_A3": "SAU", "WOE_ID": 23424938, "WOE_ID_EH": 23424938, "WOE_NOTE": "Exact WOE match as country", "ADM0_ISO": "SAU", "ADM0_DIFF": null, "ADM0_TLC": "SAU", "ADM0_A3_US": "SAU", "ADM0_A3_FR": "SAU", "ADM0_A3_RU": "SAU", "ADM0_A3_ES": "SAU", "ADM0_A3_CN": "SAU", "ADM0_A3_TW": "SAU", "ADM0_A3_IN": "SAU", "ADM0_A3_NP": "SAU", "ADM0_A3_PK": "SAU", "ADM0_A3_DE": "SAU", "ADM0_A3_GB": "SAU", "ADM0_A3_BR": "SAU", "ADM0_A3_IL": "SAU", "ADM0_A3_PS": "SAU", "ADM0_A3_SA": "SAU", "ADM0_A3_EG": "SAU", "ADM0_A3_MA": "SAU", "ADM0_A3_PT": "SAU", "ADM0_A3_AR": "SAU", "ADM0_A3_JP": "SAU", "ADM0_A3_KO": "SAU", "ADM0_A3_VN": "SAU", "ADM0_A3_TR": "SAU", "ADM0_A3_ID": "SAU", "ADM0_A3_PL": "SAU", "ADM0_A3_GR": "SAU", "ADM0_A3_IT": "SAU", "ADM0_A3_NL": "SAU", "ADM0_A3_SE": "SAU", "ADM0_A3_BD": "SAU", "ADM0_A3_UA": "SAU", "ADM0_A3_UN": -99, "ADM0_A3_WB": -99, "CONTINENT": "Asia", "REGION_UN": "Asia", "SUBREGION": "Western Asia", "REGION_WB": "Middle East & North Africa", "NAME_LEN": 12, "LONG_LEN": 12, "ABBREV_LEN": 5, "TINY": -99, "HOMEPART": 1, "MIN_ZOOM": 0, "MIN_LABEL": 1.7, "MAX_LABEL": 7, "LABEL_X": 44.6996, "LABEL_Y": 23.806908, "NE_ID": 1159321225, "WIKIDATAID": "Q851", "NAME_AR": "\u0627\u0644\u0633\u0639\u0648\u062f\u064a\u0629", "NAME_BN": "\u09b8\u09cc\u09a6\u09bf \u0986\u09b0\u09ac", "NAME_DE": "Saudi-Arabien", "NAME_EN": "Saudi Arabia", "NAME_ES": "Arabia Saudita", "NAME_FA": "\u0639\u0631\u0628\u0633\u062a\u0627\u0646 \u0633\u0639\u0648\u062f\u06cc", "NAME_FR": "Arabie saoudite", "NAME_EL": "\u03a3\u03b1\u03bf\u03c5\u03b4\u03b9\u03ba\u03ae \u0391\u03c1\u03b1\u03b2\u03af\u03b1", "NAME_HE": "\u05e2\u05e8\u05d1 \u05d4\u05e1\u05e2\u05d5\u05d3\u05d9\u05ea", "NAME_HI": "\u0938\u0909\u0926\u0940 \u0905\u0930\u092c", "NAME_HU": "Sza\u00fad-Ar\u00e1bia", "NAME_ID": "Arab Saudi", "NAME_IT": "Arabia Saudita", "NAME_JA": "\u30b5\u30a6\u30b8\u30a2\u30e9\u30d3\u30a2", "NAME_KO": "\uc0ac\uc6b0\ub514\uc544\ub77c\ube44\uc544", "NAME_NL": "Saoedi-Arabi\u00eb", "NAME_PL": "Arabia Saudyjska", "NAME_PT": "Ar\u00e1bia Saudita", "NAME_RU": "\u0421\u0430\u0443\u0434\u043e\u0432\u0441\u043a\u0430\u044f \u0410\u0440\u0430\u0432\u0438\u044f", "NAME_SV": "Saudiarabien", "NAME_TR": "Suudi Arabistan", "NAME_UK": "\u0421\u0430\u0443\u0434\u0456\u0432\u0441\u044c\u043a\u0430 \u0410\u0440\u0430\u0432\u0456\u044f", "NAME_UR": "\u0633\u0639\u0648\u062f\u06cc \u0639\u0631\u0628", "NAME_VI": "\u1ea2 R\u1eadp Saudi", "NAME_ZH": "\u6c99\u7279\u963f\u62c9\u4f2f", "NAME_ZHT": "\u6c99\u70cf\u5730\u963f\u62c9\u4f2f", "FCLASS_ISO": "Admin-0 country", "TLC_DIFF": null, "FCLASS_TLC": "Admin-0 country", "FCLASS_US": null, "FCLASS_FR": null, "FCLASS_RU": null, "FCLASS_ES": null, "FCLASS_CN": null, "FCLASS_TW": null, "FCLASS_IN": null, "FCLASS_NP": null, "FCLASS_PK": null, "FCLASS_DE": null, "FCLASS_GB": null, "FCLASS_BR": null, "FCLASS_IL": null, "FCLASS_PS": null, "FCLASS_SA": null, "FCLASS_EG": null, "FCLASS_MA": null, "FCLASS_PT": null, "FCLASS_AR": null, "FCLASS_JP": null, "FCLASS_KO": null, "FCLASS_VN": null, "FCLASS_TR": null, "FCLASS_ID": null, "FCLASS_PL": null, "FCLASS_GR": null, "FCLASS_IT": null, "FCLASS_NL": null, "FCLASS_SE": null, "FCLASS_BD": null, "FCLASS_UA": null, "cartogram_scale": 0.6, "dc_count": 10, "dc_code": "SAU"}, "geometry": {"type": "Polygon", "coordinates": [[[38.4112, 27.23], [39.079, 27.1346], [39.3383, 27.3192], [39.4819, 27.5353], [39.9397, 27.6183], [40.0385, 27.8193], [40.2369, 27.9212], [39.6389, 28.5211], [40.8405, 28.8222], [40.9549, 28.9127], [41.6776, 28.7501], [42.5716, 28.3301], [44.2633, 27.1234], [45.3788, 27.0755], [45.9135, 27.0176], [46.0629, 26.7317], [46.4873, 26.7473], [46.7222, 26.2299], [47.0173, 26.0928], [47.1201, 25.8821], [47.5291, 25.6299], [47.5654, 25.3823], [47.5056, 25.1825], [47.5815, 24.9809], [47.754, 24.8128], [47.8339, 24.616], [47.9237, 24.4689], [48.105, 24.3499], [48.2714, 24.3925], [48.3853, 24.1634], [48.4082, 24.0246], [48.638, 23.4168], [50.4417, 23.1143], [50.5626, 23.2411], [50.8376, 22.8161], [50.4376, 21.6161], [48.6376, 21.0161], [46.9076, 20.7861], [46.3476, 20.5161], [45.9176, 19.8861], [45.6376, 19.7861], [45.4876, 19.9861], [45.2576, 19.9561], [44.6776, 20.0161], [44.5676, 20.0761], [43.8752, 20.0623], [43.7125, 20.0081], [43.4661, 20.1641], [43.3071, 19.8691], [43.3686, 19.6162], [43.1052, 19.4248], [43.0273, 19.6809], [42.8464, 19.8616], [42.8001, 20.1009], [42.4902, 20.3159], [42.1704, 20.819], [42.0012, 21.308], [41.5862, 21.7209], [41.3186, 21.8194], [40.9212, 22.3912], [40.8518, 22.8082], [40.8774, 23.1639], [40.5333, 23.8292], [40.2519, 24.0633], [39.9278, 24.1874], [39.7305, 24.5312], [39.7633, 24.6668], [39.5966, 24.9779], [39.4214, 25.1118], [39.1871, 25.5582], [38.8217, 26.042], [38.5157, 26.4541], [38.217, 26.4512], [38.3103, 26.7805], [38.3369, 26.9906], [38.4112, 27.23]]]}}, {"type": "Feature", "properties": {"featurecla": "Admin-0 country", "scalerank": 1, "LABELRANK": 4, "SOVEREIGNT": "Antarctica", "SOV_A3": "ATA", "ADM0_DIF": 0, "LEVEL": 2, "TYPE": "Indeterminate", "TLC": "1", "ADMIN": "Antarctica", "ADM0_A3": "ATA", "GEOU_DIF": 0, "GEOUNIT": "Antarctica", "GU_A3": "ATA", "SU_DIF": 0, "SUBUNIT": "Antarctica", "SU_A3": "ATA", "BRK_DIFF": 0, "NAME": "Antarctica", "NAME_LONG": "Antarctica", "BRK_A3": "ATA", "BRK_NAME": "Antarctica", "BRK_GROUP": null, "ABBREV": "Ant.", "POSTAL": "AQ", "FORMAL_EN": null, "FORMAL_FR": null, "NAME_CIAWF": null, "NOTE_ADM0": "By treaty", "NOTE_BRK": "Multiple claims held in abeyance by treaty", "NAME_SORT": "Antarctica", "NAME_ALT": null, "MAPCOLOR7": 4, "MAPCOLOR8": 5, "MAPCOLOR9": 1, "MAPCOLOR13": -99, "POP_EST": 4490, "POP_RANK": 4, "POP_YEAR": 2019, "GDP_MD": 898, "GDP_YEAR": 2013, "ECONOMY": "6. Developing region", "INCOME_GRP": "2. High income: nonOECD", "FIPS_10": "AY", "ISO_A2": "AQ", "ISO_A2_EH": "AQ", "ISO_A3": "ATA", "ISO_A3_EH": "ATA", "ISO_N3": "010", "ISO_N3_EH": "010", "UN_A3": "010", "WB_A2": "-99", "WB_A3": "-99", "WOE_ID": 28289409, "WOE_ID_EH": 28289409, "WOE_NOTE": "Exact WOE match as country", "ADM0_ISO": "ATA", "ADM0_DIFF": null, "ADM0_TLC": "ATA", "ADM0_A3_US": "ATA", "ADM0_A3_FR": "ATA", "ADM0_A3_RU": "ATA", "ADM0_A3_ES": "ATA", "ADM0_A3_CN": "ATA", "ADM0_A3_TW": "ATA", "ADM0_A3_IN": "ATA", "ADM0_A3_NP": "ATA", "ADM0_A3_PK": "ATA", "ADM0_A3_DE": "ATA", "ADM0_A3_GB": "ATA", "ADM0_A3_BR": "ATA", "ADM0_A3_IL": "ATA", "ADM0_A3_PS": "ATA", "ADM0_A3_SA": "ATA", "ADM0_A3_EG": "ATA", "ADM0_A3_MA": "ATA", "ADM0_A3_PT": "ATA", "ADM0_A3_AR": "ATA", "ADM0_A3_JP": "ATA", "ADM0_A3_KO": "ATA", "ADM0_A3_VN": "ATA", "ADM0_A3_TR": "ATA", "ADM0_A3_ID": "ATA", "ADM0_A3_PL": "ATA", "ADM0_A3_GR": "ATA", "ADM0_A3_IT": "ATA", "ADM0_A3_NL": "ATA", "ADM0_A3_SE": "ATA", "ADM0_A3_BD": "ATA", "ADM0_A3_UA": "ATA", "ADM0_A3_UN": -99, "ADM0_A3_WB": -99, "CONTINENT": "Antarctica", "REGION_UN": "Antarctica", "SUBREGION": "Antarctica", "REGION_WB": "Antarctica", "NAME_LEN": 10, "LONG_LEN": 10, "ABBREV_LEN": 4, "TINY": -99, "HOMEPART": 1, "MIN_ZOOM": 0, "MIN_LABEL": 4, "MAX_LABEL": 9, "LABEL_X": 35.885455, "LABEL_Y": -79.843222, "NE_ID": 1159320335, "WIKIDATAID": "Q51", "NAME_AR": "\u0627\u0644\u0642\u0627\u0631\u0629 \u0627\u0644\u0642\u0637\u0628\u064a\u0629 \u0627\u0644\u062c\u0646\u0648\u0628\u064a\u0629", "NAME_BN": "\u0985\u09cd\u09af\u09be\u09a8\u09cd\u099f\u09be\u09b0\u09cd\u0995\u099f\u09bf\u0995\u09be", "NAME_DE": "Antarktika", "NAME_EN": "Antarctica", "NAME_ES": "Ant\u00e1rtida", "NAME_FA": "\u062c\u0646\u0648\u0628\u06af\u0627\u0646", "NAME_FR": "Antarctique", "NAME_EL": "\u0391\u03bd\u03c4\u03b1\u03c1\u03ba\u03c4\u03b9\u03ba\u03ae", "NAME_HE": "\u05d0\u05e0\u05d8\u05d0\u05e8\u05e7\u05d8\u05d9\u05e7\u05d4", "NAME_HI": "\u0905\u0902\u091f\u093e\u0930\u094d\u0915\u091f\u093f\u0915\u093e", "NAME_HU": "Antarktika", "NAME_ID": "Antartika", "NAME_IT": "Antartide", "NAME_JA": "\u5357\u6975\u5927\u9678", "NAME_KO": "\ub0a8\uadf9", "NAME_NL": "Antarctica", "NAME_PL": "Antarktyda", "NAME_PT": "Ant\u00e1rtida", "NAME_RU": "\u0410\u043d\u0442\u0430\u0440\u043a\u0442\u0438\u0434\u0430", "NAME_SV": "Antarktis", "NAME_TR": "Antarktika", "NAME_UK": "\u0410\u043d\u0442\u0430\u0440\u043a\u0442\u0438\u0434\u0430", "NAME_UR": "\u0627\u0646\u0679\u0627\u0631\u06a9\u0679\u06a9\u0627", "NAME_VI": "Ch\u00e2u Nam C\u1ef1c", "NAME_ZH": "\u5357\u6781\u6d32", "NAME_ZHT": "\u5357\u6975\u6d32", "FCLASS_ISO": "Admin-0 dependency", "TLC_DIFF": null, "FCLASS_TLC": "Admin-0 dependency", "FCLASS_US": null, "FCLASS_FR": null, "FCLASS_RU": null, "FCLASS_ES": null, "FCLASS_CN": null, "FCLASS_TW": null, "FCLASS_IN": null, "FCLASS_NP": null, "FCLASS_PK": null, "FCLASS_DE": null, "FCLASS_GB": null, "FCLASS_BR": null, "FCLASS_IL": null, "FCLASS_PS": null, "FCLASS_SA": null, "FCLASS_EG": null, "FCLASS_MA": null, "FCLASS_PT": null, "FCLASS_AR": null, "FCLASS_JP": null, "FCLASS_KO": null, "FCLASS_VN": null, "FCLASS_TR": null, "FCLASS_ID": null, "FCLASS_PL": null, "FCLASS_GR": null, "FCLASS_IT": null, "FCLASS_NL": null, "FCLASS_SE": null, "FCLASS_BD": null, "FCLASS_UA": null, "cartogram_scale": 0.3, "dc_count": 0, "dc_code": "OTHER"}, "geometry": {"type": "MultiPolygon", "coordinates": [[[[-26.0345, -74.7994], [-25.8818, -74.7994], [-25.4352, -74.7348], [-24.9828, -74.7994], [-24.6126, -74.9288], [-24.4833, -75.111], [-24.4481, -75.2403], [-24.4363, -75.3932], [-24.9005, -75.4872], [-25.3882, -75.5636], [-25.9523, -75.6342], [-26.581, -75.693], [-27.2919, -75.6753], [-27.6856, -75.5754], [-27.6327, -75.4519], [-26.9923, -75.3696], [-26.7337, -75.2697], [-26.5457, -75.1404], [-26.4106, -75.0287], [-26.2284, -74.9229], [-26.0345, -74.7994], [-26.0345, -74.7994]]], [[[-31.3234, -75.4621], [-30.6477, -75.4738], [-30.0013, -75.5032], [-29.778, -75.3797], [-29.6194, -75.2739], [-29.308, -75.3974], [-29.3961, -75.5502], [-29.4842, -75.6854], [-30.113, -75.6443], [-30.7828, -75.6619], [-31.1588, -75.562], [-31.1588, -75.5502], [-31.3234, -75.4621]]], [[[-33.6111, -72.7661], [-33.6111, -72.7661], [-33.4054, -72.7309], [-33.0588, -72.7426], [-32.9706, -72.5898], [-32.953, -72.4781], [-32.9589, -72.2371], [-32.7885, -72.096], [-32.5123, -72.0489], [-32.3537, -72.1606], [-32.2832, -72.2723], [-32.1539, -72.4075], [-32.054, -72.5369], [-31.9718, -72.6721], [-31.9365, -72.8073], [-31.9894, -72.9248], [-32.0716, -73.0365], [-32.4242, -73.0777], [-32.7591, -73.1365], [-33.1528, -73.1306], [-33.0059, -73.013], [-33.3584, -73.0542], [-33.6934, -73.0953], [-33.9225, -73.0071], [-33.9401, -72.8837], [-33.6111, -72.7661]]], [[[-42.1356, -72.9536], [-42.1356, -72.9536], [-41.9475, -72.9007], [-41.5656, -72.9418], [-41.1308, -72.9653], [-40.8018, -73.0065], [-40.4727, -72.9712], [-40.2965, -73.1417], [-40.5315, -73.1182], [-40.8958, -73.1299], [-41.266, -73.1182], [-41.6714, -73.1358], [-41.9769, -73.077], [-42.1356, -72.9536]]], [[[-48.2229, -73.4827], [-48.2229, -73.4827], [-48.1582, -73.3827], [-47.7998, -73.4356], [-47.412, -73.4826], [-47.0536, -73.4297], [-47.224, -73.5356], [-47.506, -73.612], [-47.9232, -73.5885], [-48.2229, -73.4827]]], [[[-49.6213, -73.4239], [-49.6213, -73.4239], [-49.4039, -73.3592], [-49.1042, -73.4297], [-48.6459, -73.5473], [-48.8222, -73.5356], [-49.21, -73.5062], [-49.6213, -73.4239]]], [[[-60.5502, -74.964], [-60.5502, -74.964], [-60.3681, -74.8523], [-59.8099, -74.8994], [-59.5102, -74.9934], [-59.2811, -75.0992], [-59.1988, -75.2344], [-59.7746, -75.2756], [-60.1683, -75.1698], [-60.3446, -75.064], [-60.3563, -75.0463], [-60.5502, -74.964]]], [[[42.5637, -76.7993], [42.5637, -78.3853], [-65.4363, -78.3853], [-65.4363, -76.7993], [-65.4191, -76.8018], [-65.154, -76.6271], [-64.6134, -76.7212], [-64.5786, -76.7107], [-64.2618, -76.6151], [-64.2205, -76.6185], [-64.1853, -76.6207], [-63.7511, -76.7456], [-63.3713, -76.6207], [-63.3031, -76.6036], [-62.4217, -76.5507], [-62.1363, -76.6207], [-61.9954, -76.6565], [-61.543, -76.7565], [-60.691, -76.8329], [-60.0153, -76.9269], [-58.8578, -76.9975], [-57.994, -76.9152], [-56.719, -76.974], [-55.9963, -77.068], [-55.203, -76.9799], [-54.3687, -76.8975], [-54.304, -76.7565], [-55.4851, -76.7447], [-56.4546, -76.6742], [-56.7072, -76.5566], [-57.5122, -76.4919], [-57.4593, -76.3567], [-57.3477, -76.2333], [-57.236, -76.1216], [-57.2948, -75.9981], [-57.7942, -75.9158], [-58.0234, -75.81], [-58.4876, -75.716], [-57.759, -75.7336], [-57.0656, -75.6866], [-56.6308, -75.7865], [-56.0961, -75.6983], [-55.6026, -75.5866], [-55.3617, -75.4867], [-55.4674, -75.3633], [-55.8552, -75.2809], [-56.2959, -75.1928], [-56.9129, -75.1751], [-57.4534, -75.134], [-58.0352, -75.1046], [-58.2291, -74.9929], [-58.6168, -74.8988], [-58.8519, -74.793], [-58.9459, -74.4521], [-58.799, -74.4815], [-58.5287, -74.5756], [-58.0352, -74.5461], [-57.5592, -74.505], [-57.3124, -74.6343], [-56.8365, -74.6049], [-56.4369, -74.5403], [-56.0609, -74.458], [-55.7201, -74.358], [-55.2677, -74.3287], [-55.2794, -74.217], [-55.3852, -74.1053], [-55.297, -73.9994], [-54.9092, -73.9465], [-54.733, -74.0465], [-54.2747, -73.9877], [-53.928, -73.9113], [-53.4991, -73.9054], [-53.0936, -73.876], [-52.6882, -73.8055], [-52.365, -73.7408], [-52.0007, -73.6761], [-51.7657, -73.6938], [-51.56, -73.7173], [-51.1135, -73.6761], [-50.7139, -73.729], [-50.3026, -73.7232], [-49.909, -73.682], [-49.5035, -73.7114], [-49.057, -73.7408], [-48.6398, -73.729], [-48.205, -73.7349], [-47.7584, -73.7408], [-47.3471, -73.729], [-47.0416, -73.6408], [-46.6773, -73.5938], [-46.3012, -73.6585], [-45.9428, -73.6056], [-45.6196, -73.4998], [-45.4257, -73.5938], [-45.32, -73.6996], [-45.1261, -73.7996], [-44.8147, -73.7114], [-44.4562, -73.8231], [-44.0508, -73.8584], [-43.7042, -73.9407], [-43.2811, -73.923], [-42.8992, -73.8701], [-42.4467, -73.8819], [-42.0413, -73.923], [-41.63, -73.9759], [-41.4714, -73.8466], [-41.6653, -73.7467], [-41.8122, -73.6408], [-42.2, -73.6173], [-42.3703, -73.5056], [-42.435, -73.3939], [-42.5407, -73.1706], [-42.3116, -73.2117], [-41.9179, -73.2294], [-41.5301, -73.2117], [-41.1776, -73.2587], [-40.872, -73.3469], [-40.7428, -73.4527], [-40.3373, -73.4704], [-39.9495, -73.4292], [-39.5382, -73.3704], [-39.1681, -73.3352], [-38.8625, -73.4057], [-38.463, -73.3822], [-38.2044, -73.1529], [-37.9635, -73.2881], [-37.6169, -73.3411], [-37.2408, -73.3117], [-36.994, -73.4292], [-36.6003, -73.441], [-36.236, -73.4763], [-35.8776, -73.5409], [-35.6426, -73.4292], [-35.5251, -73.3234], [-35.2254, -73.441], [-34.8141, -73.4116], [-34.5086, -73.4763], [-34.3029, -73.5762], [-33.9034, -73.5468], [-33.592, -73.4821], [-33.2864, -73.4057], [-32.9221, -73.3646], [-32.4991, -73.3293], [-32.1171, -73.2881], [-31.8233, -73.2235], [-31.6471, -73.1294], [-31.5766, -73.0001], [-31.6118, -72.8766], [-31.7058, -72.7591], [-31.8116, -72.6415], [-31.9056, -72.5239], [-31.982, -72.4181], [-31.9996, -72.3005], [-31.9702, -72.183], [-31.8292, -72.0713], [-31.7117, -71.9478], [-31.6647, -71.8303], [-31.7235, -71.701], [-31.7587, -71.5834], [-31.6118, -71.4482], [-31.4473, -71.36], [-31.2534, -71.2483], [-31.0477, -71.1542], [-30.8068, -71.0661], [-30.6893, -70.9367], [-30.5248, -70.8544], [-30.3368, -70.778], [-30.0489, -70.7604], [-29.8608, -70.6663], [-29.6493, -70.6075], [-29.4025, -70.5723], [-29.1851, -70.4958], [-29.0147, -70.4018], [-28.7797, -70.3665], [-28.6034, -70.4429], [-28.7151, -70.5429], [-29.0206, -70.6311], [-29.1499, -70.6957], [-29.3732, -70.6487], [-29.6199, -70.6781], [-29.8256, -70.7486], [-30.043, -70.8251], [-30.1899, -70.9132], [-30.231, -71.0308], [-30.2134, -71.1425], [-30.0724, -71.2424], [-30.278, -71.313], [-30.5601, -71.3365], [-30.7246, -71.4364], [-30.9009, -71.5305], [-31.0889, -71.6598], [-31.1359, -71.7715], [-31.0301, -71.8949], [-30.8715, -71.989], [-30.6247, -72.0595], [-30.3955, -72.1536], [-30.2721, -72.2711], [-30.2075, -72.3828], [-30.1194, -72.5004], [-29.9783, -72.6004], [-29.8902, -72.712], [-29.8491, -72.9883], [-29.7609, -73.1], [-29.7374, -73.2176], [-29.6434, -73.3352], [-29.6846, -73.4939], [-29.8491, -73.6173], [-30.0254, -73.7173], [-30.4249, -73.7584], [-30.5601, -73.8642], [-30.7422, -73.9642], [-31.1946, -74.0759], [-31.5942, -74.1229], [-31.9702, -74.1876], [-32.3757, -74.2522], [-32.6166, -74.3757], [-33.0984, -74.3874], [-33.6272, -74.3757], [-34.1031, -74.3992], [-34.6085, -74.3992], [-34.5144, -74.5168], [-34.0561, -74.5696], [-33.7212, -74.6519], [-33.5332, -74.7578], [-33.8681, -74.8518], [-34.3852, -74.8224], [-34.8141, -74.8988], [-34.8317, -75.0223], [-34.8435, -75.1399], [-34.4909, -75.2398], [-34.4263, -75.3515], [-34.0444, -75.4632], [-33.4098, -75.5102], [-32.8692, -75.5925], [-32.4403, -75.6866], [-31.8938, -75.7806], [-31.1476, -75.8277], [-30.4132, -75.9099], [-29.902, -75.9981], [-29.3438, -76.0981], [-29.05, -76.2392], [-28.9031, -76.3509], [-28.5388, -76.245], [-28.0452, -76.1568], [-27.5223, -76.0628], [-26.8994, -75.9864], [-26.3648, -75.9041], [-25.6185, -75.8982], [-24.8841, -75.9393], [-24.2789, -76.0099], [-24.085, -75.8806], [-23.6678, -75.7924], [-22.9098, -75.7865], [-22.3164, -75.7218], [-21.7523, -75.6572], [-21.1294, -75.616], [-20.4655, -75.5631], [-20.0013, -75.4867], [-20.2128, -75.3809], [-20.3421, -75.2751], [-20.3421, -75.1634], [-20.9238, -75.1751], [-21.5407, -75.2222], [-22.1283, -75.2222], [-22.2106, -75.1105], [-22.1695, -74.8871], [-22.0343, -74.8224], [-21.6054, -74.7519], [-21.1001, -74.6814], [-20.7358, -74.5932], [-20.3715, -74.505], [-20.1012, -74.3874], [-19.6899, -74.3345], [-19.2845, -74.2934], [-19.0788, -74.2699], [-18.6146, -74.2581], [-18.1739, -74.217], [-17.8038, -74.1582], [-17.4395, -74.0876], [-17.1104, -74.0171], [-16.6932, -73.923], [-16.4288, -73.8231], [-16.1468, -73.7349], [-16.0587, -73.6173], [-16.3759, -73.5468], [-16.2702, -73.4234], [-16.0704, -73.3293], [-15.759, -73.2705], [-15.4299, -73.2], [-15.1244, -73.1059], [-14.8894, -72.9883], [-14.7425, -72.8473], [-14.5251, -72.7649], [-14.1667, -72.7826], [-14.0198, -72.8825], [-13.6613, -72.8943], [-13.6496, -72.7826], [-13.4968, -72.665], [-13.1736, -72.6944], [-13.0973, -72.8061], [-12.7388, -72.8237], [-12.351, -72.7708], [-11.975, -72.7356], [-11.6342, -72.7532], [-11.5049, -72.8766], [-11.1759, -72.7767], [-10.8703, -72.7238], [-10.5296, -72.6827], [-10.1946, -72.6415], [-9.8891, -72.571], [-9.5542, -72.5239], [-9.2956, -72.4593], [-9.1135, -72.3535], [-8.8902, -72.4299], [-8.5788, -72.3887], [-8.3614, -72.5298], [-8.191, -72.6356], [-7.8502, -72.5768], [-7.7151, -72.4593], [-7.4095, -72.377], [-7.0159, -72.3946], [-6.8983, -72.5063], [-6.6515, -72.3946], [-6.3284, -72.3593], [-5.9758, -72.3476], [-5.6585, -72.3535], [-5.3236, -72.3887], [-5.0005, -72.4064], [-4.8594, -72.5063], [-4.6655, -72.5945], [-4.3365, -72.5416], [-3.9839, -72.5298], [-3.6432, -72.5298], [-3.3082, -72.5239], [-3.0086, -72.4828], [-2.6913, -72.4475], [-2.4269, -72.3652], [-2.1448, -72.3123], [-1.8393, -72.2829], [-1.6101, -72.2006], [-1.4456, -72.036], [-1.2752, -71.9361], [-0.9638, -71.9831], [-0.8463, -72.0889], [-0.5877, -72.1595], [-0.2763, -72.1359], [-0.0648, -72.2418], [0.1585, -72.3182], [0.464, -72.2476], [0.5698, -72.1183], [0.8401, -72.0654], [1.1515, -71.9655], [1.4453, -71.9243], [1.7978, -71.8655], [2.0328, -71.8009], [2.2796, -71.7303], [2.5147, -71.6657], [2.7967, -71.701], [3.067, -71.5951], [3.2609, -71.5128], [3.5429, -71.5187], [3.7897, -71.4482], [3.8484, -71.3424], [4.1011, -71.2601], [4.3479, -71.2013], [4.6476, -71.1542], [4.9237, -71.1307], [5.1881, -71.1484], [5.4702, -71.1778], [5.7111, -71.2601], [5.7404, -71.3894], [6.0049, -71.4893], [6.187, -71.5716], [6.5454, -71.6069], [6.7452, -71.6892], [6.992, -71.7715], [7.2799, -71.7891], [7.5208, -71.7303], [7.7794, -71.6069], [8.0614, -71.6715], [8.3552, -71.7068], [8.6372, -71.7421], [8.931, -71.7656], [9.2307, -71.7656], [9.4774, -72.0772], [9.4657, -72.1536], [9.4304, -72.2888], [9.1425, -72.3652], [8.9075, -72.4769], [8.9486, -72.5945], [9.2835, -72.5886], [9.2424, -72.7062], [9.0896, -72.8179], [8.9486, -72.9413], [9.1778, -73.0354], [9.5244, -73.0648], [9.8711, -73.0118], [10.0356, -72.8943], [10.1355, -72.7826], [10.3, -72.6885], [10.4881, -72.6004], [10.5645, -72.4945], [10.7231, -72.3476], [10.9111, -72.3182], [11.2519, -72.3064], [11.5516, -72.2711], [11.8571, -72.2241], [12.004, -72.1066], [12.0922, -71.9949], [12.2978, -71.8832], [12.5916, -71.8068], [12.8443, -71.748], [13.0088, -71.648], [13.1792, -71.5951], [13.3966, -71.5481], [13.6962, -71.5775], [13.9665, -71.5481], [14.2603, -71.5128], [14.5894, -71.5305], [14.8068, -71.4482], [14.9595, -71.2483], [15.0712, -71.3306], [15.2122, -71.4717], [15.4648, -71.5305], [15.7528, -71.554], [16.0407, -71.5187], [16.3462, -71.5422], [16.6282, -71.5481], [16.8163, -71.5187], [17.0689, -71.5364], [17.2981, -71.601], [17.5684, -71.5599], [17.8915, -71.5599], [18.1677, -71.5187], [18.4791, -71.5599], [18.6789, -71.4599], [18.8317, -71.36], [19.0373, -71.2777], [19.4134, -71.0543], [19.6073, -71.0955], [19.8364, -71.1778], [20.0362, -71.2836], [20.4181, -71.4658], [20.7119, -71.4717], [20.9881, -71.4717], [21.3112, -71.4364], [21.6344, -71.3953], [21.8812, -71.313], [22.0868, -71.2248], [22.4218, -71.213], [22.6451, -71.1484], [22.8801, -71.2072], [23.0328, -71.3012], [23.2444, -71.3953], [23.5734, -71.3835], [23.7791, -71.4599], [24.1375, -71.5364], [24.5135, -71.5657], [24.825, -71.5422], [25.06, -71.4482], [25.2598, -71.3541], [25.53, -71.3306], [25.8003, -71.3718], [26.1117, -71.4011], [26.3938, -71.3541], [26.6641, -71.3541], [26.9285, -71.3835], [27.2046, -71.4129], [27.4749, -71.36], [27.7981, -71.313], [28.1036, -71.3012], [28.4444, -71.3012], [28.7206, -71.2718], [28.9909, -71.2483], [29.0731, -71.1013], [29.0849, -70.9779], [29.2729, -71.0602], [29.3258, -71.1954], [29.4257, -71.3188], [29.5491, -71.4188], [29.8017, -71.4717], [30.1425, -71.4541], [30.5362, -71.4482], [30.8065, -71.4305], [31.2002, -71.4305], [31.4822, -71.4247], [31.8759, -71.4364], [32.2108, -71.4599], [32.4223, -71.554], [32.3636, -71.6657], [32.5575, -71.7539], [32.8806, -71.8244], [33.2155, -71.9008], [33.6033, -71.9537], [34.0088, -72.0008], [34.3143, -72.0478], [34.6551, -72.0537], [34.849, -71.9537], [35.1134, -72.036], [35.3426, -72.1301], [35.607, -72.2006], [35.9713, -72.23], [36.318, -72.2653], [36.4649, -72.3828], [36.8056, -72.4534], [37.0348, -72.5592], [37.3697, -72.6062], [37.7164, -72.6004], [38.0396, -72.618], [38.398, -72.6121], [38.7564, -72.6356], [39.0913, -72.6768], [39.4027, -72.7473], [39.7141, -72.8061], [39.9257, -72.8943], [39.8904, -73.0118], [39.7318, -73.1177], [39.5966, -73.2529], [39.4909, -73.3587], [39.3498, -73.4821], [38.9562, -73.5292], [38.7799, -73.635], [38.3921, -73.6996], [38.257, -73.8172], [38.0513, -73.9289], [37.8339, -74.023], [37.7105, -74.1464], [37.6341, -74.2581], [37.6047, -74.3933], [37.6106, -74.505], [37.781, -74.6226], [37.8457, -74.7343], [37.9867, -74.8401], [38.5449, -74.8812], [38.6624, -75.0105], [38.1218, -75.0576], [37.6635, -75.1222], [37.0936, -75.134], [36.8409, -75.3045], [36.788, -75.4455], [36.6587, -75.5572], [36.5001, -75.6689], [36.8997, -75.7689], [37.0524, -75.8923], [37.3109, -76.004], [37.6753, -76.104], [38.0924, -76.198], [38.5449, -76.2921], [39.2323, -76.3861], [39.3851, -76.5331], [40.2488, -76.5978], [40.3068, -76.6207], [40.5309, -76.7094], [41.3594, -76.633], [42.0468, -76.7271], [42.5637, -76.7993]]]]}}, {"type": "Feature", "properties": {"featurecla": "Admin-0 country", "scalerank": 1, "LABELRANK": 6, "SOVEREIGNT": "Northern Cyprus", "SOV_A3": "CYN", "ADM0_DIF": 0, "LEVEL": 2, "TYPE": "Sovereign country", "TLC": "1", "ADMIN": "Northern Cyprus", "ADM0_A3": "CYN", "GEOU_DIF": 0, "GEOUNIT": "Northern Cyprus", "GU_A3": "CYN", "SU_DIF": 0, "SUBUNIT": "Northern Cyprus", "SU_A3": "CYN", "BRK_DIFF": 0, "NAME": "N. Cyprus", "NAME_LONG": "Northern Cyprus", "BRK_A3": "CYN", "BRK_NAME": "N. Cyprus", "BRK_GROUP": null, "ABBREV": "N. Cy.", "POSTAL": "CN", "FORMAL_EN": "Turkish Republic of Northern Cyprus", "FORMAL_FR": null, "NAME_CIAWF": null, "NOTE_ADM0": "Self admin.", "NOTE_BRK": "Self admin.; Claimed by Cyprus", "NAME_SORT": "Cyprus, Northern", "NAME_ALT": null, "MAPCOLOR7": 3, "MAPCOLOR8": 1, "MAPCOLOR9": 4, "MAPCOLOR13": 8, "POP_EST": 326000, "POP_RANK": 10, "POP_YEAR": 2017, "GDP_MD": 3600, "GDP_YEAR": 2013, "ECONOMY": "6. Developing region", "INCOME_GRP": "3. Upper middle income", "FIPS_10": "-99", "ISO_A2": "-99", "ISO_A2_EH": "-99", "ISO_A3": "-99", "ISO_A3_EH": "-99", "ISO_N3": "-99", "ISO_N3_EH": "-99", "UN_A3": "-099", "WB_A2": "-99", "WB_A3": "-99", "WOE_ID": -90, "WOE_ID_EH": 23424995, "WOE_NOTE": "WOE lists as subunit of united Cyprus", "ADM0_ISO": "CYP", "ADM0_DIFF": "1", "ADM0_TLC": "CYN", "ADM0_A3_US": "CYP", "ADM0_A3_FR": "CYP", "ADM0_A3_RU": "CYP", "ADM0_A3_ES": "CYP", "ADM0_A3_CN": "CYP", "ADM0_A3_TW": "CYP", "ADM0_A3_IN": "CYP", "ADM0_A3_NP": "CYP", "ADM0_A3_PK": "CYP", "ADM0_A3_DE": "CYP", "ADM0_A3_GB": "CYP", "ADM0_A3_BR": "CYP", "ADM0_A3_IL": "CYP", "ADM0_A3_PS": "CYP", "ADM0_A3_SA": "CYP", "ADM0_A3_EG": "CYP", "ADM0_A3_MA": "CYP", "ADM0_A3_PT": "CYP", "ADM0_A3_AR": "CYP", "ADM0_A3_JP": "CYP", "ADM0_A3_KO": "CYP", "ADM0_A3_VN": "CYP", "ADM0_A3_TR": "CYN", "ADM0_A3_ID": "CYP", "ADM0_A3_PL": "CYP", "ADM0_A3_GR": "CYP", "ADM0_A3_IT": "CYP", "ADM0_A3_NL": "CYP", "ADM0_A3_SE": "CYP", "ADM0_A3_BD": "CYP", "ADM0_A3_UA": "CYP", "ADM0_A3_UN": -99, "ADM0_A3_WB": -99, "CONTINENT": "Asia", "REGION_UN": "Asia", "SUBREGION": "Western Asia", "REGION_WB": "Europe & Central Asia", "NAME_LEN": 9, "LONG_LEN": 15, "ABBREV_LEN": 6, "TINY": -99, "HOMEPART": 1, "MIN_ZOOM": 0, "MIN_LABEL": 6, "MAX_LABEL": 10, "LABEL_X": 33.692434, "LABEL_Y": 35.216071, "NE_ID": 1159320531, "WIKIDATAID": "Q23681", "NAME_AR": "\u0642\u0628\u0631\u0635 \u0627\u0644\u0634\u0645\u0627\u0644\u064a\u0629", "NAME_BN": "\u0989\u09a4\u09cd\u09a4\u09b0 \u09b8\u09be\u0987\u09aa\u09cd\u09b0\u09be\u09b8", "NAME_DE": "T\u00fcrkische Republik Nordzypern", "NAME_EN": "Turkish Republic of Northern Cyprus", "NAME_ES": "Rep\u00fablica Turca del Norte de Chipre", "NAME_FA": "\u062c\u0645\u0647\u0648\u0631\u06cc \u062a\u0631\u06a9 \u0642\u0628\u0631\u0633 \u0634\u0645\u0627\u0644\u06cc", "NAME_FR": "Chypre du Nord", "NAME_EL": "\u03a4\u03bf\u03c5\u03c1\u03ba\u03b9\u03ba\u03ae \u0394\u03b7\u03bc\u03bf\u03ba\u03c1\u03b1\u03c4\u03af\u03b1 \u03c4\u03b7\u03c2 \u0392\u03cc\u03c1\u03b5\u03b9\u03b1\u03c2 \u039a\u03cd\u03c0\u03c1\u03bf\u03c5", "NAME_HE": "\u05d4\u05e8\u05e4\u05d5\u05d1\u05dc\u05d9\u05e7\u05d4 \u05d4\u05d8\u05d5\u05e8\u05e7\u05d9\u05ea \u05e9\u05dc \u05e6\u05e4\u05d5\u05df \u05e7\u05e4\u05e8\u05d9\u05e1\u05d9\u05df", "NAME_HI": "\u0909\u0924\u094d\u0924\u0930\u0940 \u0938\u093e\u0907\u092a\u094d\u0930\u0938", "NAME_HU": "\u00c9szak-Ciprus", "NAME_ID": "Republik Turki Siprus Utara", "NAME_IT": "Cipro del Nord", "NAME_JA": "\u5317\u30ad\u30d7\u30ed\u30b9\u30fb\u30c8\u30eb\u30b3\u5171\u548c\u56fd", "NAME_KO": "\ubd81\ud0a4\ud504\ub85c\uc2a4", "NAME_NL": "Noord-Cyprus", "NAME_PL": "Cypr P\u00f3\u0142nocny", "NAME_PT": "Rep\u00fablica Turca do Chipre do Norte", "NAME_RU": "\u0422\u0443\u0440\u0435\u0446\u043a\u0430\u044f \u0420\u0435\u0441\u043f\u0443\u0431\u043b\u0438\u043a\u0430 \u0421\u0435\u0432\u0435\u0440\u043d\u043e\u0433\u043e \u041a\u0438\u043f\u0440\u0430", "NAME_SV": "Nordcypern", "NAME_TR": "Kuzey K\u0131br\u0131s T\u00fcrk Cumhuriyeti", "NAME_UK": "\u0422\u0443\u0440\u0435\u0446\u044c\u043a\u0430 \u0420\u0435\u0441\u043f\u0443\u0431\u043b\u0456\u043a\u0430 \u041f\u0456\u0432\u043d\u0456\u0447\u043d\u043e\u0433\u043e \u041a\u0456\u043f\u0440\u0443", "NAME_UR": "\u062a\u0631\u06a9 \u062c\u0645\u06c1\u0648\u0631\u06cc\u06c1 \u0634\u0645\u0627\u0644\u06cc \u0642\u0628\u0631\u0635", "NAME_VI": "B\u1eafc S\u00edp", "NAME_ZH": "\u5317\u585e\u6d66\u8def\u65af\u571f\u8033\u5176\u5171\u548c\u56fd", "NAME_ZHT": "\u5317\u8cfd\u666e\u52d2\u65af\u571f\u8033\u5176\u5171\u548c\u570b", "FCLASS_ISO": "Unrecognized", "TLC_DIFF": "1", "FCLASS_TLC": "Admin-0 country", "FCLASS_US": "Admin-0 breakaway and disputed", "FCLASS_FR": "Unrecognized", "FCLASS_RU": "Unrecognized", "FCLASS_ES": "Unrecognized", "FCLASS_CN": "Unrecognized", "FCLASS_TW": "Unrecognized", "FCLASS_IN": "Unrecognized", "FCLASS_NP": "Unrecognized", "FCLASS_PK": "Unrecognized", "FCLASS_DE": "Unrecognized", "FCLASS_GB": "Unrecognized", "FCLASS_BR": "Unrecognized", "FCLASS_IL": "Unrecognized", "FCLASS_PS": "Unrecognized", "FCLASS_SA": "Unrecognized", "FCLASS_EG": "Unrecognized", "FCLASS_MA": "Unrecognized", "FCLASS_PT": "Unrecognized", "FCLASS_AR": "Unrecognized", "FCLASS_JP": "Unrecognized", "FCLASS_KO": "Unrecognized", "FCLASS_VN": "Unrecognized", "FCLASS_TR": "Admin-0 country", "FCLASS_ID": "Unrecognized", "FCLASS_PL": "Unrecognized", "FCLASS_GR": "Unrecognized", "FCLASS_IT": "Unrecognized", "FCLASS_NL": "Unrecognized", "FCLASS_SE": "Unrecognized", "FCLASS_BD": "Unrecognized", "FCLASS_UA": "Unrecognized", "cartogram_scale": 0.3, "dc_count": 0, "dc_code": "OTHER"}, "geometry": {"type": "Polygon", "coordinates": [[[33.2181, 35.1661], [33.2393, 35.1678], [33.2827, 35.2401], [33.4988, 35.2361], [33.7715, 35.3256], [33.5688, 35.1978], [33.5907, 35.1417], [33.5585, 35.1522], [33.5012, 35.1295], [33.4563, 35.1357], [33.4413, 35.1242], [33.4354, 35.1545], [33.4137, 35.1729], [33.3559, 35.1761], [33.2745, 35.1505], [33.2181, 35.1661]]]}}, {"type": "Feature", "properties": {"featurecla": "Admin-0 country", "scalerank": 1, "LABELRANK": 5, "SOVEREIGNT": "Cyprus", "SOV_A3": "CYP", "ADM0_DIF": 0, "LEVEL": 2, "TYPE": "Sovereign country", "TLC": "1", "ADMIN": "Cyprus", "ADM0_A3": "CYP", "GEOU_DIF": 0, "GEOUNIT": "Cyprus", "GU_A3": "CYP", "SU_DIF": 0, "SUBUNIT": "Cyprus", "SU_A3": "CYP", "BRK_DIFF": 0, "NAME": "Cyprus", "NAME_LONG": "Cyprus", "BRK_A3": "CYP", "BRK_NAME": "Cyprus", "BRK_GROUP": null, "ABBREV": "Cyp.", "POSTAL": "CY", "FORMAL_EN": "Republic of Cyprus", "FORMAL_FR": null, "NAME_CIAWF": "Cyprus", "NOTE_ADM0": null, "NOTE_BRK": null, "NAME_SORT": "Cyprus", "NAME_ALT": null, "MAPCOLOR7": 1, "MAPCOLOR8": 2, "MAPCOLOR9": 3, "MAPCOLOR13": 7, "POP_EST": 1198575, "POP_RANK": 12, "POP_YEAR": 2019, "GDP_MD": 24948, "GDP_YEAR": 2019, "ECONOMY": "6. Developing region", "INCOME_GRP": "2. High income: nonOECD", "FIPS_10": "CY", "ISO_A2": "CY", "ISO_A2_EH": "CY", "ISO_A3": "CYP", "ISO_A3_EH": "CYP", "ISO_N3": "196", "ISO_N3_EH": "196", "UN_A3": "196", "WB_A2": "CY", "WB_A3": "CYP", "WOE_ID": -90, "WOE_ID_EH": 23424994, "WOE_NOTE": "WOE lists as subunit of united Cyprus", "ADM0_ISO": "CYP", "ADM0_DIFF": null, "ADM0_TLC": "CYP", "ADM0_A3_US": "CYP", "ADM0_A3_FR": "CYP", "ADM0_A3_RU": "CYP", "ADM0_A3_ES": "CYP", "ADM0_A3_CN": "CYP", "ADM0_A3_TW": "CYP", "ADM0_A3_IN": "CYP", "ADM0_A3_NP": "CYP", "ADM0_A3_PK": "CYP", "ADM0_A3_DE": "CYP", "ADM0_A3_GB": "CYP", "ADM0_A3_BR": "CYP", "ADM0_A3_IL": "CYP", "ADM0_A3_PS": "CYP", "ADM0_A3_SA": "CYP", "ADM0_A3_EG": "CYP", "ADM0_A3_MA": "CYP", "ADM0_A3_PT": "CYP", "ADM0_A3_AR": "CYP", "ADM0_A3_JP": "CYP", "ADM0_A3_KO": "CYP", "ADM0_A3_VN": "CYP", "ADM0_A3_TR": "CYP", "ADM0_A3_ID": "CYP", "ADM0_A3_PL": "CYP", "ADM0_A3_GR": "CYP", "ADM0_A3_IT": "CYP", "ADM0_A3_NL": "CYP", "ADM0_A3_SE": "CYP", "ADM0_A3_BD": "CYP", "ADM0_A3_UA": "CYP", "ADM0_A3_UN": -99, "ADM0_A3_WB": -99, "CONTINENT": "Asia", "REGION_UN": "Asia", "SUBREGION": "Western Asia", "REGION_WB": "Europe & Central Asia", "NAME_LEN": 6, "LONG_LEN": 6, "ABBREV_LEN": 4, "TINY": -99, "HOMEPART": 1, "MIN_ZOOM": 0, "MIN_LABEL": 4.5, "MAX_LABEL": 9.5, "LABEL_X": 33.084182, "LABEL_Y": 34.913329, "NE_ID": 1159320533, "WIKIDATAID": "Q229", "NAME_AR": "\u0642\u0628\u0631\u0635", "NAME_BN": "\u09b8\u09be\u0987\u09aa\u09cd\u09b0\u09be\u09b8", "NAME_DE": "Republik Zypern", "NAME_EN": "Cyprus", "NAME_ES": "Chipre", "NAME_FA": "\u0642\u0628\u0631\u0633", "NAME_FR": "Chypre", "NAME_EL": "\u039a\u03cd\u03c0\u03c1\u03bf\u03c2", "NAME_HE": "\u05e7\u05e4\u05e8\u05d9\u05e1\u05d9\u05df", "NAME_HI": "\u0938\u093e\u0907\u092a\u094d\u0930\u0938", "NAME_HU": "Ciprus", "NAME_ID": "Siprus", "NAME_IT": "Cipro", "NAME_JA": "\u30ad\u30d7\u30ed\u30b9", "NAME_KO": "\ud0a4\ud504\ub85c\uc2a4", "NAME_NL": "Cyprus", "NAME_PL": "Cypr", "NAME_PT": "Chipre", "NAME_RU": "\u041a\u0438\u043f\u0440", "NAME_SV": "Cypern", "NAME_TR": "K\u0131br\u0131s Cumhuriyeti", "NAME_UK": "\u041a\u0456\u043f\u0440", "NAME_UR": "\u0642\u0628\u0631\u0635", "NAME_VI": "C\u1ed9ng h\u00f2a S\u00edp", "NAME_ZH": "\u585e\u6d66\u8def\u65af", "NAME_ZHT": "\u8cfd\u666e\u52d2\u65af", "FCLASS_ISO": "Admin-0 country", "TLC_DIFF": null, "FCLASS_TLC": "Admin-0 country", "FCLASS_US": null, "FCLASS_FR": null, "FCLASS_RU": null, "FCLASS_ES": null, "FCLASS_CN": null, "FCLASS_TW": null, "FCLASS_IN": null, "FCLASS_NP": null, "FCLASS_PK": null, "FCLASS_DE": null, "FCLASS_GB": null, "FCLASS_BR": null, "FCLASS_IL": null, "FCLASS_PS": null, "FCLASS_SA": null, "FCLASS_EG": null, "FCLASS_MA": null, "FCLASS_PT": null, "FCLASS_AR": null, "FCLASS_JP": null, "FCLASS_KO": null, "FCLASS_VN": null, "FCLASS_TR": null, "FCLASS_ID": null, "FCLASS_PL": null, "FCLASS_GR": null, "FCLASS_IT": null, "FCLASS_NL": null, "FCLASS_SE": null, "FCLASS_BD": null, "FCLASS_UA": null, "cartogram_scale": 0.6, "dc_count": 5, "dc_code": "CYP"}, "geometry": {"type": "Polygon", "coordinates": [[[32.9367, 35.0939], [33.0494, 35.0625], [33.2123, 35.1137], [33.328, 35.1075], [33.3712, 35.0707], [33.3832, 35.01], [33.4131, 35.0331], [33.5029, 35.0206], [33.6175, 35.066], [33.6818, 35.0449], [33.7006, 34.9967], [33.0856, 34.753], [32.7918, 34.8308], [32.6517, 35.0718], [32.9367, 35.0939]]]}}, {"type": "Feature", "properties": {"featurecla": "Admin-0 country", "scalerank": 1, "LABELRANK": 3, "SOVEREIGNT": "Morocco", "SOV_A3": "MAR", "ADM0_DIF": 0, "LEVEL": 2, "TYPE": "Sovereign country", "TLC": "1", "ADMIN": "Morocco", "ADM0_A3": "MAR", "GEOU_DIF": 0, "GEOUNIT": "Morocco", "GU_A3": "MAR", "SU_DIF": 0, "SUBUNIT": "Morocco", "SU_A3": "MAR", "BRK_DIFF": 0, "NAME": "Morocco", "NAME_LONG": "Morocco", "BRK_A3": "MAR", "BRK_NAME": "Morocco", "BRK_GROUP": null, "ABBREV": "Mor.", "POSTAL": "MA", "FORMAL_EN": "Kingdom of Morocco", "FORMAL_FR": null, "NAME_CIAWF": "Morocco", "NOTE_ADM0": null, "NOTE_BRK": null, "NAME_SORT": "Morocco", "NAME_ALT": null, "MAPCOLOR7": 2, "MAPCOLOR8": 2, "MAPCOLOR9": 3, "MAPCOLOR13": 9, "POP_EST": 36471769, "POP_RANK": 15, "POP_YEAR": 2019, "GDP_MD": 119700, "GDP_YEAR": 2019, "ECONOMY": "6. Developing region", "INCOME_GRP": "4. Lower middle income", "FIPS_10": "MO", "ISO_A2": "MA", "ISO_A2_EH": "MA", "ISO_A3": "MAR", "ISO_A3_EH": "MAR", "ISO_N3": "504", "ISO_N3_EH": "504", "UN_A3": "504", "WB_A2": "MA", "WB_A3": "MAR", "WOE_ID": 23424893, "WOE_ID_EH": 23424893, "WOE_NOTE": "Exact WOE match as country", "ADM0_ISO": "MAR", "ADM0_DIFF": null, "ADM0_TLC": "MAR", "ADM0_A3_US": "MAR", "ADM0_A3_FR": "MAR", "ADM0_A3_RU": "MAR", "ADM0_A3_ES": "MAR", "ADM0_A3_CN": "MAR", "ADM0_A3_TW": "MAR", "ADM0_A3_IN": "MAR", "ADM0_A3_NP": "MAR", "ADM0_A3_PK": "MAR", "ADM0_A3_DE": "MAR", "ADM0_A3_GB": "MAR", "ADM0_A3_BR": "MAR", "ADM0_A3_IL": "MAR", "ADM0_A3_PS": "MAR", "ADM0_A3_SA": "MAR", "ADM0_A3_EG": "MAR", "ADM0_A3_MA": "MAR", "ADM0_A3_PT": "MAR", "ADM0_A3_AR": "MAR", "ADM0_A3_JP": "MAR", "ADM0_A3_KO": "MAR", "ADM0_A3_VN": "MAR", "ADM0_A3_TR": "MAR", "ADM0_A3_ID": "MAR", "ADM0_A3_PL": "MAR", "ADM0_A3_GR": "MAR", "ADM0_A3_IT": "MAR", "ADM0_A3_NL": "MAR", "ADM0_A3_SE": "MAR", "ADM0_A3_BD": "MAR", "ADM0_A3_UA": "MAR", "ADM0_A3_UN": -99, "ADM0_A3_WB": -99, "CONTINENT": "Africa", "REGION_UN": "Africa", "SUBREGION": "Northern Africa", "REGION_WB": "Middle East & North Africa", "NAME_LEN": 7, "LONG_LEN": 7, "ABBREV_LEN": 4, "TINY": -99, "HOMEPART": 1, "MIN_ZOOM": 0, "MIN_LABEL": 2.7, "MAX_LABEL": 8, "LABEL_X": -7.187296, "LABEL_Y": 31.650723, "NE_ID": 1159321035, "WIKIDATAID": "Q1028", "NAME_AR": "\u0627\u0644\u0645\u063a\u0631\u0628", "NAME_BN": "\u09ae\u09b0\u0995\u09cd\u0995\u09cb", "NAME_DE": "Marokko", "NAME_EN": "Morocco", "NAME_ES": "Marruecos", "NAME_FA": "\u0645\u0631\u0627\u06a9\u0634", "NAME_FR": "Maroc", "NAME_EL": "\u039c\u03b1\u03c1\u03cc\u03ba\u03bf", "NAME_HE": "\u05de\u05e8\u05d5\u05e7\u05d5", "NAME_HI": "\u092e\u094b\u0930\u0915\u094d\u0915\u094b", "NAME_HU": "Marokk\u00f3", "NAME_ID": "Maroko", "NAME_IT": "Marocco", "NAME_JA": "\u30e2\u30ed\u30c3\u30b3", "NAME_KO": "\ubaa8\ub85c\ucf54", "NAME_NL": "Marokko", "NAME_PL": "Maroko", "NAME_PT": "Marrocos", "NAME_RU": "\u041c\u0430\u0440\u043e\u043a\u043a\u043e", "NAME_SV": "Marocko", "NAME_TR": "Fas", "NAME_UK": "\u041c\u0430\u0440\u043e\u043a\u043a\u043e", "NAME_UR": "\u0645\u0631\u0627\u06a9\u0634", "NAME_VI": "Maroc", "NAME_ZH": "\u6469\u6d1b\u54e5", "NAME_ZHT": "\u6469\u6d1b\u54e5", "FCLASS_ISO": "Admin-0 country", "TLC_DIFF": null, "FCLASS_TLC": "Admin-0 country", "FCLASS_US": null, "FCLASS_FR": null, "FCLASS_RU": null, "FCLASS_ES": null, "FCLASS_CN": null, "FCLASS_TW": null, "FCLASS_IN": null, "FCLASS_NP": null, "FCLASS_PK": null, "FCLASS_DE": null, "FCLASS_GB": null, "FCLASS_BR": null, "FCLASS_IL": null, "FCLASS_PS": null, "FCLASS_SA": null, "FCLASS_EG": null, "FCLASS_MA": null, "FCLASS_PT": null, "FCLASS_AR": null, "FCLASS_JP": null, "FCLASS_KO": null, "FCLASS_VN": null, "FCLASS_TR": null, "FCLASS_ID": null, "FCLASS_PL": null, "FCLASS_GR": null, "FCLASS_IT": null, "FCLASS_NL": null, "FCLASS_SE": null, "FCLASS_BD": null, "FCLASS_UA": null, "cartogram_scale": 0.45, "dc_count": 4, "dc_code": "MAR"}, "geometry": {"type": "Polygon", "coordinates": [[[-6.1607, 31.6492], [-5.9911, 31.361], [-5.9643, 31.0873], [-5.8089, 30.6122], [-5.6903, 30.5166], [-5.7728, 30.3417], [-6.3617, 30.2659], [-6.5653, 30.0994], [-6.8256, 30.0602], [-6.845, 29.727], [-7.3711, 29.5489], [-7.5432, 29.3236], [-7.9115, 29.2027], [-8.3609, 29.1341], [-9.0876, 28.802], [-9.0838, 28.2688], [-9.1523, 28.2688], [-9.142, 28.0277], [-9.4201, 28.0132], [-9.5652, 27.9108], [-9.7695, 27.9108], [-9.9323, 27.9693], [-10.3109, 27.921], [-10.4575, 27.5703], [-10.5981, 27.5373], [-10.8097, 26.97], [-11.4353, 26.4844], [-11.5838, 25.863], [-11.7681, 25.6608], [-11.8222, 25.4987], [-12.8356, 25.4627], [-12.8435, 25.4635], [-12.8222, 25.672], [-12.6494, 25.7946], [-12.5021, 26.0291], [-12.5312, 26.1814], [-12.3764, 26.4989], [-12.126, 26.785], [-11.9745, 26.8575], [-11.8554, 27.12], [-11.8447, 27.3597], [-11.6822, 27.6379], [-11.3825, 27.8019], [-11.0972, 28.2615], [-11.089, 28.2678], [-10.8627, 28.4406], [-10.4443, 28.4903], [-10.0897, 28.7979], [-9.8641, 28.9178], [-9.4884, 29.2935], [-9.6009, 29.8534], [-9.4299, 30.2406], [-9.3696, 30.4775], [-9.0801, 30.7815], [-8.6286, 30.9871], [-8.2949, 31.1731], [-7.9942, 31.6391], [-7.8528, 31.9154], [-7.5215, 31.9132], [-7.2502, 31.7222], [-6.8223, 31.7533], [-6.3562, 31.654], [-6.1607, 31.6492]]]}}, {"type": "Feature", "properties": {"featurecla": "Admin-0 country", "scalerank": 1, "LABELRANK": 2, "SOVEREIGNT": "Egypt", "SOV_A3": "EGY", "ADM0_DIF": 0, "LEVEL": 2, "TYPE": "Sovereign country", "TLC": "1", "ADMIN": "Egypt", "ADM0_A3": "EGY", "GEOU_DIF": 0, "GEOUNIT": "Egypt", "GU_A3": "EGY", "SU_DIF": 0, "SUBUNIT": "Egypt", "SU_A3": "EGY", "BRK_DIFF": 0, "NAME": "Egypt", "NAME_LONG": "Egypt", "BRK_A3": "EGY", "BRK_NAME": "Egypt", "BRK_GROUP": null, "ABBREV": "Egypt", "POSTAL": "EG", "FORMAL_EN": "Arab Republic of Egypt", "FORMAL_FR": null, "NAME_CIAWF": "Egypt", "NOTE_ADM0": null, "NOTE_BRK": null, "NAME_SORT": "Egypt, Arab Rep.", "NAME_ALT": null, "MAPCOLOR7": 4, "MAPCOLOR8": 6, "MAPCOLOR9": 7, "MAPCOLOR13": 2, "POP_EST": 100388073, "POP_RANK": 17, "POP_YEAR": 2019, "GDP_MD": 303092, "GDP_YEAR": 2019, "ECONOMY": "5. Emerging region: G20", "INCOME_GRP": "4. Lower middle income", "FIPS_10": "EG", "ISO_A2": "EG", "ISO_A2_EH": "EG", "ISO_A3": "EGY", "ISO_A3_EH": "EGY", "ISO_N3": "818", "ISO_N3_EH": "818", "UN_A3": "818", "WB_A2": "EG", "WB_A3": "EGY", "WOE_ID": 23424802, "WOE_ID_EH": 23424802, "WOE_NOTE": "Exact WOE match as country", "ADM0_ISO": "EGY", "ADM0_DIFF": null, "ADM0_TLC": "EGY", "ADM0_A3_US": "EGY", "ADM0_A3_FR": "EGY", "ADM0_A3_RU": "EGY", "ADM0_A3_ES": "EGY", "ADM0_A3_CN": "EGY", "ADM0_A3_TW": "EGY", "ADM0_A3_IN": "EGY", "ADM0_A3_NP": "EGY", "ADM0_A3_PK": "EGY", "ADM0_A3_DE": "EGY", "ADM0_A3_GB": "EGY", "ADM0_A3_BR": "EGY", "ADM0_A3_IL": "EGY", "ADM0_A3_PS": "EGY", "ADM0_A3_SA": "EGY", "ADM0_A3_EG": "EGY", "ADM0_A3_MA": "EGY", "ADM0_A3_PT": "EGY", "ADM0_A3_AR": "EGY", "ADM0_A3_JP": "EGY", "ADM0_A3_KO": "EGY", "ADM0_A3_VN": "EGY", "ADM0_A3_TR": "EGY", "ADM0_A3_ID": "EGY", "ADM0_A3_PL": "EGY", "ADM0_A3_GR": "EGY", "ADM0_A3_IT": "EGY", "ADM0_A3_NL": "EGY", "ADM0_A3_SE": "EGY", "ADM0_A3_BD": "EGY", "ADM0_A3_UA": "EGY", "ADM0_A3_UN": -99, "ADM0_A3_WB": -99, "CONTINENT": "Africa", "REGION_UN": "Africa", "SUBREGION": "Northern Africa", "REGION_WB": "Middle East & North Africa", "NAME_LEN": 5, "LONG_LEN": 5, "ABBREV_LEN": 5, "TINY": -99, "HOMEPART": 1, "MIN_ZOOM": 0, "MIN_LABEL": 1.7, "MAX_LABEL": 6.7, "LABEL_X": 29.445837, "LABEL_Y": 26.186173, "NE_ID": 1159320575, "WIKIDATAID": "Q79", "NAME_AR": "\u0645\u0635\u0631", "NAME_BN": "\u09ae\u09bf\u09b6\u09b0", "NAME_DE": "\u00c4gypten", "NAME_EN": "Egypt", "NAME_ES": "Egipto", "NAME_FA": "\u0645\u0635\u0631", "NAME_FR": "\u00c9gypte", "NAME_EL": "\u0391\u03af\u03b3\u03c5\u03c0\u03c4\u03bf\u03c2", "NAME_HE": "\u05de\u05e6\u05e8\u05d9\u05dd", "NAME_HI": "\u092e\u093f\u0938\u094d\u0930", "NAME_HU": "Egyiptom", "NAME_ID": "Mesir", "NAME_IT": "Egitto", "NAME_JA": "\u30a8\u30b8\u30d7\u30c8", "NAME_KO": "\uc774\uc9d1\ud2b8", "NAME_NL": "Egypte", "NAME_PL": "Egipt", "NAME_PT": "Egito", "NAME_RU": "\u0415\u0433\u0438\u043f\u0435\u0442", "NAME_SV": "Egypten", "NAME_TR": "M\u0131s\u0131r", "NAME_UK": "\u0404\u0433\u0438\u043f\u0435\u0442", "NAME_UR": "\u0645\u0635\u0631", "NAME_VI": "Ai C\u1eadp", "NAME_ZH": "\u57c3\u53ca", "NAME_ZHT": "\u57c3\u53ca", "FCLASS_ISO": "Admin-0 country", "TLC_DIFF": null, "FCLASS_TLC": "Admin-0 country", "FCLASS_US": null, "FCLASS_FR": null, "FCLASS_RU": null, "FCLASS_ES": null, "FCLASS_CN": null, "FCLASS_TW": null, "FCLASS_IN": null, "FCLASS_NP": null, "FCLASS_PK": null, "FCLASS_DE": null, "FCLASS_GB": null, "FCLASS_BR": null, "FCLASS_IL": null, "FCLASS_PS": null, "FCLASS_SA": null, "FCLASS_EG": null, "FCLASS_MA": null, "FCLASS_PT": null, "FCLASS_AR": null, "FCLASS_JP": null, "FCLASS_KO": null, "FCLASS_VN": null, "FCLASS_TR": null, "FCLASS_ID": null, "FCLASS_PL": null, "FCLASS_GR": null, "FCLASS_IT": null, "FCLASS_NL": null, "FCLASS_SE": null, "FCLASS_BD": null, "FCLASS_UA": null, "cartogram_scale": 0.6, "dc_count": 12, "dc_code": "EGY"}, "geometry": {"type": "Polygon", "coordinates": [[[34.7989, 24.47], [32.4192, 24.47], [30.0912, 24.47], [27.6792, 24.47], [27.6792, 26.6795], [27.6792, 28.8132], [27.4992, 29.2965], [27.6537, 29.667], [27.5609, 29.9236], [27.7781, 30.2115], [28.5764, 30.2214], [29.1537, 30.0628], [29.7494, 29.8855], [30.0273, 29.7921], [30.4892, 29.9821], [30.7362, 30.1541], [31.2653, 30.2035], [31.6919, 30.1278], [31.8554, 29.8302], [31.9946, 30.0262], [32.4755, 29.8845], [32.9432, 29.8505], [33.2384, 30.0016], [33.2384, 30.0016], [33.5731, 29.1267], [33.6327, 28.9708], [33.4642, 28.7297], [33.3351, 28.2764], [33.1719, 27.964], [33.032, 27.8592], [32.832, 28.0528], [32.5612, 28.3206], [32.1331, 29.1807], [32.0714, 29.1263], [32.3201, 28.4932], [32.6884, 27.89], [33.1419, 26.9554], [33.3635, 26.6292], [33.5562, 26.2903], [34.0946, 25.626], [33.9754, 25.5214], [33.9947, 25.1315], [34.6936, 24.5929], [34.7989, 24.47]]]}}, {"type": "Feature", "properties": {"featurecla": "Admin-0 country", "scalerank": 1, "LABELRANK": 3, "SOVEREIGNT": "Libya", "SOV_A3": "LBY", "ADM0_DIF": 0, "LEVEL": 2, "TYPE": "Sovereign country", "TLC": "1", "ADMIN": "Libya", "ADM0_A3": "LBY", "GEOU_DIF": 0, "GEOUNIT": "Libya", "GU_A3": "LBY", "SU_DIF": 0, "SUBUNIT": "Libya", "SU_A3": "LBY", "BRK_DIFF": 0, "NAME": "Libya", "NAME_LONG": "Libya", "BRK_A3": "LBY", "BRK_NAME": "Libya", "BRK_GROUP": null, "ABBREV": "Libya", "POSTAL": "LY", "FORMAL_EN": "Libya", "FORMAL_FR": null, "NAME_CIAWF": "Libya", "NOTE_ADM0": null, "NOTE_BRK": null, "NAME_SORT": "Libya", "NAME_ALT": null, "MAPCOLOR7": 1, "MAPCOLOR8": 2, "MAPCOLOR9": 2, "MAPCOLOR13": 11, "POP_EST": 6777452, "POP_RANK": 13, "POP_YEAR": 2019, "GDP_MD": 52091, "GDP_YEAR": 2019, "ECONOMY": "6. Developing region", "INCOME_GRP": "3. Upper middle income", "FIPS_10": "LY", "ISO_A2": "LY", "ISO_A2_EH": "LY", "ISO_A3": "LBY", "ISO_A3_EH": "LBY", "ISO_N3": "434", "ISO_N3_EH": "434", "UN_A3": "434", "WB_A2": "LY", "WB_A3": "LBY", "WOE_ID": 23424882, "WOE_ID_EH": 23424882, "WOE_NOTE": "Exact WOE match as country", "ADM0_ISO": "LBY", "ADM0_DIFF": null, "ADM0_TLC": "LBY", "ADM0_A3_US": "LBY", "ADM0_A3_FR": "LBY", "ADM0_A3_RU": "LBY", "ADM0_A3_ES": "LBY", "ADM0_A3_CN": "LBY", "ADM0_A3_TW": "LBY", "ADM0_A3_IN": "LBY", "ADM0_A3_NP": "LBY", "ADM0_A3_PK": "LBY", "ADM0_A3_DE": "LBY", "ADM0_A3_GB": "LBY", "ADM0_A3_BR": "LBY", "ADM0_A3_IL": "LBY", "ADM0_A3_PS": "LBY", "ADM0_A3_SA": "LBY", "ADM0_A3_EG": "LBY", "ADM0_A3_MA": "LBY", "ADM0_A3_PT": "LBY", "ADM0_A3_AR": "LBY", "ADM0_A3_JP": "LBY", "ADM0_A3_KO": "LBY", "ADM0_A3_VN": "LBY", "ADM0_A3_TR": "LBY", "ADM0_A3_ID": "LBY", "ADM0_A3_PL": "LBY", "ADM0_A3_GR": "LBY", "ADM0_A3_IT": "LBY", "ADM0_A3_NL": "LBY", "ADM0_A3_SE": "LBY", "ADM0_A3_BD": "LBY", "ADM0_A3_UA": "LBY", "ADM0_A3_UN": -99, "ADM0_A3_WB": -99, "CONTINENT": "Africa", "REGION_UN": "Africa", "SUBREGION": "Northern Africa", "REGION_WB": "Middle East & North Africa", "NAME_LEN": 5, "LONG_LEN": 5, "ABBREV_LEN": 5, "TINY": -99, "HOMEPART": 1, "MIN_ZOOM": 0, "MIN_LABEL": 3, "MAX_LABEL": 8, "LABEL_X": 18.011015, "LABEL_Y": 26.638944, "NE_ID": 1159321017, "WIKIDATAID": "Q1016", "NAME_AR": "\u0644\u064a\u0628\u064a\u0627", "NAME_BN": "\u09b2\u09bf\u09ac\u09bf\u09af\u09bc\u09be", "NAME_DE": "Libyen", "NAME_EN": "Libya", "NAME_ES": "Libia", "NAME_FA": "\u0644\u06cc\u0628\u06cc", "NAME_FR": "Libye", "NAME_EL": "\u039b\u03b9\u03b2\u03cd\u03b7", "NAME_HE": "\u05dc\u05d5\u05d1", "NAME_HI": "\u0932\u0940\u092c\u093f\u092f\u093e", "NAME_HU": "L\u00edbia", "NAME_ID": "Libya", "NAME_IT": "Libia", "NAME_JA": "\u30ea\u30d3\u30a2", "NAME_KO": "\ub9ac\ube44\uc544", "NAME_NL": "Libi\u00eb", "NAME_PL": "Libia", "NAME_PT": "L\u00edbia", "NAME_RU": "\u041b\u0438\u0432\u0438\u044f", "NAME_SV": "Libyen", "NAME_TR": "Libya", "NAME_UK": "\u041b\u0456\u0432\u0456\u044f", "NAME_UR": "\u0644\u06cc\u0628\u06cc\u0627", "NAME_VI": "Libya", "NAME_ZH": "\u5229\u6bd4\u4e9a", "NAME_ZHT": "\u5229\u6bd4\u4e9e", "FCLASS_ISO": "Admin-0 country", "TLC_DIFF": null, "FCLASS_TLC": "Admin-0 country", "FCLASS_US": null, "FCLASS_FR": null, "FCLASS_RU": null, "FCLASS_ES": null, "FCLASS_CN": null, "FCLASS_TW": null, "FCLASS_IN": null, "FCLASS_NP": null, "FCLASS_PK": null, "FCLASS_DE": null, "FCLASS_GB": null, "FCLASS_BR": null, "FCLASS_IL": null, "FCLASS_PS": null, "FCLASS_SA": null, "FCLASS_EG": null, "FCLASS_MA": null, "FCLASS_PT": null, "FCLASS_AR": null, "FCLASS_JP": null, "FCLASS_KO": null, "FCLASS_VN": null, "FCLASS_TR": null, "FCLASS_ID": null, "FCLASS_PL": null, "FCLASS_GR": null, "FCLASS_IT": null, "FCLASS_NL": null, "FCLASS_SE": null, "FCLASS_BD": null, "FCLASS_UA": null, "cartogram_scale": 0.3, "dc_count": 0, "dc_code": "OTHER"}, "geometry": {"type": "Polygon", "coordinates": [[[19.1467, 26.5338], [19.1467, 25.9347], [18.8017, 25.9338], [18.798, 25.8079], [17.6015, 26.3823], [16.405, 26.9567], [16.1021, 26.7927], [15.8899, 26.6812], [15.7212, 26.8459], [15.2466, 26.9753], [15.1149, 27.1632], [14.8782, 27.3025], [14.7379, 27.2476], [14.6312, 27.4149], [14.62, 27.5434], [14.4426, 27.7621], [14.5616, 27.8874], [14.5355, 28.0761], [14.5736, 28.2403], [14.5519, 28.377], [14.6047, 28.6218], [14.5884, 28.7612], [14.4914, 29.0261], [14.6378, 29.0956], [14.6637, 29.2223], [14.6318, 29.3466], [14.8378, 29.4622], [14.9302, 29.5583], [15.0764, 29.6445], [15.0934, 29.8749], [15.4457, 29.7716], [15.5717, 29.7974], [15.8223, 29.7474], [16.2204, 29.6133], [16.3609, 29.3467], [16.6302, 29.2884], [17.0531, 29.1629], [17.3727, 29.0137], [17.519, 29.0915], [17.6628, 29.2295], [17.5928, 29.4593], [17.6869, 29.6052], [17.9031, 29.7458], [18.1096, 29.7867], [18.5155, 29.7254], [18.6178, 29.5912], [18.7295, 29.59], [18.825, 29.5388], [19.1231, 29.5036], [19.1962, 29.4045], [19.0876, 29.2606], [19.134, 29.1323], [19.0568, 28.947], [19.1467, 28.7054], [19.1467, 27.6385], [19.1467, 26.5338]]]}}, {"type": "Feature", "properties": {"featurecla": "Admin-0 country", "scalerank": 1, "LABELRANK": 2, "SOVEREIGNT": "Ethiopia", "SOV_A3": "ETH", "ADM0_DIF": 0, "LEVEL": 2, "TYPE": "Sovereign country", "TLC": "1", "ADMIN": "Ethiopia", "ADM0_A3": "ETH", "GEOU_DIF": 0, "GEOUNIT": "Ethiopia", "GU_A3": "ETH", "SU_DIF": 0, "SUBUNIT": "Ethiopia", "SU_A3": "ETH", "BRK_DIFF": 0, "NAME": "Ethiopia", "NAME_LONG": "Ethiopia", "BRK_A3": "ETH", "BRK_NAME": "Ethiopia", "BRK_GROUP": null, "ABBREV": "Eth.", "POSTAL": "ET", "FORMAL_EN": "Federal Democratic Republic of Ethiopia", "FORMAL_FR": null, "NAME_CIAWF": "Ethiopia", "NOTE_ADM0": null, "NOTE_BRK": null, "NAME_SORT": "Ethiopia", "NAME_ALT": null, "MAPCOLOR7": 4, "MAPCOLOR8": 4, "MAPCOLOR9": 1, "MAPCOLOR13": 13, "POP_EST": 112078730, "POP_RANK": 17, "POP_YEAR": 2019, "GDP_MD": 95912, "GDP_YEAR": 2019, "ECONOMY": "7. Least developed region", "INCOME_GRP": "5. Low income", "FIPS_10": "ET", "ISO_A2": "ET", "ISO_A2_EH": "ET", "ISO_A3": "ETH", "ISO_A3_EH": "ETH", "ISO_N3": "231", "ISO_N3_EH": "231", "UN_A3": "231", "WB_A2": "ET", "WB_A3": "ETH", "WOE_ID": 23424808, "WOE_ID_EH": 23424808, "WOE_NOTE": "Exact WOE match as country", "ADM0_ISO": "ETH", "ADM0_DIFF": null, "ADM0_TLC": "ETH", "ADM0_A3_US": "ETH", "ADM0_A3_FR": "ETH", "ADM0_A3_RU": "ETH", "ADM0_A3_ES": "ETH", "ADM0_A3_CN": "ETH", "ADM0_A3_TW": "ETH", "ADM0_A3_IN": "ETH", "ADM0_A3_NP": "ETH", "ADM0_A3_PK": "ETH", "ADM0_A3_DE": "ETH", "ADM0_A3_GB": "ETH", "ADM0_A3_BR": "ETH", "ADM0_A3_IL": "ETH", "ADM0_A3_PS": "ETH", "ADM0_A3_SA": "ETH", "ADM0_A3_EG": "ETH", "ADM0_A3_MA": "ETH", "ADM0_A3_PT": "ETH", "ADM0_A3_AR": "ETH", "ADM0_A3_JP": "ETH", "ADM0_A3_KO": "ETH", "ADM0_A3_VN": "ETH", "ADM0_A3_TR": "ETH", "ADM0_A3_ID": "ETH", "ADM0_A3_PL": "ETH", "ADM0_A3_GR": "ETH", "ADM0_A3_IT": "ETH", "ADM0_A3_NL": "ETH", "ADM0_A3_SE": "ETH", "ADM0_A3_BD": "ETH", "ADM0_A3_UA": "ETH", "ADM0_A3_UN": -99, "ADM0_A3_WB": -99, "CONTINENT": "Africa", "REGION_UN": "Africa", "SUBREGION": "Eastern Africa", "REGION_WB": "Sub-Saharan Africa", "NAME_LEN": 8, "LONG_LEN": 8, "ABBREV_LEN": 4, "TINY": -99, "HOMEPART": 1, "MIN_ZOOM": 0, "MIN_LABEL": 2, "MAX_LABEL": 7, "LABEL_X": 39.0886, "LABEL_Y": 8.032795, "NE_ID": 1159320617, "WIKIDATAID": "Q115", "NAME_AR": "\u0625\u062b\u064a\u0648\u0628\u064a\u0627", "NAME_BN": "\u0987\u09a5\u09bf\u0993\u09aa\u09bf\u09af\u09bc\u09be", "NAME_DE": "\u00c4thiopien", "NAME_EN": "Ethiopia", "NAME_ES": "Etiop\u00eda", "NAME_FA": "\u0627\u062a\u06cc\u0648\u067e\u06cc", "NAME_FR": "\u00c9thiopie", "NAME_EL": "\u0391\u03b9\u03b8\u03b9\u03bf\u03c0\u03af\u03b1", "NAME_HE": "\u05d0\u05ea\u05d9\u05d5\u05e4\u05d9\u05d4", "NAME_HI": "\u0907\u0925\u093f\u092f\u094b\u092a\u093f\u092f\u093e", "NAME_HU": "Eti\u00f3pia", "NAME_ID": "Ethiopia", "NAME_IT": "Etiopia", "NAME_JA": "\u30a8\u30c1\u30aa\u30d4\u30a2", "NAME_KO": "\uc5d0\ud2f0\uc624\ud53c\uc544", "NAME_NL": "Ethiopi\u00eb", "NAME_PL": "Etiopia", "NAME_PT": "Eti\u00f3pia", "NAME_RU": "\u042d\u0444\u0438\u043e\u043f\u0438\u044f", "NAME_SV": "Etiopien", "NAME_TR": "Etiyopya", "NAME_UK": "\u0415\u0444\u0456\u043e\u043f\u0456\u044f", "NAME_UR": "\u0627\u06cc\u062a\u06be\u0648\u067e\u06cc\u0627", "NAME_VI": "Ethiopia", "NAME_ZH": "\u57c3\u585e\u4fc4\u6bd4\u4e9a", "NAME_ZHT": "\u8863\u7d22\u6bd4\u4e9e", "FCLASS_ISO": "Admin-0 country", "TLC_DIFF": null, "FCLASS_TLC": "Admin-0 country", "FCLASS_US": null, "FCLASS_FR": null, "FCLASS_RU": null, "FCLASS_ES": null, "FCLASS_CN": null, "FCLASS_TW": null, "FCLASS_IN": null, "FCLASS_NP": null, "FCLASS_PK": null, "FCLASS_DE": null, "FCLASS_GB": null, "FCLASS_BR": null, "FCLASS_IL": null, "FCLASS_PS": null, "FCLASS_SA": null, "FCLASS_EG": null, "FCLASS_MA": null, "FCLASS_PT": null, "FCLASS_AR": null, "FCLASS_JP": null, "FCLASS_KO": null, "FCLASS_VN": null, "FCLASS_TR": null, "FCLASS_ID": null, "FCLASS_PL": null, "FCLASS_GR": null, "FCLASS_IT": null, "FCLASS_NL": null, "FCLASS_SE": null, "FCLASS_BD": null, "FCLASS_UA": null, "cartogram_scale": 0.3, "dc_count": 0, "dc_code": "OTHER"}, "geometry": {"type": "Polygon", "coordinates": [[[41.7832, 8.6893], [40.9355, 7.7889], [40.5447, 7.7757], [40.2773, 7.5642], [40.085, 7.5586], [40.0029, 7.4641], [39.798, 7.4641], [39.677, 7.5655], [39.4029, 7.44], [39.3142, 7.315], [39.1142, 7.3386], [39.0478, 7.3732], [38.9775, 7.3649], [38.8827, 7.368], [38.5029, 7.6228], [38.2941, 7.6228], [38.1916, 7.7215], [38.1916, 7.8899], [38.0358, 7.9402], [37.8585, 8.2667], [37.7215, 8.3362], [37.6689, 8.4562], [37.5169, 8.6024], [37.3327, 8.6239], [37.4349, 8.7948], [37.5941, 8.8021], [37.6389, 8.8938], [37.6349, 9.1635], [37.7236, 9.4774], [37.8658, 9.5614], [37.8959, 9.6841], [38.0246, 9.9132], [38.2055, 10.0619], [38.3275, 10.3574], [38.3753, 10.615], [38.7245, 10.5523], [38.8182, 10.7762], [39.0003, 10.64], [39.1762, 10.7106], [39.2486, 10.6479], [39.4543, 10.6443], [39.7154, 10.524], [39.793, 10.4204], [39.926, 10.324], [40.0493, 10.1481], [40.1519, 10.0511], [40.0464, 9.9184], [39.9449, 9.7778], [39.9683, 9.6949], [39.9731, 9.6037], [40.1407, 9.5987], [40.2129, 9.6199], [40.2795, 9.5665], [40.214, 9.4602], [40.3248, 9.295], [40.4355, 9.1505], [40.55, 9.0435], [41.5309, 8.6875], [41.7832, 8.6893]]]}}, {"type": "Feature", "properties": {"featurecla": "Admin-0 country", "scalerank": 1, "LABELRANK": 5, "SOVEREIGNT": "Djibouti", "SOV_A3": "DJI", "ADM0_DIF": 0, "LEVEL": 2, "TYPE": "Sovereign country", "TLC": "1", "ADMIN": "Djibouti", "ADM0_A3": "DJI", "GEOU_DIF": 0, "GEOUNIT": "Djibouti", "GU_A3": "DJI", "SU_DIF": 0, "SUBUNIT": "Djibouti", "SU_A3": "DJI", "BRK_DIFF": 0, "NAME": "Djibouti", "NAME_LONG": "Djibouti", "BRK_A3": "DJI", "BRK_NAME": "Djibouti", "BRK_GROUP": null, "ABBREV": "Dji.", "POSTAL": "DJ", "FORMAL_EN": "Republic of Djibouti", "FORMAL_FR": null, "NAME_CIAWF": "Djibouti", "NOTE_ADM0": null, "NOTE_BRK": null, "NAME_SORT": "Djibouti", "NAME_ALT": null, "MAPCOLOR7": 1, "MAPCOLOR8": 2, "MAPCOLOR9": 4, "MAPCOLOR13": 8, "POP_EST": 973560, "POP_RANK": 11, "POP_YEAR": 2019, "GDP_MD": 3324, "GDP_YEAR": 2019, "ECONOMY": "7. Least developed region", "INCOME_GRP": "4. Lower middle income", "FIPS_10": "DJ", "ISO_A2": "DJ", "ISO_A2_EH": "DJ", "ISO_A3": "DJI", "ISO_A3_EH": "DJI", "ISO_N3": "262", "ISO_N3_EH": "262", "UN_A3": "262", "WB_A2": "DJ", "WB_A3": "DJI", "WOE_ID": 23424797, "WOE_ID_EH": 23424797, "WOE_NOTE": "Exact WOE match as country", "ADM0_ISO": "DJI", "ADM0_DIFF": null, "ADM0_TLC": "DJI", "ADM0_A3_US": "DJI", "ADM0_A3_FR": "DJI", "ADM0_A3_RU": "DJI", "ADM0_A3_ES": "DJI", "ADM0_A3_CN": "DJI", "ADM0_A3_TW": "DJI", "ADM0_A3_IN": "DJI", "ADM0_A3_NP": "DJI", "ADM0_A3_PK": "DJI", "ADM0_A3_DE": "DJI", "ADM0_A3_GB": "DJI", "ADM0_A3_BR": "DJI", "ADM0_A3_IL": "DJI", "ADM0_A3_PS": "DJI", "ADM0_A3_SA": "DJI", "ADM0_A3_EG": "DJI", "ADM0_A3_MA": "DJI", "ADM0_A3_PT": "DJI", "ADM0_A3_AR": "DJI", "ADM0_A3_JP": "DJI", "ADM0_A3_KO": "DJI", "ADM0_A3_VN": "DJI", "ADM0_A3_TR": "DJI", "ADM0_A3_ID": "DJI", "ADM0_A3_PL": "DJI", "ADM0_A3_GR": "DJI", "ADM0_A3_IT": "DJI", "ADM0_A3_NL": "DJI", "ADM0_A3_SE": "DJI", "ADM0_A3_BD": "DJI", "ADM0_A3_UA": "DJI", "ADM0_A3_UN": -99, "ADM0_A3_WB": -99, "CONTINENT": "Africa", "REGION_UN": "Africa", "SUBREGION": "Eastern Africa", "REGION_WB": "Middle East & North Africa", "NAME_LEN": 8, "LONG_LEN": 8, "ABBREV_LEN": 4, "TINY": -99, "HOMEPART": 1, "MIN_ZOOM": 0, "MIN_LABEL": 4, "MAX_LABEL": 9, "LABEL_X": 42.498825, "LABEL_Y": 11.976343, "NE_ID": 1159320541, "WIKIDATAID": "Q977", "NAME_AR": "\u062c\u064a\u0628\u0648\u062a\u064a", "NAME_BN": "\u099c\u09bf\u09ac\u09c1\u09a4\u09bf", "NAME_DE": "Dschibuti", "NAME_EN": "Djibouti", "NAME_ES": "Yibuti", "NAME_FA": "\u062c\u06cc\u0628\u0648\u062a\u06cc", "NAME_FR": "Djibouti", "NAME_EL": "\u03a4\u03b6\u03b9\u03bc\u03c0\u03bf\u03c5\u03c4\u03af", "NAME_HE": "\u05d2'\u05d9\u05d1\u05d5\u05d8\u05d9", "NAME_HI": "\u091c\u093f\u092c\u0942\u0924\u0940", "NAME_HU": "Dzsibuti", "NAME_ID": "Djibouti", "NAME_IT": "Gibuti", "NAME_JA": "\u30b8\u30d6\u30c1", "NAME_KO": "\uc9c0\ubd80\ud2f0", "NAME_NL": "Djibouti", "NAME_PL": "D\u017cibuti", "NAME_PT": "Djibouti", "NAME_RU": "\u0414\u0436\u0438\u0431\u0443\u0442\u0438", "NAME_SV": "Djibouti", "NAME_TR": "Cibuti", "NAME_UK": "\u0414\u0436\u0438\u0431\u0443\u0442\u0456", "NAME_UR": "\u062c\u0628\u0648\u062a\u06cc", "NAME_VI": "Djibouti", "NAME_ZH": "\u5409\u5e03\u63d0", "NAME_ZHT": "\u5409\u5e03\u5730", "FCLASS_ISO": "Admin-0 country", "TLC_DIFF": null, "FCLASS_TLC": "Admin-0 country", "FCLASS_US": null, "FCLASS_FR": null, "FCLASS_RU": null, "FCLASS_ES": null, "FCLASS_CN": null, "FCLASS_TW": null, "FCLASS_IN": null, "FCLASS_NP": null, "FCLASS_PK": null, "FCLASS_DE": null, "FCLASS_GB": null, "FCLASS_BR": null, "FCLASS_IL": null, "FCLASS_PS": null, "FCLASS_SA": null, "FCLASS_EG": null, "FCLASS_MA": null, "FCLASS_PT": null, "FCLASS_AR": null, "FCLASS_JP": null, "FCLASS_KO": null, "FCLASS_VN": null, "FCLASS_TR": null, "FCLASS_ID": null, "FCLASS_PL": null, "FCLASS_GR": null, "FCLASS_IT": null, "FCLASS_NL": null, "FCLASS_SE": null, "FCLASS_BD": null, "FCLASS_UA": null, "cartogram_scale": 0.3, "dc_count": 0, "dc_code": "OTHER"}, "geometry": {"type": "Polygon", "coordinates": [[[42.471, 12.0229], [42.5994, 11.9969], [42.6899, 12.0702], [42.7609, 11.9773], [42.7514, 11.8527], [42.5803, 11.781], [42.7091, 11.6989], [42.5986, 11.5383], [42.532, 11.5918], [42.4597, 11.5705], [42.2922, 11.5755], [42.2874, 11.6668], [42.264, 11.7496], [42.3655, 11.8903], [42.471, 12.0229]]]}}, {"type": "Feature", "properties": {"featurecla": "Admin-0 country", "scalerank": 1, "LABELRANK": 5, "SOVEREIGNT": "Somaliland", "SOV_A3": "SOL", "ADM0_DIF": 0, "LEVEL": 2, "TYPE": "Sovereign country", "TLC": "1", "ADMIN": "Somaliland", "ADM0_A3": "SOL", "GEOU_DIF": 0, "GEOUNIT": "Somaliland", "GU_A3": "SOL", "SU_DIF": 0, "SUBUNIT": "Somaliland", "SU_A3": "SOL", "BRK_DIFF": 0, "NAME": "Somaliland", "NAME_LONG": "Somaliland", "BRK_A3": "SOL", "BRK_NAME": "Somaliland", "BRK_GROUP": null, "ABBREV": "Solnd.", "POSTAL": "SL", "FORMAL_EN": "Republic of Somaliland", "FORMAL_FR": null, "NAME_CIAWF": null, "NOTE_ADM0": "Disputed", "NOTE_BRK": "Self admin.; Claimed by Somalia", "NAME_SORT": "Somaliland", "NAME_ALT": null, "MAPCOLOR7": 3, "MAPCOLOR8": 6, "MAPCOLOR9": 5, "MAPCOLOR13": 2, "POP_EST": 5096159, "POP_RANK": 13, "POP_YEAR": 2014, "GDP_MD": 17836, "GDP_YEAR": 2013, "ECONOMY": "6. Developing region", "INCOME_GRP": "4. Lower middle income", "FIPS_10": "-99", "ISO_A2": "-99", "ISO_A2_EH": "-99", "ISO_A3": "-99", "ISO_A3_EH": "-99", "ISO_N3": "-99", "ISO_N3_EH": "-99", "UN_A3": "-099", "WB_A2": "-99", "WB_A3": "-99", "WOE_ID": -99, "WOE_ID_EH": -99, "WOE_NOTE": "Includes old states of 2347021, 2347020, 2347017 and portion of 2347016.", "ADM0_ISO": "SOM", "ADM0_DIFF": "1", "ADM0_TLC": "SOL", "ADM0_A3_US": "SOM", "ADM0_A3_FR": "SOM", "ADM0_A3_RU": "SOM", "ADM0_A3_ES": "SOM", "ADM0_A3_CN": "SOM", "ADM0_A3_TW": "SOL", "ADM0_A3_IN": "SOM", "ADM0_A3_NP": "SOM", "ADM0_A3_PK": "SOM", "ADM0_A3_DE": "SOM", "ADM0_A3_GB": "SOM", "ADM0_A3_BR": "SOM", "ADM0_A3_IL": "SOM", "ADM0_A3_PS": "SOM", "ADM0_A3_SA": "SOM", "ADM0_A3_EG": "SOM", "ADM0_A3_MA": "SOM", "ADM0_A3_PT": "SOM", "ADM0_A3_AR": "SOM", "ADM0_A3_JP": "SOM", "ADM0_A3_KO": "SOM", "ADM0_A3_VN": "SOM", "ADM0_A3_TR": "SOM", "ADM0_A3_ID": "SOM", "ADM0_A3_PL": "SOM", "ADM0_A3_GR": "SOM", "ADM0_A3_IT": "SOM", "ADM0_A3_NL": "SOM", "ADM0_A3_SE": "SOM", "ADM0_A3_BD": "SOM", "ADM0_A3_UA": "SOM", "ADM0_A3_UN": -99, "ADM0_A3_WB": -99, "CONTINENT": "Africa", "REGION_UN": "Africa", "SUBREGION": "Eastern Africa", "REGION_WB": "Sub-Saharan Africa", "NAME_LEN": 10, "LONG_LEN": 10, "ABBREV_LEN": 6, "TINY": -99, "HOMEPART": 1, "MIN_ZOOM": 4, "MIN_LABEL": 4.5, "MAX_LABEL": 9, "LABEL_X": 46.731595, "LABEL_Y": 9.443889, "NE_ID": 1159321259, "WIKIDATAID": "Q34754", "NAME_AR": "\u0635\u0648\u0645\u0627\u0644\u064a\u0644\u0627\u0646\u062f", "NAME_BN": "\u09b8\u09cb\u09ae\u09be\u09b2\u09bf\u09b2\u09cd\u09af\u09be\u09a8\u09cd\u09a1", "NAME_DE": "Somaliland", "NAME_EN": "Somaliland", "NAME_ES": "Somalilandia", "NAME_FA": "\u0633\u0648\u0645\u0627\u0644\u06cc\u0644\u0646\u062f", "NAME_FR": "Somaliland", "NAME_EL": "\u03a3\u03bf\u03bc\u03b1\u03bb\u03b9\u03bb\u03ac\u03bd\u03b4\u03b7", "NAME_HE": "\u05e1\u05d5\u05de\u05dc\u05d9\u05dc\u05e0\u05d3", "NAME_HI": "\u0938\u094b\u092e\u093e\u0932\u0940\u0926\u0947\u0936", "NAME_HU": "Szom\u00e1lif\u00f6ld", "NAME_ID": "Somaliland", "NAME_IT": "Somaliland", "NAME_JA": "\u30bd\u30de\u30ea\u30e9\u30f3\u30c9", "NAME_KO": "\uc18c\ub9d0\ub9b4\ub780\ub4dc", "NAME_NL": "Somaliland", "NAME_PL": "Somaliland", "NAME_PT": "Somalil\u00e2ndia", "NAME_RU": "\u0421\u043e\u043c\u0430\u043b\u0438\u043b\u0435\u043d\u0434", "NAME_SV": "Somaliland", "NAME_TR": "Somaliland", "NAME_UK": "\u0421\u043e\u043c\u0430\u043b\u0456\u043b\u0435\u043d\u0434", "NAME_UR": "\u0635\u0648\u0645\u0627\u0644\u06cc \u0644\u06cc\u0646\u0688", "NAME_VI": "Somaliland", "NAME_ZH": "\u7d22\u9a6c\u91cc\u5170", "NAME_ZHT": "\u7d22\u99ac\u5229\u862d", "FCLASS_ISO": "Unrecognized", "TLC_DIFF": "1", "FCLASS_TLC": "Admin-0 country", "FCLASS_US": "Unrecognized", "FCLASS_FR": "Unrecognized", "FCLASS_RU": "Unrecognized", "FCLASS_ES": "Unrecognized", "FCLASS_CN": "Unrecognized", "FCLASS_TW": "Admin-0 country", "FCLASS_IN": "Unrecognized", "FCLASS_NP": "Unrecognized", "FCLASS_PK": "Unrecognized", "FCLASS_DE": "Unrecognized", "FCLASS_GB": "Unrecognized", "FCLASS_BR": "Unrecognized", "FCLASS_IL": "Unrecognized", "FCLASS_PS": "Unrecognized", "FCLASS_SA": "Unrecognized", "FCLASS_EG": "Unrecognized", "FCLASS_MA": "Unrecognized", "FCLASS_PT": "Unrecognized", "FCLASS_AR": "Unrecognized", "FCLASS_JP": "Unrecognized", "FCLASS_KO": "Unrecognized", "FCLASS_VN": "Unrecognized", "FCLASS_TR": "Unrecognized", "FCLASS_ID": "Unrecognized", "FCLASS_PL": "Unrecognized", "FCLASS_GR": "Unrecognized", "FCLASS_IT": "Unrecognized", "FCLASS_NL": "Unrecognized", "FCLASS_SE": "Unrecognized", "FCLASS_BD": "Unrecognized", "FCLASS_UA": "Unrecognized", "cartogram_scale": 0.3, "dc_count": 0, "dc_code": "OTHER"}, "geometry": {"type": "Polygon", "coordinates": [[[47.131, 10.7524], [47.131, 10.7524], [47.1291, 10.7475], [47.1281, 10.6239], [47.128, 10.3213], [47.128, 10.1648], [46.9925, 9.9805], [46.7834, 9.7302], [46.531, 9.7283], [45.5502, 10.0843], [45.4356, 10.1914], [45.325, 10.3358], [45.2142, 10.501], [45.2796, 10.6073], [45.3901, 10.7679], [45.4877, 10.7126], [45.5465, 10.5885], [45.6819, 10.4629], [45.8308, 10.4619], [46.1136, 10.5387], [46.4401, 10.5742], [46.7042, 10.6674], [46.853, 10.6872], [46.9602, 10.7419], [47.131, 10.7524], [47.131, 10.7524]]]}}, {"type": "Feature", "properties": {"featurecla": "Admin-0 country", "scalerank": 1, "LABELRANK": 3, "SOVEREIGNT": "Uganda", "SOV_A3": "UGA", "ADM0_DIF": 0, "LEVEL": 2, "TYPE": "Sovereign country", "TLC": "1", "ADMIN": "Uganda", "ADM0_A3": "UGA", "GEOU_DIF": 0, "GEOUNIT": "Uganda", "GU_A3": "UGA", "SU_DIF": 0, "SUBUNIT": "Uganda", "SU_A3": "UGA", "BRK_DIFF": 0, "NAME": "Uganda", "NAME_LONG": "Uganda", "BRK_A3": "UGA", "BRK_NAME": "Uganda", "BRK_GROUP": null, "ABBREV": "Uga.", "POSTAL": "UG", "FORMAL_EN": "Republic of Uganda", "FORMAL_FR": null, "NAME_CIAWF": "Uganda", "NOTE_ADM0": null, "NOTE_BRK": null, "NAME_SORT": "Uganda", "NAME_ALT": null, "MAPCOLOR7": 6, "MAPCOLOR8": 3, "MAPCOLOR9": 6, "MAPCOLOR13": 4, "POP_EST": 44269594, "POP_RANK": 15, "POP_YEAR": 2019, "GDP_MD": 35165, "GDP_YEAR": 2019, "ECONOMY": "7. Least developed region", "INCOME_GRP": "5. Low income", "FIPS_10": "UG", "ISO_A2": "UG", "ISO_A2_EH": "UG", "ISO_A3": "UGA", "ISO_A3_EH": "UGA", "ISO_N3": "800", "ISO_N3_EH": "800", "UN_A3": "800", "WB_A2": "UG", "WB_A3": "UGA", "WOE_ID": 23424974, "WOE_ID_EH": 23424974, "WOE_NOTE": "Exact WOE match as country", "ADM0_ISO": "UGA", "ADM0_DIFF": null, "ADM0_TLC": "UGA", "ADM0_A3_US": "UGA", "ADM0_A3_FR": "UGA", "ADM0_A3_RU": "UGA", "ADM0_A3_ES": "UGA", "ADM0_A3_CN": "UGA", "ADM0_A3_TW": "UGA", "ADM0_A3_IN": "UGA", "ADM0_A3_NP": "UGA", "ADM0_A3_PK": "UGA", "ADM0_A3_DE": "UGA", "ADM0_A3_GB": "UGA", "ADM0_A3_BR": "UGA", "ADM0_A3_IL": "UGA", "ADM0_A3_PS": "UGA", "ADM0_A3_SA": "UGA", "ADM0_A3_EG": "UGA", "ADM0_A3_MA": "UGA", "ADM0_A3_PT": "UGA", "ADM0_A3_AR": "UGA", "ADM0_A3_JP": "UGA", "ADM0_A3_KO": "UGA", "ADM0_A3_VN": "UGA", "ADM0_A3_TR": "UGA", "ADM0_A3_ID": "UGA", "ADM0_A3_PL": "UGA", "ADM0_A3_GR": "UGA", "ADM0_A3_IT": "UGA", "ADM0_A3_NL": "UGA", "ADM0_A3_SE": "UGA", "ADM0_A3_BD": "UGA", "ADM0_A3_UA": "UGA", "ADM0_A3_UN": -99, "ADM0_A3_WB": -99, "CONTINENT": "Africa", "REGION_UN": "Africa", "SUBREGION": "Eastern Africa", "REGION_WB": "Sub-Saharan Africa", "NAME_LEN": 6, "LONG_LEN": 6, "ABBREV_LEN": 4, "TINY": -99, "HOMEPART": 1, "MIN_ZOOM": 0, "MIN_LABEL": 3, "MAX_LABEL": 8, "LABEL_X": 32.948555, "LABEL_Y": 1.972589, "NE_ID": 1159321343, "WIKIDATAID": "Q1036", "NAME_AR": "\u0623\u0648\u063a\u0646\u062f\u0627", "NAME_BN": "\u0989\u0997\u09be\u09a8\u09cd\u09a1\u09be", "NAME_DE": "Uganda", "NAME_EN": "Uganda", "NAME_ES": "Uganda", "NAME_FA": "\u0627\u0648\u06af\u0627\u0646\u062f\u0627", "NAME_FR": "Ouganda", "NAME_EL": "\u039f\u03c5\u03b3\u03ba\u03ac\u03bd\u03c4\u03b1", "NAME_HE": "\u05d0\u05d5\u05d2\u05e0\u05d3\u05d4", "NAME_HI": "\u092f\u0941\u0917\u093e\u0923\u094d\u0921\u093e", "NAME_HU": "Uganda", "NAME_ID": "Uganda", "NAME_IT": "Uganda", "NAME_JA": "\u30a6\u30ac\u30f3\u30c0", "NAME_KO": "\uc6b0\uac04\ub2e4", "NAME_NL": "Oeganda", "NAME_PL": "Uganda", "NAME_PT": "Uganda", "NAME_RU": "\u0423\u0433\u0430\u043d\u0434\u0430", "NAME_SV": "Uganda", "NAME_TR": "Uganda", "NAME_UK": "\u0423\u0433\u0430\u043d\u0434\u0430", "NAME_UR": "\u06cc\u0648\u06af\u0646\u0688\u0627", "NAME_VI": "Uganda", "NAME_ZH": "\u4e4c\u5e72\u8fbe", "NAME_ZHT": "\u70cf\u5e72\u9054", "FCLASS_ISO": "Admin-0 country", "TLC_DIFF": null, "FCLASS_TLC": "Admin-0 country", "FCLASS_US": null, "FCLASS_FR": null, "FCLASS_RU": null, "FCLASS_ES": null, "FCLASS_CN": null, "FCLASS_TW": null, "FCLASS_IN": null, "FCLASS_NP": null, "FCLASS_PK": null, "FCLASS_DE": null, "FCLASS_GB": null, "FCLASS_BR": null, "FCLASS_IL": null, "FCLASS_PS": null, "FCLASS_SA": null, "FCLASS_EG": null, "FCLASS_MA": null, "FCLASS_PT": null, "FCLASS_AR": null, "FCLASS_JP": null, "FCLASS_KO": null, "FCLASS_VN": null, "FCLASS_TR": null, "FCLASS_ID": null, "FCLASS_PL": null, "FCLASS_GR": null, "FCLASS_IT": null, "FCLASS_NL": null, "FCLASS_SE": null, "FCLASS_BD": null, "FCLASS_UA": null, "cartogram_scale": 0.3, "dc_count": 0, "dc_code": "OTHER"}, "geometry": {"type": "Polygon", "coordinates": [[[32.537, 0.6523], [31.9257, 0.6291], [31.5968, 0.6329], [31.4916, 0.5969], [31.3123, 0.5043], [31.2397, 0.5349], [31.2422, 0.7611], [31.3117, 0.8757], [31.3286, 1.1165], [31.3917, 1.256], [31.5064, 1.4124], [31.6217, 1.4921], [31.7181, 1.5986], [31.5979, 1.6392], [31.616, 1.99], [31.616, 1.99], [31.7395, 2.0718], [31.9303, 2.0048], [32.1718, 2.075], [32.3829, 2.0743], [32.5674, 2.2122], [32.7096, 2.004], [32.7447, 1.8534], [32.8767, 1.509], [32.7675, 1.2904], [32.6199, 1.0918], [32.5339, 0.9702], [32.537, 0.6523]]]}}, {"type": "Feature", "properties": {"featurecla": "Admin-0 country", "scalerank": 1, "LABELRANK": 3, "SOVEREIGNT": "Rwanda", "SOV_A3": "RWA", "ADM0_DIF": 0, "LEVEL": 2, "TYPE": "Sovereign country", "TLC": "1", "ADMIN": "Rwanda", "ADM0_A3": "RWA", "GEOU_DIF": 0, "GEOUNIT": "Rwanda", "GU_A3": "RWA", "SU_DIF": 0, "SUBUNIT": "Rwanda", "SU_A3": "RWA", "BRK_DIFF": 0, "NAME": "Rwanda", "NAME_LONG": "Rwanda", "BRK_A3": "RWA", "BRK_NAME": "Rwanda", "BRK_GROUP": null, "ABBREV": "Rwa.", "POSTAL": "RW", "FORMAL_EN": "Republic of Rwanda", "FORMAL_FR": null, "NAME_CIAWF": "Rwanda", "NOTE_ADM0": null, "NOTE_BRK": null, "NAME_SORT": "Rwanda", "NAME_ALT": null, "MAPCOLOR7": 5, "MAPCOLOR8": 2, "MAPCOLOR9": 3, "MAPCOLOR13": 10, "POP_EST": 12626950, "POP_RANK": 14, "POP_YEAR": 2019, "GDP_MD": 10354, "GDP_YEAR": 2019, "ECONOMY": "7. Least developed region", "INCOME_GRP": "5. Low income", "FIPS_10": "RW", "ISO_A2": "RW", "ISO_A2_EH": "RW", "ISO_A3": "RWA", "ISO_A3_EH": "RWA", "ISO_N3": "646", "ISO_N3_EH": "646", "UN_A3": "646", "WB_A2": "RW", "WB_A3": "RWA", "WOE_ID": 23424937, "WOE_ID_EH": 23424937, "WOE_NOTE": "Exact WOE match as country", "ADM0_ISO": "RWA", "ADM0_DIFF": null, "ADM0_TLC": "RWA", "ADM0_A3_US": "RWA", "ADM0_A3_FR": "RWA", "ADM0_A3_RU": "RWA", "ADM0_A3_ES": "RWA", "ADM0_A3_CN": "RWA", "ADM0_A3_TW": "RWA", "ADM0_A3_IN": "RWA", "ADM0_A3_NP": "RWA", "ADM0_A3_PK": "RWA", "ADM0_A3_DE": "RWA", "ADM0_A3_GB": "RWA", "ADM0_A3_BR": "RWA", "ADM0_A3_IL": "RWA", "ADM0_A3_PS": "RWA", "ADM0_A3_SA": "RWA", "ADM0_A3_EG": "RWA", "ADM0_A3_MA": "RWA", "ADM0_A3_PT": "RWA", "ADM0_A3_AR": "RWA", "ADM0_A3_JP": "RWA", "ADM0_A3_KO": "RWA", "ADM0_A3_VN": "RWA", "ADM0_A3_TR": "RWA", "ADM0_A3_ID": "RWA", "ADM0_A3_PL": "RWA", "ADM0_A3_GR": "RWA", "ADM0_A3_IT": "RWA", "ADM0_A3_NL": "RWA", "ADM0_A3_SE": "RWA", "ADM0_A3_BD": "RWA", "ADM0_A3_UA": "RWA", "ADM0_A3_UN": -99, "ADM0_A3_WB": -99, "CONTINENT": "Africa", "REGION_UN": "Africa", "SUBREGION": "Eastern Africa", "REGION_WB": "Sub-Saharan Africa", "NAME_LEN": 6, "LONG_LEN": 6, "ABBREV_LEN": 4, "TINY": -99, "HOMEPART": 1, "MIN_ZOOM": 0, "MIN_LABEL": 3, "MAX_LABEL": 8, "LABEL_X": 30.103894, "LABEL_Y": -1.897196, "NE_ID": 1159321219, "WIKIDATAID": "Q1037", "NAME_AR": "\u0631\u0648\u0627\u0646\u062f\u0627", "NAME_BN": "\u09b0\u09c1\u09af\u09bc\u09be\u09a8\u09cd\u09a1\u09be", "NAME_DE": "Ruanda", "NAME_EN": "Rwanda", "NAME_ES": "Ruanda", "NAME_FA": "\u0631\u0648\u0627\u0646\u062f\u0627", "NAME_FR": "Rwanda", "NAME_EL": "\u03a1\u03bf\u03c5\u03ac\u03bd\u03c4\u03b1", "NAME_HE": "\u05e8\u05d5\u05d0\u05e0\u05d3\u05d4", "NAME_HI": "\u0930\u0935\u093e\u0923\u094d\u0921\u093e", "NAME_HU": "Ruanda", "NAME_ID": "Rwanda", "NAME_IT": "Ruanda", "NAME_JA": "\u30eb\u30ef\u30f3\u30c0", "NAME_KO": "\ub974\uc644\ub2e4", "NAME_NL": "Rwanda", "NAME_PL": "Rwanda", "NAME_PT": "Ruanda", "NAME_RU": "\u0420\u0443\u0430\u043d\u0434\u0430", "NAME_SV": "Rwanda", "NAME_TR": "Ruanda", "NAME_UK": "\u0420\u0443\u0430\u043d\u0434\u0430", "NAME_UR": "\u0631\u0648\u0627\u0646\u0688\u0627", "NAME_VI": "Rwanda", "NAME_ZH": "\u5362\u65fa\u8fbe", "NAME_ZHT": "\u76e7\u65fa\u9054", "FCLASS_ISO": "Admin-0 country", "TLC_DIFF": null, "FCLASS_TLC": "Admin-0 country", "FCLASS_US": null, "FCLASS_FR": null, "FCLASS_RU": null, "FCLASS_ES": null, "FCLASS_CN": null, "FCLASS_TW": null, "FCLASS_IN": null, "FCLASS_NP": null, "FCLASS_PK": null, "FCLASS_DE": null, "FCLASS_GB": null, "FCLASS_BR": null, "FCLASS_IL": null, "FCLASS_PS": null, "FCLASS_SA": null, "FCLASS_EG": null, "FCLASS_MA": null, "FCLASS_PT": null, "FCLASS_AR": null, "FCLASS_JP": null, "FCLASS_KO": null, "FCLASS_VN": null, "FCLASS_TR": null, "FCLASS_ID": null, "FCLASS_PL": null, "FCLASS_GR": null, "FCLASS_IT": null, "FCLASS_NL": null, "FCLASS_SE": null, "FCLASS_BD": null, "FCLASS_UA": null, "cartogram_scale": 0.3, "dc_count": 0, "dc_code": "OTHER"}, "geometry": {"type": "Polygon", "coordinates": [[[30.0764, -1.7454], [30.1955, -1.9147], [30.1781, -2.0912], [30.0915, -2.1292], [30.0915, -2.1292], [29.9321, -2.1096], [29.8403, -2.2804], [29.6581, -2.2568], [29.6859, -2.0927], [29.7271, -2.0696], [29.7382, -1.8911], [29.8245, -1.8074], [29.8971, -1.838], [30.0764, -1.7454]]]}}, {"type": "Feature", "properties": {"featurecla": "Admin-0 country", "scalerank": 1, "LABELRANK": 5, "SOVEREIGNT": "Bosnia and Herzegovina", "SOV_A3": "BIH", "ADM0_DIF": 0, "LEVEL": 2, "TYPE": "Sovereign country", "TLC": "1", "ADMIN": "Bosnia and Herzegovina", "ADM0_A3": "BIH", "GEOU_DIF": 0, "GEOUNIT": "Bosnia and Herzegovina", "GU_A3": "BIH", "SU_DIF": 0, "SUBUNIT": "Bosnia and Herzegovina", "SU_A3": "BIH", "BRK_DIFF": 0, "NAME": "Bosnia and Herz.", "NAME_LONG": "Bosnia and Herzegovina", "BRK_A3": "BIH", "BRK_NAME": "Bosnia and Herz.", "BRK_GROUP": null, "ABBREV": "B.H.", "POSTAL": "BiH", "FORMAL_EN": "Bosnia and Herzegovina", "FORMAL_FR": null, "NAME_CIAWF": "Bosnia and Herzegovina", "NOTE_ADM0": null, "NOTE_BRK": null, "NAME_SORT": "Bosnia and Herzegovina", "NAME_ALT": null, "MAPCOLOR7": 1, "MAPCOLOR8": 1, "MAPCOLOR9": 1, "MAPCOLOR13": 2, "POP_EST": 3301000, "POP_RANK": 12, "POP_YEAR": 2019, "GDP_MD": 20164, "GDP_YEAR": 2019, "ECONOMY": "6. Developing region", "INCOME_GRP": "3. Upper middle income", "FIPS_10": "BK", "ISO_A2": "BA", "ISO_A2_EH": "BA", "ISO_A3": "BIH", "ISO_A3_EH": "BIH", "ISO_N3": "070", "ISO_N3_EH": "070", "UN_A3": "070", "WB_A2": "BA", "WB_A3": "BIH", "WOE_ID": 23424761, "WOE_ID_EH": 23424761, "WOE_NOTE": "Exact WOE match as country", "ADM0_ISO": "BIH", "ADM0_DIFF": null, "ADM0_TLC": "BIH", "ADM0_A3_US": "BIH", "ADM0_A3_FR": "BIH", "ADM0_A3_RU": "BIH", "ADM0_A3_ES": "BIH", "ADM0_A3_CN": "BIH", "ADM0_A3_TW": "BIH", "ADM0_A3_IN": "BIH", "ADM0_A3_NP": "BIH", "ADM0_A3_PK": "BIH", "ADM0_A3_DE": "BIH", "ADM0_A3_GB": "BIH", "ADM0_A3_BR": "BIH", "ADM0_A3_IL": "BIH", "ADM0_A3_PS": "BIH", "ADM0_A3_SA": "BIH", "ADM0_A3_EG": "BIH", "ADM0_A3_MA": "BIH", "ADM0_A3_PT": "BIH", "ADM0_A3_AR": "BIH", "ADM0_A3_JP": "BIH", "ADM0_A3_KO": "BIH", "ADM0_A3_VN": "BIH", "ADM0_A3_TR": "BIH", "ADM0_A3_ID": "BIH", "ADM0_A3_PL": "BIH", "ADM0_A3_GR": "BIH", "ADM0_A3_IT": "BIH", "ADM0_A3_NL": "BIH", "ADM0_A3_SE": "BIH", "ADM0_A3_BD": "BIH", "ADM0_A3_UA": "BIH", "ADM0_A3_UN": -99, "ADM0_A3_WB": -99, "CONTINENT": "Europe", "REGION_UN": "Europe", "SUBREGION": "Southern Europe", "REGION_WB": "Europe & Central Asia", "NAME_LEN": 16, "LONG_LEN": 22, "ABBREV_LEN": 4, "TINY": -99, "HOMEPART": 1, "MIN_ZOOM": 0, "MIN_LABEL": 4.5, "MAX_LABEL": 6.8, "LABEL_X": 18.06841, "LABEL_Y": 44.091051, "NE_ID": 1159320417, "WIKIDATAID": "Q225", "NAME_AR": "\u0627\u0644\u0628\u0648\u0633\u0646\u0629 \u0648\u0627\u0644\u0647\u0631\u0633\u0643", "NAME_BN": "\u09ac\u09b8\u09a8\u09bf\u09af\u09bc\u09be \u0993 \u09b9\u09be\u09b0\u09cd\u099c\u09c7\u0997\u09cb\u09ad\u09bf\u09a8\u09be", "NAME_DE": "Bosnien und Herzegowina", "NAME_EN": "Bosnia and Herzegovina", "NAME_ES": "Bosnia y Herzegovina", "NAME_FA": "\u0628\u0648\u0633\u0646\u06cc \u0648 \u0647\u0631\u0632\u06af\u0648\u06cc\u0646", "NAME_FR": "Bosnie-Herz\u00e9govine", "NAME_EL": "\u0392\u03bf\u03c3\u03bd\u03af\u03b1 \u03ba\u03b1\u03b9 \u0395\u03c1\u03b6\u03b5\u03b3\u03bf\u03b2\u03af\u03bd\u03b7", "NAME_HE": "\u05d1\u05d5\u05e1\u05e0\u05d9\u05d4 \u05d5\u05d4\u05e8\u05e6\u05d2\u05d5\u05d1\u05d9\u05e0\u05d4", "NAME_HI": "\u092c\u0949\u0938\u094d\u0928\u093f\u092f\u093e \u0914\u0930 \u0939\u0930\u094d\u091c\u093c\u0947\u0917\u094b\u0935\u093f\u0928\u093e", "NAME_HU": "Bosznia-Hercegovina", "NAME_ID": "Bosnia dan Herzegovina", "NAME_IT": "Bosnia ed Erzegovina", "NAME_JA": "\u30dc\u30b9\u30cb\u30a2\u30fb\u30d8\u30eb\u30c4\u30a7\u30b4\u30d3\u30ca", "NAME_KO": "\ubcf4\uc2a4\ub2c8\uc544 \ud5e4\ub974\uccb4\uace0\ube44\ub098", "NAME_NL": "Bosni\u00eb en Herzegovina", "NAME_PL": "Bo\u015bnia i Hercegowina", "NAME_PT": "B\u00f3snia e Herzegovina", "NAME_RU": "\u0411\u043e\u0441\u043d\u0438\u044f \u0438 \u0413\u0435\u0440\u0446\u0435\u0433\u043e\u0432\u0438\u043d\u0430", "NAME_SV": "Bosnien och Hercegovina", "NAME_TR": "Bosna-Hersek", "NAME_UK": "\u0411\u043e\u0441\u043d\u0456\u044f \u0456 \u0413\u0435\u0440\u0446\u0435\u0433\u043e\u0432\u0438\u043d\u0430", "NAME_UR": "\u0628\u0648\u0633\u0646\u06cc\u0627 \u0648 \u06c1\u0631\u0632\u06cc\u06af\u0648\u0648\u06cc\u0646\u0627", "NAME_VI": "Bosna v\u00e0 Hercegovina", "NAME_ZH": "\u6ce2\u65af\u5c3c\u4e9a\u548c\u9ed1\u585e\u54e5\u7ef4\u90a3", "NAME_ZHT": "\u6ce2\u58eb\u5c3c\u4e9e\u8207\u8d6b\u585e\u54e5\u7dad\u7d0d", "FCLASS_ISO": "Admin-0 country", "TLC_DIFF": null, "FCLASS_TLC": "Admin-0 country", "FCLASS_US": null, "FCLASS_FR": null, "FCLASS_RU": null, "FCLASS_ES": null, "FCLASS_CN": null, "FCLASS_TW": null, "FCLASS_IN": null, "FCLASS_NP": null, "FCLASS_PK": null, "FCLASS_DE": null, "FCLASS_GB": null, "FCLASS_BR": null, "FCLASS_IL": null, "FCLASS_PS": null, "FCLASS_SA": null, "FCLASS_EG": null, "FCLASS_MA": null, "FCLASS_PT": null, "FCLASS_AR": null, "FCLASS_JP": null, "FCLASS_KO": null, "FCLASS_VN": null, "FCLASS_TR": null, "FCLASS_ID": null, "FCLASS_PL": null, "FCLASS_GR": null, "FCLASS_IT": null, "FCLASS_NL": null, "FCLASS_SE": null, "FCLASS_BD": null, "FCLASS_UA": null, "cartogram_scale": 0.3, "dc_count": 0, "dc_code": "OTHER"}, "geometry": {"type": "Polygon", "coordinates": [[[18.1129, 43.7245], [17.8474, 43.8381], [17.7342, 43.9634], [17.6198, 44.0298], [17.4819, 44.1419], [17.4168, 44.2349], [17.27, 44.3751], [17.3328, 44.4997], [17.4404, 44.4308], [17.5054, 44.493], [17.6456, 44.4997], [17.9035, 44.4499], [18.1109, 44.454], [18.2466, 44.3876], [18.2466, 44.3876], [18.3554, 44.3884], [18.2802, 44.2564], [18.4249, 44.1411], [18.3811, 44.0], [18.3105, 43.9867], [18.2544, 43.9593], [18.1569, 43.8896], [18.1129, 43.7245]]]}}, {"type": "Feature", "properties": {"featurecla": "Admin-0 country", "scalerank": 1, "LABELRANK": 6, "SOVEREIGNT": "North Macedonia", "SOV_A3": "MKD", "ADM0_DIF": 0, "LEVEL": 2, "TYPE": "Sovereign country", "TLC": "1", "ADMIN": "North Macedonia", "ADM0_A3": "MKD", "GEOU_DIF": 0, "GEOUNIT": "North Macedonia", "GU_A3": "MKD", "SU_DIF": 0, "SUBUNIT": "North Macedonia", "SU_A3": "MKD", "BRK_DIFF": 0, "NAME": "North Macedonia", "NAME_LONG": "North Macedonia", "BRK_A3": "MKD", "BRK_NAME": "North Macedonia", "BRK_GROUP": null, "ABBREV": "N. Mac.", "POSTAL": "NM", "FORMAL_EN": "Republic of North Macedonia", "FORMAL_FR": null, "NAME_CIAWF": "North Macedonia", "NOTE_ADM0": null, "NOTE_BRK": null, "NAME_SORT": "North Macedonia", "NAME_ALT": null, "MAPCOLOR7": 5, "MAPCOLOR8": 3, "MAPCOLOR9": 7, "MAPCOLOR13": 3, "POP_EST": 2083459, "POP_RANK": 12, "POP_YEAR": 2019, "GDP_MD": 12547, "GDP_YEAR": 2019, "ECONOMY": "6. Developing region", "INCOME_GRP": "3. Upper middle income", "FIPS_10": "MK", "ISO_A2": "MK", "ISO_A2_EH": "MK", "ISO_A3": "MKD", "ISO_A3_EH": "MKD", "ISO_N3": "807", "ISO_N3_EH": "807", "UN_A3": "807", "WB_A2": "MK", "WB_A3": "MKD", "WOE_ID": 23424890, "WOE_ID_EH": 23424890, "WOE_NOTE": "Exact WOE match as country", "ADM0_ISO": "MKD", "ADM0_DIFF": null, "ADM0_TLC": "MKD", "ADM0_A3_US": "MKD", "ADM0_A3_FR": "MKD", "ADM0_A3_RU": "MKD", "ADM0_A3_ES": "MKD", "ADM0_A3_CN": "MKD", "ADM0_A3_TW": "MKD", "ADM0_A3_IN": "MKD", "ADM0_A3_NP": "MKD", "ADM0_A3_PK": "MKD", "ADM0_A3_DE": "MKD", "ADM0_A3_GB": "MKD", "ADM0_A3_BR": "MKD", "ADM0_A3_IL": "MKD", "ADM0_A3_PS": "MKD", "ADM0_A3_SA": "MKD", "ADM0_A3_EG": "MKD", "ADM0_A3_MA": "MKD", "ADM0_A3_PT": "MKD", "ADM0_A3_AR": "MKD", "ADM0_A3_JP": "MKD", "ADM0_A3_KO": "MKD", "ADM0_A3_VN": "MKD", "ADM0_A3_TR": "MKD", "ADM0_A3_ID": "MKD", "ADM0_A3_PL": "MKD", "ADM0_A3_GR": "MKD", "ADM0_A3_IT": "MKD", "ADM0_A3_NL": "MKD", "ADM0_A3_SE": "MKD", "ADM0_A3_BD": "MKD", "ADM0_A3_UA": "MKD", "ADM0_A3_UN": -99, "ADM0_A3_WB": -99, "CONTINENT": "Europe", "REGION_UN": "Europe", "SUBREGION": "Southern Europe", "REGION_WB": "Europe & Central Asia", "NAME_LEN": 15, "LONG_LEN": 15, "ABBREV_LEN": 7, "TINY": -99, "HOMEPART": 1, "MIN_ZOOM": 0, "MIN_LABEL": 5, "MAX_LABEL": 10, "LABEL_X": 21.555839, "LABEL_Y": 41.558223, "NE_ID": 1159321061, "WIKIDATAID": "Q221", "NAME_AR": "\u0645\u0642\u062f\u0648\u0646\u064a\u0627 \u0627\u0644\u0634\u0645\u0627\u0644\u064a\u0629", "NAME_BN": "\u0989\u09a4\u09cd\u09a4\u09b0 \u09ae\u09c7\u09b8\u09bf\u09a1\u09cb\u09a8\u09bf\u09af\u09bc\u09be", "NAME_DE": "Nordmazedonien", "NAME_EN": "North Macedonia", "NAME_ES": "Macedonia del Norte", "NAME_FA": "\u0645\u0642\u062f\u0648\u0646\u06cc\u0647 \u0634\u0645\u0627\u0644\u06cc", "NAME_FR": "Mac\u00e9doine du Nord", "NAME_EL": "\u0392\u03cc\u03c1\u03b5\u03b9\u03b1 \u039c\u03b1\u03ba\u03b5\u03b4\u03bf\u03bd\u03af\u03b1", "NAME_HE": "\u05de\u05e7\u05d3\u05d5\u05e0\u05d9\u05d4 \u05d4\u05e6\u05e4\u05d5\u05e0\u05d9\u05ea", "NAME_HI": "\u0909\u0924\u094d\u0924\u0930 \u092e\u0948\u0938\u093f\u0921\u094b\u0928\u093f\u092f\u093e", "NAME_HU": "\u00c9szak-Maced\u00f3nia", "NAME_ID": "Republik Makedonia Utara", "NAME_IT": "Macedonia del Nord", "NAME_JA": "\u5317\u30de\u30b1\u30c9\u30cb\u30a2", "NAME_KO": "\ubd81\ub9c8\ucf00\ub3c4\ub2c8\uc544", "NAME_NL": "Noord-Macedoni\u00eb", "NAME_PL": "Macedonia P\u00f3\u0142nocna", "NAME_PT": "Maced\u00f3nia do Norte", "NAME_RU": "\u0421\u0435\u0432\u0435\u0440\u043d\u0430\u044f \u041c\u0430\u043a\u0435\u0434\u043e\u043d\u0438\u044f", "NAME_SV": "Nordmakedonien", "NAME_TR": "Kuzey Makedonya", "NAME_UK": "\u041f\u0456\u0432\u043d\u0456\u0447\u043d\u0430 \u041c\u0430\u043a\u0435\u0434\u043e\u043d\u0456\u044f", "NAME_UR": "\u0634\u0645\u0627\u0644\u06cc \u0645\u0642\u062f\u0648\u0646\u06cc\u06c1", "NAME_VI": "B\u1eafc Macedonia", "NAME_ZH": "\u5317\u9a6c\u5176\u987f", "NAME_ZHT": "\u5317\u99ac\u5176\u9813", "FCLASS_ISO": "Admin-0 country", "TLC_DIFF": null, "FCLASS_TLC": "Admin-0 country", "FCLASS_US": null, "FCLASS_FR": null, "FCLASS_RU": null, "FCLASS_ES": null, "FCLASS_CN": null, "FCLASS_TW": null, "FCLASS_IN": null, "FCLASS_NP": null, "FCLASS_PK": null, "FCLASS_DE": null, "FCLASS_GB": null, "FCLASS_BR": null, "FCLASS_IL": null, "FCLASS_PS": null, "FCLASS_SA": null, "FCLASS_EG": null, "FCLASS_MA": null, "FCLASS_PT": null, "FCLASS_AR": null, "FCLASS_JP": null, "FCLASS_KO": null, "FCLASS_VN": null, "FCLASS_TR": null, "FCLASS_ID": null, "FCLASS_PL": null, "FCLASS_GR": null, "FCLASS_IT": null, "FCLASS_NL": null, "FCLASS_SE": null, "FCLASS_BD": null, "FCLASS_UA": null, "cartogram_scale": 0.3, "dc_count": 0, "dc_code": "OTHER"}, "geometry": {"type": "Polygon", "coordinates": [[[21.8528, 41.8746], [22.003, 41.7783], [22.0243, 41.5799], [21.9671, 41.5699], [21.9178, 41.5176], [21.7552, 41.5234], [21.6408, 41.4579], [21.4446, 41.4313], [21.3202, 41.5043], [21.2775, 41.633], [21.3157, 41.7351], [21.3157, 41.7351], [21.3538, 41.7326], [21.3672, 41.794], [21.5444, 41.8405], [21.6116, 41.852], [21.7137, 41.8696], [21.8528, 41.8746]]]}}, {"type": "Feature", "properties": {"featurecla": "Admin-0 country", "scalerank": 1, "LABELRANK": 5, "SOVEREIGNT": "Republic of Serbia", "SOV_A3": "SRB", "ADM0_DIF": 0, "LEVEL": 2, "TYPE": "Sovereign country", "TLC": "1", "ADMIN": "Republic of Serbia", "ADM0_A3": "SRB", "GEOU_DIF": 0, "GEOUNIT": "Republic of Serbia", "GU_A3": "SRB", "SU_DIF": 0, "SUBUNIT": "Republic of Serbia", "SU_A3": "SRB", "BRK_DIFF": 0, "NAME": "Serbia", "NAME_LONG": "Serbia", "BRK_A3": "SRB", "BRK_NAME": "Serbia", "BRK_GROUP": null, "ABBREV": "Serb.", "POSTAL": "RS", "FORMAL_EN": "Republic of Serbia", "FORMAL_FR": null, "NAME_CIAWF": "Serbia", "NOTE_ADM0": null, "NOTE_BRK": null, "NAME_SORT": "Serbia", "NAME_ALT": null, "MAPCOLOR7": 3, "MAPCOLOR8": 3, "MAPCOLOR9": 2, "MAPCOLOR13": 10, "POP_EST": 6944975, "POP_RANK": 13, "POP_YEAR": 2019, "GDP_MD": 51475, "GDP_YEAR": 2019, "ECONOMY": "6. Developing region", "INCOME_GRP": "3. Upper middle income", "FIPS_10": "RI", "ISO_A2": "RS", "ISO_A2_EH": "RS", "ISO_A3": "SRB", "ISO_A3_EH": "SRB", "ISO_N3": "688", "ISO_N3_EH": "688", "UN_A3": "688", "WB_A2": "YF", "WB_A3": "SRB", "WOE_ID": -90, "WOE_ID_EH": 20069818, "WOE_NOTE": "Expired WOE also contains Kosovo.", "ADM0_ISO": "SRB", "ADM0_DIFF": null, "ADM0_TLC": "SRB", "ADM0_A3_US": "SRB", "ADM0_A3_FR": "SRB", "ADM0_A3_RU": "SRB", "ADM0_A3_ES": "SRB", "ADM0_A3_CN": "SRB", "ADM0_A3_TW": "SRB", "ADM0_A3_IN": "SRB", "ADM0_A3_NP": "SRB", "ADM0_A3_PK": "SRB", "ADM0_A3_DE": "SRB", "ADM0_A3_GB": "SRB", "ADM0_A3_BR": "SRB", "ADM0_A3_IL": "SRB", "ADM0_A3_PS": "SRB", "ADM0_A3_SA": "SRB", "ADM0_A3_EG": "SRB", "ADM0_A3_MA": "SRB", "ADM0_A3_PT": "SRB", "ADM0_A3_AR": "SRB", "ADM0_A3_JP": "SRB", "ADM0_A3_KO": "SRB", "ADM0_A3_VN": "SRB", "ADM0_A3_TR": "SRB", "ADM0_A3_ID": "SRB", "ADM0_A3_PL": "SRB", "ADM0_A3_GR": "SRB", "ADM0_A3_IT": "SRB", "ADM0_A3_NL": "SRB", "ADM0_A3_SE": "SRB", "ADM0_A3_BD": "SRB", "ADM0_A3_UA": "SRB", "ADM0_A3_UN": -99, "ADM0_A3_WB": -99, "CONTINENT": "Europe", "REGION_UN": "Europe", "SUBREGION": "Southern Europe", "REGION_WB": "Europe & Central Asia", "NAME_LEN": 6, "LONG_LEN": 6, "ABBREV_LEN": 5, "TINY": -99, "HOMEPART": 1, "MIN_ZOOM": 0, "MIN_LABEL": 4, "MAX_LABEL": 7, "LABEL_X": 20.787989, "LABEL_Y": 44.189919, "NE_ID": 1159321267, "WIKIDATAID": "Q403", "NAME_AR": "\u0635\u0631\u0628\u064a\u0627", "NAME_BN": "\u09b8\u09be\u09b0\u09cd\u09ac\u09bf\u09af\u09bc\u09be", "NAME_DE": "Serbien", "NAME_EN": "Serbia", "NAME_ES": "Serbia", "NAME_FA": "\u0635\u0631\u0628\u0633\u062a\u0627\u0646", "NAME_FR": "Serbie", "NAME_EL": "\u03a3\u03b5\u03c1\u03b2\u03af\u03b1", "NAME_HE": "\u05e1\u05e8\u05d1\u05d9\u05d4", "NAME_HI": "\u0938\u0930\u094d\u092c\u093f\u092f\u093e", "NAME_HU": "Szerbia", "NAME_ID": "Serbia", "NAME_IT": "Serbia", "NAME_JA": "\u30bb\u30eb\u30d3\u30a2", "NAME_KO": "\uc138\ub974\ube44\uc544", "NAME_NL": "Servi\u00eb", "NAME_PL": "Serbia", "NAME_PT": "S\u00e9rvia", "NAME_RU": "\u0421\u0435\u0440\u0431\u0438\u044f", "NAME_SV": "Serbien", "NAME_TR": "S\u0131rbistan", "NAME_UK": "\u0421\u0435\u0440\u0431\u0456\u044f", "NAME_UR": "\u0633\u0631\u0628\u06cc\u0627", "NAME_VI": "Serbia", "NAME_ZH": "\u585e\u5c14\u7ef4\u4e9a", "NAME_ZHT": "\u585e\u723e\u7dad\u4e9e", "FCLASS_ISO": "Admin-0 country", "TLC_DIFF": null, "FCLASS_TLC": "Admin-0 country", "FCLASS_US": null, "FCLASS_FR": null, "FCLASS_RU": null, "FCLASS_ES": null, "FCLASS_CN": null, "FCLASS_TW": null, "FCLASS_IN": null, "FCLASS_NP": null, "FCLASS_PK": null, "FCLASS_DE": null, "FCLASS_GB": null, "FCLASS_BR": null, "FCLASS_IL": null, "FCLASS_PS": null, "FCLASS_SA": null, "FCLASS_EG": null, "FCLASS_MA": null, "FCLASS_PT": null, "FCLASS_AR": null, "FCLASS_JP": null, "FCLASS_KO": null, "FCLASS_VN": null, "FCLASS_TR": null, "FCLASS_ID": null, "FCLASS_PL": null, "FCLASS_GR": null, "FCLASS_IT": null, "FCLASS_NL": null, "FCLASS_SE": null, "FCLASS_BD": null, "FCLASS_UA": null, "cartogram_scale": 0.6, "dc_count": 5, "dc_code": "SRB"}, "geometry": {"type": "Polygon", "coordinates": [[[19.6401, 45.1032], [19.6401, 45.1032], [20.0998, 45.2609], [20.4743, 45.2344], [20.7995, 44.9986], [20.8668, 44.8077], [21.2323, 44.6666], [21.2794, 44.4192], [21.6292, 44.2449], [21.8176, 44.3794], [21.9656, 44.3047], [21.8266, 44.2034], [21.9365, 44.0988], [21.7884, 43.9627], [21.8423, 43.7436], [22.1338, 43.4846], [21.9051, 43.297], [21.8041, 43.1061], [21.8692, 43.0347], [21.7705, 42.95], [21.4924, 42.9401], [21.2882, 42.905], [21.2682, 42.95], [21.3399, 43.0214], [21.4072, 43.1675], [21.322, 43.1642], [21.2054, 43.2754], [21.1067, 43.3036], [21.0282, 43.3991], [20.9161, 43.4364], [20.8309, 43.5211], [20.7232, 43.4879], [20.6403, 43.2887], [20.4967, 43.2455], [20.5461, 43.297], [20.3173, 43.4215], [20.1202, 43.4861], [20.0325, 43.5692], [19.8733, 43.6722], [20.0146, 43.6987], [20.102, 43.981], [19.8127, 44.2117], [19.963, 44.4757], [19.7455, 44.474], [19.7455, 44.474], [19.9765, 44.6998], [19.7858, 44.8708], [19.6401, 45.1032]]]}}, {"type": "Feature", "properties": {"featurecla": "Admin-0 country", "scalerank": 1, "LABELRANK": 6, "SOVEREIGNT": "Montenegro", "SOV_A3": "MNE", "ADM0_DIF": 0, "LEVEL": 2, "TYPE": "Sovereign country", "TLC": "1", "ADMIN": "Montenegro", "ADM0_A3": "MNE", "GEOU_DIF": 0, "GEOUNIT": "Montenegro", "GU_A3": "MNE", "SU_DIF": 0, "SUBUNIT": "Montenegro", "SU_A3": "MNE", "BRK_DIFF": 0, "NAME": "Montenegro", "NAME_LONG": "Montenegro", "BRK_A3": "MNE", "BRK_NAME": "Montenegro", "BRK_GROUP": null, "ABBREV": "Mont.", "POSTAL": "ME", "FORMAL_EN": "Montenegro", "FORMAL_FR": null, "NAME_CIAWF": "Montenegro", "NOTE_ADM0": null, "NOTE_BRK": null, "NAME_SORT": "Montenegro", "NAME_ALT": null, "MAPCOLOR7": 4, "MAPCOLOR8": 1, "MAPCOLOR9": 4, "MAPCOLOR13": 5, "POP_EST": 622137, "POP_RANK": 11, "POP_YEAR": 2019, "GDP_MD": 5542, "GDP_YEAR": 2019, "ECONOMY": "6. Developing region", "INCOME_GRP": "3. Upper middle income", "FIPS_10": "MJ", "ISO_A2": "ME", "ISO_A2_EH": "ME", "ISO_A3": "MNE", "ISO_A3_EH": "MNE", "ISO_N3": "499", "ISO_N3_EH": "499", "UN_A3": "499", "WB_A2": "ME", "WB_A3": "MNE", "WOE_ID": 20069817, "WOE_ID_EH": 20069817, "WOE_NOTE": "Exact WOE match as country", "ADM0_ISO": "MNE", "ADM0_DIFF": null, "ADM0_TLC": "MNE", "ADM0_A3_US": "MNE", "ADM0_A3_FR": "MNE", "ADM0_A3_RU": "MNE", "ADM0_A3_ES": "MNE", "ADM0_A3_CN": "MNE", "ADM0_A3_TW": "MNE", "ADM0_A3_IN": "MNE", "ADM0_A3_NP": "MNE", "ADM0_A3_PK": "MNE", "ADM0_A3_DE": "MNE", "ADM0_A3_GB": "MNE", "ADM0_A3_BR": "MNE", "ADM0_A3_IL": "MNE", "ADM0_A3_PS": "MNE", "ADM0_A3_SA": "MNE", "ADM0_A3_EG": "MNE", "ADM0_A3_MA": "MNE", "ADM0_A3_PT": "MNE", "ADM0_A3_AR": "MNE", "ADM0_A3_JP": "MNE", "ADM0_A3_KO": "MNE", "ADM0_A3_VN": "MNE", "ADM0_A3_TR": "MNE", "ADM0_A3_ID": "MNE", "ADM0_A3_PL": "MNE", "ADM0_A3_GR": "MNE", "ADM0_A3_IT": "MNE", "ADM0_A3_NL": "MNE", "ADM0_A3_SE": "MNE", "ADM0_A3_BD": "MNE", "ADM0_A3_UA": "MNE", "ADM0_A3_UN": -99, "ADM0_A3_WB": -99, "CONTINENT": "Europe", "REGION_UN": "Europe", "SUBREGION": "Southern Europe", "REGION_WB": "Europe & Central Asia", "NAME_LEN": 10, "LONG_LEN": 10, "ABBREV_LEN": 5, "TINY": -99, "HOMEPART": 1, "MIN_ZOOM": 0, "MIN_LABEL": 5, "MAX_LABEL": 10, "LABEL_X": 19.143727, "LABEL_Y": 42.803101, "NE_ID": 1159321069, "WIKIDATAID": "Q236", "NAME_AR": "\u0627\u0644\u062c\u0628\u0644 \u0627\u0644\u0623\u0633\u0648\u062f", "NAME_BN": "\u09ae\u09a8\u09cd\u099f\u09bf\u09a8\u09bf\u0997\u09cd\u09b0\u09cb", "NAME_DE": "Montenegro", "NAME_EN": "Montenegro", "NAME_ES": "Montenegro", "NAME_FA": "\u0645\u0648\u0646\u062a\u0647\u0646\u06af\u0631\u0648", "NAME_FR": "Mont\u00e9n\u00e9gro", "NAME_EL": "\u039c\u03b1\u03c5\u03c1\u03bf\u03b2\u03bf\u03cd\u03bd\u03b9\u03bf", "NAME_HE": "\u05de\u05d5\u05e0\u05d8\u05e0\u05d2\u05e8\u05d5", "NAME_HI": "\u092e\u0949\u0928\u094d\u091f\u0947\u0928\u0940\u0917\u094d\u0930\u094b", "NAME_HU": "Montenegr\u00f3", "NAME_ID": "Montenegro", "NAME_IT": "Montenegro", "NAME_JA": "\u30e2\u30f3\u30c6\u30cd\u30b0\u30ed", "NAME_KO": "\ubaac\ud14c\ub124\uadf8\ub85c", "NAME_NL": "Montenegro", "NAME_PL": "Czarnog\u00f3ra", "NAME_PT": "Montenegro", "NAME_RU": "\u0427\u0435\u0440\u043d\u043e\u0433\u043e\u0440\u0438\u044f", "NAME_SV": "Montenegro", "NAME_TR": "Karada\u011f", "NAME_UK": "\u0427\u043e\u0440\u043d\u043e\u0433\u043e\u0440\u0456\u044f", "NAME_UR": "\u0645\u0648\u0646\u0679\u06cc\u0646\u06cc\u06af\u0631\u0648", "NAME_VI": "Montenegro", "NAME_ZH": "\u9ed1\u5c71", "NAME_ZHT": "\u8499\u7279\u5167\u54e5\u7f85", "FCLASS_ISO": "Admin-0 country", "TLC_DIFF": null, "FCLASS_TLC": "Admin-0 country", "FCLASS_US": null, "FCLASS_FR": null, "FCLASS_RU": null, "FCLASS_ES": null, "FCLASS_CN": null, "FCLASS_TW": null, "FCLASS_IN": null, "FCLASS_NP": null, "FCLASS_PK": null, "FCLASS_DE": null, "FCLASS_GB": null, "FCLASS_BR": null, "FCLASS_IL": null, "FCLASS_PS": null, "FCLASS_SA": null, "FCLASS_EG": null, "FCLASS_MA": null, "FCLASS_PT": null, "FCLASS_AR": null, "FCLASS_JP": null, "FCLASS_KO": null, "FCLASS_VN": null, "FCLASS_TR": null, "FCLASS_ID": null, "FCLASS_PL": null, "FCLASS_GR": null, "FCLASS_IT": null, "FCLASS_NL": null, "FCLASS_SE": null, "FCLASS_BD": null, "FCLASS_UA": null, "cartogram_scale": 0.3, "dc_count": 0, "dc_code": "OTHER"}, "geometry": {"type": "Polygon", "coordinates": [[[19.6338, 42.6956], [19.5531, 42.669], [19.534, 42.7255], [19.404, 42.5777], [19.4241, 42.4822], [19.3613, 42.5055], [19.2772, 42.6034], [19.1476, 42.663], [19.1806, 42.714], [19.2245, 42.879], [19.3221, 42.9487], [19.3782, 42.9761], [19.4578, 42.9247], [19.5016, 42.8831], [19.6002, 42.8508], [19.7145, 42.7885], [19.6899, 42.7628], [19.6338, 42.6956]]]}}, {"type": "Feature", "properties": {"featurecla": "Admin-0 country", "scalerank": 1, "LABELRANK": 6, "SOVEREIGNT": "Kosovo", "SOV_A3": "KOS", "ADM0_DIF": 0, "LEVEL": 2, "TYPE": "Disputed", "TLC": "1", "ADMIN": "Kosovo", "ADM0_A3": "KOS", "GEOU_DIF": 0, "GEOUNIT": "Kosovo", "GU_A3": "KOS", "SU_DIF": 0, "SUBUNIT": "Kosovo", "SU_A3": "KOS", "BRK_DIFF": 0, "NAME": "Kosovo", "NAME_LONG": "Kosovo", "BRK_A3": "KOS", "BRK_NAME": "Kosovo", "BRK_GROUP": null, "ABBREV": "Kos.", "POSTAL": "KO", "FORMAL_EN": "Republic of Kosovo", "FORMAL_FR": null, "NAME_CIAWF": "Kosovo", "NOTE_ADM0": null, "NOTE_BRK": null, "NAME_SORT": "Kosovo", "NAME_ALT": null, "MAPCOLOR7": 2, "MAPCOLOR8": 2, "MAPCOLOR9": 3, "MAPCOLOR13": 11, "POP_EST": 1794248, "POP_RANK": 12, "POP_YEAR": 2019, "GDP_MD": 7926, "GDP_YEAR": 2019, "ECONOMY": "6. Developing region", "INCOME_GRP": "4. Lower middle income", "FIPS_10": "KV", "ISO_A2": "-99", "ISO_A2_EH": "XK", "ISO_A3": "-99", "ISO_A3_EH": "-99", "ISO_N3": "-99", "ISO_N3_EH": "-99", "UN_A3": "-099", "WB_A2": "KV", "WB_A3": "KSV", "WOE_ID": -90, "WOE_ID_EH": 29389201, "WOE_NOTE": "Subunit of Serbia in WOE still; should include 29389201, 29389207, 29389218, 29389209 and 29389214.", "ADM0_ISO": "SRB", "ADM0_DIFF": "1", "ADM0_TLC": "KOS", "ADM0_A3_US": "KOS", "ADM0_A3_FR": "KOS", "ADM0_A3_RU": "SRB", "ADM0_A3_ES": "SRB", "ADM0_A3_CN": "SRB", "ADM0_A3_TW": "KOS", "ADM0_A3_IN": "SRB", "ADM0_A3_NP": "SRB", "ADM0_A3_PK": "KOS", "ADM0_A3_DE": "KOS", "ADM0_A3_GB": "SRB", "ADM0_A3_BR": "KOS", "ADM0_A3_IL": "KOS", "ADM0_A3_PS": "SRB", "ADM0_A3_SA": "KOS", "ADM0_A3_EG": "KOS", "ADM0_A3_MA": "SRB", "ADM0_A3_PT": "KOS", "ADM0_A3_AR": "SRB", "ADM0_A3_JP": "KOS", "ADM0_A3_KO": "KOS", "ADM0_A3_VN": "SRB", "ADM0_A3_TR": "KOS", "ADM0_A3_ID": "SRB", "ADM0_A3_PL": "KOS", "ADM0_A3_GR": "SRB", "ADM0_A3_IT": "KOS", "ADM0_A3_NL": "KOS", "ADM0_A3_SE": "KOS", "ADM0_A3_BD": "KOS", "ADM0_A3_UA": "SRB", "ADM0_A3_UN": -99, "ADM0_A3_WB": -99, "CONTINENT": "Europe", "REGION_UN": "Europe", "SUBREGION": "Southern Europe", "REGION_WB": "Europe & Central Asia", "NAME_LEN": 6, "LONG_LEN": 6, "ABBREV_LEN": 4, "TINY": -99, "HOMEPART": 1, "MIN_ZOOM": 0, "MIN_LABEL": 5, "MAX_LABEL": 10, "LABEL_X": 20.860719, "LABEL_Y": 42.593587, "NE_ID": 1159321007, "WIKIDATAID": "Q1246", "NAME_AR": "\u0643\u0648\u0633\u0648\u0641\u0648", "NAME_BN": "\u0995\u09b8\u09cb\u09ad\u09cb", "NAME_DE": "Kosovo", "NAME_EN": "Kosovo", "NAME_ES": "Kosovo", "NAME_FA": "\u06a9\u0648\u0632\u0648\u0648\u0648", "NAME_FR": "Kosovo", "NAME_EL": "\u039a\u03bf\u03c3\u03c3\u03c5\u03c6\u03bf\u03c0\u03ad\u03b4\u03b9\u03bf", "NAME_HE": "\u05e7\u05d5\u05e1\u05d5\u05d1\u05d5", "NAME_HI": "\u0915\u094b\u0938\u094b\u0935\u094b \u0917\u0923\u0930\u093e\u091c\u094d\u092f", "NAME_HU": "Koszov\u00f3", "NAME_ID": "Kosovo", "NAME_IT": "Kosovo", "NAME_JA": "\u30b3\u30bd\u30dc\u5171\u548c\u56fd", "NAME_KO": "\ucf54\uc18c\ubcf4", "NAME_NL": "Kosovo", "NAME_PL": "Kosowo", "NAME_PT": "Kosovo", "NAME_RU": "\u0420\u0435\u0441\u043f\u0443\u0431\u043b\u0438\u043a\u0430 \u041a\u043e\u0441\u043e\u0432\u043e", "NAME_SV": "Kosovo", "NAME_TR": "Kosova", "NAME_UK": "\u041a\u043e\u0441\u043e\u0432\u043e", "NAME_UR": "\u06a9\u0648\u0633\u0648\u0648\u06c1", "NAME_VI": "Kosovo", "NAME_ZH": "\u79d1\u7d22\u6c83", "NAME_ZHT": "\u79d1\u7d22\u6c83", "FCLASS_ISO": "Unrecognized", "TLC_DIFF": "1", "FCLASS_TLC": "Admin-0 country", "FCLASS_US": "Admin-0 country", "FCLASS_FR": "Admin-0 country", "FCLASS_RU": "Admin-1 region", "FCLASS_ES": "Unrecognized", "FCLASS_CN": "Unrecognized", "FCLASS_TW": "Admin-0 country", "FCLASS_IN": "Admin-1 region", "FCLASS_NP": "Unrecognized", "FCLASS_PK": "Admin-0 country", "FCLASS_DE": "Admin-0 country", "FCLASS_GB": "Admin-0 country", "FCLASS_BR": "Unrecognized", "FCLASS_IL": "Admin-0 country", "FCLASS_PS": "Unrecognized", "FCLASS_SA": "Admin-0 country", "FCLASS_EG": "Admin-0 country", "FCLASS_MA": "Unrecognized", "FCLASS_PT": "Admin-0 country", "FCLASS_AR": "Unrecognized", "FCLASS_JP": "Admin-0 country", "FCLASS_KO": "Admin-0 country", "FCLASS_VN": "Unrecognized", "FCLASS_TR": "Admin-0 country", "FCLASS_ID": "Unrecognized", "FCLASS_PL": "Admin-0 country", "FCLASS_GR": "Unrecognized", "FCLASS_IT": "Admin-0 country", "FCLASS_NL": "Admin-0 country", "FCLASS_SE": "Admin-0 country", "FCLASS_BD": "Admin-0 country", "FCLASS_UA": "Unrecognized", "cartogram_scale": 0.3, "dc_count": 0, "dc_code": "OTHER"}, "geometry": {"type": "Polygon", "coordinates": [[[20.847, 42.3388], [20.8268, 42.4476], [20.7551, 42.4783], [20.6911, 42.5588], [20.7472, 42.626], [20.819, 42.6476], [20.8604, 42.7472], [20.9143, 42.7638], [20.9569, 42.7215], [21.0129, 42.7028], [21.0522, 42.6551], [21.1015, 42.641], [21.1598, 42.5853], [21.2024, 42.587], [21.1688, 42.514], [21.1329, 42.4783], [21.1429, 42.4558], [21.0757, 42.4442], [20.8986, 42.3978], [20.8851, 42.3363], [20.847, 42.3388]]]}}, {"type": "Feature", "properties": {"featurecla": "Admin-0 country", "scalerank": 1, "LABELRANK": 5, "SOVEREIGNT": "Trinidad and Tobago", "SOV_A3": "TTO", "ADM0_DIF": 0, "LEVEL": 2, "TYPE": "Sovereign country", "TLC": "1", "ADMIN": "Trinidad and Tobago", "ADM0_A3": "TTO", "GEOU_DIF": 0, "GEOUNIT": "Trinidad and Tobago", "GU_A3": "TTO", "SU_DIF": 0, "SUBUNIT": "Trinidad and Tobago", "SU_A3": "TTO", "BRK_DIFF": 0, "NAME": "Trinidad and Tobago", "NAME_LONG": "Trinidad and Tobago", "BRK_A3": "TTO", "BRK_NAME": "Trinidad and Tobago", "BRK_GROUP": null, "ABBREV": "Tr.T.", "POSTAL": "TT", "FORMAL_EN": "Republic of Trinidad and Tobago", "FORMAL_FR": null, "NAME_CIAWF": "Trinidad and Tobago", "NOTE_ADM0": null, "NOTE_BRK": null, "NAME_SORT": "Trinidad and Tobago", "NAME_ALT": null, "MAPCOLOR7": 5, "MAPCOLOR8": 6, "MAPCOLOR9": 2, "MAPCOLOR13": 5, "POP_EST": 1394973, "POP_RANK": 12, "POP_YEAR": 2019, "GDP_MD": 24269, "GDP_YEAR": 2019, "ECONOMY": "6. Developing region", "INCOME_GRP": "2. High income: nonOECD", "FIPS_10": "TD", "ISO_A2": "TT", "ISO_A2_EH": "TT", "ISO_A3": "TTO", "ISO_A3_EH": "TTO", "ISO_N3": "780", "ISO_N3_EH": "780", "UN_A3": "780", "WB_A2": "TT", "WB_A3": "TTO", "WOE_ID": 23424958, "WOE_ID_EH": 23424958, "WOE_NOTE": "Exact WOE match as country", "ADM0_ISO": "TTO", "ADM0_DIFF": null, "ADM0_TLC": "TTO", "ADM0_A3_US": "TTO", "ADM0_A3_FR": "TTO", "ADM0_A3_RU": "TTO", "ADM0_A3_ES": "TTO", "ADM0_A3_CN": "TTO", "ADM0_A3_TW": "TTO", "ADM0_A3_IN": "TTO", "ADM0_A3_NP": "TTO", "ADM0_A3_PK": "TTO", "ADM0_A3_DE": "TTO", "ADM0_A3_GB": "TTO", "ADM0_A3_BR": "TTO", "ADM0_A3_IL": "TTO", "ADM0_A3_PS": "TTO", "ADM0_A3_SA": "TTO", "ADM0_A3_EG": "TTO", "ADM0_A3_MA": "TTO", "ADM0_A3_PT": "TTO", "ADM0_A3_AR": "TTO", "ADM0_A3_JP": "TTO", "ADM0_A3_KO": "TTO", "ADM0_A3_VN": "TTO", "ADM0_A3_TR": "TTO", "ADM0_A3_ID": "TTO", "ADM0_A3_PL": "TTO", "ADM0_A3_GR": "TTO", "ADM0_A3_IT": "TTO", "ADM0_A3_NL": "TTO", "ADM0_A3_SE": "TTO", "ADM0_A3_BD": "TTO", "ADM0_A3_UA": "TTO", "ADM0_A3_UN": -99, "ADM0_A3_WB": -99, "CONTINENT": "North America", "REGION_UN": "Americas", "SUBREGION": "Caribbean", "REGION_WB": "Latin America & Caribbean", "NAME_LEN": 19, "LONG_LEN": 19, "ABBREV_LEN": 5, "TINY": 2, "HOMEPART": 1, "MIN_ZOOM": 0, "MIN_LABEL": 4.5, "MAX_LABEL": 9.5, "LABEL_X": -60.9184, "LABEL_Y": 10.9989, "NE_ID": 1159321321, "WIKIDATAID": "Q754", "NAME_AR": "\u062a\u0631\u064a\u0646\u064a\u062f\u0627\u062f \u0648\u062a\u0648\u0628\u0627\u063a\u0648", "NAME_BN": "\u09a4\u09cd\u09b0\u09bf\u09a8\u09bf\u09a6\u09be\u09a6 \u0993 \u099f\u09cb\u09ac\u09be\u0997\u09cb", "NAME_DE": "Trinidad und Tobago", "NAME_EN": "Trinidad and Tobago", "NAME_ES": "Trinidad y Tobago", "NAME_FA": "\u062a\u0631\u06cc\u0646\u06cc\u062f\u0627\u062f \u0648 \u062a\u0648\u0628\u0627\u06af\u0648", "NAME_FR": "Trinit\u00e9-et-Tobago", "NAME_EL": "\u03a4\u03c1\u03b9\u03bd\u03b9\u03bd\u03c4\u03ac\u03bd\u03c4 \u03ba\u03b1\u03b9 \u03a4\u03bf\u03bc\u03c0\u03ac\u03b3\u03ba\u03bf", "NAME_HE": "\u05d8\u05e8\u05d9\u05e0\u05d9\u05d3\u05d3 \u05d5\u05d8\u05d5\u05d1\u05d2\u05d5", "NAME_HI": "\u0924\u094d\u0930\u093f\u0928\u093f\u0926\u093e\u0926 \u0914\u0930 \u091f\u094b\u092c\u0948\u0917\u094b", "NAME_HU": "Trinidad \u00e9s Tobago", "NAME_ID": "Trinidad dan Tobago", "NAME_IT": "Trinidad e Tobago", "NAME_JA": "\u30c8\u30ea\u30cb\u30c0\u30fc\u30c9\u30fb\u30c8\u30d0\u30b4", "NAME_KO": "\ud2b8\ub9ac\ub2c8\ub2e4\ub4dc \ud1a0\ubc14\uace0", "NAME_NL": "Trinidad en Tobago", "NAME_PL": "Trynidad i Tobago", "NAME_PT": "Trinidad e Tobago", "NAME_RU": "\u0422\u0440\u0438\u043d\u0438\u0434\u0430\u0434 \u0438 \u0422\u043e\u0431\u0430\u0433\u043e", "NAME_SV": "Trinidad och Tobago", "NAME_TR": "Trinidad ve Tobago", "NAME_UK": "\u0422\u0440\u0438\u043d\u0456\u0434\u0430\u0434 \u0456 \u0422\u043e\u0431\u0430\u0433\u043e", "NAME_UR": "\u0679\u0631\u06cc\u0646\u06cc\u0688\u0627\u0688 \u0648 \u0679\u0648\u0628\u0627\u06af\u0648", "NAME_VI": "Trinidad v\u00e0 Tobago", "NAME_ZH": "\u7279\u7acb\u5c3c\u8fbe\u548c\u591a\u5df4\u54e5", "NAME_ZHT": "\u5343\u91cc\u9054\u53ca\u6258\u5df4\u54e5", "FCLASS_ISO": "Admin-0 country", "TLC_DIFF": null, "FCLASS_TLC": "Admin-0 country", "FCLASS_US": null, "FCLASS_FR": null, "FCLASS_RU": null, "FCLASS_ES": null, "FCLASS_CN": null, "FCLASS_TW": null, "FCLASS_IN": null, "FCLASS_NP": null, "FCLASS_PK": null, "FCLASS_DE": null, "FCLASS_GB": null, "FCLASS_BR": null, "FCLASS_IL": null, "FCLASS_PS": null, "FCLASS_SA": null, "FCLASS_EG": null, "FCLASS_MA": null, "FCLASS_PT": null, "FCLASS_AR": null, "FCLASS_JP": null, "FCLASS_KO": null, "FCLASS_VN": null, "FCLASS_TR": null, "FCLASS_ID": null, "FCLASS_PL": null, "FCLASS_GR": null, "FCLASS_IT": null, "FCLASS_NL": null, "FCLASS_SE": null, "FCLASS_BD": null, "FCLASS_UA": null, "cartogram_scale": 0.3, "dc_count": 0, "dc_code": "OTHER"}, "geometry": {"type": "Polygon", "coordinates": [[[-61.5256, 10.5631], [-61.3531, 10.6021], [-61.2901, 10.5916], [-61.3021, 10.3681], [-61.5526, 10.3351], [-61.6066, 10.3621], [-61.5196, 10.4446], [-61.5256, 10.5631]]]}}, {"type": "Feature", "properties": {"featurecla": "Admin-0 country", "scalerank": 1, "LABELRANK": 3, "SOVEREIGNT": "South Sudan", "SOV_A3": "SDS", "ADM0_DIF": 0, "LEVEL": 2, "TYPE": "Sovereign country", "TLC": "1", "ADMIN": "South Sudan", "ADM0_A3": "SDS", "GEOU_DIF": 0, "GEOUNIT": "South Sudan", "GU_A3": "SDS", "SU_DIF": 0, "SUBUNIT": "South Sudan", "SU_A3": "SDS", "BRK_DIFF": 0, "NAME": "S. Sudan", "NAME_LONG": "South Sudan", "BRK_A3": "SDS", "BRK_NAME": "S. Sudan", "BRK_GROUP": null, "ABBREV": "S. Sud.", "POSTAL": "SS", "FORMAL_EN": "Republic of South Sudan", "FORMAL_FR": null, "NAME_CIAWF": "South Sudan", "NOTE_ADM0": null, "NOTE_BRK": null, "NAME_SORT": "South Sudan", "NAME_ALT": null, "MAPCOLOR7": 1, "MAPCOLOR8": 3, "MAPCOLOR9": 3, "MAPCOLOR13": 5, "POP_EST": 11062113, "POP_RANK": 14, "POP_YEAR": 2019, "GDP_MD": 11998, "GDP_YEAR": 2015, "ECONOMY": "7. Least developed region", "INCOME_GRP": "5. Low income", "FIPS_10": "-99", "ISO_A2": "SS", "ISO_A2_EH": "SS", "ISO_A3": "SSD", "ISO_A3_EH": "SSD", "ISO_N3": "728", "ISO_N3_EH": "728", "UN_A3": "728", "WB_A2": "SS", "WB_A3": "SSD", "WOE_ID": -99, "WOE_ID_EH": -99, "WOE_NOTE": "Includes states of 20069899, 20069897, 20069898, 20069901, 20069909, and 20069908 but maybe more?", "ADM0_ISO": "SSD", "ADM0_DIFF": "1", "ADM0_TLC": "SDS", "ADM0_A3_US": "SDS", "ADM0_A3_FR": "SDS", "ADM0_A3_RU": "SDS", "ADM0_A3_ES": "SDS", "ADM0_A3_CN": "SDS", "ADM0_A3_TW": "SDS", "ADM0_A3_IN": "SDS", "ADM0_A3_NP": "SDS", "ADM0_A3_PK": "SDS", "ADM0_A3_DE": "SDS", "ADM0_A3_GB": "SDS", "ADM0_A3_BR": "SDS", "ADM0_A3_IL": "SDS", "ADM0_A3_PS": "SDS", "ADM0_A3_SA": "SDS", "ADM0_A3_EG": "SDS", "ADM0_A3_MA": "SDS", "ADM0_A3_PT": "SDS", "ADM0_A3_AR": "SDS", "ADM0_A3_JP": "SDS", "ADM0_A3_KO": "SDS", "ADM0_A3_VN": "SDS", "ADM0_A3_TR": "SDS", "ADM0_A3_ID": "SDS", "ADM0_A3_PL": "SDS", "ADM0_A3_GR": "SDS", "ADM0_A3_IT": "SDS", "ADM0_A3_NL": "SDS", "ADM0_A3_SE": "SDS", "ADM0_A3_BD": "SDS", "ADM0_A3_UA": "SDS", "ADM0_A3_UN": -99, "ADM0_A3_WB": -99, "CONTINENT": "Africa", "REGION_UN": "Africa", "SUBREGION": "Eastern Africa", "REGION_WB": "Sub-Saharan Africa", "NAME_LEN": 8, "LONG_LEN": 11, "ABBREV_LEN": 7, "TINY": -99, "HOMEPART": 1, "MIN_ZOOM": 0, "MIN_LABEL": 3, "MAX_LABEL": 8, "LABEL_X": 30.390151, "LABEL_Y": 7.230477, "NE_ID": 1159321235, "WIKIDATAID": "Q958", "NAME_AR": "\u062c\u0646\u0648\u0628 \u0627\u0644\u0633\u0648\u062f\u0627\u0646", "NAME_BN": "\u09a6\u0995\u09cd\u09b7\u09bf\u09a3 \u09b8\u09c1\u09a6\u09be\u09a8", "NAME_DE": "S\u00fcdsudan", "NAME_EN": "South Sudan", "NAME_ES": "Sud\u00e1n del Sur", "NAME_FA": "\u0633\u0648\u062f\u0627\u0646 \u062c\u0646\u0648\u0628\u06cc", "NAME_FR": "Soudan du Sud", "NAME_EL": "\u039d\u03cc\u03c4\u03b9\u03bf \u03a3\u03bf\u03c5\u03b4\u03ac\u03bd", "NAME_HE": "\u05d3\u05e8\u05d5\u05dd \u05e1\u05d5\u05d3\u05d0\u05df", "NAME_HI": "\u0926\u0915\u094d\u0937\u093f\u0923 \u0938\u0942\u0921\u093e\u0928", "NAME_HU": "D\u00e9l-Szud\u00e1n", "NAME_ID": "Sudan Selatan", "NAME_IT": "Sudan del Sud", "NAME_JA": "\u5357\u30b9\u30fc\u30c0\u30f3", "NAME_KO": "\ub0a8\uc218\ub2e8", "NAME_NL": "Zuid-Soedan", "NAME_PL": "Sudan Po\u0142udniowy", "NAME_PT": "Sud\u00e3o do Sul", "NAME_RU": "\u042e\u0436\u043d\u044b\u0439 \u0421\u0443\u0434\u0430\u043d", "NAME_SV": "Sydsudan", "NAME_TR": "G\u00fcney Sudan", "NAME_UK": "\u041f\u0456\u0432\u0434\u0435\u043d\u043d\u0438\u0439 \u0421\u0443\u0434\u0430\u043d", "NAME_UR": "\u062c\u0646\u0648\u0628\u06cc \u0633\u0648\u0688\u0627\u0646", "NAME_VI": "Nam Sudan", "NAME_ZH": "\u5357\u82cf\u4e39", "NAME_ZHT": "\u5357\u8607\u4e39", "FCLASS_ISO": "Admin-0 country", "TLC_DIFF": null, "FCLASS_TLC": "Admin-0 country", "FCLASS_US": null, "FCLASS_FR": null, "FCLASS_RU": null, "FCLASS_ES": null, "FCLASS_CN": null, "FCLASS_TW": null, "FCLASS_IN": null, "FCLASS_NP": null, "FCLASS_PK": null, "FCLASS_DE": null, "FCLASS_GB": null, "FCLASS_BR": null, "FCLASS_IL": null, "FCLASS_PS": null, "FCLASS_SA": null, "FCLASS_EG": null, "FCLASS_MA": null, "FCLASS_PT": null, "FCLASS_AR": null, "FCLASS_JP": null, "FCLASS_KO": null, "FCLASS_VN": null, "FCLASS_TR": null, "FCLASS_ID": null, "FCLASS_PL": null, "FCLASS_GR": null, "FCLASS_IT": null, "FCLASS_NL": null, "FCLASS_SE": null, "FCLASS_BD": null, "FCLASS_UA": null, "cartogram_scale": 0.3, "dc_count": 0, "dc_code": "OTHER"}, "geometry": {"type": "Polygon", "coordinates": [[[30.3149, 6.6596], [30.0508, 6.859], [29.9796, 6.9871], [29.8125, 6.9236], [29.6738, 6.9434], [29.5935, 6.893], [29.4588, 6.9294], [29.2771, 7.177], [29.2288, 7.2721], [29.0046, 7.3909], [28.9288, 7.5708], [28.8038, 7.7006], [28.602, 7.8569], [28.5993, 7.9544], [28.435, 8.0756], [28.2309, 8.1928], [28.323, 8.2254], [28.426, 8.2821], [28.5033, 8.5499], [28.5857, 8.689], [28.802, 8.7302], [28.8535, 8.6478], [29.008, 8.4727], [29.0904, 8.4469], [29.1985, 8.4984], [29.4149, 8.4881], [29.4561, 8.4263], [29.7548, 8.4263], [29.7651, 8.4881], [29.9196, 8.5448], [29.9505, 8.6323], [30.0638, 8.6941], [30.3161, 8.519], [30.4706, 8.5499], [30.62, 8.7662], [30.7848, 8.931], [30.7591, 9.1113], [30.687, 9.1988], [30.8672, 9.2143], [30.8878, 9.2812], [31.0269, 9.2606], [30.9908, 9.0392], [31.0269, 8.8229], [31.1814, 8.7044], [31.2174, 8.6014], [31.2123, 8.4521], [31.2538, 8.4461], [31.2573, 8.2122], [31.2124, 8.1206], [31.0532, 8.1132], [30.951, 7.9423], [31.1353, 7.9208], [31.2873, 7.7746], [31.3399, 7.6547], [31.4769, 7.5851], [31.6542, 7.2586], [31.4508, 7.061], [31.2663, 6.8818], [31.0818, 6.7438], [30.8707, 6.7445], [30.6292, 6.6743], [30.4385, 6.7414], [30.3149, 6.6596]]]}}]}